pair,m0,series,dim,bucket,n,corr,var_share
2026-10_2026-11,2026-10,TTF_M/TTF_M1,year,2022,26,0.9855801329448299,0.2049738527521917
2026-10_2026-11,2026-10,TTF_M/TTF_M1,year,2023,70,0.977637775856691,0.32761664442728095
2026-10_2026-11,2026-10,TTF_M/TTF_M1,year,2024,69,0.9974688547463808,0.11274104536592378
2026-10_2026-11,2026-10,TTF_M/TTF_M1,year,2025,68,0.9989987963727778,0.12050069838311449
2026-10_2026-11,2026-10,TTF_M/TTF_M1,year,2026,46,0.9898131934404695,0.23416775907148907
2026-10_2026-11,2026-10,TTF_M/TTF_M1,days_to_expiry,"(30, 60]",44,0.9923185559754542,0.11452890662577199
2026-10_2026-11,2026-10,TTF_M/TTF_M1,days_to_expiry,"(0, 30]",187,0.9854042182959604,0.7464227267381883
2026-10_2026-11,2026-10,TTF_M/TTF_M1,days_to_expiry,nan,48,0.9859623630705328,0.13904836663603967
2026-10_2026-11,2026-10,TTF_M/TTF_M1,month_pair,Oct/Nov,24,0.9548557455864046,0.08194306308839674
2026-10_2026-11,2026-10,TTF_M/TTF_M1,month_pair,Nov/Dec,24,0.9767490979588231,0.0795606959007822
2026-10_2026-11,2026-10,TTF_M/TTF_M1,month_pair,Dec/Jan,24,0.9940618082919166,0.06257389347036993
2026-10_2026-11,2026-10,TTF_M/TTF_M1,month_pair,Jan/Feb,22,0.9986367904658416,0.07661731312555138
2026-10_2026-11,2026-10,TTF_M/TTF_M1,month_pair,Feb/Mar,21,0.9985825792563204,0.10894611366758922
2026-10_2026-11,2026-10,TTF_M/TTF_M1,month_pair,Mar/Apr,23,0.9626176416830746,0.05633174629672384
2026-10_2026-11,2026-10,TTF_M/TTF_M1,month_pair,Apr/May,24,0.9992090591102891,0.17059996924736293
2026-10_2026-11,2026-10,TTF_M/TTF_M1,month_pair,May/Jun,23,0.9993557885347438,0.06343369534897826
2026-10_2026-11,2026-10,TTF_M/TTF_M1,month_pair,Jun/Jul,24,0.9997109578146037,0.05850516235294089
2026-10_2026-11,2026-10,TTF_M/TTF_M1,month_pair,Jul/Aug,24,0.9982781405036559,0.09629852359184
2026-10_2026-11,2026-10,TTF_M/TTF_M1,month_pair,Aug/Sep,22,0.9966041690348745,0.0586232420185398
2026-10_2026-11,2026-10,TTF_M/TTF_M1,month_pair,Sep/Oct,24,0.9810969265435101,0.08656658189092475
2026-10_2026-11,2026-10,TTF_M/TTF_M1,pooled,all,279,0.9861555018967724,1.0
2026-10_2026-11,2026-10,HH_M/HH_M1,year,2022,26,0.994980897453465,0.2431353254808079
2026-10_2026-11,2026-10,HH_M/HH_M1,year,2023,70,0.9730765278388263,0.19024103373458942
2026-10_2026-11,2026-10,HH_M/HH_M1,year,2024,69,0.9423493564608122,0.2050184446455556
2026-10_2026-11,2026-10,HH_M/HH_M1,year,2025,68,0.978486092570146,0.20505383012858613
2026-10_2026-11,2026-10,HH_M/HH_M1,year,2026,46,0.8481259823029031,0.15655136601046088
2026-10_2026-11,2026-10,HH_M/HH_M1,days_to_expiry,"(30, 60]",44,0.9952181089652195,0.14618703858019078
2026-10_2026-11,2026-10,HH_M/HH_M1,days_to_expiry,"(0, 30]",187,0.9750325377393815,0.6973851301513387
2026-10_2026-11,2026-10,HH_M/HH_M1,days_to_expiry,nan,48,0.8054379212931686,0.1564278312684705
2026-10_2026-11,2026-10,HH_M/HH_M1,month_pair,Oct/Nov,24,0.9601224559418773,0.050708785777425346
2026-10_2026-11,2026-10,HH_M/HH_M1,month_pair,Nov/Dec,24,0.9667243484684195,0.0711425376958831
2026-10_2026-11,2026-10,HH_M/HH_M1,month_pair,Dec/Jan,24,0.978784886652194,0.06762181252693403
2026-10_2026-11,2026-10,HH_M/HH_M1,month_pair,Jan/Feb,22,0.9852764077115443,0.1664246423573079
2026-10_2026-11,2026-10,HH_M/HH_M1,month_pair,Feb/Mar,21,0.8919224878246833,0.23086425095163407
2026-10_2026-11,2026-10,HH_M/HH_M1,month_pair,Mar/Apr,23,0.9794557936665257,0.08450124170843999
2026-10_2026-11,2026-10,HH_M/HH_M1,month_pair,Apr/May,24,0.9835082082297463,0.081620942871542
2026-10_2026-11,2026-10,HH_M/HH_M1,month_pair,May/Jun,23,0.9669778137008397,0.040388231418980874
2026-10_2026-11,2026-10,HH_M/HH_M1,month_pair,Jun/Jul,24,0.9780788982131883,0.05506782098544104
2026-10_2026-11,2026-10,HH_M/HH_M1,month_pair,Jul/Aug,24,0.9924014410405724,0.06996955340777485
2026-10_2026-11,2026-10,HH_M/HH_M1,month_pair,Aug/Sep,22,0.9816000295527011,0.04744056882710673
2026-10_2026-11,2026-10,HH_M/HH_M1,month_pair,Sep/Oct,24,0.9890897054223644,0.03424961147153011
2026-10_2026-11,2026-10,HH_M/HH_M1,pooled,all,279,0.9460542721739923,1.0
2026-10_2026-11,2026-10,Brent_M/Brent_M1,year,2022,26,0.9980358203007166,0.10440452949403432
2026-10_2026-11,2026-10,Brent_M/Brent_M1,year,2023,70,0.9988142682973987,0.1948997580742481
2026-10_2026-11,2026-10,Brent_M/Brent_M1,year,2024,69,0.9994706242086006,0.1306979634070758
2026-10_2026-11,2026-10,Brent_M/Brent_M1,year,2025,68,0.9993097812316065,0.20118208275278923
2026-10_2026-11,2026-10,Brent_M/Brent_M1,year,2026,46,0.9910865574308666,0.3688156662718526
2026-10_2026-11,2026-10,Brent_M/Brent_M1,days_to_expiry,"(30, 60]",44,0.9955916574202573,0.085990451577961
2026-10_2026-11,2026-10,Brent_M/Brent_M1,days_to_expiry,"(0, 30]",187,0.9940436782836023,0.7277082199293354
2026-10_2026-11,2026-10,Brent_M/Brent_M1,days_to_expiry,nan,48,0.9975875550096827,0.1863013284927035
2026-10_2026-11,2026-10,Brent_M/Brent_M1,month_pair,Oct/Nov,24,0.9988885535494021,0.07690246892403717
2026-10_2026-11,2026-10,Brent_M/Brent_M1,month_pair,Nov/Dec,24,0.9988095949595701,0.07776754873670963
2026-10_2026-11,2026-10,Brent_M/Brent_M1,month_pair,Dec/Jan,24,0.9982615636126526,0.05616804394619245
2026-10_2026-11,2026-10,Brent_M/Brent_M1,month_pair,Jan/Feb,22,0.9976558339811993,0.02547567072997207
2026-10_2026-11,2026-10,Brent_M/Brent_M1,month_pair,Feb/Mar,21,0.998974726781163,0.049623309007277266
2026-10_2026-11,2026-10,Brent_M/Brent_M1,month_pair,Mar/Apr,23,0.9989321770164437,0.035063316638788124
2026-10_2026-11,2026-10,Brent_M/Brent_M1,month_pair,Apr/May,24,0.9914576072493887,0.1661078338982856
2026-10_2026-11,2026-10,Brent_M/Brent_M1,month_pair,May/Jun,23,0.9865292626005722,0.1270467193082548
2026-10_2026-11,2026-10,Brent_M/Brent_M1,month_pair,Jun/Jul,24,0.9968960064717006,0.09734930303502957
2026-10_2026-11,2026-10,Brent_M/Brent_M1,month_pair,Jul/Aug,24,0.9971888364720027,0.13042247442696045
2026-10_2026-11,2026-10,Brent_M/Brent_M1,month_pair,Aug/Sep,22,0.9966510901482419,0.076298568434379
2026-10_2026-11,2026-10,Brent_M/Brent_M1,month_pair,Sep/Oct,24,0.9965250491161112,0.08177474291411378
2026-10_2026-11,2026-10,Brent_M/Brent_M1,pooled,all,279,0.9948570195489599,1.0
2026-10_2026-11,2026-10,TTF_M/HH_M,year,2022,26,0.4623422412067838,0.21390005745833848
2026-10_2026-11,2026-10,TTF_M/HH_M,year,2023,70,0.20107737525798725,0.26445745438107066
2026-10_2026-11,2026-10,TTF_M/HH_M,year,2024,69,0.36893356960858975,0.15973441611420094
2026-10_2026-11,2026-10,TTF_M/HH_M,year,2025,68,0.018003498027098132,0.1537540018513508
2026-10_2026-11,2026-10,TTF_M/HH_M,year,2026,46,0.35194219704039936,0.20815407019503923
2026-10_2026-11,2026-10,TTF_M/HH_M,days_to_expiry,"(30, 60]",44,0.4028970417179692,0.123070612130607
2026-10_2026-11,2026-10,TTF_M/HH_M,days_to_expiry,"(0, 30]",187,0.30790716490322334,0.7148823857627643
2026-10_2026-11,2026-10,TTF_M/HH_M,days_to_expiry,nan,48,0.24307791770244136,0.16204700210662873
2026-10_2026-11,2026-10,TTF_M/HH_M,month_pair,Oct/Nov,24,0.3460207271134332,0.0717832767804429
2026-10_2026-11,2026-10,TTF_M/HH_M,month_pair,Nov/Dec,24,0.1655324957953396,0.08345203298444351
2026-10_2026-11,2026-10,TTF_M/HH_M,month_pair,Dec/Jan,24,0.3080915696019813,0.0629318241620688
2026-10_2026-11,2026-10,TTF_M/HH_M,month_pair,Jan/Feb,22,0.34447512194732915,0.10989909787110992
2026-10_2026-11,2026-10,TTF_M/HH_M,month_pair,Feb/Mar,21,0.5888703712800818,0.18534644886094231
2026-10_2026-11,2026-10,TTF_M/HH_M,month_pair,Mar/Apr,23,0.4037403734257943,0.06841725827366409
2026-10_2026-11,2026-10,TTF_M/HH_M,month_pair,Apr/May,24,0.20570006352347733,0.1188655024882575
2026-10_2026-11,2026-10,TTF_M/HH_M,month_pair,May/Jun,23,0.20384141683286874,0.0489887847478687
2026-10_2026-11,2026-10,TTF_M/HH_M,month_pair,Jun/Jul,24,0.28118436118891943,0.05610379845693023
2026-10_2026-11,2026-10,TTF_M/HH_M,month_pair,Jul/Aug,24,0.2962420199117112,0.08136722965133782
2026-10_2026-11,2026-10,TTF_M/HH_M,month_pair,Aug/Sep,22,0.1525294116059038,0.051748990704278144
2026-10_2026-11,2026-10,TTF_M/HH_M,month_pair,Sep/Oct,24,0.3449024253231245,0.0610957550186562
2026-10_2026-11,2026-10,TTF_M/HH_M,pooled,all,279,0.30961593851222635,1.0
2026-10_2026-11,2026-10,TTF_M/Brent_M,year,2022,26,-0.16444488493044548,0.19417024246420647
2026-10_2026-11,2026-10,TTF_M/Brent_M,year,2023,70,0.06667297557583075,0.3148332171186659
2026-10_2026-11,2026-10,TTF_M/Brent_M,year,2024,69,-0.06912332401662855,0.11118925292672407
2026-10_2026-11,2026-10,TTF_M/Brent_M,year,2025,68,0.5307160761520505,0.12673157977443472
2026-10_2026-11,2026-10,TTF_M/Brent_M,year,2026,46,0.6238772139270868,0.2530757077159688
2026-10_2026-11,2026-10,TTF_M/Brent_M,days_to_expiry,"(30, 60]",44,0.3003013248543014,0.10800696202266756
2026-10_2026-11,2026-10,TTF_M/Brent_M,days_to_expiry,"(0, 30]",187,0.2940359863698757,0.7483787971600517
2026-10_2026-11,2026-10,TTF_M/Brent_M,days_to_expiry,nan,48,0.1011019132851121,0.14361424081728066
2026-10_2026-11,2026-10,TTF_M/Brent_M,month_pair,Oct/Nov,24,0.2984150951644886,0.09071817094429792
2026-10_2026-11,2026-10,TTF_M/Brent_M,month_pair,Nov/Dec,24,0.1335735044248158,0.09034875230883736
2026-10_2026-11,2026-10,TTF_M/Brent_M,month_pair,Dec/Jan,24,-0.48345151491512167,0.06141857996885461
2026-10_2026-11,2026-10,TTF_M/Brent_M,month_pair,Jan/Feb,22,-0.25387894155470014,0.06603272618089351
2026-10_2026-11,2026-10,TTF_M/Brent_M,month_pair,Feb/Mar,21,0.11828800567510438,0.09556735242511158
2026-10_2026-11,2026-10,TTF_M/Brent_M,month_pair,Mar/Apr,23,0.0799555060517974,0.05392660712484199
2026-10_2026-11,2026-10,TTF_M/Brent_M,month_pair,Apr/May,24,0.5987096224058532,0.1618472799537217
2026-10_2026-11,2026-10,TTF_M/Brent_M,month_pair,May/Jun,23,0.546603611537516,0.07036275736546407
2026-10_2026-11,2026-10,TTF_M/Brent_M,month_pair,Jun/Jul,24,0.349178675205428,0.06234913953874479
2026-10_2026-11,2026-10,TTF_M/Brent_M,month_pair,Jul/Aug,24,0.3485443749954612,0.10005322592898651
2026-10_2026-11,2026-10,TTF_M/Brent_M,month_pair,Aug/Sep,22,0.3635691419109458,0.05978713650246709
2026-10_2026-11,2026-10,TTF_M/Brent_M,month_pair,Sep/Oct,24,0.292507294641797,0.0875882717577789
2026-10_2026-11,2026-10,TTF_M/Brent_M,pooled,all,279,0.2669180285802942,1.0
2026-10_2026-11,2026-10,HH_M/Brent_M,year,2022,26,0.251401743498977,0.19577457320608235
2026-10_2026-11,2026-10,HH_M/Brent_M,year,2023,70,0.08284300565447224,0.18365922798316323
2026-10_2026-11,2026-10,HH_M/Brent_M,year,2024,69,-0.07059369939342575,0.1998598671571215
2026-10_2026-11,2026-10,HH_M/Brent_M,year,2025,68,0.23907803840178746,0.1967098351174636
2026-10_2026-11,2026-10,HH_M/Brent_M,year,2026,46,0.11248410957929496,0.2239964965361695
2026-10_2026-11,2026-10,HH_M/Brent_M,days_to_expiry,"(30, 60]",44,0.024251817835220336,0.12641642986552082
2026-10_2026-11,2026-10,HH_M/Brent_M,days_to_expiry,"(0, 30]",187,0.15106714738603924,0.6834156310003633
2026-10_2026-11,2026-10,HH_M/Brent_M,days_to_expiry,nan,48,0.10479773466202046,0.19016793913411606
2026-10_2026-11,2026-10,HH_M/Brent_M,month_pair,Oct/Nov,24,0.23988856370050668,0.05255233319249797
2026-10_2026-11,2026-10,HH_M/Brent_M,month_pair,Nov/Dec,24,-0.11771751695942347,0.07278122700436951
2026-10_2026-11,2026-10,HH_M/Brent_M,month_pair,Dec/Jan,24,-0.1584206102207024,0.061605979062847316
2026-10_2026-11,2026-10,HH_M/Brent_M,month_pair,Jan/Feb,22,0.4561149693593015,0.1274592033527383
2026-10_2026-11,2026-10,HH_M/Brent_M,month_pair,Feb/Mar,21,0.20887606253958285,0.23376552736692613
2026-10_2026-11,2026-10,HH_M/Brent_M,month_pair,Mar/Apr,23,0.08710715697855527,0.07172688963242345
2026-10_2026-11,2026-10,HH_M/Brent_M,month_pair,Apr/May,24,0.29443047008097917,0.09006596777366169
2026-10_2026-11,2026-10,HH_M/Brent_M,month_pair,May/Jun,23,0.17450779083270157,0.05477640727662665
2026-10_2026-11,2026-10,HH_M/Brent_M,month_pair,Jun/Jul,24,0.022247710383902934,0.06458684078251511
2026-10_2026-11,2026-10,HH_M/Brent_M,month_pair,Jul/Aug,24,0.43315372708376426,0.07808795497393912
2026-10_2026-11,2026-10,HH_M/Brent_M,month_pair,Aug/Sep,22,-0.05570605081349712,0.052003748207072646
2026-10_2026-11,2026-10,HH_M/Brent_M,month_pair,Sep/Oct,24,0.11180393680152133,0.04058792137438221
2026-10_2026-11,2026-10,HH_M/Brent_M,pooled,all,279,0.13052993985887476,1.0
2026-11_2026-12,2026-11,TTF_M/TTF_M1,year,2022,26,0.9855801329448299,0.2049738527521917
2026-11_2026-12,2026-11,TTF_M/TTF_M1,year,2023,70,0.977637775856691,0.32761664442728095
2026-11_2026-12,2026-11,TTF_M/TTF_M1,year,2024,69,0.9974688547463808,0.11274104536592378
2026-11_2026-12,2026-11,TTF_M/TTF_M1,year,2025,68,0.9989987963727778,0.12050069838311449
2026-11_2026-12,2026-11,TTF_M/TTF_M1,year,2026,46,0.9898131934404695,0.23416775907148907
2026-11_2026-12,2026-11,TTF_M/TTF_M1,days_to_expiry,"(30, 60]",44,0.9923185559754542,0.11452890662577199
2026-11_2026-12,2026-11,TTF_M/TTF_M1,days_to_expiry,"(0, 30]",187,0.9854042182959604,0.7464227267381883
2026-11_2026-12,2026-11,TTF_M/TTF_M1,days_to_expiry,nan,48,0.9859623630705328,0.13904836663603967
2026-11_2026-12,2026-11,TTF_M/TTF_M1,month_pair,Oct/Nov,24,0.9548557455864046,0.08194306308839674
2026-11_2026-12,2026-11,TTF_M/TTF_M1,month_pair,Nov/Dec,24,0.9767490979588231,0.0795606959007822
2026-11_2026-12,2026-11,TTF_M/TTF_M1,month_pair,Dec/Jan,24,0.9940618082919166,0.06257389347036993
2026-11_2026-12,2026-11,TTF_M/TTF_M1,month_pair,Jan/Feb,22,0.9986367904658416,0.07661731312555138
2026-11_2026-12,2026-11,TTF_M/TTF_M1,month_pair,Feb/Mar,21,0.9985825792563204,0.10894611366758922
2026-11_2026-12,2026-11,TTF_M/TTF_M1,month_pair,Mar/Apr,23,0.9626176416830746,0.05633174629672384
2026-11_2026-12,2026-11,TTF_M/TTF_M1,month_pair,Apr/May,24,0.9992090591102891,0.17059996924736293
2026-11_2026-12,2026-11,TTF_M/TTF_M1,month_pair,May/Jun,23,0.9993557885347438,0.06343369534897826
2026-11_2026-12,2026-11,TTF_M/TTF_M1,month_pair,Jun/Jul,24,0.9997109578146037,0.05850516235294089
2026-11_2026-12,2026-11,TTF_M/TTF_M1,month_pair,Jul/Aug,24,0.9982781405036559,0.09629852359184
2026-11_2026-12,2026-11,TTF_M/TTF_M1,month_pair,Aug/Sep,22,0.9966041690348745,0.0586232420185398
2026-11_2026-12,2026-11,TTF_M/TTF_M1,month_pair,Sep/Oct,24,0.9810969265435101,0.08656658189092475
2026-11_2026-12,2026-11,TTF_M/TTF_M1,pooled,all,279,0.9861555018967724,1.0
2026-11_2026-12,2026-11,HH_M/HH_M1,year,2022,26,0.994980897453465,0.2431353254808079
2026-11_2026-12,2026-11,HH_M/HH_M1,year,2023,70,0.9730765278388263,0.19024103373458942
2026-11_2026-12,2026-11,HH_M/HH_M1,year,2024,69,0.9423493564608122,0.2050184446455556
2026-11_2026-12,2026-11,HH_M/HH_M1,year,2025,68,0.978486092570146,0.20505383012858613
2026-11_2026-12,2026-11,HH_M/HH_M1,year,2026,46,0.8481259823029031,0.15655136601046088
2026-11_2026-12,2026-11,HH_M/HH_M1,days_to_expiry,"(30, 60]",44,0.9952181089652195,0.14618703858019078
2026-11_2026-12,2026-11,HH_M/HH_M1,days_to_expiry,"(0, 30]",187,0.9750325377393815,0.6973851301513387
2026-11_2026-12,2026-11,HH_M/HH_M1,days_to_expiry,nan,48,0.8054379212931686,0.1564278312684705
2026-11_2026-12,2026-11,HH_M/HH_M1,month_pair,Oct/Nov,24,0.9601224559418773,0.050708785777425346
2026-11_2026-12,2026-11,HH_M/HH_M1,month_pair,Nov/Dec,24,0.9667243484684195,0.0711425376958831
2026-11_2026-12,2026-11,HH_M/HH_M1,month_pair,Dec/Jan,24,0.978784886652194,0.06762181252693403
2026-11_2026-12,2026-11,HH_M/HH_M1,month_pair,Jan/Feb,22,0.9852764077115443,0.1664246423573079
2026-11_2026-12,2026-11,HH_M/HH_M1,month_pair,Feb/Mar,21,0.8919224878246833,0.23086425095163407
2026-11_2026-12,2026-11,HH_M/HH_M1,month_pair,Mar/Apr,23,0.9794557936665257,0.08450124170843999
2026-11_2026-12,2026-11,HH_M/HH_M1,month_pair,Apr/May,24,0.9835082082297463,0.081620942871542
2026-11_2026-12,2026-11,HH_M/HH_M1,month_pair,May/Jun,23,0.9669778137008397,0.040388231418980874
2026-11_2026-12,2026-11,HH_M/HH_M1,month_pair,Jun/Jul,24,0.9780788982131883,0.05506782098544104
2026-11_2026-12,2026-11,HH_M/HH_M1,month_pair,Jul/Aug,24,0.9924014410405724,0.06996955340777485
2026-11_2026-12,2026-11,HH_M/HH_M1,month_pair,Aug/Sep,22,0.9816000295527011,0.04744056882710673
2026-11_2026-12,2026-11,HH_M/HH_M1,month_pair,Sep/Oct,24,0.9890897054223644,0.03424961147153011
2026-11_2026-12,2026-11,HH_M/HH_M1,pooled,all,279,0.9460542721739923,1.0
2026-11_2026-12,2026-11,Brent_M/Brent_M1,year,2022,26,0.9980358203007166,0.10440452949403432
2026-11_2026-12,2026-11,Brent_M/Brent_M1,year,2023,70,0.9988142682973987,0.1948997580742481
2026-11_2026-12,2026-11,Brent_M/Brent_M1,year,2024,69,0.9994706242086006,0.1306979634070758
2026-11_2026-12,2026-11,Brent_M/Brent_M1,year,2025,68,0.9993097812316065,0.20118208275278923
2026-11_2026-12,2026-11,Brent_M/Brent_M1,year,2026,46,0.9910865574308666,0.3688156662718526
2026-11_2026-12,2026-11,Brent_M/Brent_M1,days_to_expiry,"(30, 60]",44,0.9955916574202573,0.085990451577961
2026-11_2026-12,2026-11,Brent_M/Brent_M1,days_to_expiry,"(0, 30]",187,0.9940436782836023,0.7277082199293354
2026-11_2026-12,2026-11,Brent_M/Brent_M1,days_to_expiry,nan,48,0.9975875550096827,0.1863013284927035
2026-11_2026-12,2026-11,Brent_M/Brent_M1,month_pair,Oct/Nov,24,0.9988885535494021,0.07690246892403717
2026-11_2026-12,2026-11,Brent_M/Brent_M1,month_pair,Nov/Dec,24,0.9988095949595701,0.07776754873670963
2026-11_2026-12,2026-11,Brent_M/Brent_M1,month_pair,Dec/Jan,24,0.9982615636126526,0.05616804394619245
2026-11_2026-12,2026-11,Brent_M/Brent_M1,month_pair,Jan/Feb,22,0.9976558339811993,0.02547567072997207
2026-11_2026-12,2026-11,Brent_M/Brent_M1,month_pair,Feb/Mar,21,0.998974726781163,0.049623309007277266
2026-11_2026-12,2026-11,Brent_M/Brent_M1,month_pair,Mar/Apr,23,0.9989321770164437,0.035063316638788124
2026-11_2026-12,2026-11,Brent_M/Brent_M1,month_pair,Apr/May,24,0.9914576072493887,0.1661078338982856
2026-11_2026-12,2026-11,Brent_M/Brent_M1,month_pair,May/Jun,23,0.9865292626005722,0.1270467193082548
2026-11_2026-12,2026-11,Brent_M/Brent_M1,month_pair,Jun/Jul,24,0.9968960064717006,0.09734930303502957
2026-11_2026-12,2026-11,Brent_M/Brent_M1,month_pair,Jul/Aug,24,0.9971888364720027,0.13042247442696045
2026-11_2026-12,2026-11,Brent_M/Brent_M1,month_pair,Aug/Sep,22,0.9966510901482419,0.076298568434379
2026-11_2026-12,2026-11,Brent_M/Brent_M1,month_pair,Sep/Oct,24,0.9965250491161112,0.08177474291411378
2026-11_2026-12,2026-11,Brent_M/Brent_M1,pooled,all,279,0.9948570195489599,1.0
2026-11_2026-12,2026-11,TTF_M/HH_M,year,2022,26,0.4623422412067838,0.21390005745833848
2026-11_2026-12,2026-11,TTF_M/HH_M,year,2023,70,0.20107737525798725,0.26445745438107066
2026-11_2026-12,2026-11,TTF_M/HH_M,year,2024,69,0.36893356960858975,0.15973441611420094
2026-11_2026-12,2026-11,TTF_M/HH_M,year,2025,68,0.018003498027098132,0.1537540018513508
2026-11_2026-12,2026-11,TTF_M/HH_M,year,2026,46,0.35194219704039936,0.20815407019503923
2026-11_2026-12,2026-11,TTF_M/HH_M,days_to_expiry,"(30, 60]",44,0.4028970417179692,0.123070612130607
2026-11_2026-12,2026-11,TTF_M/HH_M,days_to_expiry,"(0, 30]",187,0.30790716490322334,0.7148823857627643
2026-11_2026-12,2026-11,TTF_M/HH_M,days_to_expiry,nan,48,0.24307791770244136,0.16204700210662873
2026-11_2026-12,2026-11,TTF_M/HH_M,month_pair,Oct/Nov,24,0.3460207271134332,0.0717832767804429
2026-11_2026-12,2026-11,TTF_M/HH_M,month_pair,Nov/Dec,24,0.1655324957953396,0.08345203298444351
2026-11_2026-12,2026-11,TTF_M/HH_M,month_pair,Dec/Jan,24,0.3080915696019813,0.0629318241620688
2026-11_2026-12,2026-11,TTF_M/HH_M,month_pair,Jan/Feb,22,0.34447512194732915,0.10989909787110992
2026-11_2026-12,2026-11,TTF_M/HH_M,month_pair,Feb/Mar,21,0.5888703712800818,0.18534644886094231
2026-11_2026-12,2026-11,TTF_M/HH_M,month_pair,Mar/Apr,23,0.4037403734257943,0.06841725827366409
2026-11_2026-12,2026-11,TTF_M/HH_M,month_pair,Apr/May,24,0.20570006352347733,0.1188655024882575
2026-11_2026-12,2026-11,TTF_M/HH_M,month_pair,May/Jun,23,0.20384141683286874,0.0489887847478687
2026-11_2026-12,2026-11,TTF_M/HH_M,month_pair,Jun/Jul,24,0.28118436118891943,0.05610379845693023
2026-11_2026-12,2026-11,TTF_M/HH_M,month_pair,Jul/Aug,24,0.2962420199117112,0.08136722965133782
2026-11_2026-12,2026-11,TTF_M/HH_M,month_pair,Aug/Sep,22,0.1525294116059038,0.051748990704278144
2026-11_2026-12,2026-11,TTF_M/HH_M,month_pair,Sep/Oct,24,0.3449024253231245,0.0610957550186562
2026-11_2026-12,2026-11,TTF_M/HH_M,pooled,all,279,0.30961593851222635,1.0
2026-11_2026-12,2026-11,TTF_M/Brent_M,year,2022,26,-0.16444488493044548,0.19417024246420647
2026-11_2026-12,2026-11,TTF_M/Brent_M,year,2023,70,0.06667297557583075,0.3148332171186659
2026-11_2026-12,2026-11,TTF_M/Brent_M,year,2024,69,-0.06912332401662855,0.11118925292672407
2026-11_2026-12,2026-11,TTF_M/Brent_M,year,2025,68,0.5307160761520505,0.12673157977443472
2026-11_2026-12,2026-11,TTF_M/Brent_M,year,2026,46,0.6238772139270868,0.2530757077159688
2026-11_2026-12,2026-11,TTF_M/Brent_M,days_to_expiry,"(30, 60]",44,0.3003013248543014,0.10800696202266756
2026-11_2026-12,2026-11,TTF_M/Brent_M,days_to_expiry,"(0, 30]",187,0.2940359863698757,0.7483787971600517
2026-11_2026-12,2026-11,TTF_M/Brent_M,days_to_expiry,nan,48,0.1011019132851121,0.14361424081728066
2026-11_2026-12,2026-11,TTF_M/Brent_M,month_pair,Oct/Nov,24,0.2984150951644886,0.09071817094429792
2026-11_2026-12,2026-11,TTF_M/Brent_M,month_pair,Nov/Dec,24,0.1335735044248158,0.09034875230883736
2026-11_2026-12,2026-11,TTF_M/Brent_M,month_pair,Dec/Jan,24,-0.48345151491512167,0.06141857996885461
2026-11_2026-12,2026-11,TTF_M/Brent_M,month_pair,Jan/Feb,22,-0.25387894155470014,0.06603272618089351
2026-11_2026-12,2026-11,TTF_M/Brent_M,month_pair,Feb/Mar,21,0.11828800567510438,0.09556735242511158
2026-11_2026-12,2026-11,TTF_M/Brent_M,month_pair,Mar/Apr,23,0.0799555060517974,0.05392660712484199
2026-11_2026-12,2026-11,TTF_M/Brent_M,month_pair,Apr/May,24,0.5987096224058532,0.1618472799537217
2026-11_2026-12,2026-11,TTF_M/Brent_M,month_pair,May/Jun,23,0.546603611537516,0.07036275736546407
2026-11_2026-12,2026-11,TTF_M/Brent_M,month_pair,Jun/Jul,24,0.349178675205428,0.06234913953874479
2026-11_2026-12,2026-11,TTF_M/Brent_M,month_pair,Jul/Aug,24,0.3485443749954612,0.10005322592898651
2026-11_2026-12,2026-11,TTF_M/Brent_M,month_pair,Aug/Sep,22,0.3635691419109458,0.05978713650246709
2026-11_2026-12,2026-11,TTF_M/Brent_M,month_pair,Sep/Oct,24,0.292507294641797,0.0875882717577789
2026-11_2026-12,2026-11,TTF_M/Brent_M,pooled,all,279,0.2669180285802942,1.0
2026-11_2026-12,2026-11,HH_M/Brent_M,year,2022,26,0.251401743498977,0.19577457320608235
2026-11_2026-12,2026-11,HH_M/Brent_M,year,2023,70,0.08284300565447224,0.18365922798316323
2026-11_2026-12,2026-11,HH_M/Brent_M,year,2024,69,-0.07059369939342575,0.1998598671571215
2026-11_2026-12,2026-11,HH_M/Brent_M,year,2025,68,0.23907803840178746,0.1967098351174636
2026-11_2026-12,2026-11,HH_M/Brent_M,year,2026,46,0.11248410957929496,0.2239964965361695
2026-11_2026-12,2026-11,HH_M/Brent_M,days_to_expiry,"(30, 60]",44,0.024251817835220336,0.12641642986552082
2026-11_2026-12,2026-11,HH_M/Brent_M,days_to_expiry,"(0, 30]",187,0.15106714738603924,0.6834156310003633
2026-11_2026-12,2026-11,HH_M/Brent_M,days_to_expiry,nan,48,0.10479773466202046,0.19016793913411606
2026-11_2026-12,2026-11,HH_M/Brent_M,month_pair,Oct/Nov,24,0.23988856370050668,0.05255233319249797
2026-11_2026-12,2026-11,HH_M/Brent_M,month_pair,Nov/Dec,24,-0.11771751695942347,0.07278122700436951
2026-11_2026-12,2026-11,HH_M/Brent_M,month_pair,Dec/Jan,24,-0.1584206102207024,0.061605979062847316
2026-11_2026-12,2026-11,HH_M/Brent_M,month_pair,Jan/Feb,22,0.4561149693593015,0.1274592033527383
2026-11_2026-12,2026-11,HH_M/Brent_M,month_pair,Feb/Mar,21,0.20887606253958285,0.23376552736692613
2026-11_2026-12,2026-11,HH_M/Brent_M,month_pair,Mar/Apr,23,0.08710715697855527,0.07172688963242345
2026-11_2026-12,2026-11,HH_M/Brent_M,month_pair,Apr/May,24,0.29443047008097917,0.09006596777366169
2026-11_2026-12,2026-11,HH_M/Brent_M,month_pair,May/Jun,23,0.17450779083270157,0.05477640727662665
2026-11_2026-12,2026-11,HH_M/Brent_M,month_pair,Jun/Jul,24,0.022247710383902934,0.06458684078251511
2026-11_2026-12,2026-11,HH_M/Brent_M,month_pair,Jul/Aug,24,0.43315372708376426,0.07808795497393912
2026-11_2026-12,2026-11,HH_M/Brent_M,month_pair,Aug/Sep,22,-0.05570605081349712,0.052003748207072646
2026-11_2026-12,2026-11,HH_M/Brent_M,month_pair,Sep/Oct,24,0.11180393680152133,0.04058792137438221
2026-11_2026-12,2026-11,HH_M/Brent_M,pooled,all,279,0.13052993985887476,1.0
2026-12_2027-01,2026-12,TTF_M/TTF_M1,year,2022,36,0.9869411480880185,0.17666506819224123
2026-12_2027-01,2026-12,TTF_M/TTF_M1,year,2023,96,0.9804754692959917,0.34148370977309045
2026-12_2027-01,2026-12,TTF_M/TTF_M1,year,2024,96,0.9976462623856047,0.12840047527785903
2026-12_2027-01,2026-12,TTF_M/TTF_M1,year,2025,96,0.9989963699478608,0.11794241522918074
2026-12_2027-01,2026-12,TTF_M/TTF_M1,year,2026,60,0.990093596571581,0.23550833152762848
2026-12_2027-01,2026-12,TTF_M/TTF_M1,days_to_expiry,"(30, 60]",149,0.991561334287721,0.3240447894321381
2026-12_2027-01,2026-12,TTF_M/TTF_M1,days_to_expiry,"(0, 30]",187,0.9854042182959604,0.5698077951955363
2026-12_2027-01,2026-12,TTF_M/TTF_M1,days_to_expiry,nan,48,0.9859623630705328,0.10614741537232558
2026-12_2027-01,2026-12,TTF_M/TTF_M1,month_pair,Oct/Nov,32,0.9597113373363378,0.08733502582755394
2026-12_2027-01,2026-12,TTF_M/TTF_M1,month_pair,Nov/Dec,32,0.9762822811676453,0.06333557057521037
2026-12_2027-01,2026-12,TTF_M/TTF_M1,month_pair,Dec/Jan,32,0.9950656096733861,0.06073122706802478
2026-12_2027-01,2026-12,TTF_M/TTF_M1,month_pair,Jan/Feb,32,0.9981610601862118,0.06576357888698293
2026-12_2027-01,2026-12,TTF_M/TTF_M1,month_pair,Feb/Mar,32,0.998519999424395,0.09818278011243878
2026-12_2027-01,2026-12,TTF_M/TTF_M1,month_pair,Mar/Apr,32,0.9730231427250252,0.06848045403183137
2026-12_2027-01,2026-12,TTF_M/TTF_M1,month_pair,Apr/May,32,0.9970602683453498,0.13731994328047437
2026-12_2027-01,2026-12,TTF_M/TTF_M1,month_pair,May/Jun,32,0.9992564266041963,0.08416459380601797
2026-12_2027-01,2026-12,TTF_M/TTF_M1,month_pair,Jun/Jul,32,0.9996888642457205,0.07316136146611041
2026-12_2027-01,2026-12,TTF_M/TTF_M1,month_pair,Jul/Aug,32,0.9984132776192008,0.08958291527536356
2026-12_2027-01,2026-12,TTF_M/TTF_M1,month_pair,Aug/Sep,32,0.9966459352039326,0.08892975306927722
2026-12_2027-01,2026-12,TTF_M/TTF_M1,month_pair,Sep/Oct,32,0.9793030232167687,0.08301279660071423
2026-12_2027-01,2026-12,TTF_M/TTF_M1,pooled,all,384,0.9873343558388866,1.0
2026-12_2027-01,2026-12,HH_M/HH_M1,year,2022,36,0.9961316931754101,0.25275330354945996
2026-12_2027-01,2026-12,HH_M/HH_M1,year,2023,96,0.9739854955544651,0.18853171277137348
2026-12_2027-01,2026-12,HH_M/HH_M1,year,2024,96,0.9533168302920726,0.2068146816119936
2026-12_2027-01,2026-12,HH_M/HH_M1,year,2025,96,0.9824464641362533,0.2158029008689368
2026-12_2027-01,2026-12,HH_M/HH_M1,year,2026,60,0.8627856453029025,0.1360974011982361
2026-12_2027-01,2026-12,HH_M/HH_M1,days_to_expiry,"(30, 60]",149,0.9924221586011179,0.3505774354590071
2026-12_2027-01,2026-12,HH_M/HH_M1,days_to_expiry,"(0, 30]",187,0.9750325377393815,0.5304412794841051
2026-12_2027-01,2026-12,HH_M/HH_M1,days_to_expiry,nan,48,0.8054379212931686,0.11898128505688775
2026-12_2027-01,2026-12,HH_M/HH_M1,month_pair,Oct/Nov,32,0.9600262563013087,0.0529033683626246
2026-12_2027-01,2026-12,HH_M/HH_M1,month_pair,Nov/Dec,32,0.966587434466609,0.0634637286722843
2026-12_2027-01,2026-12,HH_M/HH_M1,month_pair,Dec/Jan,32,0.9815695769442038,0.0634854192656602
2026-12_2027-01,2026-12,HH_M/HH_M1,month_pair,Jan/Feb,32,0.9873558075731944,0.14908586526983597
2026-12_2027-01,2026-12,HH_M/HH_M1,month_pair,Feb/Mar,32,0.9123353157786744,0.25654890629245714
2026-12_2027-01,2026-12,HH_M/HH_M1,month_pair,Mar/Apr,32,0.9857262856949774,0.1028893251375255
2026-12_2027-01,2026-12,HH_M/HH_M1,month_pair,Apr/May,32,0.9842410326872278,0.07603560269402358
2026-12_2027-01,2026-12,HH_M/HH_M1,month_pair,May/Jun,32,0.9731773471822478,0.04270083739908662
2026-12_2027-01,2026-12,HH_M/HH_M1,month_pair,Jun/Jul,32,0.9774339814423325,0.053113336559824746
2026-12_2027-01,2026-12,HH_M/HH_M1,month_pair,Jul/Aug,32,0.9919033930458012,0.05672458741150778
2026-12_2027-01,2026-12,HH_M/HH_M1,month_pair,Aug/Sep,32,0.9854077050270512,0.04527828716500953
2026-12_2027-01,2026-12,HH_M/HH_M1,month_pair,Sep/Oct,32,0.9914123158890921,0.037770735770159936
2026-12_2027-01,2026-12,HH_M/HH_M1,pooled,all,384,0.9559662745089935,1.0
2026-12_2027-01,2026-12,Brent_M/Brent_M1,year,2022,36,0.9985720181449975,0.12354350220363845
2026-12_2027-01,2026-12,Brent_M/Brent_M1,year,2023,96,0.999060780523901,0.19797654534218656
2026-12_2027-01,2026-12,Brent_M/Brent_M1,year,2024,96,0.9995238877121135,0.1284870142222006
2026-12_2027-01,2026-12,Brent_M/Brent_M1,year,2025,96,0.9993221737449363,0.21586259593153762
2026-12_2027-01,2026-12,Brent_M/Brent_M1,year,2026,60,0.9910576649081921,0.3341303423004369
2026-12_2027-01,2026-12,Brent_M/Brent_M1,days_to_expiry,"(30, 60]",149,0.9962024264420631,0.3560146057091289
2026-12_2027-01,2026-12,Brent_M/Brent_M1,days_to_expiry,"(0, 30]",187,0.9940436782836023,0.5127227234649326
2026-12_2027-01,2026-12,Brent_M/Brent_M1,days_to_expiry,nan,48,0.9975875550096827,0.13126267082593848
2026-12_2027-01,2026-12,Brent_M/Brent_M1,month_pair,Oct/Nov,32,0.9987929044933349,0.06576463232758674
2026-12_2027-01,2026-12,Brent_M/Brent_M1,month_pair,Nov/Dec,32,0.9989751410486167,0.07348832317545499
2026-12_2027-01,2026-12,Brent_M/Brent_M1,month_pair,Dec/Jan,32,0.9990077477783219,0.07916292127355232
2026-12_2027-01,2026-12,Brent_M/Brent_M1,month_pair,Jan/Feb,32,0.9982015934801852,0.0337878859098657
2026-12_2027-01,2026-12,Brent_M/Brent_M1,month_pair,Feb/Mar,32,0.9992347550763102,0.058653967334838165
2026-12_2027-01,2026-12,Brent_M/Brent_M1,month_pair,Mar/Apr,32,0.9988133324374803,0.04352484273490093
2026-12_2027-01,2026-12,Brent_M/Brent_M1,month_pair,Apr/May,32,0.992010508788319,0.12520896645429808
2026-12_2027-01,2026-12,Brent_M/Brent_M1,month_pair,May/Jun,32,0.9902504116624905,0.13994840577202078
2026-12_2027-01,2026-12,Brent_M/Brent_M1,month_pair,Jun/Jul,32,0.9924179924418888,0.10733223815982301
2026-12_2027-01,2026-12,Brent_M/Brent_M1,month_pair,Jul/Aug,32,0.9969950761656287,0.1077401716411194
2026-12_2027-01,2026-12,Brent_M/Brent_M1,month_pair,Aug/Sep,32,0.9976620572537552,0.09050396646147928
2026-12_2027-01,2026-12,Brent_M/Brent_M1,month_pair,Sep/Oct,32,0.9968952140195191,0.07488367875506072
2026-12_2027-01,2026-12,Brent_M/Brent_M1,pooled,all,384,0.995273710252405,1.0
2026-12_2027-01,2026-12,TTF_M/HH_M,year,2022,36,0.41897346827900583,0.20461430199607217
2026-12_2027-01,2026-12,TTF_M/HH_M,year,2023,96,0.21748896296830805,0.27280327866784526
2026-12_2027-01,2026-12,TTF_M/HH_M,year,2024,96,0.37396140180267234,0.16893706448593196
2026-12_2027-01,2026-12,TTF_M/HH_M,year,2025,96,0.04743316753415214,0.15752241584002338
2026-12_2027-01,2026-12,TTF_M/HH_M,year,2026,60,0.35602394947851146,0.19612293901012728
2026-12_2027-01,2026-12,TTF_M/HH_M,days_to_expiry,"(30, 60]",149,0.28924698633951923,0.323997651166089
2026-12_2027-01,2026-12,TTF_M/HH_M,days_to_expiry,"(0, 30]",187,0.30790716490322334,0.5510844756722809
2026-12_2027-01,2026-12,TTF_M/HH_M,days_to_expiry,nan,48,0.24307791770244136,0.12491787316163008
2026-12_2027-01,2026-12,TTF_M/HH_M,month_pair,Oct/Nov,32,0.3925134730411729,0.07550736745506724
2026-12_2027-01,2026-12,TTF_M/HH_M,month_pair,Nov/Dec,32,0.181927423080643,0.06962143560118479
2026-12_2027-01,2026-12,TTF_M/HH_M,month_pair,Dec/Jan,32,0.299068172296501,0.060860417875264396
2026-12_2027-01,2026-12,TTF_M/HH_M,month_pair,Jan/Feb,32,0.29507573389938707,0.09820466629762746
2026-12_2027-01,2026-12,TTF_M/HH_M,month_pair,Feb/Mar,32,0.46822273565589717,0.18646857841374226
2026-12_2027-01,2026-12,TTF_M/HH_M,month_pair,Mar/Apr,32,0.4981814653792343,0.08407396517850584
2026-12_2027-01,2026-12,TTF_M/HH_M,month_pair,Apr/May,32,0.26384861362714285,0.1019348820576853
2026-12_2027-01,2026-12,TTF_M/HH_M,month_pair,May/Jun,32,0.16380985544127727,0.06065694802479437
2026-12_2027-01,2026-12,TTF_M/HH_M,month_pair,Jun/Jul,32,0.29195740419666516,0.062130417621692434
2026-12_2027-01,2026-12,TTF_M/HH_M,month_pair,Jul/Aug,32,0.26282656336534016,0.07232817221873922
2026-12_2027-01,2026-12,TTF_M/HH_M,month_pair,Aug/Sep,32,0.18422535405528734,0.06704433831500982
2026-12_2027-01,2026-12,TTF_M/HH_M,month_pair,Sep/Oct,32,0.21597478543667498,0.06116881094068683
2026-12_2027-01,2026-12,TTF_M/HH_M,pooled,all,384,0.29374224379806624,1.0
2026-12_2027-01,2026-12,TTF_M/Brent_M,year,2022,36,-0.23737966810093056,0.17112292599064402
2026-12_2027-01,2026-12,TTF_M/Brent_M,year,2023,96,0.06670202931486068,0.325880350024329
2026-12_2027-01,2026-12,TTF_M/Brent_M,year,2024,96,-0.12697962373599891,0.12430381796229788
2026-12_2027-01,2026-12,TTF_M/Brent_M,year,2025,96,0.5117965172313708,0.1287892121692789
2026-12_2027-01,2026-12,TTF_M/Brent_M,year,2026,60,0.6839557423186537,0.2499036938534501
2026-12_2027-01,2026-12,TTF_M/Brent_M,days_to_expiry,"(30, 60]",149,0.24475432735847763,0.32462143100118973
2026-12_2027-01,2026-12,TTF_M/Brent_M,days_to_expiry,"(0, 30]",187,0.2940359863698757,0.5666400740538637
2026-12_2027-01,2026-12,TTF_M/Brent_M,days_to_expiry,nan,48,0.1011019132851121,0.1087384949449464
2026-12_2027-01,2026-12,TTF_M/Brent_M,month_pair,Oct/Nov,32,0.21066193706557304,0.09248967482376792
2026-12_2027-01,2026-12,TTF_M/Brent_M,month_pair,Nov/Dec,32,0.17000018368303735,0.07364883497081721
2026-12_2027-01,2026-12,TTF_M/Brent_M,month_pair,Dec/Jan,32,-0.45255690502988016,0.06352218662783239
2026-12_2027-01,2026-12,TTF_M/Brent_M,month_pair,Jan/Feb,32,-0.2528385468462365,0.058582708298547906
2026-12_2027-01,2026-12,TTF_M/Brent_M,month_pair,Feb/Mar,32,0.03671702252165447,0.08819192178685081
2026-12_2027-01,2026-12,TTF_M/Brent_M,month_pair,Mar/Apr,32,0.3137034238827904,0.06511160559648539
2026-12_2027-01,2026-12,TTF_M/Brent_M,month_pair,Apr/May,32,0.5587433484488432,0.13018734603295937
2026-12_2027-01,2026-12,TTF_M/Brent_M,month_pair,May/Jun,32,0.6091867665796332,0.08954197761341957
2026-12_2027-01,2026-12,TTF_M/Brent_M,month_pair,Jun/Jul,32,0.39271417809158715,0.07603636289829895
2026-12_2027-01,2026-12,TTF_M/Brent_M,month_pair,Jul/Aug,32,0.32872681615366095,0.0910310647911248
2026-12_2027-01,2026-12,TTF_M/Brent_M,month_pair,Aug/Sep,32,0.28633559287461074,0.08839127540834082
2026-12_2027-01,2026-12,TTF_M/Brent_M,month_pair,Sep/Oct,32,0.27386743717490797,0.08326504115155484
2026-12_2027-01,2026-12,TTF_M/Brent_M,pooled,all,384,0.25655970000069706,1.0
2026-12_2027-01,2026-12,HH_M/Brent_M,year,2022,36,0.2870827174895108,0.20872744834804974
2026-12_2027-01,2026-12,HH_M/Brent_M,year,2023,96,0.127154185821192,0.18497292378707292
2026-12_2027-01,2026-12,HH_M/Brent_M,year,2024,96,-0.09813574219925615,0.20009598664503903
2026-12_2027-01,2026-12,HH_M/Brent_M,year,2025,96,0.2593508544816063,0.2081464596896305
2026-12_2027-01,2026-12,HH_M/Brent_M,year,2026,60,0.12975958745799218,0.19805718153020777
2026-12_2027-01,2026-12,HH_M/Brent_M,days_to_expiry,"(30, 60]",149,0.1540052170677289,0.334316745625184
2026-12_2027-01,2026-12,HH_M/Brent_M,days_to_expiry,"(0, 30]",187,0.15106714738603924,0.5207725475708147
2026-12_2027-01,2026-12,HH_M/Brent_M,days_to_expiry,nan,48,0.10479773466202046,0.1449107068040014
2026-12_2027-01,2026-12,HH_M/Brent_M,month_pair,Oct/Nov,32,0.13846716870109363,0.05296453616023342
2026-12_2027-01,2026-12,HH_M/Brent_M,month_pair,Nov/Dec,32,-0.011388962603108345,0.0655841911953242
2026-12_2027-01,2026-12,HH_M/Brent_M,month_pair,Dec/Jan,32,-0.07369843826936154,0.06365679105862072
2026-12_2027-01,2026-12,HH_M/Brent_M,month_pair,Jan/Feb,32,0.41489545268789113,0.11650737874223041
2026-12_2027-01,2026-12,HH_M/Brent_M,month_pair,Feb/Mar,32,0.3656117992587007,0.24393670287803906
2026-12_2027-01,2026-12,HH_M/Brent_M,month_pair,Mar/Apr,32,0.15591115322942173,0.0888030205774983
2026-12_2027-01,2026-12,HH_M/Brent_M,month_pair,Apr/May,32,0.2513748264404477,0.08087379458463487
2026-12_2027-01,2026-12,HH_M/Brent_M,month_pair,May/Jun,32,0.16544315526566805,0.06130353032866591
2026-12_2027-01,2026-12,HH_M/Brent_M,month_pair,Jun/Jul,32,0.15702727731872587,0.06484239535726745
2026-12_2027-01,2026-12,HH_M/Brent_M,month_pair,Jul/Aug,32,0.40472579050713203,0.06529180186363616
2026-12_2027-01,2026-12,HH_M/Brent_M,month_pair,Aug/Sep,32,-0.07571643734777816,0.053066350353170685
2026-12_2027-01,2026-12,HH_M/Brent_M,month_pair,Sep/Oct,32,0.01208435966015795,0.04316950690067878
2026-12_2027-01,2026-12,HH_M/Brent_M,pooled,all,384,0.1471411259904375,1.0
2027-01_2027-02,2027-01,TTF_M/TTF_M1,year,2022,65,0.9921214059424631,0.22020809517317938
2027-01_2027-02,2027-01,TTF_M/TTF_M1,year,2023,153,0.9817589609824273,0.31897527432532935
2027-01_2027-02,2027-01,TTF_M/TTF_M1,year,2024,152,0.997709008398255,0.12053359762049065
2027-01_2027-02,2027-01,TTF_M/TTF_M1,year,2025,154,0.9985920789519713,0.106579527400832
2027-01_2027-02,2027-01,TTF_M/TTF_M1,year,2026,89,0.9921680817345402,0.23370350548016858
2027-01_2027-02,2027-01,TTF_M/TTF_M1,days_to_expiry,"(60, 90]",188,0.9952279829572346,0.2615037712214848
2027-01_2027-02,2027-01,TTF_M/TTF_M1,days_to_expiry,"(30, 60]",190,0.9925496960334068,0.2878571121819484
2027-01_2027-02,2027-01,TTF_M/TTF_M1,days_to_expiry,"(0, 30]",187,0.9854042182959604,0.379873810338762
2027-01_2027-02,2027-01,TTF_M/TTF_M1,days_to_expiry,nan,48,0.9859623630705328,0.07076530625780472
2027-01_2027-02,2027-01,TTF_M/TTF_M1,month_pair,Oct/Nov,52,0.9663131486200347,0.09275699615352054
2027-01_2027-02,2027-01,TTF_M/TTF_M1,month_pair,Nov/Dec,52,0.978381641092782,0.07381482140525619
2027-01_2027-02,2027-01,TTF_M/TTF_M1,month_pair,Dec/Jan,52,0.995528858661232,0.06718566066164386
2027-01_2027-02,2027-01,TTF_M/TTF_M1,month_pair,Jan/Feb,52,0.9981336840740203,0.06602879619928423
2027-01_2027-02,2027-01,TTF_M/TTF_M1,month_pair,Feb/Mar,49,0.9986611010137244,0.08152230580014819
2027-01_2027-02,2027-01,TTF_M/TTF_M1,month_pair,Mar/Apr,48,0.9829357701325944,0.08052171836479168
2027-01_2027-02,2027-01,TTF_M/TTF_M1,month_pair,Apr/May,49,0.9961185467959899,0.11082751953717593
2027-01_2027-02,2027-01,TTF_M/TTF_M1,month_pair,May/Jun,52,0.9990354238114377,0.09996106381369611
2027-01_2027-02,2027-01,TTF_M/TTF_M1,month_pair,Jun/Jul,52,0.9990590107292139,0.09308164560669166
2027-01_2027-02,2027-01,TTF_M/TTF_M1,month_pair,Jul/Aug,51,0.9985381438999117,0.08009515583951736
2027-01_2027-02,2027-01,TTF_M/TTF_M1,month_pair,Aug/Sep,52,0.9963790823203785,0.07959862442231988
2027-01_2027-02,2027-01,TTF_M/TTF_M1,month_pair,Sep/Oct,52,0.9821335363917046,0.0746056921959544
2027-01_2027-02,2027-01,TTF_M/TTF_M1,pooled,all,613,0.9898721449033452,1.0
2027-01_2027-02,2027-01,HH_M/HH_M1,year,2022,65,0.9900778833549476,0.25595854217339337
2027-01_2027-02,2027-01,HH_M/HH_M1,year,2023,153,0.9805227951995327,0.20295994830419165
2027-01_2027-02,2027-01,HH_M/HH_M1,year,2024,152,0.9616731498986372,0.19817632187643475
2027-01_2027-02,2027-01,HH_M/HH_M1,year,2025,154,0.9852572196883354,0.2080034423772543
2027-01_2027-02,2027-01,HH_M/HH_M1,year,2026,89,0.8904811678166407,0.1349017452687259
2027-01_2027-02,2027-01,HH_M/HH_M1,days_to_expiry,"(60, 90]",188,0.9881299920359914,0.24453767815842514
2027-01_2027-02,2027-01,HH_M/HH_M1,days_to_expiry,"(30, 60]",190,0.9926838155555652,0.2985226331087305
2027-01_2027-02,2027-01,HH_M/HH_M1,days_to_expiry,"(0, 30]",187,0.9750325377393815,0.37322336237243436
2027-01_2027-02,2027-01,HH_M/HH_M1,days_to_expiry,nan,48,0.8054379212931686,0.08371632636040986
2027-01_2027-02,2027-01,HH_M/HH_M1,month_pair,Oct/Nov,52,0.9740067397967799,0.08072919046679933
2027-01_2027-02,2027-01,HH_M/HH_M1,month_pair,Nov/Dec,52,0.9692493643785647,0.05646771611288687
2027-01_2027-02,2027-01,HH_M/HH_M1,month_pair,Dec/Jan,52,0.9837114265258714,0.05527071038844473
2027-01_2027-02,2027-01,HH_M/HH_M1,month_pair,Jan/Feb,52,0.9884707201615094,0.12154305485390712
2027-01_2027-02,2027-01,HH_M/HH_M1,month_pair,Feb/Mar,49,0.9148173989953199,0.20193095639160938
2027-01_2027-02,2027-01,HH_M/HH_M1,month_pair,Mar/Apr,48,0.9773505931025569,0.11020573354587328
2027-01_2027-02,2027-01,HH_M/HH_M1,month_pair,Apr/May,49,0.9908273179023863,0.09686221551129978
2027-01_2027-02,2027-01,HH_M/HH_M1,month_pair,May/Jun,52,0.9892191455926014,0.07640958443223714
2027-01_2027-02,2027-01,HH_M/HH_M1,month_pair,Jun/Jul,52,0.9778766292172822,0.05167298099478032
2027-01_2027-02,2027-01,HH_M/HH_M1,month_pair,Jul/Aug,51,0.991777435780421,0.05311396240082953
2027-01_2027-02,2027-01,HH_M/HH_M1,month_pair,Aug/Sep,52,0.9899099136977063,0.052757931858160155
2027-01_2027-02,2027-01,HH_M/HH_M1,month_pair,Sep/Oct,52,0.9939332247641567,0.04303596304317224
2027-01_2027-02,2027-01,HH_M/HH_M1,pooled,all,613,0.9652048843815355,1.0
2027-01_2027-02,2027-01,Brent_M/Brent_M1,year,2022,65,0.9985003307705759,0.13734014673401254
2027-01_2027-02,2027-01,Brent_M/Brent_M1,year,2023,153,0.9992533912792243,0.20482555049062998
2027-01_2027-02,2027-01,Brent_M/Brent_M1,year,2024,152,0.9996194586085332,0.1383256586668145
2027-01_2027-02,2027-01,Brent_M/Brent_M1,year,2025,154,0.9993980239268541,0.21041154856540353
2027-01_2027-02,2027-01,Brent_M/Brent_M1,year,2026,89,0.9918120690849264,0.30909709554313947
2027-01_2027-02,2027-01,Brent_M/Brent_M1,days_to_expiry,"(60, 90]",188,0.9981156757870296,0.2699810005390746
2027-01_2027-02,2027-01,Brent_M/Brent_M1,days_to_expiry,"(30, 60]",190,0.9961065763127122,0.29341971043040715
2027-01_2027-02,2027-01,Brent_M/Brent_M1,days_to_expiry,"(0, 30]",187,0.9940436782836023,0.3476078471951672
2027-01_2027-02,2027-01,Brent_M/Brent_M1,days_to_expiry,nan,48,0.9975875550096827,0.08899144183535108
2027-01_2027-02,2027-01,Brent_M/Brent_M1,month_pair,Oct/Nov,52,0.9982737002492912,0.06820776429833894
2027-01_2027-02,2027-01,Brent_M/Brent_M1,month_pair,Nov/Dec,52,0.9992171168988279,0.07771335624825894
2027-01_2027-02,2027-01,Brent_M/Brent_M1,month_pair,Dec/Jan,52,0.9990589932148052,0.07824437822513805
2027-01_2027-02,2027-01,Brent_M/Brent_M1,month_pair,Jan/Feb,52,0.9989988018930396,0.056285117154606906
2027-01_2027-02,2027-01,Brent_M/Brent_M1,month_pair,Feb/Mar,49,0.999082735542681,0.05171449118893265
2027-01_2027-02,2027-01,Brent_M/Brent_M1,month_pair,Mar/Apr,48,0.9990245055348363,0.046724102967161396
2027-01_2027-02,2027-01,Brent_M/Brent_M1,month_pair,Apr/May,49,0.9936746096407264,0.11206728131093886
2027-01_2027-02,2027-01,Brent_M/Brent_M1,month_pair,May/Jun,52,0.9917128285325669,0.12057967347789797
2027-01_2027-02,2027-01,Brent_M/Brent_M1,month_pair,Jun/Jul,52,0.9944602983527516,0.11714427325343277
2027-01_2027-02,2027-01,Brent_M/Brent_M1,month_pair,Jul/Aug,51,0.9953228026265815,0.11299020529669447
2027-01_2027-02,2027-01,Brent_M/Brent_M1,month_pair,Aug/Sep,52,0.9970528021600031,0.07612588673870238
2027-01_2027-02,2027-01,Brent_M/Brent_M1,month_pair,Sep/Oct,52,0.9975710996626516,0.08220346983989668
2027-01_2027-02,2027-01,Brent_M/Brent_M1,pooled,all,613,0.9959907347176186,1.0
2027-01_2027-02,2027-01,TTF_M/HH_M,year,2022,65,0.3364774670998253,0.22928924388486369
2027-01_2027-02,2027-01,TTF_M/HH_M,year,2023,153,0.2186350370394369,0.2700056947517343
2027-01_2027-02,2027-01,TTF_M/HH_M,year,2024,152,0.3788442226728634,0.15935678447388882
2027-01_2027-02,2027-01,TTF_M/HH_M,year,2025,154,-0.00543883559298873,0.14860090916239907
2027-01_2027-02,2027-01,TTF_M/HH_M,year,2026,89,0.3357613613964669,0.19274736772711418
2027-01_2027-02,2027-01,TTF_M/HH_M,days_to_expiry,"(60, 90]",188,0.22148831273165395,0.24778983738660904
2027-01_2027-02,2027-01,TTF_M/HH_M,days_to_expiry,"(30, 60]",190,0.2622269035886683,0.28515172551105006
2027-01_2027-02,2027-01,TTF_M/HH_M,days_to_expiry,"(0, 30]",187,0.30790716490322334,0.38075112366524805
2027-01_2027-02,2027-01,TTF_M/HH_M,days_to_expiry,nan,48,0.24307791770244136,0.08630731343709297
2027-01_2027-02,2027-01,TTF_M/HH_M,month_pair,Oct/Nov,52,0.2626614161264271,0.09067340598112701
2027-01_2027-02,2027-01,TTF_M/HH_M,month_pair,Nov/Dec,52,0.269585258012644,0.06994143124539959
2027-01_2027-02,2027-01,TTF_M/HH_M,month_pair,Dec/Jan,52,0.28147818669597924,0.06043575772874111
2027-01_2027-02,2027-01,TTF_M/HH_M,month_pair,Jan/Feb,52,0.21536919404352683,0.08636289182915896
2027-01_2027-02,2027-01,TTF_M/HH_M,month_pair,Feb/Mar,49,0.41078582703587696,0.146956698888169
2027-01_2027-02,2027-01,TTF_M/HH_M,month_pair,Mar/Apr,48,0.4252193219469377,0.09514668062486469
2027-01_2027-02,2027-01,TTF_M/HH_M,month_pair,Apr/May,49,0.3392621143142388,0.09978360715371601
2027-01_2027-02,2027-01,TTF_M/HH_M,month_pair,May/Jun,52,0.1549362772102216,0.08538616257909142
2027-01_2027-02,2027-01,TTF_M/HH_M,month_pair,Jun/Jul,52,0.1812896859258597,0.07272028579450494
2027-01_2027-02,2027-01,TTF_M/HH_M,month_pair,Jul/Aug,51,0.21460312522589414,0.06590695379579084
2027-01_2027-02,2027-01,TTF_M/HH_M,month_pair,Aug/Sep,52,0.2284018874923257,0.06599928530810559
2027-01_2027-02,2027-01,TTF_M/HH_M,month_pair,Sep/Oct,52,0.2128743947186488,0.06068683907133092
2027-01_2027-02,2027-01,TTF_M/HH_M,pooled,all,613,0.268032217442991,1.0
2027-01_2027-02,2027-01,TTF_M/Brent_M,year,2022,65,-0.21237256359282422,0.20481276891144903
2027-01_2027-02,2027-01,TTF_M/Brent_M,year,2023,153,0.08190189707963706,0.30872996974115646
2027-01_2027-02,2027-01,TTF_M/Brent_M,year,2024,152,-0.06492873402524685,0.12056320917413361
2027-01_2027-02,2027-01,TTF_M/Brent_M,year,2025,154,0.4582043949562579,0.12010625538888577
2027-01_2027-02,2027-01,TTF_M/Brent_M,year,2026,89,0.6431686298750936,0.24578779678437507
2027-01_2027-02,2027-01,TTF_M/Brent_M,days_to_expiry,"(60, 90]",188,0.1872224048198635,0.257062454660755
2027-01_2027-02,2027-01,TTF_M/Brent_M,days_to_expiry,"(30, 60]",190,0.24151956998032847,0.2877233271147708
2027-01_2027-02,2027-01,TTF_M/Brent_M,days_to_expiry,"(0, 30]",187,0.2940359863698757,0.3819230134996216
2027-01_2027-02,2027-01,TTF_M/Brent_M,days_to_expiry,nan,48,0.1011019132851121,0.07329120472485248
2027-01_2027-02,2027-01,TTF_M/Brent_M,month_pair,Oct/Nov,52,-0.0612512257373328,0.09593607552199661
2027-01_2027-02,2027-01,TTF_M/Brent_M,month_pair,Nov/Dec,52,0.27360502359184125,0.07955880937654178
2027-01_2027-02,2027-01,TTF_M/Brent_M,month_pair,Dec/Jan,52,-0.21847805356752878,0.06810858997267147
2027-01_2027-02,2027-01,TTF_M/Brent_M,month_pair,Jan/Feb,52,0.018874931758831214,0.06287420998775402
2027-01_2027-02,2027-01,TTF_M/Brent_M,month_pair,Feb/Mar,49,-0.0671595596893493,0.07417145476117583
2027-01_2027-02,2027-01,TTF_M/Brent_M,month_pair,Mar/Apr,48,0.07358687080642162,0.07467631364359173
2027-01_2027-02,2027-01,TTF_M/Brent_M,month_pair,Apr/May,49,0.3980891248531265,0.10851133694898657
2027-01_2027-02,2027-01,TTF_M/Brent_M,month_pair,May/Jun,52,0.5067413745789958,0.1000574727484566
2027-01_2027-02,2027-01,TTF_M/Brent_M,month_pair,Jun/Jul,52,0.45003008386027205,0.09459358337968406
2027-01_2027-02,2027-01,TTF_M/Brent_M,month_pair,Jul/Aug,51,0.36378969619102214,0.08437349383071245
2027-01_2027-02,2027-01,TTF_M/Brent_M,month_pair,Aug/Sep,52,0.3398728457753957,0.07879185595188512
2027-01_2027-02,2027-01,TTF_M/Brent_M,month_pair,Sep/Oct,52,0.31413481073937727,0.07834680387654372
2027-01_2027-02,2027-01,TTF_M/Brent_M,pooled,all,613,0.23656844565076565,1.0
2027-01_2027-02,2027-01,HH_M/Brent_M,year,2022,65,0.2154469644571687,0.21945264982781204
2027-01_2027-02,2027-01,HH_M/Brent_M,year,2023,153,0.15128942230152362,0.19853059320506472
2027-01_2027-02,2027-01,HH_M/Brent_M,year,2024,152,-0.06033914361830416,0.19331356215780074
2027-01_2027-02,2027-01,HH_M/Brent_M,year,2025,154,0.25269520351346775,0.2030851840642793
2027-01_2027-02,2027-01,HH_M/Brent_M,year,2026,89,0.11085077320215332,0.18561801074504328
2027-01_2027-02,2027-01,HH_M/Brent_M,days_to_expiry,"(60, 90]",188,0.1563384712259146,0.24382219606961736
2027-01_2027-02,2027-01,HH_M/Brent_M,days_to_expiry,"(30, 60]",190,0.12421537141307123,0.28575360656307525
2027-01_2027-02,2027-01,HH_M/Brent_M,days_to_expiry,"(0, 30]",187,0.15106714738603924,0.36801888299264485
2027-01_2027-02,2027-01,HH_M/Brent_M,days_to_expiry,nan,48,0.10479773466202046,0.10240531437466267
2027-01_2027-02,2027-01,HH_M/Brent_M,month_pair,Oct/Nov,52,0.1819582265854866,0.07522400283732485
2027-01_2027-02,2027-01,HH_M/Brent_M,month_pair,Nov/Dec,52,0.06120016071821599,0.061089939808987734
2027-01_2027-02,2027-01,HH_M/Brent_M,month_pair,Dec/Jan,52,-0.003168480658932652,0.05759366038900455
2027-01_2027-02,2027-01,HH_M/Brent_M,month_pair,Jan/Feb,52,0.22963557848512173,0.10075023083873323
2027-01_2027-02,2027-01,HH_M/Brent_M,month_pair,Feb/Mar,49,0.33289419754285393,0.19182263279982734
2027-01_2027-02,2027-01,HH_M/Brent_M,month_pair,Mar/Apr,48,0.1168935359776885,0.09898109749291555
2027-01_2027-02,2027-01,HH_M/Brent_M,month_pair,Apr/May,49,0.1646094131839126,0.09522509551408267
2027-01_2027-02,2027-01,HH_M/Brent_M,month_pair,May/Jun,52,0.2176314693630423,0.08395973532765774
2027-01_2027-02,2027-01,HH_M/Brent_M,month_pair,Jun/Jul,52,0.13167464289975128,0.06635528378597629
2027-01_2027-02,2027-01,HH_M/Brent_M,month_pair,Jul/Aug,51,0.3003014782018638,0.06348804025026362
2027-01_2027-02,2027-01,HH_M/Brent_M,month_pair,Aug/Sep,52,-0.07306090929334397,0.05592348827101116
2027-01_2027-02,2027-01,HH_M/Brent_M,month_pair,Sep/Oct,52,0.01730297426121064,0.049586792684215356
2027-01_2027-02,2027-01,HH_M/Brent_M,pooled,all,613,0.14032050062888565,1.0
2027-02_2027-03,2027-02,TTF_M/TTF_M1,year,2022,93,0.9934839973067269,0.27686834187744563
2027-02_2027-03,2027-02,TTF_M/TTF_M1,year,2023,200,0.9832793448213769,0.29045346887885687
2027-02_2027-03,2027-02,TTF_M/TTF_M1,year,2024,200,0.9979006254146499,0.10916440222725743
2027-02_2027-03,2027-02,TTF_M/TTF_M1,year,2025,201,0.9987771358607692,0.09727681212790053
2027-02_2027-03,2027-02,TTF_M/TTF_M1,year,2026,108,0.9938071618217186,0.22623697488853955
2027-02_2027-03,2027-02,TTF_M/TTF_M1,days_to_expiry,"(90, 180]",182,0.9965958959188246,0.2500380393136874
2027-02_2027-03,2027-02,TTF_M/TTF_M1,days_to_expiry,"(60, 90]",195,0.9953435015713061,0.20071186819782277
2027-02_2027-03,2027-02,TTF_M/TTF_M1,days_to_expiry,"(30, 60]",190,0.9925496960334068,0.21409120226776776
2027-02_2027-03,2027-02,TTF_M/TTF_M1,days_to_expiry,"(0, 30]",187,0.9854042182959604,0.2825278144041758
2027-02_2027-03,2027-02,TTF_M/TTF_M1,days_to_expiry,nan,48,0.9859623630705328,0.0526310758165463
2027-02_2027-03,2027-02,TTF_M/TTF_M1,month_pair,Oct/Nov,68,0.9687571925273872,0.08932381996158752
2027-02_2027-03,2027-02,TTF_M/TTF_M1,month_pair,Nov/Dec,68,0.9824575128245948,0.07908527978091012
2027-02_2027-03,2027-02,TTF_M/TTF_M1,month_pair,Dec/Jan,68,0.9967941462875495,0.07035883068292365
2027-02_2027-03,2027-02,TTF_M/TTF_M1,month_pair,Jan/Feb,68,0.9977001099080456,0.08302928942074024
2027-02_2027-03,2027-02,TTF_M/TTF_M1,month_pair,Feb/Mar,67,0.9986869244832122,0.06865134105656238
2027-02_2027-03,2027-02,TTF_M/TTF_M1,month_pair,Mar/Apr,64,0.9864798159579568,0.07529481811797792
2027-02_2027-03,2027-02,TTF_M/TTF_M1,month_pair,Apr/May,64,0.9969449772865073,0.11213330393510937
2027-02_2027-03,2027-02,TTF_M/TTF_M1,month_pair,May/Jun,64,0.9990205790797075,0.0838862736040424
2027-02_2027-03,2027-02,TTF_M/TTF_M1,month_pair,Jun/Jul,68,0.9991024817704358,0.07814180960354596
2027-02_2027-03,2027-02,TTF_M/TTF_M1,month_pair,Jul/Aug,68,0.9989373647135461,0.1114274848617047
2027-02_2027-03,2027-02,TTF_M/TTF_M1,month_pair,Aug/Sep,67,0.9968963364285051,0.08280905548529748
2027-02_2027-03,2027-02,TTF_M/TTF_M1,month_pair,Sep/Oct,68,0.9846053772529777,0.06585869348959832
2027-02_2027-03,2027-02,TTF_M/TTF_M1,pooled,all,802,0.9915002475083093,1.0
2027-02_2027-03,2027-02,HH_M/HH_M1,year,2022,93,0.9906423810296815,0.2692704590948963
2027-02_2027-03,2027-02,HH_M/HH_M1,year,2023,200,0.982097298595648,0.20419927177195815
2027-02_2027-03,2027-02,HH_M/HH_M1,year,2024,200,0.9654633606170695,0.1870002211820085
2027-02_2027-03,2027-02,HH_M/HH_M1,year,2025,201,0.9871520647376254,0.20418078099156334
2027-02_2027-03,2027-02,HH_M/HH_M1,year,2026,108,0.9088409428716901,0.13534926695957367
2027-02_2027-03,2027-02,HH_M/HH_M1,days_to_expiry,"(90, 180]",182,0.9929140474294287,0.17736828814518268
2027-02_2027-03,2027-02,HH_M/HH_M1,days_to_expiry,"(60, 90]",195,0.9883725166023278,0.20562936003205015
2027-02_2027-03,2027-02,HH_M/HH_M1,days_to_expiry,"(30, 60]",190,0.9926838155555652,0.2438098649995114
2027-02_2027-03,2027-02,HH_M/HH_M1,days_to_expiry,"(0, 30]",187,0.9750325377393815,0.30481955973349517
2027-02_2027-03,2027-02,HH_M/HH_M1,days_to_expiry,nan,48,0.8054379212931686,0.06837292708976055
2027-02_2027-03,2027-02,HH_M/HH_M1,month_pair,Oct/Nov,68,0.9765169348792764,0.08644175551393078
2027-02_2027-03,2027-02,HH_M/HH_M1,month_pair,Nov/Dec,68,0.9771628109366666,0.06961124042211558
2027-02_2027-03,2027-02,HH_M/HH_M1,month_pair,Dec/Jan,68,0.9847461699516625,0.05118339164556519
2027-02_2027-03,2027-02,HH_M/HH_M1,month_pair,Jan/Feb,68,0.9885931943120526,0.10422819044432514
2027-02_2027-03,2027-02,HH_M/HH_M1,month_pair,Feb/Mar,67,0.9164324522121312,0.17789439023817222
2027-02_2027-03,2027-02,HH_M/HH_M1,month_pair,Mar/Apr,64,0.9776277218575559,0.10049354066937856
2027-02_2027-03,2027-02,HH_M/HH_M1,month_pair,Apr/May,64,0.9927861918738013,0.10695848997147854
2027-02_2027-03,2027-02,HH_M/HH_M1,month_pair,May/Jun,64,0.9919505569886735,0.08535909906347866
2027-02_2027-03,2027-02,HH_M/HH_M1,month_pair,Jun/Jul,68,0.9825541506758855,0.06325883885146616
2027-02_2027-03,2027-02,HH_M/HH_M1,month_pair,Jul/Aug,68,0.9925898080818143,0.05513566565318162
2027-02_2027-03,2027-02,HH_M/HH_M1,month_pair,Aug/Sep,67,0.9903322496041016,0.04931480743068444
2027-02_2027-03,2027-02,HH_M/HH_M1,month_pair,Sep/Oct,68,0.994960527844775,0.050120590096223154
2027-02_2027-03,2027-02,HH_M/HH_M1,pooled,all,802,0.9700589263028011,1.0
2027-02_2027-03,2027-02,Brent_M/Brent_M1,year,2022,93,0.9988524190755192,0.16918086976091612
2027-02_2027-03,2027-02,Brent_M/Brent_M1,year,2023,200,0.9993620094539059,0.2048307572033186
2027-02_2027-03,2027-02,Brent_M/Brent_M1,year,2024,200,0.9996639795511272,0.13764276009658194
2027-02_2027-03,2027-02,Brent_M/Brent_M1,year,2025,201,0.9994805264037238,0.21078887089489215
2027-02_2027-03,2027-02,Brent_M/Brent_M1,year,2026,108,0.9921317386626614,0.27755674204429115
2027-02_2027-03,2027-02,Brent_M/Brent_M1,days_to_expiry,"(90, 180]",182,0.9990587698166451,0.22380662157068823
2027-02_2027-03,2027-02,Brent_M/Brent_M1,days_to_expiry,"(60, 90]",195,0.9981173994201753,0.21200913301373733
2027-02_2027-03,2027-02,Brent_M/Brent_M1,days_to_expiry,"(30, 60]",190,0.9961065763127122,0.22676502672050847
2027-02_2027-03,2027-02,Brent_M/Brent_M1,days_to_expiry,"(0, 30]",187,0.9940436782836023,0.268643516285407
2027-02_2027-03,2027-02,Brent_M/Brent_M1,days_to_expiry,nan,48,0.9975875550096827,0.06877570240965887
2027-02_2027-03,2027-02,Brent_M/Brent_M1,month_pair,Oct/Nov,68,0.9986889503079077,0.07837971850145346
2027-02_2027-03,2027-02,Brent_M/Brent_M1,month_pair,Nov/Dec,68,0.9992940115129803,0.08602035894983645
2027-02_2027-03,2027-02,Brent_M/Brent_M1,month_pair,Dec/Jan,68,0.999196272005655,0.07383088007743252
2027-02_2027-03,2027-02,Brent_M/Brent_M1,month_pair,Jan/Feb,68,0.9991381367887798,0.0602964454999488
2027-02_2027-03,2027-02,Brent_M/Brent_M1,month_pair,Feb/Mar,67,0.9992623408978635,0.06293346062360164
2027-02_2027-03,2027-02,Brent_M/Brent_M1,month_pair,Mar/Apr,64,0.999035549660347,0.04418082707071816
2027-02_2027-03,2027-02,Brent_M/Brent_M1,month_pair,Apr/May,64,0.9948683394904377,0.10737712149985428
2027-02_2027-03,2027-02,Brent_M/Brent_M1,month_pair,May/Jun,64,0.9921120256762436,0.10193695477035149
2027-02_2027-03,2027-02,Brent_M/Brent_M1,month_pair,Jun/Jul,68,0.9948005667579434,0.09932556286289107
2027-02_2027-03,2027-02,Brent_M/Brent_M1,month_pair,Jul/Aug,68,0.9963099083347847,0.11754869594412831
2027-02_2027-03,2027-02,Brent_M/Brent_M1,month_pair,Aug/Sep,67,0.9965997013980862,0.08498581541566502
2027-02_2027-03,2027-02,Brent_M/Brent_M1,month_pair,Sep/Oct,68,0.9978374530364792,0.08318415878411868
2027-02_2027-03,2027-02,Brent_M/Brent_M1,pooled,all,802,0.9966096361439942,1.0
2027-02_2027-03,2027-02,TTF_M/HH_M,year,2022,93,0.2586628997008083,0.2651960763317331
2027-02_2027-03,2027-02,TTF_M/HH_M,year,2023,200,0.20011474441523955,0.2570092450427644
2027-02_2027-03,2027-02,TTF_M/HH_M,year,2024,200,0.3720544367412799,0.14634110831799363
2027-02_2027-03,2027-02,TTF_M/HH_M,year,2025,201,0.000872612629934063,0.1404386778638373
2027-02_2027-03,2027-02,TTF_M/HH_M,year,2026,108,0.3293464735630216,0.19101489244367156
2027-02_2027-03,2027-02,TTF_M/HH_M,days_to_expiry,"(90, 180]",182,0.14161274345938488,0.21162909870582383
2027-02_2027-03,2027-02,TTF_M/HH_M,days_to_expiry,"(60, 90]",195,0.23594936792863225,0.199822273234496
2027-02_2027-03,2027-02,TTF_M/HH_M,days_to_expiry,"(30, 60]",190,0.2622269035886683,0.22311006309101858
2027-02_2027-03,2027-02,TTF_M/HH_M,days_to_expiry,"(0, 30]",187,0.30790716490322334,0.29790949737611805
2027-02_2027-03,2027-02,TTF_M/HH_M,days_to_expiry,nan,48,0.24307791770244136,0.06752906759254355
2027-02_2027-03,2027-02,TTF_M/HH_M,month_pair,Oct/Nov,68,0.13784871146861338,0.09211220635720573
2027-02_2027-03,2027-02,TTF_M/HH_M,month_pair,Nov/Dec,68,0.13371394776767442,0.0774983226939793
2027-02_2027-03,2027-02,TTF_M/HH_M,month_pair,Dec/Jan,68,0.31014086545003894,0.06093830250711639
2027-02_2027-03,2027-02,TTF_M/HH_M,month_pair,Jan/Feb,68,0.20565450687227868,0.08692470052701033
2027-02_2027-03,2027-02,TTF_M/HH_M,month_pair,Feb/Mar,67,0.39686289833678773,0.12463787469558554
2027-02_2027-03,2027-02,TTF_M/HH_M,month_pair,Mar/Apr,64,0.409420149425249,0.0879957174473992
2027-02_2027-03,2027-02,TTF_M/HH_M,month_pair,Apr/May,64,0.4081966821103303,0.10545358283042748
2027-02_2027-03,2027-02,TTF_M/HH_M,month_pair,May/Jun,64,0.23404930668260818,0.08212802258170149
2027-02_2027-03,2027-02,TTF_M/HH_M,month_pair,Jun/Jul,68,0.13699629260315546,0.07088952980343387
2027-02_2027-03,2027-02,TTF_M/HH_M,month_pair,Jul/Aug,68,0.11580345166486772,0.08503446096225674
2027-02_2027-03,2027-02,TTF_M/HH_M,month_pair,Aug/Sep,67,0.19760881790371718,0.06684953364398806
2027-02_2027-03,2027-02,TTF_M/HH_M,month_pair,Sep/Oct,68,0.1783896352968405,0.05953774594989587
2027-02_2027-03,2027-02,TTF_M/HH_M,pooled,all,802,0.24370287587074388,1.0
2027-02_2027-03,2027-02,TTF_M/Brent_M,year,2022,93,-0.22963949039661125,0.25594626838504936
2027-02_2027-03,2027-02,TTF_M/Brent_M,year,2023,200,0.09054626032315677,0.283913910451686
2027-02_2027-03,2027-02,TTF_M/Brent_M,year,2024,200,-0.07543397851862811,0.11179909949672297
2027-02_2027-03,2027-02,TTF_M/Brent_M,year,2025,201,0.4983513088940213,0.1129689629286672
2027-02_2027-03,2027-02,TTF_M/Brent_M,year,2026,108,0.6213880677472996,0.23537175873787433
2027-02_2027-03,2027-02,TTF_M/Brent_M,days_to_expiry,"(90, 180]",182,0.13169062159491565,0.23970916606167958
2027-02_2027-03,2027-02,TTF_M/Brent_M,days_to_expiry,"(60, 90]",195,0.17237282164329326,0.19950477495020424
2027-02_2027-03,2027-02,TTF_M/Brent_M,days_to_expiry,"(30, 60]",190,0.24151956998032847,0.21718007348513205
2027-02_2027-03,2027-02,TTF_M/Brent_M,days_to_expiry,"(0, 30]",187,0.2940359863698757,0.28828412687033994
2027-02_2027-03,2027-02,TTF_M/Brent_M,days_to_expiry,nan,48,0.1011019132851121,0.055321858632643946
2027-02_2027-03,2027-02,TTF_M/Brent_M,month_pair,Oct/Nov,68,-0.04974338810618375,0.09485772710836787
2027-02_2027-03,2027-02,TTF_M/Brent_M,month_pair,Nov/Dec,68,0.014489250726151624,0.08358419312374074
2027-02_2027-03,2027-02,TTF_M/Brent_M,month_pair,Dec/Jan,68,-0.0912717394743136,0.07001612845212248
2027-02_2027-03,2027-02,TTF_M/Brent_M,month_pair,Jan/Feb,68,0.1321855151405397,0.0760821850054645
2027-02_2027-03,2027-02,TTF_M/Brent_M,month_pair,Feb/Mar,67,-0.015559918900914885,0.06603334363120222
2027-02_2027-03,2027-02,TTF_M/Brent_M,month_pair,Mar/Apr,64,-0.05608961792177698,0.0704639933453619
2027-02_2027-03,2027-02,TTF_M/Brent_M,month_pair,Apr/May,64,0.29153089973238383,0.10919223126279619
2027-02_2027-03,2027-02,TTF_M/Brent_M,month_pair,May/Jun,64,0.4837338407059628,0.08467188737552259
2027-02_2027-03,2027-02,TTF_M/Brent_M,month_pair,Jun/Jul,68,0.4033635626466782,0.07991002016746021
2027-02_2027-03,2027-02,TTF_M/Brent_M,month_pair,Jul/Aug,68,0.3915085022479408,0.1115531189105252
2027-02_2027-03,2027-02,TTF_M/Brent_M,month_pair,Aug/Sep,67,0.42424166544824904,0.08262776826300207
2027-02_2027-03,2027-02,TTF_M/Brent_M,month_pair,Sep/Oct,68,0.30787840452338283,0.0710074033544339
2027-02_2027-03,2027-02,TTF_M/Brent_M,pooled,all,802,0.2086876910681821,1.0
2027-02_2027-03,2027-02,HH_M/Brent_M,year,2022,93,0.2833682488814321,0.23535107799433397
2027-02_2027-03,2027-02,HH_M/Brent_M,year,2023,200,0.187823304730414,0.20088424902446822
2027-02_2027-03,2027-02,HH_M/Brent_M,year,2024,200,-0.026643295757738564,0.18344572835836934
2027-02_2027-03,2027-02,HH_M/Brent_M,year,2025,201,0.22283904887444017,0.20117149639955076
2027-02_2027-03,2027-02,HH_M/Brent_M,year,2026,108,0.13713048579168297,0.17914744822327772
2027-02_2027-03,2027-02,HH_M/Brent_M,days_to_expiry,"(90, 180]",182,0.30252845511580145,0.18037611398827613
2027-02_2027-03,2027-02,HH_M/Brent_M,days_to_expiry,"(60, 90]",195,0.1463190032498796,0.20396501224423152
2027-02_2027-03,2027-02,HH_M/Brent_M,days_to_expiry,"(30, 60]",190,0.12421537141307123,0.23265261513523433
2027-02_2027-03,2027-02,HH_M/Brent_M,days_to_expiry,"(0, 30]",187,0.15106714738603924,0.2996307083476385
2027-02_2027-03,2027-02,HH_M/Brent_M,days_to_expiry,nan,48,0.10479773466202046,0.08337555028461956
2027-02_2027-03,2027-02,HH_M/Brent_M,month_pair,Oct/Nov,68,0.29821917916660245,0.08248090581418155
2027-02_2027-03,2027-02,HH_M/Brent_M,month_pair,Nov/Dec,68,0.1946208014131211,0.07244252185874038
2027-02_2027-03,2027-02,HH_M/Brent_M,month_pair,Dec/Jan,68,0.06787155075358556,0.05424597581019376
2027-02_2027-03,2027-02,HH_M/Brent_M,month_pair,Jan/Feb,68,0.2300347043853725,0.08880005020410002
2027-02_2027-03,2027-02,HH_M/Brent_M,month_pair,Feb/Mar,67,0.27918787585599214,0.170502058376514
2027-02_2027-03,2027-02,HH_M/Brent_M,month_pair,Mar/Apr,64,0.08087493505153458,0.09118848193652054
2027-02_2027-03,2027-02,HH_M/Brent_M,month_pair,Apr/May,64,0.20998806322327848,0.10216506217149515
2027-02_2027-03,2027-02,HH_M/Brent_M,month_pair,May/Jun,64,0.20677431840779437,0.08847113180768755
2027-02_2027-03,2027-02,HH_M/Brent_M,month_pair,Jun/Jul,68,0.16185983123487313,0.07250931338417475
2027-02_2027-03,2027-02,HH_M/Brent_M,month_pair,Jul/Aug,68,0.2758908980620181,0.06621782329104534
2027-02_2027-03,2027-02,HH_M/Brent_M,month_pair,Aug/Sep,67,-0.03133537105959669,0.05515310269686187
2027-02_2027-03,2027-02,HH_M/Brent_M,month_pair,Sep/Oct,68,0.04584388132880922,0.055823572648485115
2027-02_2027-03,2027-02,HH_M/Brent_M,pooled,all,802,0.16924788834590831,1.0
2027-03_2027-04,2027-03,TTF_M/TTF_M1,year,2022,124,0.9947364018193082,0.2937996593195666
2027-03_2027-04,2027-03,TTF_M/TTF_M1,year,2023,247,0.984806522533964,0.2814287451965231
2027-03_2027-04,2027-03,TTF_M/TTF_M1,year,2024,244,0.9980542588284846,0.10984506141740247
2027-03_2027-04,2027-03,TTF_M/TTF_M1,year,2025,247,0.9988400166503891,0.09780901293888378
2027-03_2027-04,2027-03,TTF_M/TTF_M1,year,2026,123,0.9944254721607128,0.21711752112762397
2027-03_2027-04,2027-03,TTF_M/TTF_M1,days_to_expiry,"(90, 180]",365,0.9973374540901814,0.37800596002747056
2027-03_2027-04,2027-03,TTF_M/TTF_M1,days_to_expiry,"(60, 90]",195,0.9953435015713061,0.1664638905905992
2027-03_2027-04,2027-03,TTF_M/TTF_M1,days_to_expiry,"(30, 60]",190,0.9925496960334068,0.17756027478946126
2027-03_2027-04,2027-03,TTF_M/TTF_M1,days_to_expiry,"(0, 30]",187,0.9854042182959604,0.23431937337867903
2027-03_2027-04,2027-03,TTF_M/TTF_M1,days_to_expiry,nan,48,0.9859623630705328,0.043650501213789876
2027-03_2027-04,2027-03,TTF_M/TTF_M1,month_pair,Oct/Nov,84,0.9711338746394323,0.08245014298274662
2027-03_2027-04,2027-03,TTF_M/TTF_M1,month_pair,Nov/Dec,84,0.986205170185393,0.0880844661736132
2027-03_2027-04,2027-03,TTF_M/TTF_M1,month_pair,Dec/Jan,84,0.9973293472357244,0.07879781370626315
2027-03_2027-04,2027-03,TTF_M/TTF_M1,month_pair,Jan/Feb,84,0.998185436843854,0.0894580919859869
2027-03_2027-04,2027-03,TTF_M/TTF_M1,month_pair,Feb/Mar,80,0.9986133251730716,0.06145103539798925
2027-03_2027-04,2027-03,TTF_M/TTF_M1,month_pair,Mar/Apr,80,0.9874588214153589,0.06833735266553093
2027-03_2027-04,2027-03,TTF_M/TTF_M1,month_pair,Apr/May,80,0.9971525709519828,0.10100419631802264
2027-03_2027-04,2027-03,TTF_M/TTF_M1,month_pair,May/Jun,80,0.9991826790855978,0.08714112174526291
2027-03_2027-04,2027-03,TTF_M/TTF_M1,month_pair,Jun/Jul,80,0.999140270951505,0.07252264077593218
2027-03_2027-04,2027-03,TTF_M/TTF_M1,month_pair,Jul/Aug,83,0.9989431442643577,0.09935347564448284
2027-03_2027-04,2027-03,TTF_M/TTF_M1,month_pair,Aug/Sep,83,0.9976150427824907,0.10271383271466812
2027-03_2027-04,2027-03,TTF_M/TTF_M1,month_pair,Sep/Oct,83,0.986700795234084,0.06868582988950109
2027-03_2027-04,2027-03,TTF_M/TTF_M1,pooled,all,985,0.9926042362834651,1.0
2027-03_2027-04,2027-03,HH_M/HH_M1,year,2022,124,0.9913969180614564,0.2843415631807465
2027-03_2027-04,2027-03,HH_M/HH_M1,year,2023,247,0.9833850544107198,0.2003260517560329
2027-03_2027-04,2027-03,HH_M/HH_M1,year,2024,244,0.967771795780304,0.180527543792954
2027-03_2027-04,2027-03,HH_M/HH_M1,year,2025,247,0.9882672972887853,0.20478039544283802
2027-03_2027-04,2027-03,HH_M/HH_M1,year,2026,123,0.9161458781969695,0.13002444582742853
2027-03_2027-04,2027-03,HH_M/HH_M1,days_to_expiry,"(90, 180]",365,0.993440448167429,0.2827251815405097
2027-03_2027-04,2027-03,HH_M/HH_M1,days_to_expiry,"(60, 90]",195,0.9883725166023278,0.17929379546330973
2027-03_2027-04,2027-03,HH_M/HH_M1,days_to_expiry,"(30, 60]",190,0.9926838155555652,0.212584409445938
2027-03_2027-04,2027-03,HH_M/HH_M1,days_to_expiry,"(0, 30]",187,0.9750325377393815,0.26578041086912446
2027-03_2027-04,2027-03,HH_M/HH_M1,days_to_expiry,nan,48,0.8054379212931686,0.05961620268111814
2027-03_2027-04,2027-03,HH_M/HH_M1,month_pair,Oct/Nov,84,0.9802286261499713,0.09723508440714415
2027-03_2027-04,2027-03,HH_M/HH_M1,month_pair,Nov/Dec,84,0.980255327382453,0.07556543638380649
2027-03_2027-04,2027-03,HH_M/HH_M1,month_pair,Dec/Jan,84,0.9866480651713349,0.053693571080611104
2027-03_2027-04,2027-03,HH_M/HH_M1,month_pair,Jan/Feb,84,0.9888640142852153,0.09501422775261974
2027-03_2027-04,2027-03,HH_M/HH_M1,month_pair,Feb/Mar,80,0.9161922923666752,0.15843227842401572
2027-03_2027-04,2027-03,HH_M/HH_M1,month_pair,Mar/Apr,80,0.9785506665018915,0.09735488285066317
2027-03_2027-04,2027-03,HH_M/HH_M1,month_pair,Apr/May,80,0.9931033470840829,0.09883176236692257
2027-03_2027-04,2027-03,HH_M/HH_M1,month_pair,May/Jun,80,0.992688849223198,0.08941173809298952
2027-03_2027-04,2027-03,HH_M/HH_M1,month_pair,Jun/Jul,80,0.9855519633571828,0.0679891111287597
2027-03_2027-04,2027-03,HH_M/HH_M1,month_pair,Jul/Aug,83,0.9937260572244806,0.05962795290733795
2027-03_2027-04,2027-03,HH_M/HH_M1,month_pair,Aug/Sep,83,0.9918507393759882,0.054876622362608186
2027-03_2027-04,2027-03,HH_M/HH_M1,month_pair,Sep/Oct,83,0.9952694347165708,0.0519673322425217
2027-03_2027-04,2027-03,HH_M/HH_M1,pooled,all,985,0.9729513948646221,1.0
2027-03_2027-04,2027-03,Brent_M/Brent_M1,year,2022,124,0.9990302033056367,0.18827466046165617
2027-03_2027-04,2027-03,Brent_M/Brent_M1,year,2023,247,0.9994365704491285,0.21017812531668278
2027-03_2027-04,2027-03,Brent_M/Brent_M1,year,2024,244,0.9996864444998497,0.13452493504079788
2027-03_2027-04,2027-03,Brent_M/Brent_M1,year,2025,247,0.999503556213579,0.20832780332958625
2027-03_2027-04,2027-03,Brent_M/Brent_M1,year,2026,123,0.9924488224376399,0.2586944758512769
2027-03_2027-04,2027-03,Brent_M/Brent_M1,days_to_expiry,"(90, 180]",365,0.9992228837156878,0.34536071952717345
2027-03_2027-04,2027-03,Brent_M/Brent_M1,days_to_expiry,"(60, 90]",195,0.9981173994201753,0.17880789780844594
2027-03_2027-04,2027-03,Brent_M/Brent_M1,days_to_expiry,"(30, 60]",190,0.9961065763127122,0.1912529764542874
2027-03_2027-04,2027-03,Brent_M/Brent_M1,days_to_expiry,"(0, 30]",187,0.9940436782836023,0.22657317505161503
2027-03_2027-04,2027-03,Brent_M/Brent_M1,days_to_expiry,nan,48,0.9975875550096827,0.05800523115847814
2027-03_2027-04,2027-03,Brent_M/Brent_M1,month_pair,Oct/Nov,84,0.998829340252147,0.07850727951296319
2027-03_2027-04,2027-03,Brent_M/Brent_M1,month_pair,Nov/Dec,84,0.9992634107573507,0.08609995569654032
2027-03_2027-04,2027-03,Brent_M/Brent_M1,month_pair,Dec/Jan,84,0.9992613010677798,0.07364797882747023
2027-03_2027-04,2027-03,Brent_M/Brent_M1,month_pair,Jan/Feb,84,0.9992375777468334,0.06131793497233303
2027-03_2027-04,2027-03,Brent_M/Brent_M1,month_pair,Feb/Mar,80,0.999302816994414,0.06125229468537136
2027-03_2027-04,2027-03,Brent_M/Brent_M1,month_pair,Mar/Apr,80,0.9992351122918924,0.055281069415159034
2027-03_2027-04,2027-03,Brent_M/Brent_M1,month_pair,Apr/May,80,0.9951429567722344,0.09628328554437013
2027-03_2027-04,2027-03,Brent_M/Brent_M1,month_pair,May/Jun,80,0.9933098357605561,0.10430171604991488
2027-03_2027-04,2027-03,Brent_M/Brent_M1,month_pair,Jun/Jul,80,0.9949621932290993,0.088582959768201
2027-03_2027-04,2027-03,Brent_M/Brent_M1,month_pair,Jul/Aug,83,0.9964599390424624,0.10557074435268432
2027-03_2027-04,2027-03,Brent_M/Brent_M1,month_pair,Aug/Sep,83,0.9972737443401999,0.09949537882325216
2027-03_2027-04,2027-03,Brent_M/Brent_M1,month_pair,Sep/Oct,83,0.9980174713094355,0.08965940235174039
2027-03_2027-04,2027-03,Brent_M/Brent_M1,pooled,all,985,0.9970042453378001,1.0
2027-03_2027-04,2027-03,TTF_M/HH_M,year,2022,124,0.20620801524505913,0.2813582375355869
2027-03_2027-04,2027-03,TTF_M/HH_M,year,2023,247,0.16861010082300684,0.25103574463862827
2027-03_2027-04,2027-03,TTF_M/HH_M,year,2024,244,0.3570018556655788,0.14284511240414277
2027-03_2027-04,2027-03,TTF_M/HH_M,year,2025,247,0.046694844594076634,0.14024257872919654
2027-03_2027-04,2027-03,TTF_M/HH_M,year,2026,123,0.3274436533620609,0.18451832669244558
2027-03_2027-04,2027-03,TTF_M/HH_M,days_to_expiry,"(90, 180]",365,0.12309394756072323,0.32845773077245516
2027-03_2027-04,2027-03,TTF_M/HH_M,days_to_expiry,"(60, 90]",195,0.23594936792863225,0.17021062369224615
2027-03_2027-04,2027-03,TTF_M/HH_M,days_to_expiry,"(30, 60]",190,0.2622269035886683,0.1900473974999439
2027-03_2027-04,2027-03,TTF_M/HH_M,days_to_expiry,"(0, 30]",187,0.30790716490322334,0.25376230853267484
2027-03_2027-04,2027-03,TTF_M/HH_M,days_to_expiry,nan,48,0.24307791770244136,0.05752193950268007
2027-03_2027-04,2027-03,TTF_M/HH_M,month_pair,Oct/Nov,84,0.11582680655743344,0.09255490883871603
2027-03_2027-04,2027-03,TTF_M/HH_M,month_pair,Nov/Dec,84,0.027956307722599973,0.08488032102595067
2027-03_2027-04,2027-03,TTF_M/HH_M,month_pair,Dec/Jan,84,0.21122654363363497,0.06669444464121006
2027-03_2027-04,2027-03,TTF_M/HH_M,month_pair,Jan/Feb,84,0.229254694925841,0.0869342132721202
2027-03_2027-04,2027-03,TTF_M/HH_M,month_pair,Feb/Mar,80,0.3915692992961313,0.10998942199847551
2027-03_2027-04,2027-03,TTF_M/HH_M,month_pair,Mar/Apr,80,0.37856385692396033,0.08290770056343623
2027-03_2027-04,2027-03,TTF_M/HH_M,month_pair,Apr/May,80,0.4164314729686232,0.09658468323059048
2027-03_2027-04,2027-03,TTF_M/HH_M,month_pair,May/Jun,80,0.2601594292376022,0.08571583034780073
2027-03_2027-04,2027-03,TTF_M/HH_M,month_pair,Jun/Jul,80,0.16472829347440693,0.07030129372088166
2027-03_2027-04,2027-03,TTF_M/HH_M,month_pair,Jul/Aug,83,0.0761491269365546,0.08085250216294053
2027-03_2027-04,2027-03,TTF_M/HH_M,month_pair,Aug/Sep,83,0.15149688883360726,0.08086833828708127
2027-03_2027-04,2027-03,TTF_M/HH_M,month_pair,Sep/Oct,83,0.21561356091624873,0.06171634191079667
2027-03_2027-04,2027-03,TTF_M/HH_M,pooled,all,985,0.22284681234825104,1.0
2027-03_2027-04,2027-03,TTF_M/Brent_M,year,2022,124,-0.24877258858719506,0.2729242186824137
2027-03_2027-04,2027-03,TTF_M/Brent_M,year,2023,247,0.08095695761715485,0.2766701212856667
2027-03_2027-04,2027-03,TTF_M/Brent_M,year,2024,244,-0.0828069591383222,0.11216380692200865
2027-03_2027-04,2027-03,TTF_M/Brent_M,year,2025,247,0.4967124292151875,0.11329721052126919
2027-03_2027-04,2027-03,TTF_M/Brent_M,year,2026,123,0.6258971306897496,0.22494464258864177
2027-03_2027-04,2027-03,TTF_M/Brent_M,days_to_expiry,"(90, 180]",365,0.1064159896842113,0.3649365453405062
2027-03_2027-04,2027-03,TTF_M/Brent_M,days_to_expiry,"(60, 90]",195,0.17237282164329326,0.1666443760010135
2027-03_2027-04,2027-03,TTF_M/Brent_M,days_to_expiry,"(30, 60]",190,0.24151956998032847,0.18140837899653006
2027-03_2027-04,2027-03,TTF_M/Brent_M,days_to_expiry,"(0, 30]",187,0.2940359863698757,0.2408008953434607
2027-03_2027-04,2027-03,TTF_M/Brent_M,days_to_expiry,nan,48,0.1011019132851121,0.04620980431848954
2027-03_2027-04,2027-03,TTF_M/Brent_M,month_pair,Oct/Nov,84,-0.045330655336154664,0.0886373577509431
2027-03_2027-04,2027-03,TTF_M/Brent_M,month_pair,Nov/Dec,84,0.0073415444536528715,0.09072501830121245
2027-03_2027-04,2027-03,TTF_M/Brent_M,month_pair,Dec/Jan,84,-0.15559363413763277,0.07656403808116886
2027-03_2027-04,2027-03,TTF_M/Brent_M,month_pair,Jan/Feb,84,0.142634399548536,0.08168355799685058
2027-03_2027-04,2027-03,TTF_M/Brent_M,month_pair,Feb/Mar,80,-0.04581768537582891,0.06010618171494864
2027-03_2027-04,2027-03,TTF_M/Brent_M,month_pair,Mar/Apr,80,-0.0991811157255262,0.06671985145585192
2027-03_2027-04,2027-03,TTF_M/Brent_M,month_pair,Apr/May,80,0.2516648568879395,0.098689936680346
2027-03_2027-04,2027-03,TTF_M/Brent_M,month_pair,May/Jun,80,0.373769129329732,0.08776309707694833
2027-03_2027-04,2027-03,TTF_M/Brent_M,month_pair,Jun/Jul,80,0.35839027926490413,0.07376584558794909
2027-03_2027-04,2027-03,TTF_M/Brent_M,month_pair,Jul/Aug,83,0.3625850672219998,0.09975655803599771
2027-03_2027-04,2027-03,TTF_M/Brent_M,month_pair,Aug/Sep,83,0.46021532728016556,0.10178945315542565
2027-03_2027-04,2027-03,TTF_M/Brent_M,month_pair,Sep/Oct,83,0.37681673883255334,0.07379910416235774
2027-03_2027-04,2027-03,TTF_M/Brent_M,pooled,all,985,0.18717972399277777,1.0
2027-03_2027-04,2027-03,HH_M/Brent_M,year,2022,124,0.3172871426262016,0.25090339575085496
2027-03_2027-04,2027-03,HH_M/Brent_M,year,2023,247,0.19158350701277907,0.19939721829777873
2027-03_2027-04,2027-03,HH_M/Brent_M,year,2024,244,-0.021970469315656865,0.17705793137101022
2027-03_2027-04,2027-03,HH_M/Brent_M,year,2025,247,0.21323653474185109,0.20191451417526937
2027-03_2027-04,2027-03,HH_M/Brent_M,year,2026,123,0.14704855601238137,0.17072694040508674
2027-03_2027-04,2027-03,HH_M/Brent_M,days_to_expiry,"(90, 180]",365,0.28105698123156825,0.2863734808241043
2027-03_2027-04,2027-03,HH_M/Brent_M,days_to_expiry,"(60, 90]",195,0.1463190032498796,0.17758735952631557
2027-03_2027-04,2027-03,HH_M/Brent_M,days_to_expiry,"(30, 60]",190,0.12421537141307123,0.20256495540169234
2027-03_2027-04,2027-03,HH_M/Brent_M,days_to_expiry,"(0, 30]",187,0.15106714738603924,0.260881146932893
2027-03_2027-04,2027-03,HH_M/Brent_M,days_to_expiry,nan,48,0.10479773466202046,0.07259305731499491
2027-03_2027-04,2027-03,HH_M/Brent_M,month_pair,Oct/Nov,84,0.2952878950413182,0.09105167282042156
2027-03_2027-04,2027-03,HH_M/Brent_M,month_pair,Nov/Dec,84,0.24347154965018647,0.0770341075384334
2027-03_2027-04,2027-03,HH_M/Brent_M,month_pair,Dec/Jan,84,0.10593962868318353,0.05624529163392274
2027-03_2027-04,2027-03,HH_M/Brent_M,month_pair,Jan/Feb,84,0.23620860687278714,0.08241935531831142
2027-03_2027-04,2027-03,HH_M/Brent_M,month_pair,Feb/Mar,80,0.2789341674868897,0.15253473497009706
2027-03_2027-04,2027-03,HH_M/Brent_M,month_pair,Mar/Apr,80,0.0792779958287118,0.09136050599698403
2027-03_2027-04,2027-03,HH_M/Brent_M,month_pair,Apr/May,80,0.1784563334303657,0.09430420484414236
2027-03_2027-04,2027-03,HH_M/Brent_M,month_pair,May/Jun,80,0.2532543134422421,0.09206617637710986
2027-03_2027-04,2027-03,HH_M/Brent_M,month_pair,Jun/Jul,80,0.1498108037936945,0.07457753834741582
2027-03_2027-04,2027-03,HH_M/Brent_M,month_pair,Jul/Aug,83,0.25331196980652004,0.06750849891870327
2027-03_2027-04,2027-03,HH_M/Brent_M,month_pair,Aug/Sep,83,0.058228833451773564,0.06230602068827956
2027-03_2027-04,2027-03,HH_M/Brent_M,month_pair,Sep/Oct,83,0.05672591019564627,0.05859189254617896
2027-03_2027-04,2027-03,HH_M/Brent_M,pooled,all,985,0.1808254732726673,1.0
2027-04_2027-05,2027-04,TTF_M/TTF_M1,year,2022,164,0.9945762225834066,0.32530568209735755
2027-04_2027-05,2027-04,TTF_M/TTF_M1,year,2023,300,0.9858308228304307,0.26626677299655505
2027-04_2027-05,2027-04,TTF_M/TTF_M1,year,2024,300,0.9981828357324392,0.1046699258721383
2027-04_2027-05,2027-04,TTF_M/TTF_M1,year,2025,301,0.998788899159447,0.10224471779663896
2027-04_2027-05,2027-04,TTF_M/TTF_M1,year,2026,135,0.9950183578603626,0.20151290123731005
2027-04_2027-05,2027-04,TTF_M/TTF_M1,days_to_expiry,"(90, 180]",580,0.9969817427912708,0.49324030767137217
2027-04_2027-05,2027-04,TTF_M/TTF_M1,days_to_expiry,"(60, 90]",195,0.9953435015713061,0.1356237914807738
2027-04_2027-05,2027-04,TTF_M/TTF_M1,days_to_expiry,"(30, 60]",190,0.9925496960334068,0.14466439296760464
2027-04_2027-05,2027-04,TTF_M/TTF_M1,days_to_expiry,"(0, 30]",187,0.9854042182959604,0.19090796041270844
2027-04_2027-05,2027-04,TTF_M/TTF_M1,days_to_expiry,nan,48,0.9859623630705328,0.035563547467540854
2027-04_2027-05,2027-04,TTF_M/TTF_M1,month_pair,Oct/Nov,100,0.971759449845378,0.07342908336717063
2027-04_2027-05,2027-04,TTF_M/TTF_M1,month_pair,Nov/Dec,101,0.9869973674610687,0.07992184816378387
2027-04_2027-05,2027-04,TTF_M/TTF_M1,month_pair,Dec/Jan,100,0.9978455821498385,0.082755824515984
2027-04_2027-05,2027-04,TTF_M/TTF_M1,month_pair,Jan/Feb,101,0.9983782901501007,0.08258604369254326
2027-04_2027-05,2027-04,TTF_M/TTF_M1,month_pair,Feb/Mar,100,0.9986102441439687,0.0902331167395993
2027-04_2027-05,2027-04,TTF_M/TTF_M1,month_pair,Mar/Apr,100,0.9835159483300323,0.07058729176777913
2027-04_2027-05,2027-04,TTF_M/TTF_M1,month_pair,Apr/May,100,0.9972947712147411,0.09385318818932761
2027-04_2027-05,2027-04,TTF_M/TTF_M1,month_pair,May/Jun,100,0.9991321172313661,0.07826202724481511
2027-04_2027-05,2027-04,TTF_M/TTF_M1,month_pair,Jun/Jul,99,0.9992994978003222,0.07774101246548817
2027-04_2027-05,2027-04,TTF_M/TTF_M1,month_pair,Jul/Aug,99,0.9990105658435015,0.09201168659112223
2027-04_2027-05,2027-04,TTF_M/TTF_M1,month_pair,Aug/Sep,100,0.9977909816751971,0.09377102354019214
2027-04_2027-05,2027-04,TTF_M/TTF_M1,month_pair,Sep/Oct,100,0.990591017210371,0.08484785372219449
2027-04_2027-05,2027-04,TTF_M/TTF_M1,pooled,all,1200,0.9931739818358116,1.0
2027-04_2027-05,2027-04,HH_M/HH_M1,year,2022,164,0.9920780122827888,0.2959035917795158
2027-04_2027-05,2027-04,HH_M/HH_M1,year,2023,300,0.9841263884433373,0.19821389291406108
2027-04_2027-05,2027-04,HH_M/HH_M1,year,2024,300,0.9697893079615253,0.17894593569334444
2027-04_2027-05,2027-04,HH_M/HH_M1,year,2025,301,0.9888665386188598,0.2000919735459366
2027-04_2027-05,2027-04,HH_M/HH_M1,year,2026,135,0.9210269757870316,0.1268446060671421
2027-04_2027-05,2027-04,HH_M/HH_M1,days_to_expiry,"(90, 180]",580,0.9938692269113394,0.3547684799071036
2027-04_2027-05,2027-04,HH_M/HH_M1,days_to_expiry,"(60, 90]",195,0.9883725166023278,0.16128547275433147
2027-04_2027-05,2027-04,HH_M/HH_M1,days_to_expiry,"(30, 60]",190,0.9926838155555652,0.19123236746195632
2027-04_2027-05,2027-04,HH_M/HH_M1,days_to_expiry,"(0, 30]",187,0.9750325377393815,0.2390853465123912
2027-04_2027-05,2027-04,HH_M/HH_M1,days_to_expiry,nan,48,0.8054379212931686,0.0536283333642174
2027-04_2027-05,2027-04,HH_M/HH_M1,month_pair,Oct/Nov,100,0.981125406538989,0.09628646411750437
2027-04_2027-05,2027-04,HH_M/HH_M1,month_pair,Nov/Dec,101,0.980622835336818,0.07389200275778716
2027-04_2027-05,2027-04,HH_M/HH_M1,month_pair,Dec/Jan,100,0.9889797754058475,0.061955719333017883
2027-04_2027-05,2027-04,HH_M/HH_M1,month_pair,Jan/Feb,101,0.9900550953883678,0.09587919933980793
2027-04_2027-05,2027-04,HH_M/HH_M1,month_pair,Feb/Mar,100,0.9162686269568096,0.1459936292371616
2027-04_2027-05,2027-04,HH_M/HH_M1,month_pair,Mar/Apr,100,0.9783184002690128,0.09301218088080145
2027-04_2027-05,2027-04,HH_M/HH_M1,month_pair,Apr/May,100,0.9934446427723199,0.0947768131209828
2027-04_2027-05,2027-04,HH_M/HH_M1,month_pair,May/Jun,100,0.9931779617071632,0.08578679864626473
2027-04_2027-05,2027-04,HH_M/HH_M1,month_pair,Jun/Jul,99,0.9867004359123837,0.07517623122271867
2027-04_2027-05,2027-04,HH_M/HH_M1,month_pair,Jul/Aug,99,0.9949120355816775,0.06893475334944241
2027-04_2027-05,2027-04,HH_M/HH_M1,month_pair,Aug/Sep,100,0.9927955358078584,0.05732210171181624
2027-04_2027-05,2027-04,HH_M/HH_M1,month_pair,Sep/Oct,100,0.9954435777537081,0.05098410628269473
2027-04_2027-05,2027-04,HH_M/HH_M1,pooled,all,1200,0.9749909816793952,1.0
2027-04_2027-05,2027-04,Brent_M/Brent_M1,year,2022,164,0.9990959311541904,0.1983029981711981
2027-04_2027-05,2027-04,Brent_M/Brent_M1,year,2023,300,0.9994917553008903,0.21399884861883856
2027-04_2027-05,2027-04,Brent_M/Brent_M1,year,2024,300,0.9997182440541241,0.14045443780658845
2027-04_2027-05,2027-04,Brent_M/Brent_M1,year,2025,301,0.9995381665257833,0.2099063082035949
2027-04_2027-05,2027-04,Brent_M/Brent_M1,year,2026,135,0.9925840621586672,0.23733740719977997
2027-04_2027-05,2027-04,Brent_M/Brent_M1,days_to_expiry,"(90, 180]",580,0.9993255642036166,0.42905716159505075
2027-04_2027-05,2027-04,Brent_M/Brent_M1,days_to_expiry,"(60, 90]",195,0.9981173994201753,0.15594708681434502
2027-04_2027-05,2027-04,Brent_M/Brent_M1,days_to_expiry,"(30, 60]",190,0.9961065763127122,0.16680104675560842
2027-04_2027-05,2027-04,Brent_M/Brent_M1,days_to_expiry,"(0, 30]",187,0.9940436782836023,0.1976055142565802
2027-04_2027-05,2027-04,Brent_M/Brent_M1,days_to_expiry,nan,48,0.9975875550096827,0.05058919057841564
2027-04_2027-05,2027-04,Brent_M/Brent_M1,month_pair,Oct/Nov,100,0.9988756207015784,0.08262109674706113
2027-04_2027-05,2027-04,Brent_M/Brent_M1,month_pair,Nov/Dec,101,0.9992955777983392,0.08060726308972797
2027-04_2027-05,2027-04,Brent_M/Brent_M1,month_pair,Dec/Jan,100,0.9993836336085847,0.08134326940143666
2027-04_2027-05,2027-04,Brent_M/Brent_M1,month_pair,Jan/Feb,101,0.9993209274389163,0.06262294595878083
2027-04_2027-05,2027-04,Brent_M/Brent_M1,month_pair,Feb/Mar,100,0.9993997038342686,0.06504778381441044
2027-04_2027-05,2027-04,Brent_M/Brent_M1,month_pair,Mar/Apr,100,0.9993170759797948,0.05752435899947557
2027-04_2027-05,2027-04,Brent_M/Brent_M1,month_pair,Apr/May,100,0.9955741301613429,0.09505527272168957
2027-04_2027-05,2027-04,Brent_M/Brent_M1,month_pair,May/Jun,100,0.9935427633506454,0.09517700648504554
2027-04_2027-05,2027-04,Brent_M/Brent_M1,month_pair,Jun/Jul,99,0.9953642591171666,0.08762345043655625
2027-04_2027-05,2027-04,Brent_M/Brent_M1,month_pair,Jul/Aug,99,0.9966493570978896,0.09874115804865043
2027-04_2027-05,2027-04,Brent_M/Brent_M1,month_pair,Aug/Sep,100,0.9974274081165913,0.09421944462031036
2027-04_2027-05,2027-04,Brent_M/Brent_M1,month_pair,Sep/Oct,100,0.9981935442400839,0.09941694967685522
2027-04_2027-05,2027-04,Brent_M/Brent_M1,pooled,all,1200,0.9972995205274524,1.0
2027-04_2027-05,2027-04,TTF_M/HH_M,year,2022,164,0.19070871534177694,0.30412767932952445
2027-04_2027-05,2027-04,TTF_M/HH_M,year,2023,300,0.17865638425715183,0.2430246441654328
2027-04_2027-05,2027-04,TTF_M/HH_M,year,2024,300,0.3548867442369394,0.13768735780047056
2027-04_2027-05,2027-04,TTF_M/HH_M,year,2025,301,0.04167993108936824,0.13931413700535594
2027-04_2027-05,2027-04,TTF_M/HH_M,year,2026,135,0.3216350301100559,0.1758461816992164
2027-04_2027-05,2027-04,TTF_M/HH_M,days_to_expiry,"(90, 180]",580,0.14126649049649503,0.42573361264708454
2027-04_2027-05,2027-04,TTF_M/HH_M,days_to_expiry,"(60, 90]",195,0.23594936792863225,0.14555485847416183
2027-04_2027-05,2027-04,TTF_M/HH_M,days_to_expiry,"(30, 60]",190,0.2622269035886683,0.16251818744582422
2027-04_2027-05,2027-04,TTF_M/HH_M,days_to_expiry,"(0, 30]",187,0.30790716490322334,0.21700371048127873
2027-04_2027-05,2027-04,TTF_M/HH_M,days_to_expiry,nan,48,0.24307791770244136,0.049189630951650784
2027-04_2027-05,2027-04,TTF_M/HH_M,month_pair,Oct/Nov,100,0.09801796851996897,0.08632462986499913
2027-04_2027-05,2027-04,TTF_M/HH_M,month_pair,Nov/Dec,101,0.050648080085951334,0.07988563813676286
2027-04_2027-05,2027-04,TTF_M/HH_M,month_pair,Dec/Jan,100,0.09929560780242318,0.07308194456580222
2027-04_2027-05,2027-04,TTF_M/HH_M,month_pair,Jan/Feb,101,0.2234630241012488,0.0839075357576151
2027-04_2027-05,2027-04,TTF_M/HH_M,month_pair,Feb/Mar,100,0.3321785582856418,0.1177696272412555
2027-04_2027-05,2027-04,TTF_M/HH_M,month_pair,Mar/Apr,100,0.334139506076031,0.0807680686052188
2027-04_2027-05,2027-04,TTF_M/HH_M,month_pair,Apr/May,100,0.3972698369402378,0.09190334638565983
2027-04_2027-05,2027-04,TTF_M/HH_M,month_pair,May/Jun,100,0.2789621514305968,0.0796920023897786
2027-04_2027-05,2027-04,TTF_M/HH_M,month_pair,Jun/Jul,99,0.23862317531516003,0.076227223546815
2027-04_2027-05,2027-04,TTF_M/HH_M,month_pair,Jul/Aug,99,0.11041055070869697,0.08135636512720157
2027-04_2027-05,2027-04,TTF_M/HH_M,month_pair,Aug/Sep,100,0.1257473628347102,0.07790542560608295
2027-04_2027-05,2027-04,TTF_M/HH_M,month_pair,Sep/Oct,100,0.2285601373711856,0.07117819277280847
2027-04_2027-05,2027-04,TTF_M/HH_M,pooled,all,1200,0.2160477807526174,1.0
2027-04_2027-05,2027-04,TTF_M/Brent_M,year,2022,164,-0.18680204978356513,0.3002907854136059
2027-04_2027-05,2027-04,TTF_M/Brent_M,year,2023,300,0.07653406941417219,0.2646197501978644
2027-04_2027-05,2027-04,TTF_M/Brent_M,year,2024,300,-0.05033406924192401,0.10925294087630003
2027-04_2027-05,2027-04,TTF_M/Brent_M,year,2025,301,0.5242977237606989,0.11704926557086469
2027-04_2027-05,2027-04,TTF_M/Brent_M,year,2026,135,0.6124280231721199,0.20878725794136507
2027-04_2027-05,2027-04,TTF_M/Brent_M,days_to_expiry,"(90, 180]",580,0.14470301555882772,0.47309783765639685
2027-04_2027-05,2027-04,TTF_M/Brent_M,days_to_expiry,"(60, 90]",195,0.17237282164329326,0.13826221838637145
2027-04_2027-05,2027-04,TTF_M/Brent_M,days_to_expiry,"(30, 60]",190,0.24151956998032847,0.1505116795167653
2027-04_2027-05,2027-04,TTF_M/Brent_M,days_to_expiry,"(0, 30]",187,0.2940359863698757,0.19978871641854182
2027-04_2027-05,2027-04,TTF_M/Brent_M,days_to_expiry,nan,48,0.1011019132851121,0.038339548021924456
2027-04_2027-05,2027-04,TTF_M/Brent_M,month_pair,Oct/Nov,100,0.008679788292441468,0.08103983516846155
2027-04_2027-05,2027-04,TTF_M/Brent_M,month_pair,Nov/Dec,101,0.04390565632333158,0.08292892467692459
2027-04_2027-05,2027-04,TTF_M/Brent_M,month_pair,Dec/Jan,100,-0.12605404346255714,0.08170297922985033
2027-04_2027-05,2027-04,TTF_M/Brent_M,month_pair,Jan/Feb,101,0.1417264178754253,0.07715912154144126
2027-04_2027-05,2027-04,TTF_M/Brent_M,month_pair,Feb/Mar,100,0.0599201609857053,0.08327618980634721
2027-04_2027-05,2027-04,TTF_M/Brent_M,month_pair,Mar/Apr,100,-0.01281518451325873,0.0677261160147769
2027-04_2027-05,2027-04,TTF_M/Brent_M,month_pair,Apr/May,100,0.2221793915982837,0.09349253874643479
2027-04_2027-05,2027-04,TTF_M/Brent_M,month_pair,May/Jun,100,0.3464056318354864,0.07954094592125154
2027-04_2027-05,2027-04,TTF_M/Brent_M,month_pair,Jun/Jul,99,0.28054369885307956,0.07808341077615971
2027-04_2027-05,2027-04,TTF_M/Brent_M,month_pair,Jul/Aug,99,0.3617280141016296,0.0929203619849701
2027-04_2027-05,2027-04,TTF_M/Brent_M,month_pair,Aug/Sep,100,0.4289727816080177,0.0938456268600003
2027-04_2027-05,2027-04,TTF_M/Brent_M,month_pair,Sep/Oct,100,0.3975622395030708,0.08828394927338169
2027-04_2027-05,2027-04,TTF_M/Brent_M,pooled,all,1200,0.19199606035815409,1.0
2027-04_2027-05,2027-04,HH_M/Brent_M,year,2022,164,0.29970527496588434,0.26174054851168826
2027-04_2027-05,2027-04,HH_M/Brent_M,year,2023,300,0.17470962217409702,0.19895231833711932
2027-04_2027-05,2027-04,HH_M/Brent_M,year,2024,300,-0.011315004720727101,0.1767600568265478
2027-04_2027-05,2027-04,HH_M/Brent_M,year,2025,301,0.20602519468725589,0.19940766261796924
2027-04_2027-05,2027-04,HH_M/Brent_M,year,2026,135,0.1460141498699762,0.16313941370667523
2027-04_2027-05,2027-04,HH_M/Brent_M,days_to_expiry,"(90, 180]",580,0.23375608875582815,0.3587546762559448
2027-04_2027-05,2027-04,HH_M/Brent_M,days_to_expiry,"(60, 90]",195,0.1463190032498796,0.15957515702164587
2027-04_2027-05,2027-04,HH_M/Brent_M,days_to_expiry,"(30, 60]",190,0.12421537141307123,0.18201934333348652
2027-04_2027-05,2027-04,HH_M/Brent_M,days_to_expiry,"(0, 30]",187,0.15106714738603924,0.2344206822875507
2027-04_2027-05,2027-04,HH_M/Brent_M,days_to_expiry,nan,48,0.10479773466202046,0.06523014110137203
2027-04_2027-05,2027-04,HH_M/Brent_M,month_pair,Oct/Nov,100,0.2802528328964991,0.09144432850208568
2027-04_2027-05,2027-04,HH_M/Brent_M,month_pair,Nov/Dec,101,0.25875206138278944,0.07518816518520297
2027-04_2027-05,2027-04,HH_M/Brent_M,month_pair,Dec/Jan,100,0.16205669168031683,0.0639756688954585
2027-04_2027-05,2027-04,HH_M/Brent_M,month_pair,Jan/Feb,101,0.1783054088821291,0.08359231981593657
2027-04_2027-05,2027-04,HH_M/Brent_M,month_pair,Feb/Mar,100,0.2610012062753654,0.14214587134623338
2027-04_2027-05,2027-04,HH_M/Brent_M,month_pair,Mar/Apr,100,0.06878859525468435,0.08817682956018351
2027-04_2027-05,2027-04,HH_M/Brent_M,month_pair,Apr/May,100,0.17211364738721838,0.0915406446589691
2027-04_2027-05,2027-04,HH_M/Brent_M,month_pair,May/Jun,100,0.22762713042091373,0.08767939105603917
2027-04_2027-05,2027-04,HH_M/Brent_M,month_pair,Jun/Jul,99,0.12714414307591734,0.07949710661936729
2027-04_2027-05,2027-04,HH_M/Brent_M,month_pair,Jul/Aug,99,0.23826995321635705,0.07329149305440413
2027-04_2027-05,2027-04,HH_M/Brent_M,month_pair,Aug/Sep,100,0.0479640066133845,0.06321232241457388
2027-04_2027-05,2027-04,HH_M/Brent_M,month_pair,Sep/Oct,100,0.07106728423953132,0.06025585889154574
2027-04_2027-05,2027-04,HH_M/Brent_M,pooled,all,1200,0.17351937391458325,1.0
2027-05_2027-06,2027-05,TTF_M/TTF_M1,year,2022,204,0.9948862586267185,0.3501724704061976
2027-05_2027-06,2027-05,TTF_M/TTF_M1,year,2023,347,0.9870077468528724,0.26249624953997497
2027-05_2027-06,2027-05,TTF_M/TTF_M1,year,2024,349,0.9982034035264775,0.10564126052722637
2027-05_2027-06,2027-05,TTF_M/TTF_M1,year,2025,350,0.9982031284067749,0.10138973826539643
2027-05_2027-06,2027-05,TTF_M/TTF_M1,year,2026,143,0.9950660478857478,0.1803002812612045
2027-05_2027-06,2027-05,TTF_M/TTF_M1,days_to_expiry,"(180, 365]",189,0.9968893328736347,0.11246840060562016
2027-05_2027-06,2027-05,TTF_M/TTF_M1,days_to_expiry,"(90, 180]",584,0.9969903309595645,0.4385959120128268
2027-05_2027-06,2027-05,TTF_M/TTF_M1,days_to_expiry,"(60, 90]",195,0.9953435015713061,0.12014838783631884
2027-05_2027-06,2027-05,TTF_M/TTF_M1,days_to_expiry,"(30, 60]",190,0.9925496960334068,0.12815740809636175
2027-05_2027-06,2027-05,TTF_M/TTF_M1,days_to_expiry,"(0, 30]",187,0.9854042182959604,0.16912433591681675
2027-05_2027-06,2027-05,TTF_M/TTF_M1,days_to_expiry,nan,48,0.9859623630705328,0.03150555553205549
2027-05_2027-06,2027-05,TTF_M/TTF_M1,month_pair,Oct/Nov,116,0.9757784482559426,0.08389824253001262
2027-05_2027-06,2027-05,TTF_M/TTF_M1,month_pair,Nov/Dec,116,0.9878851954357842,0.07809861766294914
2027-05_2027-06,2027-05,TTF_M/TTF_M1,month_pair,Dec/Jan,118,0.9980083986058412,0.08085357025396135
2027-05_2027-06,2027-05,TTF_M/TTF_M1,month_pair,Jan/Feb,116,0.9985901964543733,0.08563889651885111
2027-05_2027-06,2027-05,TTF_M/TTF_M1,month_pair,Feb/Mar,116,0.9984719474067824,0.08905908940210681
2027-05_2027-06,2027-05,TTF_M/TTF_M1,month_pair,Mar/Apr,116,0.9852116390175244,0.07435150079079143
2027-05_2027-06,2027-05,TTF_M/TTF_M1,month_pair,Apr/May,116,0.9966258171460511,0.0878271710517524
2027-05_2027-06,2027-05,TTF_M/TTF_M1,month_pair,May/Jun,116,0.9992223920662758,0.07965034710187976
2027-05_2027-06,2027-05,TTF_M/TTF_M1,month_pair,Jun/Jul,116,0.9992940666726581,0.07286438973185286
2027-05_2027-06,2027-05,TTF_M/TTF_M1,month_pair,Jul/Aug,115,0.9990813016549781,0.09576481547890606
2027-05_2027-06,2027-05,TTF_M/TTF_M1,month_pair,Aug/Sep,116,0.9979620971544897,0.09152167714479212
2027-05_2027-06,2027-05,TTF_M/TTF_M1,month_pair,Sep/Oct,116,0.990765116138237,0.08047168233214423
2027-05_2027-06,2027-05,TTF_M/TTF_M1,pooled,all,1393,0.9935577421050001,1.0
2027-05_2027-06,2027-05,HH_M/HH_M1,year,2022,204,0.9924291421222758,0.3142709891469208
2027-05_2027-06,2027-05,HH_M/HH_M1,year,2023,347,0.9846534155111187,0.19544242821309146
2027-05_2027-06,2027-05,HH_M/HH_M1,year,2024,349,0.9707410576389728,0.17324929719438342
2027-05_2027-06,2027-05,HH_M/HH_M1,year,2025,350,0.9892198125480086,0.19561587084390505
2027-05_2027-06,2027-05,HH_M/HH_M1,year,2026,143,0.9232717429148328,0.12142141460169927
2027-05_2027-06,2027-05,HH_M/HH_M1,days_to_expiry,"(180, 365]",189,0.9952081386343391,0.08108301410816311
2027-05_2027-06,2027-05,HH_M/HH_M1,days_to_expiry,"(90, 180]",584,0.9938788546709442,0.3267029201082378
2027-05_2027-06,2027-05,HH_M/HH_M1,days_to_expiry,"(60, 90]",195,0.9883725166023278,0.14803295033993505
2027-05_2027-06,2027-05,HH_M/HH_M1,days_to_expiry,"(30, 60]",190,0.9926838155555652,0.17551916531877315
2027-05_2027-06,2027-05,HH_M/HH_M1,days_to_expiry,"(0, 30]",187,0.9750325377393815,0.21944015553827656
2027-05_2027-06,2027-05,HH_M/HH_M1,days_to_expiry,nan,48,0.8054379212931686,0.04922179458661426
2027-05_2027-06,2027-05,HH_M/HH_M1,month_pair,Oct/Nov,116,0.9815467847477545,0.09394900645705793
2027-05_2027-06,2027-05,HH_M/HH_M1,month_pair,Nov/Dec,116,0.982407931217987,0.07859352917596112
2027-05_2027-06,2027-05,HH_M/HH_M1,month_pair,Dec/Jan,118,0.9898666431462341,0.06373116648700813
2027-05_2027-06,2027-05,HH_M/HH_M1,month_pair,Jan/Feb,116,0.9906380274245085,0.09786557301740519
2027-05_2027-06,2027-05,HH_M/HH_M1,month_pair,Feb/Mar,116,0.9199433615763596,0.14124677591877957
2027-05_2027-06,2027-05,HH_M/HH_M1,month_pair,Mar/Apr,116,0.9779108921846186,0.08804464505963629
2027-05_2027-06,2027-05,HH_M/HH_M1,month_pair,Apr/May,116,0.9937915146163954,0.09311700590773551
2027-05_2027-06,2027-05,HH_M/HH_M1,month_pair,May/Jun,116,0.9934224968327937,0.08188374714086609
2027-05_2027-06,2027-05,HH_M/HH_M1,month_pair,Jun/Jul,116,0.987180526927677,0.07194903117474916
2027-05_2027-06,2027-05,HH_M/HH_M1,month_pair,Jul/Aug,115,0.9952276350487078,0.07220728767549302
2027-05_2027-06,2027-05,HH_M/HH_M1,month_pair,Aug/Sep,116,0.9934292055624798,0.06171380745123435
2027-05_2027-06,2027-05,HH_M/HH_M1,month_pair,Sep/Oct,116,0.9960099160350434,0.05569842453407361
2027-05_2027-06,2027-05,HH_M/HH_M1,pooled,all,1393,0.9764536903339349,1.0
2027-05_2027-06,2027-05,Brent_M/Brent_M1,year,2022,204,0.9991719697459388,0.21815786019730737
2027-05_2027-06,2027-05,Brent_M/Brent_M1,year,2023,347,0.9995368889332544,0.21578658171041387
2027-05_2027-06,2027-05,Brent_M/Brent_M1,year,2024,349,0.9997384614775036,0.1415702527689149
2027-05_2027-06,2027-05,Brent_M/Brent_M1,year,2025,350,0.9995653684853201,0.21014087254784175
2027-05_2027-06,2027-05,Brent_M/Brent_M1,year,2026,143,0.9926428856183721,0.21434443277552198
2027-05_2027-06,2027-05,Brent_M/Brent_M1,days_to_expiry,"(180, 365]",189,0.9997254016228175,0.1088091835540203
2027-05_2027-06,2027-05,Brent_M/Brent_M1,days_to_expiry,"(90, 180]",584,0.9993267561647361,0.3830067073006828
2027-05_2027-06,2027-05,Brent_M/Brent_M1,days_to_expiry,"(60, 90]",195,0.9981173994201753,0.1388051938928834
2027-05_2027-06,2027-05,Brent_M/Brent_M1,days_to_expiry,"(30, 60]",190,0.9961065763127122,0.14846607339328885
2027-05_2027-06,2027-05,Brent_M/Brent_M1,days_to_expiry,"(0, 30]",187,0.9940436782836023,0.17588447646567057
2027-05_2027-06,2027-05,Brent_M/Brent_M1,days_to_expiry,nan,48,0.9975875550096827,0.04502836539345396
2027-05_2027-06,2027-05,Brent_M/Brent_M1,month_pair,Oct/Nov,116,0.9990201210176349,0.0915937883347088
2027-05_2027-06,2027-05,Brent_M/Brent_M1,month_pair,Nov/Dec,116,0.999317328490143,0.08408230673331311
2027-05_2027-06,2027-05,Brent_M/Brent_M1,month_pair,Dec/Jan,118,0.9994348983595942,0.080040225916197
2027-05_2027-06,2027-05,Brent_M/Brent_M1,month_pair,Jan/Feb,116,0.999412140560161,0.06905032629915289
2027-05_2027-06,2027-05,Brent_M/Brent_M1,month_pair,Feb/Mar,116,0.9994436810309123,0.06443685669829763
2027-05_2027-06,2027-05,Brent_M/Brent_M1,month_pair,Mar/Apr,116,0.9993834335382245,0.058291749741786046
2027-05_2027-06,2027-05,Brent_M/Brent_M1,month_pair,Apr/May,116,0.9959809324074609,0.09500562707567856
2027-05_2027-06,2027-05,Brent_M/Brent_M1,month_pair,May/Jun,116,0.9940304902129156,0.09350891729282064
2027-05_2027-06,2027-05,Brent_M/Brent_M1,month_pair,Jun/Jul,116,0.9955827639240192,0.08289679334766223
2027-05_2027-06,2027-05,Brent_M/Brent_M1,month_pair,Jul/Aug,115,0.9968219445678606,0.09461766703396288
2027-05_2027-06,2027-05,Brent_M/Brent_M1,month_pair,Aug/Sep,116,0.9975999750630661,0.09213153543345311
2027-05_2027-06,2027-05,Brent_M/Brent_M1,month_pair,Sep/Oct,116,0.9982532585165008,0.09434420609296695
2027-05_2027-06,2027-05,Brent_M/Brent_M1,pooled,all,1393,0.9975442502902298,1.0
2027-05_2027-06,2027-05,TTF_M/HH_M,year,2022,204,0.163637836255196,0.32628680528182014
2027-05_2027-06,2027-05,TTF_M/HH_M,year,2023,347,0.18770171527369336,0.24007593437533334
2027-05_2027-06,2027-05,TTF_M/HH_M,year,2024,349,0.34411909209271735,0.1353786281393678
2027-05_2027-06,2027-05,TTF_M/HH_M,year,2025,350,0.03706870912001964,0.1367269437784291
2027-05_2027-06,2027-05,TTF_M/HH_M,year,2026,143,0.3276025241894608,0.16153168842504978
2027-05_2027-06,2027-05,TTF_M/HH_M,days_to_expiry,"(180, 365]",189,0.11354401463304055,0.0962731853526191
2027-05_2027-06,2027-05,TTF_M/HH_M,days_to_expiry,"(90, 180]",584,0.14040996380189355,0.3855419324497709
2027-05_2027-06,2027-05,TTF_M/HH_M,days_to_expiry,"(60, 90]",195,0.23594936792863225,0.13134031322883488
2027-05_2027-06,2027-05,TTF_M/HH_M,days_to_expiry,"(30, 60]",190,0.2622269035886683,0.1466470433778488
2027-05_2027-06,2027-05,TTF_M/HH_M,days_to_expiry,"(0, 30]",187,0.30790716490322334,0.19581163834177312
2027-05_2027-06,2027-05,TTF_M/HH_M,days_to_expiry,nan,48,0.24307791770244136,0.044385887249153246
2027-05_2027-06,2027-05,TTF_M/HH_M,month_pair,Oct/Nov,116,0.08544353659897405,0.09117334983472547
2027-05_2027-06,2027-05,TTF_M/HH_M,month_pair,Nov/Dec,116,0.01836374629119984,0.08043937677589343
2027-05_2027-06,2027-05,TTF_M/HH_M,month_pair,Dec/Jan,118,0.08083096590421321,0.07294129865943705
2027-05_2027-06,2027-05,TTF_M/HH_M,month_pair,Jan/Feb,116,0.12527020887372406,0.08656936303091005
2027-05_2027-06,2027-05,TTF_M/HH_M,month_pair,Feb/Mar,116,0.3181759981529294,0.11440707262896836
2027-05_2027-06,2027-05,TTF_M/HH_M,month_pair,Mar/Apr,116,0.3534833659572201,0.0806090375399933
2027-05_2027-06,2027-05,TTF_M/HH_M,month_pair,Apr/May,116,0.39711695696460353,0.08808672961365778
2027-05_2027-06,2027-05,TTF_M/HH_M,month_pair,May/Jun,116,0.29530200653056116,0.0792913884245027
2027-05_2027-06,2027-05,TTF_M/HH_M,month_pair,Jun/Jul,116,0.24481572116856729,0.07227911445352593
2027-05_2027-06,2027-05,TTF_M/HH_M,month_pair,Jul/Aug,115,0.1447833439426865,0.08500948174499941
2027-05_2027-06,2027-05,TTF_M/HH_M,month_pair,Aug/Sep,116,0.16973334345385765,0.0785465162942695
2027-05_2027-06,2027-05,TTF_M/HH_M,month_pair,Sep/Oct,116,0.18981251436695723,0.07064727099911706
2027-05_2027-06,2027-05,TTF_M/HH_M,pooled,all,1393,0.2058244134628457,1.0
2027-05_2027-06,2027-05,TTF_M/Brent_M,year,2022,204,-0.12763373408114,0.32399521880586174
2027-05_2027-06,2027-05,TTF_M/Brent_M,year,2023,347,0.0818159176250884,0.2612248670208247
2027-05_2027-06,2027-05,TTF_M/Brent_M,year,2024,349,-0.030068187470378992,0.110523434880696
2027-05_2027-06,2027-05,TTF_M/Brent_M,year,2025,350,0.5287196111695925,0.11662910891225575
2027-05_2027-06,2027-05,TTF_M/Brent_M,year,2026,143,0.6065229157847913,0.18762737038036184
2027-05_2027-06,2027-05,TTF_M/Brent_M,days_to_expiry,"(180, 365]",189,0.1713353757128663,0.10926890810305633
2027-05_2027-06,2027-05,TTF_M/Brent_M,days_to_expiry,"(90, 180]",584,0.14721514429843868,0.4221992501496879
2027-05_2027-06,2027-05,TTF_M/Brent_M,days_to_expiry,"(60, 90]",195,0.17237282164329326,0.12294550384172358
2027-05_2027-06,2027-05,TTF_M/Brent_M,days_to_expiry,"(30, 60]",190,0.24151956998032847,0.13383796736532586
2027-05_2027-06,2027-05,TTF_M/Brent_M,days_to_expiry,"(0, 30]",187,0.2940359863698757,0.17765608485557216
2027-05_2027-06,2027-05,TTF_M/Brent_M,days_to_expiry,nan,48,0.1011019132851121,0.034092285684634197
2027-05_2027-06,2027-05,TTF_M/Brent_M,month_pair,Oct/Nov,116,0.1154268800233514,0.0904137239379011
2027-05_2027-06,2027-05,TTF_M/Brent_M,month_pair,Nov/Dec,116,0.06669069619986577,0.08173143071502902
2027-05_2027-06,2027-05,TTF_M/Brent_M,month_pair,Dec/Jan,118,-0.06145959655493365,0.08009116390418622
2027-05_2027-06,2027-05,TTF_M/Brent_M,month_pair,Jan/Feb,116,0.08614849270288502,0.08095409915300501
2027-05_2027-06,2027-05,TTF_M/Brent_M,month_pair,Feb/Mar,116,0.08480051023904793,0.0822978953181576
2027-05_2027-06,2027-05,TTF_M/Brent_M,month_pair,Mar/Apr,116,0.018558920829256472,0.07075597296457561
2027-05_2027-06,2027-05,TTF_M/Brent_M,month_pair,Apr/May,116,0.2292254311196373,0.08877240483736301
2027-05_2027-06,2027-05,TTF_M/Brent_M,month_pair,May/Jun,116,0.30465993398679797,0.08065398304319277
2027-05_2027-06,2027-05,TTF_M/Brent_M,month_pair,Jun/Jul,116,0.25366815904455803,0.07349052829264656
2027-05_2027-06,2027-05,TTF_M/Brent_M,month_pair,Jul/Aug,115,0.30252490188577824,0.09532613287066877
2027-05_2027-06,2027-05,TTF_M/Brent_M,month_pair,Aug/Sep,116,0.42255973199945396,0.09175870075144259
2027-05_2027-06,2027-05,TTF_M/Brent_M,month_pair,Sep/Oct,116,0.37443960480678423,0.08375396421183179
2027-05_2027-06,2027-05,TTF_M/Brent_M,pooled,all,1393,0.19066346275655585,1.0
2027-05_2027-06,2027-05,HH_M/Brent_M,year,2022,204,0.30554465626896393,0.2796503270032692
2027-05_2027-06,2027-05,HH_M/Brent_M,year,2023,347,0.18303445965596743,0.1975674535950851
2027-05_2027-06,2027-05,HH_M/Brent_M,year,2024,349,-0.016530315714417713,0.17219500455032763
2027-05_2027-06,2027-05,HH_M/Brent_M,year,2025,350,0.1930533857878412,0.1968598165788846
2027-05_2027-06,2027-05,HH_M/Brent_M,year,2026,143,0.15141683416078047,0.15372739827243342
2027-05_2027-06,2027-05,HH_M/Brent_M,days_to_expiry,"(180, 365]",189,0.20925432019225307,0.0825013188642316
2027-05_2027-06,2027-05,HH_M/Brent_M,days_to_expiry,"(90, 180]",584,0.23250980613104702,0.3298399922849259
2027-05_2027-06,2027-05,HH_M/Brent_M,days_to_expiry,"(60, 90]",195,0.1463190032498796,0.14624001778442144
2027-05_2027-06,2027-05,HH_M/Brent_M,days_to_expiry,"(30, 60]",190,0.12421537141307123,0.1668086217366972
2027-05_2027-06,2027-05,HH_M/Brent_M,days_to_expiry,"(0, 30]",187,0.15106714738603924,0.21483096358236656
2027-05_2027-06,2027-05,HH_M/Brent_M,days_to_expiry,nan,48,0.10479773466202046,0.059779085747357255
2027-05_2027-06,2027-05,HH_M/Brent_M,month_pair,Oct/Nov,116,0.27244633121197254,0.09194328953901072
2027-05_2027-06,2027-05,HH_M/Brent_M,month_pair,Nov/Dec,116,0.2716244516024492,0.07944954088140942
2027-05_2027-06,2027-05,HH_M/Brent_M,month_pair,Dec/Jan,118,0.14425933079265238,0.06520201495814257
2027-05_2027-06,2027-05,HH_M/Brent_M,month_pair,Jan/Feb,116,0.22219316719652882,0.08631429279230207
2027-05_2027-06,2027-05,HH_M/Brent_M,month_pair,Feb/Mar,116,0.22526123333666484,0.1374817568046295
2027-05_2027-06,2027-05,HH_M/Brent_M,month_pair,Mar/Apr,116,0.08635709528276621,0.08420111393588904
2027-05_2027-06,2027-05,HH_M/Brent_M,month_pair,Apr/May,116,0.20635895385582262,0.09055392729699362
2027-05_2027-06,2027-05,HH_M/Brent_M,month_pair,May/Jun,116,0.21826488822991746,0.08469430353439013
2027-05_2027-06,2027-05,HH_M/Brent_M,month_pair,Jun/Jul,116,0.11005468765574346,0.07613800290262851
2027-05_2027-06,2027-05,HH_M/Brent_M,month_pair,Jul/Aug,115,0.19055945180189723,0.07498386315232927
2027-05_2027-06,2027-05,HH_M/Brent_M,month_pair,Aug/Sep,116,0.06024142623645226,0.06603901414350902
2027-05_2027-06,2027-05,HH_M/Brent_M,month_pair,Sep/Oct,116,0.10212987157111472,0.06299888005876599
2027-05_2027-06,2027-05,HH_M/Brent_M,pooled,all,1393,0.17575214853190238,1.0
2027-06_2027-07,2027-06,TTF_M/TTF_M1,year,2022,248,0.9947512106861681,0.39004627273548154
2027-06_2027-07,2027-06,TTF_M/TTF_M1,year,2023,394,0.9882032406479972,0.25584990171330035
2027-06_2027-07,2027-06,TTF_M/TTF_M1,year,2024,396,0.9981078337541677,0.10176497780871843
2027-06_2027-07,2027-06,TTF_M/TTF_M1,year,2025,397,0.9966057942761698,0.09418935778142702
2027-06_2027-07,2027-06,TTF_M/TTF_M1,year,2026,147,0.995076183987661,0.1581494899610726
2027-06_2027-07,2027-06,TTF_M/TTF_M1,days_to_expiry,"(180, 365]",378,0.9955407187464874,0.22639575199117
2027-06_2027-07,2027-06,TTF_M/TTF_M1,days_to_expiry,"(90, 180]",584,0.9969903309595645,0.38229586521083414
2027-06_2027-07,2027-06,TTF_M/TTF_M1,days_to_expiry,"(60, 90]",195,0.9953435015713061,0.10472562699177432
2027-06_2027-07,2027-06,TTF_M/TTF_M1,days_to_expiry,"(30, 60]",190,0.9925496960334068,0.11170657516284314
2027-06_2027-07,2027-06,TTF_M/TTF_M1,days_to_expiry,"(0, 30]",187,0.9854042182959604,0.1474148129443494
2027-06_2027-07,2027-06,TTF_M/TTF_M1,days_to_expiry,nan,48,0.9859623630705328,0.02746136769902883
2027-06_2027-07,2027-06,TTF_M/TTF_M1,month_pair,Oct/Nov,132,0.9807277341078209,0.10560965359431888
2027-06_2027-07,2027-06,TTF_M/TTF_M1,month_pair,Nov/Dec,132,0.9885291298966471,0.08312675568356527
2027-06_2027-07,2027-06,TTF_M/TTF_M1,month_pair,Dec/Jan,132,0.997974088220077,0.07483250054458872
2027-06_2027-07,2027-06,TTF_M/TTF_M1,month_pair,Jan/Feb,132,0.9985143867776928,0.07972500427149512
2027-06_2027-07,2027-06,TTF_M/TTF_M1,month_pair,Feb/Mar,132,0.9985613272856463,0.08933492155909101
2027-06_2027-07,2027-06,TTF_M/TTF_M1,month_pair,Mar/Apr,132,0.9852288375615681,0.07933065979647125
2027-06_2027-07,2027-06,TTF_M/TTF_M1,month_pair,Apr/May,132,0.9949006818698573,0.08455545431237552
2027-06_2027-07,2027-06,TTF_M/TTF_M1,month_pair,May/Jun,132,0.9991825162580195,0.07733996505020507
2027-06_2027-07,2027-06,TTF_M/TTF_M1,month_pair,Jun/Jul,132,0.9992319744071091,0.07067136815151884
2027-06_2027-07,2027-06,TTF_M/TTF_M1,month_pair,Jul/Aug,131,0.9991141471152858,0.08987974755585947
2027-06_2027-07,2027-06,TTF_M/TTF_M1,month_pair,Aug/Sep,131,0.9981432514477646,0.09036022692939949
2027-06_2027-07,2027-06,TTF_M/TTF_M1,month_pair,Sep/Oct,132,0.9910914696422422,0.07523374255111129
2027-06_2027-07,2027-06,TTF_M/TTF_M1,pooled,all,1582,0.9935870067222141,1.0
2027-06_2027-07,2027-06,HH_M/HH_M1,year,2022,248,0.9915253262447248,0.3309372882691548
2027-06_2027-07,2027-06,HH_M/HH_M1,year,2023,394,0.984845378535432,0.19350415981297642
2027-06_2027-07,2027-06,HH_M/HH_M1,year,2024,396,0.9708958492760669,0.1662953313500679
2027-06_2027-07,2027-06,HH_M/HH_M1,year,2025,397,0.9894894998321219,0.19250487570793007
2027-06_2027-07,2027-06,HH_M/HH_M1,year,2026,147,0.9254844482819381,0.1167583448598708
2027-06_2027-07,2027-06,HH_M/HH_M1,days_to_expiry,"(180, 365]",378,0.9910204752567457,0.15063274310083596
2027-06_2027-07,2027-06,HH_M/HH_M1,days_to_expiry,"(90, 180]",584,0.9938788546709442,0.30197587740090304
2027-06_2027-07,2027-06,HH_M/HH_M1,days_to_expiry,"(60, 90]",195,0.9883725166023278,0.13682883534783263
2027-06_2027-07,2027-06,HH_M/HH_M1,days_to_expiry,"(30, 60]",190,0.9926838155555652,0.1622347113709628
2027-06_2027-07,2027-06,HH_M/HH_M1,days_to_expiry,"(0, 30]",187,0.9750325377393815,0.20283146989842535
2027-06_2027-07,2027-06,HH_M/HH_M1,days_to_expiry,nan,48,0.8054379212931686,0.04549636288104017
2027-06_2027-07,2027-06,HH_M/HH_M1,month_pair,Oct/Nov,132,0.9810286083403846,0.09381563368738208
2027-06_2027-07,2027-06,HH_M/HH_M1,month_pair,Nov/Dec,132,0.9829664889198102,0.07743044707809481
2027-06_2027-07,2027-06,HH_M/HH_M1,month_pair,Dec/Jan,132,0.991340227673004,0.07252697091136087
2027-06_2027-07,2027-06,HH_M/HH_M1,month_pair,Jan/Feb,132,0.9908243513725496,0.09438367415333614
2027-06_2027-07,2027-06,HH_M/HH_M1,month_pair,Feb/Mar,132,0.9210261693497602,0.14064273947818287
2027-06_2027-07,2027-06,HH_M/HH_M1,month_pair,Mar/Apr,132,0.9754887905739125,0.08458592733062699
2027-06_2027-07,2027-06,HH_M/HH_M1,month_pair,Apr/May,132,0.9940472154898112,0.09000088080512264
2027-06_2027-07,2027-06,HH_M/HH_M1,month_pair,May/Jun,132,0.993390209164108,0.07743603913461101
2027-06_2027-07,2027-06,HH_M/HH_M1,month_pair,Jun/Jul,132,0.9874969926915372,0.06970180852438568
2027-06_2027-07,2027-06,HH_M/HH_M1,month_pair,Jul/Aug,131,0.9954340615357696,0.07060917000582691
2027-06_2027-07,2027-06,HH_M/HH_M1,month_pair,Aug/Sep,131,0.9941355502027863,0.0679542037931092
2027-06_2027-07,2027-06,HH_M/HH_M1,month_pair,Sep/Oct,132,0.996447371322513,0.06091250509796078
2027-06_2027-07,2027-06,HH_M/HH_M1,pooled,all,1582,0.9771343820493532,1.0
2027-06_2027-07,2027-06,Brent_M/Brent_M1,year,2022,248,0.9992248684717986,0.23287989902030073
2027-06_2027-07,2027-06,Brent_M/Brent_M1,year,2023,394,0.9995765125691233,0.2186908319952812
2027-06_2027-07,2027-06,Brent_M/Brent_M1,year,2024,396,0.9997526500567365,0.14206454275381836
2027-06_2027-07,2027-06,Brent_M/Brent_M1,year,2025,397,0.9995905218646036,0.2084207923898851
2027-06_2027-07,2027-06,Brent_M/Brent_M1,year,2026,147,0.9927280910032954,0.19794393384071457
2027-06_2027-07,2027-06,Brent_M/Brent_M1,days_to_expiry,"(180, 365]",378,0.999736178699714,0.19623878387742005
2027-06_2027-07,2027-06,Brent_M/Brent_M1,days_to_expiry,"(90, 180]",584,0.9993267561647361,0.345432124256817
2027-06_2027-07,2027-06,Brent_M/Brent_M1,days_to_expiry,"(60, 90]",195,0.9981173994201753,0.1251878154359742
2027-06_2027-07,2027-06,Brent_M/Brent_M1,days_to_expiry,"(30, 60]",190,0.9961065763127122,0.13390092166728182
2027-06_2027-07,2027-06,Brent_M/Brent_M1,days_to_expiry,"(0, 30]",187,0.9940436782836023,0.15862946306482714
2027-06_2027-07,2027-06,Brent_M/Brent_M1,days_to_expiry,nan,48,0.9975875550096827,0.04061089169767972
2027-06_2027-07,2027-06,Brent_M/Brent_M1,month_pair,Oct/Nov,132,0.9990542049866369,0.08914196488760168
2027-06_2027-07,2027-06,Brent_M/Brent_M1,month_pair,Nov/Dec,132,0.999330364174351,0.08607517829055097
2027-06_2027-07,2027-06,Brent_M/Brent_M1,month_pair,Dec/Jan,132,0.9994935776812495,0.08640701150669207
2027-06_2027-07,2027-06,Brent_M/Brent_M1,month_pair,Jan/Feb,132,0.9994317126305069,0.06531119520579262
2027-06_2027-07,2027-06,Brent_M/Brent_M1,month_pair,Feb/Mar,132,0.9995009117912864,0.07010293959499896
2027-06_2027-07,2027-06,Brent_M/Brent_M1,month_pair,Mar/Apr,132,0.9994516587935386,0.06070639693268057
2027-06_2027-07,2027-06,Brent_M/Brent_M1,month_pair,Apr/May,132,0.9961824550173289,0.09092470425517969
2027-06_2027-07,2027-06,Brent_M/Brent_M1,month_pair,May/Jun,132,0.9944157489005448,0.0916822805553422
2027-06_2027-07,2027-06,Brent_M/Brent_M1,month_pair,Jun/Jul,132,0.9960864447878349,0.08884473197567366
2027-06_2027-07,2027-06,Brent_M/Brent_M1,month_pair,Jul/Aug,131,0.9969752120634667,0.09066523568582749
2027-06_2027-07,2027-06,Brent_M/Brent_M1,month_pair,Aug/Sep,131,0.9976585189436318,0.08657177671416667
2027-06_2027-07,2027-06,Brent_M/Brent_M1,month_pair,Sep/Oct,132,0.9983756425257325,0.09356658439549345
2027-06_2027-07,2027-06,Brent_M/Brent_M1,pooled,all,1582,0.9977422312875965,1.0
2027-06_2027-07,2027-06,TTF_M/HH_M,year,2022,248,0.13654162492730557,0.35641801713377813
2027-06_2027-07,2027-06,TTF_M/HH_M,year,2023,394,0.1833317310057204,0.23674041871142765
2027-06_2027-07,2027-06,TTF_M/HH_M,year,2024,396,0.3384702570375317,0.12965931518668747
2027-06_2027-07,2027-06,TTF_M/HH_M,year,2025,397,0.04901110331877779,0.13024404776916254
2027-06_2027-07,2027-06,TTF_M/HH_M,year,2026,147,0.33198477799653797,0.14693820119894424
2027-06_2027-07,2027-06,TTF_M/HH_M,days_to_expiry,"(180, 365]",378,0.1002496709297904,0.190284045033404
2027-06_2027-07,2027-06,TTF_M/HH_M,days_to_expiry,"(90, 180]",584,0.14040996380189355,0.3454356437736556
2027-06_2027-07,2027-06,TTF_M/HH_M,days_to_expiry,"(60, 90]",195,0.23594936792863225,0.11767753864113595
2027-06_2027-07,2027-06,TTF_M/HH_M,days_to_expiry,"(30, 60]",190,0.2622269035886683,0.13139197470648692
2027-06_2027-07,2027-06,TTF_M/HH_M,days_to_expiry,"(0, 30]",187,0.30790716490322334,0.1754421858062791
2027-06_2027-07,2027-06,TTF_M/HH_M,days_to_expiry,nan,48,0.24307791770244136,0.03976861203903854
2027-06_2027-07,2027-06,TTF_M/HH_M,month_pair,Oct/Nov,132,0.10382920857554218,0.10453326450026174
2027-06_2027-07,2027-06,TTF_M/HH_M,month_pair,Nov/Dec,132,0.016870628459413832,0.08267388966341593
2027-06_2027-07,2027-06,TTF_M/HH_M,month_pair,Dec/Jan,132,0.07449205218277354,0.07281571137690779
2027-06_2027-07,2027-06,TTF_M/HH_M,month_pair,Jan/Feb,132,0.11801312259838335,0.08194784012751394
2027-06_2027-07,2027-06,TTF_M/HH_M,month_pair,Feb/Mar,132,0.2335142533655599,0.11309330966124
2027-06_2027-07,2027-06,TTF_M/HH_M,month_pair,Mar/Apr,132,0.2830075578472632,0.08161063415872155
2027-06_2027-07,2027-06,TTF_M/HH_M,month_pair,Apr/May,132,0.4153279974903728,0.08485166324501424
2027-06_2027-07,2027-06,TTF_M/HH_M,month_pair,May/Jun,132,0.28836820990897055,0.0763068814352819
2027-06_2027-07,2027-06,TTF_M/HH_M,month_pair,Jun/Jul,132,0.22747076942044014,0.07028136811433462
2027-06_2027-07,2027-06,TTF_M/HH_M,month_pair,Jul/Aug,131,0.1565701628702509,0.08138660922477879
2027-06_2027-07,2027-06,TTF_M/HH_M,month_pair,Aug/Sep,131,0.19865407055311846,0.08054261061933195
2027-06_2027-07,2027-06,TTF_M/HH_M,month_pair,Sep/Oct,132,0.21667501623725502,0.06995621787319767
2027-06_2027-07,2027-06,TTF_M/HH_M,pooled,all,1582,0.19435713267533128,1.0
2027-06_2027-07,2027-06,TTF_M/Brent_M,year,2022,248,-0.10409194764034793,0.35885883699229687
2027-06_2027-07,2027-06,TTF_M/Brent_M,year,2023,394,0.0870868586223059,0.2565262168783969
2027-06_2027-07,2027-06,TTF_M/Brent_M,year,2024,396,-0.0335994226383665,0.10768784015445095
2027-06_2027-07,2027-06,TTF_M/Brent_M,year,2025,397,0.5333958958436766,0.11019666746824143
2027-06_2027-07,2027-06,TTF_M/Brent_M,year,2026,147,0.5943554766607196,0.16673043850661404
2027-06_2027-07,2027-06,TTF_M/Brent_M,days_to_expiry,"(180, 365]",378,0.11837841384147982,0.21582718876323856
2027-06_2027-07,2027-06,TTF_M/Brent_M,days_to_expiry,"(90, 180]",584,0.14721514429843868,0.37169149691053854
2027-06_2027-07,2027-06,TTF_M/Brent_M,days_to_expiry,"(60, 90]",195,0.17237282164329326,0.10823751663497451
2027-06_2027-07,2027-06,TTF_M/Brent_M,days_to_expiry,"(30, 60]",190,0.24151956998032847,0.11782691327813706
2027-06_2027-07,2027-06,TTF_M/Brent_M,days_to_expiry,"(0, 30]",187,0.2940359863698757,0.15640306346309624
2027-06_2027-07,2027-06,TTF_M/Brent_M,days_to_expiry,nan,48,0.1011019132851121,0.0300138209500152
2027-06_2027-07,2027-06,TTF_M/Brent_M,month_pair,Oct/Nov,132,0.1815429769791006,0.1078087384143925
2027-06_2027-07,2027-06,TTF_M/Brent_M,month_pair,Nov/Dec,132,0.1117984095679801,0.08547625420901786
2027-06_2027-07,2027-06,TTF_M/Brent_M,month_pair,Dec/Jan,132,-0.02165615214758062,0.07630832123973418
2027-06_2027-07,2027-06,TTF_M/Brent_M,month_pair,Jan/Feb,132,0.10078085364843227,0.07593903791237898
2027-06_2027-07,2027-06,TTF_M/Brent_M,month_pair,Feb/Mar,132,0.012879953379691202,0.08416755224533284
2027-06_2027-07,2027-06,TTF_M/Brent_M,month_pair,Mar/Apr,132,-0.03923597738520458,0.07428322905265261
2027-06_2027-07,2027-06,TTF_M/Brent_M,month_pair,Apr/May,132,0.22630904065579976,0.0851688232831987
2027-06_2027-07,2027-06,TTF_M/Brent_M,month_pair,May/Jun,132,0.2927185538707601,0.07842708934005065
2027-06_2027-07,2027-06,TTF_M/Brent_M,month_pair,Jun/Jul,132,0.24380004473975278,0.07273433643926695
2027-06_2027-07,2027-06,TTF_M/Brent_M,month_pair,Jul/Aug,131,0.26384764772400304,0.09000966924226962
2027-06_2027-07,2027-06,TTF_M/Brent_M,month_pair,Aug/Sep,131,0.3676862721195486,0.09011980099053304
2027-06_2027-07,2027-06,TTF_M/Brent_M,month_pair,Sep/Oct,132,0.3194538705052316,0.07955714763117222
2027-06_2027-07,2027-06,TTF_M/Brent_M,pooled,all,1582,0.17736563868938637,1.0
2027-06_2027-07,2027-06,HH_M/Brent_M,year,2022,248,0.32545546651477175,0.29500481519042415
2027-06_2027-07,2027-06,HH_M/Brent_M,year,2023,394,0.18971139286553668,0.19748408063628423
2027-06_2027-07,2027-06,HH_M/Brent_M,year,2024,396,-0.019952681779723494,0.16682116730476557
2027-06_2027-07,2027-06,HH_M/Brent_M,year,2025,397,0.2027039883990538,0.1945956595344651
2027-06_2027-07,2027-06,HH_M/Brent_M,year,2026,147,0.141717921103914,0.146094277334061
2027-06_2027-07,2027-06,HH_M/Brent_M,days_to_expiry,"(180, 365]",378,0.2519745718978593,0.15351299228739673
2027-06_2027-07,2027-06,HH_M/Brent_M,days_to_expiry,"(90, 180]",584,0.23250980613104702,0.30431135633632506
2027-06_2027-07,2027-06,HH_M/Brent_M,days_to_expiry,"(60, 90]",195,0.1463190032498796,0.13492147466515514
2027-06_2027-07,2027-06,HH_M/Brent_M,days_to_expiry,"(30, 60]",190,0.12421537141307123,0.15389812974964467
2027-06_2027-07,2027-06,HH_M/Brent_M,days_to_expiry,"(0, 30]",187,0.15106714738603924,0.19820368493798732
2027-06_2027-07,2027-06,HH_M/Brent_M,days_to_expiry,nan,48,0.10479773466202046,0.055152362023491164
2027-06_2027-07,2027-06,HH_M/Brent_M,month_pair,Oct/Nov,132,0.2820128721850349,0.09233420757678197
2027-06_2027-07,2027-06,HH_M/Brent_M,month_pair,Nov/Dec,132,0.2805872529175944,0.0793527463887812
2027-06_2027-07,2027-06,HH_M/Brent_M,month_pair,Dec/Jan,132,0.24248710242985952,0.07303172796418746
2027-06_2027-07,2027-06,HH_M/Brent_M,month_pair,Jan/Feb,132,0.23009736059291974,0.08296791092899834
2027-06_2027-07,2027-06,HH_M/Brent_M,month_pair,Feb/Mar,132,0.25006624176438186,0.13627972128421004
2027-06_2027-07,2027-06,HH_M/Brent_M,month_pair,Mar/Apr,132,0.11370773948824348,0.0825387313200571
2027-06_2027-07,2027-06,HH_M/Brent_M,month_pair,Apr/May,132,0.18117177933162296,0.0875007175141078
2027-06_2027-07,2027-06,HH_M/Brent_M,month_pair,May/Jun,132,0.22194992113335926,0.08104343026480111
2027-06_2027-07,2027-06,HH_M/Brent_M,month_pair,Jun/Jul,132,0.10190770412914125,0.07573615600095562
2027-06_2027-07,2027-06,HH_M/Brent_M,month_pair,Jul/Aug,131,0.18763892908231672,0.07312463210129835
2027-06_2027-07,2027-06,HH_M/Brent_M,month_pair,Aug/Sep,131,0.05315404615690701,0.06928112172328871
2027-06_2027-07,2027-06,HH_M/Brent_M,month_pair,Sep/Oct,132,0.08241489482403072,0.06680889693253232
2027-06_2027-07,2027-06,HH_M/Brent_M,pooled,all,1582,0.1853341307599299,1.0
2027-07_2027-08,2027-07,TTF_M/TTF_M1,year,2022,305,0.9939387542822727,0.43209244459104307
2027-07_2027-08,2027-07,TTF_M/TTF_M1,year,2023,447,0.9892450031036797,0.2445229372945068
2027-07_2027-08,2027-07,TTF_M/TTF_M1,year,2024,450,0.9980246338564295,0.09656443995034715
2027-07_2027-08,2027-07,TTF_M/TTF_M1,year,2025,451,0.9946560629280573,0.09089550983306492
2027-07_2027-08,2027-07,TTF_M/TTF_M1,year,2026,147,0.995076183987661,0.13592466833103795
2027-07_2027-08,2027-07,TTF_M/TTF_M1,days_to_expiry,"(180, 365]",596,0.99405729577483,0.335110717992422
2027-07_2027-08,2027-07,TTF_M/TTF_M1,days_to_expiry,"(90, 180]",584,0.9969903309595645,0.32857164886146806
2027-07_2027-08,2027-07,TTF_M/TTF_M1,days_to_expiry,"(60, 90]",195,0.9953435015713061,0.0900084857568666
2027-07_2027-08,2027-07,TTF_M/TTF_M1,days_to_expiry,"(30, 60]",190,0.9925496960334068,0.09600839802355968
2027-07_2027-08,2027-07,TTF_M/TTF_M1,days_to_expiry,"(0, 30]",187,0.9854042182959604,0.12669854048517476
2027-07_2027-08,2027-07,TTF_M/TTF_M1,days_to_expiry,nan,48,0.9859623630705328,0.023602208880508846
2027-07_2027-08,2027-07,TTF_M/TTF_M1,month_pair,Oct/Nov,150,0.981852128434721,0.10594554023113534
2027-07_2027-08,2027-07,TTF_M/TTF_M1,month_pair,Nov/Dec,152,0.9916094816682672,0.10416619878048382
2027-07_2027-08,2027-07,TTF_M/TTF_M1,month_pair,Dec/Jan,152,0.9964734191435198,0.0829607027559148
2027-07_2027-08,2027-07,TTF_M/TTF_M1,month_pair,Jan/Feb,151,0.9984981845314586,0.07380217948375516
2027-07_2027-08,2027-07,TTF_M/TTF_M1,month_pair,Feb/Mar,149,0.998554197737213,0.08148578815206119
2027-07_2027-08,2027-07,TTF_M/TTF_M1,month_pair,Mar/Apr,149,0.981048718318617,0.07833967185960362
2027-07_2027-08,2027-07,TTF_M/TTF_M1,month_pair,Apr/May,151,0.9939539600784395,0.08525929740783356
2027-07_2027-08,2027-07,TTF_M/TTF_M1,month_pair,May/Jun,151,0.9991236901604914,0.07581230655260661
2027-07_2027-08,2027-07,TTF_M/TTF_M1,month_pair,Jun/Jul,149,0.9987703379736511,0.07187165914815428
2027-07_2027-08,2027-07,TTF_M/TTF_M1,month_pair,Jul/Aug,150,0.9991176424903511,0.08117561093792837
2027-07_2027-08,2027-07,TTF_M/TTF_M1,month_pair,Aug/Sep,148,0.9982152216989001,0.08333828336788172
2027-07_2027-08,2027-07,TTF_M/TTF_M1,month_pair,Sep/Oct,148,0.9922272710504776,0.0758427613226415
2027-07_2027-08,2027-07,TTF_M/TTF_M1,pooled,all,1800,0.9934044509283251,1.0
2027-07_2027-08,2027-07,HH_M/HH_M1,year,2022,305,0.9895113440020605,0.3575334416148639
2027-07_2027-08,2027-07,HH_M/HH_M1,year,2023,447,0.985254564806094,0.18649232103504987
2027-07_2027-08,2027-07,HH_M/HH_M1,year,2024,450,0.9716077072178124,0.15953133790551044
2027-07_2027-08,2027-07,HH_M/HH_M1,year,2025,451,0.9897157806059474,0.18909980549281222
2027-07_2027-08,2027-07,HH_M/HH_M1,year,2026,147,0.9254844482819381,0.10734309395176386
2027-07_2027-08,2027-07,HH_M/HH_M1,days_to_expiry,"(180, 365]",596,0.9879061023629934,0.21912468555200637
2027-07_2027-08,2027-07,HH_M/HH_M1,days_to_expiry,"(90, 180]",584,0.9938788546709442,0.2776249099618089
2027-07_2027-08,2027-07,HH_M/HH_M1,days_to_expiry,"(60, 90]",195,0.9883725166023278,0.12579512449992672
2027-07_2027-08,2027-07,HH_M/HH_M1,days_to_expiry,"(30, 60]",190,0.9926838155555652,0.1491523015835069
2027-07_2027-08,2027-07,HH_M/HH_M1,days_to_expiry,"(0, 30]",187,0.9750325377393815,0.18647538688400972
2027-07_2027-08,2027-07,HH_M/HH_M1,days_to_expiry,nan,48,0.8054379212931686,0.04182759151874158
2027-07_2027-08,2027-07,HH_M/HH_M1,month_pair,Oct/Nov,150,0.9818424947393815,0.09323169594166282
2027-07_2027-08,2027-07,HH_M/HH_M1,month_pair,Nov/Dec,152,0.9855944872108465,0.08653924001507327
2027-07_2027-08,2027-07,HH_M/HH_M1,month_pair,Dec/Jan,152,0.991824691341358,0.0722495033218641
2027-07_2027-08,2027-07,HH_M/HH_M1,month_pair,Jan/Feb,151,0.991445544225478,0.09536086137075395
2027-07_2027-08,2027-07,HH_M/HH_M1,month_pair,Feb/Mar,149,0.9219599758083268,0.13390088422496516
2027-07_2027-08,2027-07,HH_M/HH_M1,month_pair,Mar/Apr,149,0.9661954606269109,0.08637725847593145
2027-07_2027-08,2027-07,HH_M/HH_M1,month_pair,Apr/May,151,0.9942533583663875,0.08779693045794025
2027-07_2027-08,2027-07,HH_M/HH_M1,month_pair,May/Jun,151,0.9935096722655833,0.07436516422689203
2027-07_2027-08,2027-07,HH_M/HH_M1,month_pair,Jun/Jul,149,0.9878794158316185,0.06869584679329903
2027-07_2027-08,2027-07,HH_M/HH_M1,month_pair,Jul/Aug,150,0.9956475205241755,0.06884223593009424
2027-07_2027-08,2027-07,HH_M/HH_M1,month_pair,Aug/Sep,148,0.9944012040156313,0.06590378910227448
2027-07_2027-08,2027-07,HH_M/HH_M1,month_pair,Sep/Oct,148,0.996750148090207,0.06673659013924943
2027-07_2027-08,2027-07,HH_M/HH_M1,pooled,all,1800,0.9775222148294702,1.0
2027-07_2027-08,2027-07,Brent_M/Brent_M1,year,2022,305,0.9993043968501748,0.2558005467013079
2027-07_2027-08,2027-07,Brent_M/Brent_M1,year,2023,447,0.9996109965698775,0.22159400378883212
2027-07_2027-08,2027-07,Brent_M/Brent_M1,year,2024,450,0.9997710114481432,0.14325243962059026
2027-07_2027-08,2027-07,Brent_M/Brent_M1,year,2025,451,0.9996036301555163,0.20105953973774718
2027-07_2027-08,2027-07,Brent_M/Brent_M1,year,2026,147,0.9927280910032954,0.17829347015152242
2027-07_2027-08,2027-07,Brent_M/Brent_M1,days_to_expiry,"(180, 365]",596,0.9997463974005862,0.27603047178490264
2027-07_2027-08,2027-07,Brent_M/Brent_M1,days_to_expiry,"(90, 180]",584,0.9993267561647361,0.31114008366187096
2027-07_2027-08,2027-07,Brent_M/Brent_M1,days_to_expiry,"(60, 90]",195,0.9981173994201753,0.11276006090052348
2027-07_2027-08,2027-07,Brent_M/Brent_M1,days_to_expiry,"(30, 60]",190,0.9961065763127122,0.12060819201339093
2027-07_2027-08,2027-07,Brent_M/Brent_M1,days_to_expiry,"(0, 30]",187,0.9940436782836023,0.1428818599758646
2027-07_2027-08,2027-07,Brent_M/Brent_M1,days_to_expiry,nan,48,0.9975875550096827,0.036579331663447304
2027-07_2027-08,2027-07,Brent_M/Brent_M1,month_pair,Oct/Nov,150,0.9990983372882163,0.08543996392041706
2027-07_2027-08,2027-07,Brent_M/Brent_M1,month_pair,Nov/Dec,152,0.9993813096776505,0.08536825492721434
2027-07_2027-08,2027-07,Brent_M/Brent_M1,month_pair,Dec/Jan,152,0.9995380322523987,0.09768254543197961
2027-07_2027-08,2027-07,Brent_M/Brent_M1,month_pair,Jan/Feb,151,0.9994204951632986,0.06808432491530061
2027-07_2027-08,2027-07,Brent_M/Brent_M1,month_pair,Feb/Mar,149,0.9995219753569627,0.06727741632152187
2027-07_2027-08,2027-07,Brent_M/Brent_M1,month_pair,Mar/Apr,149,0.9995038218734378,0.06336153629687387
2027-07_2027-08,2027-07,Brent_M/Brent_M1,month_pair,Apr/May,151,0.9964196515696461,0.08934514632790008
2027-07_2027-08,2027-07,Brent_M/Brent_M1,month_pair,May/Jun,151,0.9945444020676396,0.08513358818479394
2027-07_2027-08,2027-07,Brent_M/Brent_M1,month_pair,Jun/Jul,149,0.9962418310689798,0.0852758987420217
2027-07_2027-08,2027-07,Brent_M/Brent_M1,month_pair,Jul/Aug,150,0.9973752582899198,0.09782388160644508
2027-07_2027-08,2027-07,Brent_M/Brent_M1,month_pair,Aug/Sep,148,0.9977467490121033,0.08156531333196605
2027-07_2027-08,2027-07,Brent_M/Brent_M1,month_pair,Sep/Oct,148,0.998482924564993,0.09364212999356569
2027-07_2027-08,2027-07,Brent_M/Brent_M1,pooled,all,1800,0.9979212579503709,1.0
2027-07_2027-08,2027-07,TTF_M/HH_M,year,2022,305,0.11353155046414014,0.3943762785911292
2027-07_2027-08,2027-07,TTF_M/HH_M,year,2023,447,0.18020294876755621,0.22752522487617602
2027-07_2027-08,2027-07,TTF_M/HH_M,year,2024,450,0.3381069822025551,0.12271555239828381
2027-07_2027-08,2027-07,TTF_M/HH_M,year,2025,451,0.06369106738884159,0.12569672957648198
2027-07_2027-08,2027-07,TTF_M/HH_M,year,2026,147,0.33198477799653797,0.12968621455792875
2027-07_2027-08,2027-07,TTF_M/HH_M,days_to_expiry,"(180, 365]",596,0.09102818910296533,0.2853526434245563
2027-07_2027-08,2027-07,TTF_M/HH_M,days_to_expiry,"(90, 180]",584,0.14040996380189355,0.30487810963285716
2027-07_2027-08,2027-07,TTF_M/HH_M,days_to_expiry,"(60, 90]",195,0.23594936792863225,0.10386104090249992
2027-07_2027-08,2027-07,TTF_M/HH_M,days_to_expiry,"(30, 60]",190,0.2622269035886683,0.11596526760188654
2027-07_2027-08,2027-07,TTF_M/HH_M,days_to_expiry,"(0, 30]",187,0.30790716490322334,0.15484355167911634
2027-07_2027-08,2027-07,TTF_M/HH_M,days_to_expiry,nan,48,0.24307791770244136,0.03509938675908357
2027-07_2027-08,2027-07,TTF_M/HH_M,month_pair,Oct/Nov,150,0.08068187174932206,0.10458504202220442
2027-07_2027-08,2027-07,TTF_M/HH_M,month_pair,Nov/Dec,152,-0.006627645566744612,0.09886202192420332
2027-07_2027-08,2027-07,TTF_M/HH_M,month_pair,Dec/Jan,152,0.12381698925344092,0.07899242768890574
2027-07_2027-08,2027-07,TTF_M/HH_M,month_pair,Jan/Feb,151,0.11785838105285343,0.07838981042152221
2027-07_2027-08,2027-07,TTF_M/HH_M,month_pair,Feb/Mar,149,0.21568534539685133,0.1044332741167137
2027-07_2027-08,2027-07,TTF_M/HH_M,month_pair,Mar/Apr,149,0.20940767295648455,0.08229013150139623
2027-07_2027-08,2027-07,TTF_M/HH_M,month_pair,Apr/May,151,0.3650654252931405,0.08428092690385453
2027-07_2027-08,2027-07,TTF_M/HH_M,month_pair,May/Jun,151,0.3150691640454134,0.07413636670332549
2027-07_2027-08,2027-07,TTF_M/HH_M,month_pair,Jun/Jul,149,0.1957980553110756,0.07021723545173572
2027-07_2027-08,2027-07,TTF_M/HH_M,month_pair,Jul/Aug,150,0.15315978429163563,0.0756358823603614
2027-07_2027-08,2027-07,TTF_M/HH_M,month_pair,Aug/Sep,148,0.1995556334536736,0.0757373916616069
2027-07_2027-08,2027-07,TTF_M/HH_M,month_pair,Sep/Oct,148,0.2819754979833876,0.07243948924417025
2027-07_2027-08,2027-07,TTF_M/HH_M,pooled,all,1800,0.1817136324334254,1.0
2027-07_2027-08,2027-07,TTF_M/Brent_M,year,2022,305,-0.071615376001152,0.39968828572820736
2027-07_2027-08,2027-07,TTF_M/Brent_M,year,2023,447,0.08886228758742058,0.24655196029721205
2027-07_2027-08,2027-07,TTF_M/Brent_M,year,2024,450,-0.03663460418179535,0.10327217426878475
2027-07_2027-08,2027-07,TTF_M/Brent_M,year,2025,451,0.5327506266223686,0.1061232656787696
2027-07_2027-08,2027-07,TTF_M/Brent_M,year,2026,147,0.5943554766607196,0.14436431402702635
2027-07_2027-08,2027-07,TTF_M/Brent_M,days_to_expiry,"(180, 365]",596,0.10869345697792036,0.32102037884132906
2027-07_2027-08,2027-07,TTF_M/Brent_M,days_to_expiry,"(90, 180]",584,0.14721514429843868,0.321830785438976
2027-07_2027-08,2027-07,TTF_M/Brent_M,days_to_expiry,"(60, 90]",195,0.17237282164329326,0.09371794964947024
2027-07_2027-08,2027-07,TTF_M/Brent_M,days_to_expiry,"(30, 60]",190,0.24151956998032847,0.10202097266508063
2027-07_2027-08,2027-07,TTF_M/Brent_M,days_to_expiry,"(0, 30]",187,0.2940359863698757,0.13542230903255056
2027-07_2027-08,2027-07,TTF_M/Brent_M,days_to_expiry,nan,48,0.1011019132851121,0.02598760437259363
2027-07_2027-08,2027-07,TTF_M/Brent_M,month_pair,Oct/Nov,150,0.12728327536187545,0.10721444301058192
2027-07_2027-08,2027-07,TTF_M/Brent_M,month_pair,Nov/Dec,152,0.12131829685921434,0.10255697924569056
2027-07_2027-08,2027-07,TTF_M/Brent_M,month_pair,Dec/Jan,152,0.12735864805208238,0.08613448474125716
2027-07_2027-08,2027-07,TTF_M/Brent_M,month_pair,Jan/Feb,151,0.10737894485893859,0.07146976170956781
2027-07_2027-08,2027-07,TTF_M/Brent_M,month_pair,Feb/Mar,149,0.04537813036263205,0.07731400151662951
2027-07_2027-08,2027-07,TTF_M/Brent_M,month_pair,Mar/Apr,149,-0.04961289920259252,0.07506759830053204
2027-07_2027-08,2027-07,TTF_M/Brent_M,month_pair,Apr/May,151,0.14034207366097476,0.08505691558473917
2027-07_2027-08,2027-07,TTF_M/Brent_M,month_pair,May/Jun,151,0.27536472566598397,0.07595909633488553
2027-07_2027-08,2027-07,TTF_M/Brent_M,month_pair,Jun/Jul,149,0.23591892643621878,0.07261323930659769
2027-07_2027-08,2027-07,TTF_M/Brent_M,month_pair,Jul/Aug,150,0.2503650103456677,0.08355359070420568
2027-07_2027-08,2027-07,TTF_M/Brent_M,month_pair,Aug/Sep,148,0.3330837324304216,0.0832772695166468
2027-07_2027-08,2027-07,TTF_M/Brent_M,month_pair,Sep/Oct,148,0.26667152624475654,0.07978262002866623
2027-07_2027-08,2027-07,TTF_M/Brent_M,pooled,all,1800,0.167184188355715,1.0
2027-07_2027-08,2027-07,HH_M/Brent_M,year,2022,305,0.3270774541335801,0.32028625769230235
2027-07_2027-08,2027-07,HH_M/Brent_M,year,2023,447,0.19114677786898351,0.19323367323107415
2027-07_2027-08,2027-07,HH_M/Brent_M,year,2024,450,-0.021142154612064878,0.16177224421336786
2027-07_2027-08,2027-07,HH_M/Brent_M,year,2025,451,0.19542038363857017,0.19057532051298953
2027-07_2027-08,2027-07,HH_M/Brent_M,year,2026,147,0.141717921103914,0.13413250435026614
2027-07_2027-08,2027-07,HH_M/Brent_M,days_to_expiry,"(180, 365]",596,0.2419279236367816,0.22282087761158978
2027-07_2027-08,2027-07,HH_M/Brent_M,days_to_expiry,"(90, 180]",584,0.23250980613104702,0.2793952307541962
2027-07_2027-08,2027-07,HH_M/Brent_M,days_to_expiry,"(60, 90]",195,0.1463190032498796,0.12387449815085232
2027-07_2027-08,2027-07,HH_M/Brent_M,days_to_expiry,"(30, 60]",190,0.12421537141307123,0.1412974001092465
2027-07_2027-08,2027-07,HH_M/Brent_M,days_to_expiry,"(0, 30]",187,0.15106714738603924,0.18197534576520408
2027-07_2027-08,2027-07,HH_M/Brent_M,days_to_expiry,nan,48,0.10479773466202046,0.05063664760891115
2027-07_2027-08,2027-07,HH_M/Brent_M,month_pair,Oct/Nov,150,0.28026295668052065,0.09136262898757162
2027-07_2027-08,2027-07,HH_M/Brent_M,month_pair,Nov/Dec,152,0.2402880639290174,0.08625238696533814
2027-07_2027-08,2027-07,HH_M/Brent_M,month_pair,Dec/Jan,152,0.2754406465782273,0.07555117407625798
2027-07_2027-08,2027-07,HH_M/Brent_M,month_pair,Jan/Feb,151,0.20974752357277793,0.08416294406795395
2027-07_2027-08,2027-07,HH_M/Brent_M,month_pair,Feb/Mar,149,0.25200548658877425,0.12976692085561511
2027-07_2027-08,2027-07,HH_M/Brent_M,month_pair,Mar/Apr,149,0.1555190960560516,0.08449688465241298
2027-07_2027-08,2027-07,HH_M/Brent_M,month_pair,Apr/May,151,0.19703021364503426,0.0857269724497237
2027-07_2027-08,2027-07,HH_M/Brent_M,month_pair,May/Jun,151,0.2160638584619228,0.07725402746342318
2027-07_2027-08,2027-07,HH_M/Brent_M,month_pair,Jun/Jul,149,0.1097209926732572,0.07403116700241451
2027-07_2027-08,2027-07,HH_M/Brent_M,month_pair,Jul/Aug,150,0.16609839352470013,0.07355864077767468
2027-07_2027-08,2027-07,HH_M/Brent_M,month_pair,Aug/Sep,148,0.052382752669381416,0.0668062645615013
2027-07_2027-08,2027-07,HH_M/Brent_M,month_pair,Sep/Oct,148,0.10677648989660982,0.07102998814011284
2027-07_2027-08,2027-07,HH_M/Brent_M,pooled,all,1800,0.18853731599202972,1.0
2027-08_2027-09,2027-08,TTF_M/TTF_M1,year,2021,4,,0.011839073112692092
2027-08_2027-09,2027-08,TTF_M/TTF_M1,year,2022,356,0.9925319749594371,0.4480838155083662
2027-08_2027-09,2027-08,TTF_M/TTF_M1,year,2023,495,0.9900283444493354,0.23663052277095287
2027-08_2027-09,2027-08,TTF_M/TTF_M1,year,2024,502,0.9978188778979149,0.09384086273221723
2027-08_2027-09,2027-08,TTF_M/TTF_M1,year,2025,500,0.9950159641200051,0.0889399843781721
2027-08_2027-09,2027-08,TTF_M/TTF_M1,year,2026,147,0.995076183987661,0.12066574149759944
2027-08_2027-09,2027-08,TTF_M/TTF_M1,days_to_expiry,"(180, 365]",800,0.9930659006788864,0.4097513040689847
2027-08_2027-09,2027-08,TTF_M/TTF_M1,days_to_expiry,"(90, 180]",584,0.9969903309595645,0.29168613859258236
2027-08_2027-09,2027-08,TTF_M/TTF_M1,days_to_expiry,"(60, 90]",195,0.9953435015713061,0.0799041175401446
2027-08_2027-09,2027-08,TTF_M/TTF_M1,days_to_expiry,"(30, 60]",190,0.9925496960334068,0.08523047861551494
2027-08_2027-09,2027-08,TTF_M/TTF_M1,days_to_expiry,"(0, 30]",187,0.9854042182959604,0.11247534036333735
2027-08_2027-09,2027-08,TTF_M/TTF_M1,days_to_expiry,nan,48,0.9859623630705328,0.02095262081943591
2027-08_2027-09,2027-08,TTF_M/TTF_M1,month_pair,Oct/Nov,165,0.9849196927050449,0.11533510800884846
2027-08_2027-09,2027-08,TTF_M/TTF_M1,month_pair,Nov/Dec,168,0.9924043133287737,0.10453961551581466
2027-08_2027-09,2027-08,TTF_M/TTF_M1,month_pair,Dec/Jan,168,0.9966942310761916,0.08056564130714645
2027-08_2027-09,2027-08,TTF_M/TTF_M1,month_pair,Jan/Feb,168,0.993073326060986,0.08515257717253878
2027-08_2027-09,2027-08,TTF_M/TTF_M1,month_pair,Feb/Mar,166,0.9985567810616655,0.0767463648122638
2027-08_2027-09,2027-08,TTF_M/TTF_M1,month_pair,Mar/Apr,167,0.9778891830611491,0.07378522239972476
2027-08_2027-09,2027-08,TTF_M/TTF_M1,month_pair,Apr/May,167,0.992919708454604,0.0814095495866499
2027-08_2027-09,2027-08,TTF_M/TTF_M1,month_pair,May/Jun,167,0.9986368157379943,0.07686761966872194
2027-08_2027-09,2027-08,TTF_M/TTF_M1,month_pair,Jun/Jul,167,0.9988151263787922,0.07196744001224506
2027-08_2027-09,2027-08,TTF_M/TTF_M1,month_pair,Jul/Aug,167,0.9990759709781593,0.08511134842781137
2027-08_2027-09,2027-08,TTF_M/TTF_M1,month_pair,Aug/Sep,167,0.9982719724164439,0.07824627586882103
2027-08_2027-09,2027-08,TTF_M/TTF_M1,month_pair,Sep/Oct,167,0.9921717525966353,0.07027323721941374
2027-08_2027-09,2027-08,TTF_M/TTF_M1,pooled,all,2004,0.9930854340663382,1.0
2027-08_2027-09,2027-08,HH_M/HH_M1,year,2021,4,,0.0024366383343327326
2027-08_2027-09,2027-08,HH_M/HH_M1,year,2022,356,0.9896769567387409,0.37102828929121806
2027-08_2027-09,2027-08,HH_M/HH_M1,year,2023,495,0.9855624975690147,0.18409162013636277
2027-08_2027-09,2027-08,HH_M/HH_M1,year,2024,502,0.9721775473161683,0.15583848905376094
2027-08_2027-09,2027-08,HH_M/HH_M1,year,2025,500,0.9898552926273096,0.18528668401770057
2027-08_2027-09,2027-08,HH_M/HH_M1,year,2026,147,0.9254844482819381,0.10131827916662496
2027-08_2027-09,2027-08,HH_M/HH_M1,days_to_expiry,"(180, 365]",800,0.9888810832865746,0.26295264845710337
2027-08_2027-09,2027-08,HH_M/HH_M1,days_to_expiry,"(90, 180]",584,0.9938788546709442,0.262042736943651
2027-08_2027-09,2027-08,HH_M/HH_M1,days_to_expiry,"(60, 90]",195,0.9883725166023278,0.11873465793347843
2027-08_2027-09,2027-08,HH_M/HH_M1,days_to_expiry,"(30, 60]",190,0.9926838155555652,0.14078087349497412
2027-08_2027-09,2027-08,HH_M/HH_M1,days_to_expiry,"(0, 30]",187,0.9750325377393815,0.17600913678255345
2027-08_2027-09,2027-08,HH_M/HH_M1,days_to_expiry,nan,48,0.8054379212931686,0.0394799463882397
2027-08_2027-09,2027-08,HH_M/HH_M1,month_pair,Oct/Nov,165,0.9833925324312072,0.09786312570870241
2027-08_2027-09,2027-08,HH_M/HH_M1,month_pair,Nov/Dec,168,0.9858792075850008,0.08481524121561555
2027-08_2027-09,2027-08,HH_M/HH_M1,month_pair,Dec/Jan,168,0.9923319883094245,0.07428966271864884
2027-08_2027-09,2027-08,HH_M/HH_M1,month_pair,Jan/Feb,168,0.9916846709750062,0.09493174486526385
2027-08_2027-09,2027-08,HH_M/HH_M1,month_pair,Feb/Mar,166,0.9239615735309331,0.1328929758258801
2027-08_2027-09,2027-08,HH_M/HH_M1,month_pair,Mar/Apr,167,0.9658979420367839,0.08562728093529748
2027-08_2027-09,2027-08,HH_M/HH_M1,month_pair,Apr/May,167,0.9945640506212541,0.09026718515018185
2027-08_2027-09,2027-08,HH_M/HH_M1,month_pair,May/Jun,167,0.9935578537475874,0.07325470478941773
2027-08_2027-09,2027-08,HH_M/HH_M1,month_pair,Jun/Jul,167,0.9881749513924443,0.0675100375176237
2027-08_2027-09,2027-08,HH_M/HH_M1,month_pair,Jul/Aug,167,0.9957035801711563,0.06743988965010836
2027-08_2027-09,2027-08,HH_M/HH_M1,month_pair,Aug/Sep,167,0.9946225388455993,0.06535662969929208
2027-08_2027-09,2027-08,HH_M/HH_M1,month_pair,Sep/Oct,167,0.9968265439595543,0.06575152192396808
2027-08_2027-09,2027-08,HH_M/HH_M1,pooled,all,2004,0.9782912514059243,1.0
2027-08_2027-09,2027-08,Brent_M/Brent_M1,year,2021,4,,0.002677817220468895
2027-08_2027-09,2027-08,Brent_M/Brent_M1,year,2022,356,0.9993685407303377,0.26964228806592827
2027-08_2027-09,2027-08,Brent_M/Brent_M1,year,2023,495,0.9996437849998941,0.2263427602132733
2027-08_2027-09,2027-08,Brent_M/Brent_M1,year,2024,502,0.9997795677365001,0.14063749797812392
2027-08_2027-09,2027-08,Brent_M/Brent_M1,year,2025,500,0.9996198838969493,0.1983927063395707
2027-08_2027-09,2027-08,Brent_M/Brent_M1,year,2026,147,0.9927280910032954,0.16230693018263487
2027-08_2027-09,2027-08,Brent_M/Brent_M1,days_to_expiry,"(180, 365]",800,0.9997684914556116,0.34094461468217957
2027-08_2027-09,2027-08,Brent_M/Brent_M1,days_to_expiry,"(90, 180]",584,0.9993267561647361,0.28324195941112684
2027-08_2027-09,2027-08,Brent_M/Brent_M1,days_to_expiry,"(60, 90]",195,0.9981173994201753,0.10264952113174543
2027-08_2027-09,2027-08,Brent_M/Brent_M1,days_to_expiry,"(30, 60]",190,0.9961065763127122,0.10979395590839652
2027-08_2027-09,2027-08,Brent_M/Brent_M1,days_to_expiry,"(0, 30]",187,0.9940436782836023,0.1300704734265314
2027-08_2027-09,2027-08,Brent_M/Brent_M1,days_to_expiry,nan,48,0.9975875550096827,0.033299475440020154
2027-08_2027-09,2027-08,Brent_M/Brent_M1,month_pair,Oct/Nov,165,0.9991830650822703,0.08791627156363842
2027-08_2027-09,2027-08,Brent_M/Brent_M1,month_pair,Nov/Dec,168,0.9994098673893085,0.08283310348785312
2027-08_2027-09,2027-08,Brent_M/Brent_M1,month_pair,Dec/Jan,168,0.9995610162674741,0.09468720672823845
2027-08_2027-09,2027-08,Brent_M/Brent_M1,month_pair,Jan/Feb,168,0.99953849327487,0.08378475810416734
2027-08_2027-09,2027-08,Brent_M/Brent_M1,month_pair,Feb/Mar,166,0.9995307450640399,0.06993390333143427
2027-08_2027-09,2027-08,Brent_M/Brent_M1,month_pair,Mar/Apr,167,0.9995215677147175,0.06149461776112436
2027-08_2027-09,2027-08,Brent_M/Brent_M1,month_pair,Apr/May,167,0.9967344345951052,0.09032792226359503
2027-08_2027-09,2027-08,Brent_M/Brent_M1,month_pair,May/Jun,167,0.9946326475018248,0.07926081923165672
2027-08_2027-09,2027-08,Brent_M/Brent_M1,month_pair,Jun/Jul,167,0.9963743333810849,0.08115905321290819
2027-08_2027-09,2027-08,Brent_M/Brent_M1,month_pair,Jul/Aug,167,0.9974605699409925,0.0936184619664607
2027-08_2027-09,2027-08,Brent_M/Brent_M1,month_pair,Aug/Sep,167,0.9979746691115229,0.08682944674915057
2027-08_2027-09,2027-08,Brent_M/Brent_M1,month_pair,Sep/Oct,167,0.9984997879863574,0.08815443559977273
2027-08_2027-09,2027-08,Brent_M/Brent_M1,pooled,all,2004,0.9980705315763609,1.0
2027-08_2027-09,2027-08,TTF_M/HH_M,year,2021,4,,0.008360688936152688
2027-08_2027-09,2027-08,TTF_M/HH_M,year,2022,356,0.12189319573724952,0.4114854326152281
2027-08_2027-09,2027-08,TTF_M/HH_M,year,2023,495,0.1754392022984013,0.2221087392145357
2027-08_2027-09,2027-08,TTF_M/HH_M,year,2024,502,0.3351847925472476,0.11849368714416726
2027-08_2027-09,2027-08,TTF_M/HH_M,year,2025,500,0.07003750052536516,0.12174428381370858
2027-08_2027-09,2027-08,TTF_M/HH_M,year,2026,147,0.33198477799653797,0.1178071682762076
2027-08_2027-09,2027-08,TTF_M/HH_M,days_to_expiry,"(180, 365]",800,0.10843632257683494,0.35081317870818374
2027-08_2027-09,2027-08,TTF_M/HH_M,days_to_expiry,"(90, 180]",584,0.14040996380189355,0.27695177076208516
2027-08_2027-09,2027-08,TTF_M/HH_M,days_to_expiry,"(60, 90]",195,0.23594936792863225,0.09434753851557177
2027-08_2027-09,2027-08,TTF_M/HH_M,days_to_expiry,"(30, 60]",190,0.2622269035886683,0.10534303774028735
2027-08_2027-09,2027-08,TTF_M/HH_M,days_to_expiry,"(0, 30]",187,0.30790716490322334,0.1406601342427112
2027-08_2027-09,2027-08,TTF_M/HH_M,days_to_expiry,nan,48,0.24307791770244136,0.0318843400311606
2027-08_2027-09,2027-08,TTF_M/HH_M,month_pair,Oct/Nov,165,0.12263862163769301,0.11215422283009423
2027-08_2027-09,2027-08,TTF_M/HH_M,month_pair,Nov/Dec,168,0.0121580062986495,0.09868072618204547
2027-08_2027-09,2027-08,TTF_M/HH_M,month_pair,Dec/Jan,168,0.10879732920014763,0.07820313449026191
2027-08_2027-09,2027-08,TTF_M/HH_M,month_pair,Jan/Feb,168,0.12745309594356927,0.08697409044519373
2027-08_2027-09,2027-08,TTF_M/HH_M,month_pair,Feb/Mar,166,0.2192942748416265,0.09975877558672201
2027-08_2027-09,2027-08,TTF_M/HH_M,month_pair,Mar/Apr,167,0.19990164706951002,0.07863056387876106
2027-08_2027-09,2027-08,TTF_M/HH_M,month_pair,Apr/May,167,0.3154492829793029,0.08293412458225922
2027-08_2027-09,2027-08,TTF_M/HH_M,month_pair,May/Jun,167,0.3109444879286852,0.07407760930949084
2027-08_2027-09,2027-08,TTF_M/HH_M,month_pair,Jun/Jul,167,0.21733344049005898,0.06979444918854318
2027-08_2027-09,2027-08,TTF_M/HH_M,month_pair,Jul/Aug,167,0.11580099936073285,0.07762725077670891
2027-08_2027-09,2027-08,TTF_M/HH_M,month_pair,Aug/Sep,167,0.18908146109843832,0.07255660081153881
2027-08_2027-09,2027-08,TTF_M/HH_M,month_pair,Sep/Oct,167,0.29840429680250774,0.06860845191838053
2027-08_2027-09,2027-08,TTF_M/HH_M,pooled,all,2004,0.17962428039795494,1.0
2027-08_2027-09,2027-08,TTF_M/Brent_M,year,2021,4,,0.01033185142147574
2027-08_2027-09,2027-08,TTF_M/Brent_M,year,2022,356,-0.028321230788708997,0.41702531308004265
2027-08_2027-09,2027-08,TTF_M/Brent_M,year,2023,495,0.10771574756998818,0.23994012250600266
2027-08_2027-09,2027-08,TTF_M/Brent_M,year,2024,502,-0.0442264951567209,0.10033515580543961
2027-08_2027-09,2027-08,TTF_M/Brent_M,year,2025,500,0.5344337991652494,0.10371056316861228
2027-08_2027-09,2027-08,TTF_M/Brent_M,year,2026,147,0.5943554766607196,0.12865699401842692
2027-08_2027-09,2027-08,TTF_M/Brent_M,days_to_expiry,"(180, 365]",800,0.1504715904787817,0.39489563160538976
2027-08_2027-09,2027-08,TTF_M/Brent_M,days_to_expiry,"(90, 180]",584,0.14721514429843868,0.28681452003032015
2027-08_2027-09,2027-08,TTF_M/Brent_M,days_to_expiry,"(60, 90]",195,0.17237282164329326,0.08352112340736685
2027-08_2027-09,2027-08,TTF_M/Brent_M,days_to_expiry,"(30, 60]",190,0.24151956998032847,0.09092074976000039
2027-08_2027-09,2027-08,TTF_M/Brent_M,days_to_expiry,"(0, 30]",187,0.2940359863698757,0.12068790906248941
2027-08_2027-09,2027-08,TTF_M/Brent_M,days_to_expiry,nan,48,0.1011019132851121,0.023160066134433277
2027-08_2027-09,2027-08,TTF_M/Brent_M,month_pair,Oct/Nov,165,0.13445126654558348,0.1150851912968166
2027-08_2027-09,2027-08,TTF_M/Brent_M,month_pair,Nov/Dec,168,0.11526102093348344,0.10232874501238905
2027-08_2027-09,2027-08,TTF_M/Brent_M,month_pair,Dec/Jan,168,0.10731277900627852,0.08338712871231116
2027-08_2027-09,2027-08,TTF_M/Brent_M,month_pair,Jan/Feb,168,0.2711492733272097,0.08549590565892304
2027-08_2027-09,2027-08,TTF_M/Brent_M,month_pair,Feb/Mar,166,0.06048572741102788,0.07380620155871818
2027-08_2027-09,2027-08,TTF_M/Brent_M,month_pair,Mar/Apr,167,-0.019449873326967376,0.07075452183184927
2027-08_2027-09,2027-08,TTF_M/Brent_M,month_pair,Apr/May,167,0.11685258260850793,0.08229464075236571
2027-08_2027-09,2027-08,TTF_M/Brent_M,month_pair,May/Jun,167,0.24957936695640978,0.07546770852636174
2027-08_2027-09,2027-08,TTF_M/Brent_M,month_pair,Jun/Jul,167,0.23128769631897178,0.0719662451116405
2027-08_2027-09,2027-08,TTF_M/Brent_M,month_pair,Jul/Aug,167,0.25889518336992173,0.08581716210590226
2027-08_2027-09,2027-08,TTF_M/Brent_M,month_pair,Aug/Sep,167,0.3202112646130963,0.07958536619548943
2027-08_2027-09,2027-08,TTF_M/Brent_M,month_pair,Sep/Oct,167,0.2540770561666762,0.07401118323723291
2027-08_2027-09,2027-08,TTF_M/Brent_M,pooled,all,2004,0.17647431958768214,1.0
2027-08_2027-09,2027-08,HH_M/Brent_M,year,2021,4,,0.0023789270655483834
2027-08_2027-09,2027-08,HH_M/Brent_M,year,2022,356,0.32018502282286393,0.33310364155444927
2027-08_2027-09,2027-08,HH_M/Brent_M,year,2023,495,0.19781938448305625,0.19298149819423788
2027-08_2027-09,2027-08,HH_M/Brent_M,year,2024,502,-0.018107571056568086,0.1581837597790733
2027-08_2027-09,2027-08,HH_M/Brent_M,year,2025,500,0.18977889814808738,0.1874334290869026
2027-08_2027-09,2027-08,HH_M/Brent_M,year,2026,147,0.141717921103914,0.12591874431978872
2027-08_2027-09,2027-08,HH_M/Brent_M,days_to_expiry,"(180, 365]",800,0.2383171700149503,0.2704123457864162
2027-08_2027-09,2027-08,HH_M/Brent_M,days_to_expiry,"(90, 180]",584,0.23250980613104702,0.26228613859050937
2027-08_2027-09,2027-08,HH_M/Brent_M,days_to_expiry,"(60, 90]",195,0.1463190032498796,0.11628889907003637
2027-08_2027-09,2027-08,HH_M/Brent_M,days_to_expiry,"(30, 60]",190,0.12421537141307123,0.13264488934722402
2027-08_2027-09,2027-08,HH_M/Brent_M,days_to_expiry,"(0, 30]",187,0.15106714738603924,0.17083187365291605
2027-08_2027-09,2027-08,HH_M/Brent_M,days_to_expiry,nan,48,0.10479773466202046,0.04753585355289814
2027-08_2027-09,2027-08,HH_M/Brent_M,month_pair,Oct/Nov,165,0.2841362897033778,0.09556356465076846
2027-08_2027-09,2027-08,HH_M/Brent_M,month_pair,Nov/Dec,168,0.23365230944981205,0.08462146057427085
2027-08_2027-09,2027-08,HH_M/Brent_M,month_pair,Dec/Jan,168,0.26365846690257755,0.07670596749807529
2027-08_2027-09,2027-08,HH_M/Brent_M,month_pair,Jan/Feb,168,0.22414298142851297,0.08732710585805617
2027-08_2027-09,2027-08,HH_M/Brent_M,month_pair,Feb/Mar,166,0.23819196637750384,0.128402495234838
2027-08_2027-09,2027-08,HH_M/Brent_M,month_pair,Mar/Apr,167,0.14944466602308315,0.08316941108360898
2027-08_2027-09,2027-08,HH_M/Brent_M,month_pair,Apr/May,167,0.23595472490017874,0.08784191987793075
2027-08_2027-09,2027-08,HH_M/Brent_M,month_pair,May/Jun,167,0.2052122274664589,0.07517417048309212
2027-08_2027-09,2027-08,HH_M/Brent_M,month_pair,Jun/Jul,167,0.11619635973811057,0.07225675798662369
2027-08_2027-09,2027-08,HH_M/Brent_M,month_pair,Jul/Aug,167,0.16765844017074638,0.07182261816323238
2027-08_2027-09,2027-08,HH_M/Brent_M,month_pair,Aug/Sep,167,0.04900897848351333,0.06779158088147037
2027-08_2027-09,2027-08,HH_M/Brent_M,month_pair,Sep/Oct,167,0.10128082887192488,0.06932294770803306
2027-08_2027-09,2027-08,HH_M/Brent_M,pooled,all,2004,0.19042729799318317,1.0
2027-09_2027-10,2027-09,TTF_M/TTF_M1,year,2021,12,0.9998936208115269,0.022060231576648087
2027-09_2027-10,2027-09,TTF_M/TTF_M1,year,2022,405,0.9895908911456512,0.4598903934654629
2027-09_2027-10,2027-09,TTF_M/TTF_M1,year,2023,549,0.9909126340441721,0.2339766114256335
2027-09_2027-10,2027-09,TTF_M/TTF_M1,year,2024,551,0.9975721169133025,0.08938411105704008
2027-09_2027-10,2027-09,TTF_M/TTF_M1,year,2025,540,0.9941977121981012,0.08660382949852594
2027-09_2027-10,2027-09,TTF_M/TTF_M1,year,2026,147,0.995076183987661,0.10808482297668948
2027-09_2027-10,2027-09,TTF_M/TTF_M1,days_to_expiry,"(180, 365]",1000,0.9904568689457871,0.47129214124793845
2027-09_2027-10,2027-09,TTF_M/TTF_M1,days_to_expiry,"(90, 180]",584,0.9969903309595645,0.26127419649727657
2027-09_2027-10,2027-09,TTF_M/TTF_M1,days_to_expiry,"(60, 90]",195,0.9953435015713061,0.07157311008283931
2027-09_2027-10,2027-09,TTF_M/TTF_M1,days_to_expiry,"(30, 60]",190,0.9925496960334068,0.07634413114313576
2027-09_2027-10,2027-09,TTF_M/TTF_M1,days_to_expiry,"(0, 30]",187,0.9854042182959604,0.1007483739919343
2027-09_2027-10,2027-09,TTF_M/TTF_M1,days_to_expiry,nan,48,0.9859623630705328,0.018768047036875686
2027-09_2027-10,2027-09,TTF_M/TTF_M1,month_pair,Oct/Nov,183,0.9852682316135495,0.10663430970996976
2027-09_2027-10,2027-09,TTF_M/TTF_M1,month_pair,Nov/Dec,184,0.9935077315819743,0.11103026580355238
2027-09_2027-10,2027-09,TTF_M/TTF_M1,month_pair,Dec/Jan,184,0.9969352229237504,0.08351117332547825
2027-09_2027-10,2027-09,TTF_M/TTF_M1,month_pair,Jan/Feb,184,0.99357175779538,0.08313819439747792
2027-09_2027-10,2027-09,TTF_M/TTF_M1,month_pair,Feb/Mar,184,0.9962987458310427,0.08326041264537255
2027-09_2027-10,2027-09,TTF_M/TTF_M1,month_pair,Mar/Apr,184,0.9571240827495083,0.07232236263072676
2027-09_2027-10,2027-09,TTF_M/TTF_M1,month_pair,Apr/May,184,0.9929312990187932,0.07639310153352172
2027-09_2027-10,2027-09,TTF_M/TTF_M1,month_pair,May/Jun,182,0.9985765693690493,0.07437976485205994
2027-09_2027-10,2027-09,TTF_M/TTF_M1,month_pair,Jun/Jul,184,0.998718425805457,0.07296864101076388
2027-09_2027-10,2027-09,TTF_M/TTF_M1,month_pair,Jul/Aug,184,0.9991337981719831,0.08619193261576445
2027-09_2027-10,2027-09,TTF_M/TTF_M1,month_pair,Aug/Sep,183,0.9984178287536208,0.08146267488992141
2027-09_2027-10,2027-09,TTF_M/TTF_M1,month_pair,Sep/Oct,184,0.9924202726773916,0.06870716658539101
2027-09_2027-10,2027-09,TTF_M/TTF_M1,pooled,all,2204,0.9918529784791676,1.0
2027-09_2027-10,2027-09,HH_M/HH_M1,year,2021,12,0.9995134896272809,0.005392330700697515
2027-09_2027-10,2027-09,HH_M/HH_M1,year,2022,405,0.9893589268669355,0.38440831140696385
2027-09_2027-10,2027-09,HH_M/HH_M1,year,2023,549,0.9857850165591343,0.18213284589313766
2027-09_2027-10,2027-09,HH_M/HH_M1,year,2024,551,0.9724502765085196,0.15184729061627705
2027-09_2027-10,2027-09,HH_M/HH_M1,year,2025,540,0.9898870330476373,0.18001673312977626
2027-09_2027-10,2027-09,HH_M/HH_M1,year,2026,147,0.9254844482819381,0.0962024882531477
2027-09_2027-10,2027-09,HH_M/HH_M1,days_to_expiry,"(180, 365]",1000,0.9888270673554709,0.3001678496512004
2027-09_2027-10,2027-09,HH_M/HH_M1,days_to_expiry,"(90, 180]",584,0.9938788546709442,0.24881160171686326
2027-09_2027-10,2027-09,HH_M/HH_M1,days_to_expiry,"(60, 90]",195,0.9883725166023278,0.11273947434797779
2027-09_2027-10,2027-09,HH_M/HH_M1,days_to_expiry,"(30, 60]",190,0.9926838155555652,0.13367252622199532
2027-09_2027-10,2027-09,HH_M/HH_M1,days_to_expiry,"(0, 30]",187,0.9750325377393815,0.16712203417829039
2027-09_2027-10,2027-09,HH_M/HH_M1,days_to_expiry,nan,48,0.8054379212931686,0.03748651388367286
2027-09_2027-10,2027-09,HH_M/HH_M1,month_pair,Oct/Nov,183,0.9835837062439529,0.0956221868739297
2027-09_2027-10,2027-09,HH_M/HH_M1,month_pair,Nov/Dec,184,0.9867230341614515,0.08808587301569044
2027-09_2027-10,2027-09,HH_M/HH_M1,month_pair,Dec/Jan,184,0.9926752225656768,0.07516835233266403
2027-09_2027-10,2027-09,HH_M/HH_M1,month_pair,Jan/Feb,184,0.9917853721788631,0.09305925889786298
2027-09_2027-10,2027-09,HH_M/HH_M1,month_pair,Feb/Mar,184,0.9252424662965713,0.1299764963831761
2027-09_2027-10,2027-09,HH_M/HH_M1,month_pair,Mar/Apr,184,0.9652708783848204,0.08948339308898144
2027-09_2027-10,2027-09,HH_M/HH_M1,month_pair,Apr/May,184,0.994815954382095,0.09095145396059018
2027-09_2027-10,2027-09,HH_M/HH_M1,month_pair,May/Jun,182,0.993803151107568,0.07581528140048181
2027-09_2027-10,2027-09,HH_M/HH_M1,month_pair,Jun/Jul,184,0.9883920733153597,0.06725693882515511
2027-09_2027-10,2027-09,HH_M/HH_M1,month_pair,Jul/Aug,184,0.9957871229540344,0.06580816336689886
2027-09_2027-10,2027-09,HH_M/HH_M1,month_pair,Aug/Sep,183,0.9947315676779523,0.06420199296916895
2027-09_2027-10,2027-09,HH_M/HH_M1,month_pair,Sep/Oct,184,0.9969013930921378,0.06457060888540046
2027-09_2027-10,2027-09,HH_M/HH_M1,pooled,all,2204,0.9788346913405417,1.0
2027-09_2027-10,2027-09,Brent_M/Brent_M1,year,2021,12,0.9998930261928278,0.008483609002339099
2027-09_2027-10,2027-09,Brent_M/Brent_M1,year,2022,405,0.9994251002795265,0.2837017837209888
2027-09_2027-10,2027-09,Brent_M/Brent_M1,year,2023,549,0.9996593089885232,0.22378449984073917
2027-09_2027-10,2027-09,Brent_M/Brent_M1,year,2024,551,0.9997890695561124,0.13979067179832244
2027-09_2027-10,2027-09,Brent_M/Brent_M1,year,2025,540,0.9996325011721626,0.1948953352868363
2027-09_2027-10,2027-09,Brent_M/Brent_M1,year,2026,147,0.9927280910032954,0.14934410035077422
2027-09_2027-10,2027-09,Brent_M/Brent_M1,days_to_expiry,"(180, 365]",1000,0.9997831835922691,0.3935808317558009
2027-09_2027-10,2027-09,Brent_M/Brent_M1,days_to_expiry,"(90, 180]",584,0.9993267561647361,0.2606205142457371
2027-09_2027-10,2027-09,Brent_M/Brent_M1,days_to_expiry,"(60, 90]",195,0.9981173994201753,0.09445129895321296
2027-09_2027-10,2027-09,Brent_M/Brent_M1,days_to_expiry,"(30, 60]",190,0.9961065763127122,0.1010251352215296
2027-09_2027-10,2027-09,Brent_M/Brent_M1,days_to_expiry,"(0, 30]",187,0.9940436782836023,0.11968224532511625
2027-09_2027-10,2027-09,Brent_M/Brent_M1,days_to_expiry,nan,48,0.9975875550096827,0.03063997449860326
2027-09_2027-10,2027-09,Brent_M/Brent_M1,month_pair,Oct/Nov,183,0.9992240136432619,0.08719200949913579
2027-09_2027-10,2027-09,Brent_M/Brent_M1,month_pair,Nov/Dec,184,0.9994279186709901,0.08071090023703045
2027-09_2027-10,2027-09,Brent_M/Brent_M1,month_pair,Dec/Jan,184,0.9995779021351703,0.09158829288264123
2027-09_2027-10,2027-09,Brent_M/Brent_M1,month_pair,Jan/Feb,184,0.999545927896546,0.08016855583976656
2027-09_2027-10,2027-09,Brent_M/Brent_M1,month_pair,Feb/Mar,184,0.9996053905457869,0.08395020122023421
2027-09_2027-10,2027-09,Brent_M/Brent_M1,month_pair,Mar/Apr,184,0.9995447013897123,0.06508459637303989
2027-09_2027-10,2027-09,Brent_M/Brent_M1,month_pair,Apr/May,184,0.9969152880284303,0.08868477317019113
2027-09_2027-10,2027-09,Brent_M/Brent_M1,month_pair,May/Jun,182,0.9950340235794491,0.08029658002247017
2027-09_2027-10,2027-09,Brent_M/Brent_M1,month_pair,Jun/Jul,184,0.9966416141275568,0.08276445576023111
2027-09_2027-10,2027-09,Brent_M/Brent_M1,month_pair,Jul/Aug,184,0.9975323677093615,0.08941931982238677
2027-09_2027-10,2027-09,Brent_M/Brent_M1,month_pair,Aug/Sep,183,0.9980551402930327,0.08409177636560437
2027-09_2027-10,2027-09,Brent_M/Brent_M1,month_pair,Sep/Oct,184,0.9985512627168119,0.0860485388072683
2027-09_2027-10,2027-09,Brent_M/Brent_M1,pooled,all,2204,0.9981965486615141,1.0
2027-09_2027-10,2027-09,TTF_M/HH_M,year,2021,12,0.04539457583152502,0.016103931704653792
2027-09_2027-10,2027-09,TTF_M/HH_M,year,2022,405,0.12134943839507807,0.42551072190067274
2027-09_2027-10,2027-09,TTF_M/HH_M,year,2023,549,0.18147332790179208,0.21999842357066018
2027-09_2027-10,2027-09,TTF_M/HH_M,year,2024,551,0.3307690430135261,0.11313831427818101
2027-09_2027-10,2027-09,TTF_M/HH_M,year,2025,540,0.07150170142994988,0.11750720950734224
2027-09_2027-10,2027-09,TTF_M/HH_M,year,2026,147,0.33198477799653797,0.10774139903849007
2027-09_2027-10,2027-09,TTF_M/HH_M,days_to_expiry,"(180, 365]",1000,0.11507935024103519,0.40628149044936773
2027-09_2027-10,2027-09,TTF_M/HH_M,days_to_expiry,"(90, 180]",584,0.14040996380189355,0.25328824794543997
2027-09_2027-10,2027-09,TTF_M/HH_M,days_to_expiry,"(60, 90]",195,0.23594936792863225,0.08628622471998154
2027-09_2027-10,2027-09,TTF_M/HH_M,days_to_expiry,"(30, 60]",190,0.2622269035886683,0.0963422381776681
2027-09_2027-10,2027-09,TTF_M/HH_M,days_to_expiry,"(0, 30]",187,0.30790716490322334,0.12864174458993616
2027-09_2027-10,2027-09,TTF_M/HH_M,days_to_expiry,nan,48,0.24307791770244136,0.029160054117606398
2027-09_2027-10,2027-09,TTF_M/HH_M,month_pair,Oct/Nov,183,0.13540323383459227,0.10575777763480758
2027-09_2027-10,2027-09,TTF_M/HH_M,month_pair,Nov/Dec,184,0.04350983758903256,0.10402375786860686
2027-09_2027-10,2027-09,TTF_M/HH_M,month_pair,Dec/Jan,184,0.12030634570446323,0.08030286274944055
2027-09_2027-10,2027-09,TTF_M/HH_M,month_pair,Jan/Feb,184,0.11971505377232271,0.08491560508973911
2027-09_2027-10,2027-09,TTF_M/HH_M,month_pair,Feb/Mar,184,0.22298022580856688,0.10264853658941964
2027-09_2027-10,2027-09,TTF_M/HH_M,month_pair,Mar/Apr,184,0.18587422970936027,0.07929608639833394
2027-09_2027-10,2027-09,TTF_M/HH_M,month_pair,Apr/May,184,0.3108987196472841,0.0797844347371342
2027-09_2027-10,2027-09,TTF_M/HH_M,month_pair,May/Jun,182,0.27869720294850414,0.07332017793332794
2027-09_2027-10,2027-09,TTF_M/HH_M,month_pair,Jun/Jul,184,0.17988121535673846,0.07046797075240095
2027-09_2027-10,2027-09,TTF_M/HH_M,month_pair,Jul/Aug,184,0.1462585156067602,0.07798929224280936
2027-09_2027-10,2027-09,TTF_M/HH_M,month_pair,Aug/Sep,183,0.1474670913000272,0.0743498099657959
2027-09_2027-10,2027-09,TTF_M/HH_M,month_pair,Sep/Oct,184,0.2919677492371985,0.06714368803818396
2027-09_2027-10,2027-09,TTF_M/HH_M,pooled,all,2204,0.17655669723231637,1.0
2027-09_2027-10,2027-09,TTF_M/Brent_M,year,2021,12,0.315999921368013,0.01979743009540729
2027-09_2027-10,2027-09,TTF_M/Brent_M,year,2022,405,-0.0182859902162621,0.4300493271460698
2027-09_2027-10,2027-09,TTF_M/Brent_M,year,2023,549,0.12047981573646573,0.23689572414173685
2027-09_2027-10,2027-09,TTF_M/Brent_M,year,2024,551,-0.0408568836538934,0.09629378856925361
2027-09_2027-10,2027-09,TTF_M/Brent_M,year,2025,540,0.5356004757949727,0.1011981502914985
2027-09_2027-10,2027-09,TTF_M/Brent_M,year,2026,147,0.5943554766607196,0.11576557975603392
2027-09_2027-10,2027-09,TTF_M/Brent_M,days_to_expiry,"(180, 365]",1000,0.14776003875137442,0.45552701153520037
2027-09_2027-10,2027-09,TTF_M/Brent_M,days_to_expiry,"(90, 180]",584,0.14721514429843868,0.2580757419919439
2027-09_2027-10,2027-09,TTF_M/Brent_M,days_to_expiry,"(60, 90]",195,0.17237282164329326,0.07515231757819751
2027-09_2027-10,2027-09,TTF_M/Brent_M,days_to_expiry,"(30, 60]",190,0.24151956998032847,0.08181050232148446
2027-09_2027-10,2027-09,TTF_M/Brent_M,days_to_expiry,"(0, 30]",187,0.2940359863698757,0.10859499608829283
2027-09_2027-10,2027-09,TTF_M/Brent_M,days_to_expiry,nan,48,0.1011019132851121,0.02083943048488098
2027-09_2027-10,2027-09,TTF_M/Brent_M,month_pair,Oct/Nov,183,0.12835048797354284,0.10733554441251653
2027-09_2027-10,2027-09,TTF_M/Brent_M,month_pair,Nov/Dec,184,0.08915709896502978,0.10737515528655878
2027-09_2027-10,2027-09,TTF_M/Brent_M,month_pair,Dec/Jan,184,0.09645386780625832,0.08508952014424707
2027-09_2027-10,2027-09,TTF_M/Brent_M,month_pair,Jan/Feb,184,0.2526770035463863,0.08313434491957786
2027-09_2027-10,2027-09,TTF_M/Brent_M,month_pair,Feb/Mar,184,0.18509052791649225,0.08231769155624727
2027-09_2027-10,2027-09,TTF_M/Brent_M,month_pair,Mar/Apr,184,0.02402835854722352,0.07043799154263765
2027-09_2027-10,2027-09,TTF_M/Brent_M,month_pair,Apr/May,184,0.12593901129164317,0.07770381466501101
2027-09_2027-10,2027-09,TTF_M/Brent_M,month_pair,May/Jun,182,0.24114699135928336,0.07358108072295662
2027-09_2027-10,2027-09,TTF_M/Brent_M,month_pair,Jun/Jul,184,0.13331638875542115,0.07318949951149561
2027-09_2027-10,2027-09,TTF_M/Brent_M,month_pair,Jul/Aug,184,0.24153977933208054,0.08602490697622618
2027-09_2027-10,2027-09,TTF_M/Brent_M,month_pair,Aug/Sep,183,0.3327627728417987,0.08171085942742415
2027-09_2027-10,2027-09,TTF_M/Brent_M,month_pair,Sep/Oct,184,0.22971491819112222,0.07209959083510126
2027-09_2027-10,2027-09,TTF_M/Brent_M,pooled,all,2204,0.1726948730119597,1.0
2027-09_2027-10,2027-09,HH_M/Brent_M,year,2021,12,0.022107355653330784,0.005908555517092081
2027-09_2027-10,2027-09,HH_M/Brent_M,year,2022,405,0.32820827826590604,0.3467701483494205
2027-09_2027-10,2027-09,HH_M/Brent_M,year,2023,549,0.19974838485113486,0.19103795513363736
2027-09_2027-10,2027-09,HH_M/Brent_M,year,2024,551,-0.005424561847579629,0.1545041913709004
2027-09_2027-10,2027-09,HH_M/Brent_M,year,2025,540,0.1862354901833037,0.18295729752436315
2027-09_2027-10,2027-09,HH_M/Brent_M,year,2026,147,0.141717921103914,0.11882185210458658
2027-09_2027-10,2027-09,HH_M/Brent_M,days_to_expiry,"(180, 365]",1000,0.2457612645131475,0.31153255367497473
2027-09_2027-10,2027-09,HH_M/Brent_M,days_to_expiry,"(90, 180]",584,0.23250980613104702,0.24750345897300077
2027-09_2027-10,2027-09,HH_M/Brent_M,days_to_expiry,"(60, 90]",195,0.1463190032498796,0.10973475348207985
2027-09_2027-10,2027-09,HH_M/Brent_M,days_to_expiry,"(30, 60]",190,0.12421537141307123,0.12516890562708835
2027-09_2027-10,2027-09,HH_M/Brent_M,days_to_expiry,"(0, 30]",187,0.15106714738603924,0.16120363759652104
2027-09_2027-10,2027-09,HH_M/Brent_M,days_to_expiry,nan,48,0.10479773466202046,0.04485669064633527
2027-09_2027-10,2027-09,HH_M/Brent_M,month_pair,Oct/Nov,183,0.2576160696976979,0.09375564774689689
2027-09_2027-10,2027-09,HH_M/Brent_M,month_pair,Nov/Dec,184,0.2120857938128481,0.08645878502054241
2027-09_2027-10,2027-09,HH_M/Brent_M,month_pair,Dec/Jan,184,0.2551938557210887,0.07682537314558209
2027-09_2027-10,2027-09,HH_M/Brent_M,month_pair,Jan/Feb,184,0.21988384718738926,0.08520280024509665
2027-09_2027-10,2027-09,HH_M/Brent_M,month_pair,Feb/Mar,184,0.23456063630043347,0.12847132946452683
2027-09_2027-10,2027-09,HH_M/Brent_M,month_pair,Mar/Apr,184,0.19570308774483403,0.0874424119423172
2027-09_2027-10,2027-09,HH_M/Brent_M,month_pair,Apr/May,184,0.2306588678105411,0.08806074743041493
2027-09_2027-10,2027-09,HH_M/Brent_M,month_pair,May/Jun,182,0.2507395331126371,0.0771497154162185
2027-09_2027-10,2027-09,HH_M/Brent_M,month_pair,Jun/Jul,184,0.1494490144439806,0.07230837224863479
2027-09_2027-10,2027-09,HH_M/Brent_M,month_pair,Jul/Aug,184,0.16985616922918584,0.06979430689860629
2027-09_2027-10,2027-09,HH_M/Brent_M,month_pair,Aug/Sep,183,0.0509522778162786,0.06642438298885872
2027-09_2027-10,2027-09,HH_M/Brent_M,month_pair,Sep/Oct,184,0.09672534226899118,0.06810612745230477
2027-09_2027-10,2027-09,HH_M/Brent_M,pooled,all,2204,0.19547132617946858,1.0
2028-01_2028-02,2028-01,TTF_M/TTF_M1,year,2021,90,0.9556597752766683,0.12569797261040563
2028-01_2028-02,2028-01,TTF_M/TTF_M1,year,2022,607,0.9851185720782257,0.4478091949721286
2028-01_2028-02,2028-01,TTF_M/TTF_M1,year,2023,750,0.9919768924543807,0.20065573041309848
2028-01_2028-02,2028-01,TTF_M/TTF_M1,year,2024,755,0.997457269006476,0.07843270101449132
2028-01_2028-02,2028-01,TTF_M/TTF_M1,year,2025,665,0.9940337481453112,0.07126778211328344
2028-01_2028-02,2028-01,TTF_M/TTF_M1,year,2026,147,0.995076183987661,0.07613661887659254
2028-01_2028-02,2028-01,TTF_M/TTF_M1,days_to_expiry,"(365, 730]",575,0.9630905822478867,0.2038447183782342
2028-01_2028-02,2028-01,TTF_M/TTF_M1,days_to_expiry,"(180, 365]",1235,0.9901451528152165,0.4237252990371936
2028-01_2028-02,2028-01,TTF_M/TTF_M1,days_to_expiry,"(90, 180]",584,0.9969903309595645,0.18404557988026954
2028-01_2028-02,2028-01,TTF_M/TTF_M1,days_to_expiry,"(60, 90]",195,0.9953435015713061,0.05041720432261606
2028-01_2028-02,2028-01,TTF_M/TTF_M1,days_to_expiry,"(30, 60]",190,0.9925496960334068,0.05377798525481343
2028-01_2028-02,2028-01,TTF_M/TTF_M1,days_to_expiry,"(0, 30]",187,0.9854042182959604,0.07096871088658421
2028-01_2028-02,2028-01,TTF_M/TTF_M1,days_to_expiry,nan,48,0.9859623630705328,0.013220502240289027
2028-01_2028-02,2028-01,TTF_M/TTF_M1,month_pair,Oct/Nov,252,0.9879784272557942,0.09451478093834734
2028-01_2028-02,2028-01,TTF_M/TTF_M1,month_pair,Nov/Dec,252,0.99466514854597,0.10083238413596804
2028-01_2028-02,2028-01,TTF_M/TTF_M1,month_pair,Dec/Jan,252,0.9978773278393476,0.10461907878250155
2028-01_2028-02,2028-01,TTF_M/TTF_M1,month_pair,Jan/Feb,252,0.9960886075124472,0.10764168224873483
2028-01_2028-02,2028-01,TTF_M/TTF_M1,month_pair,Feb/Mar,250,0.997292431786417,0.10563762028146427
2028-01_2028-02,2028-01,TTF_M/TTF_M1,month_pair,Mar/Apr,249,0.8779129203088856,0.07947616175855617
2028-01_2028-02,2028-01,TTF_M/TTF_M1,month_pair,Apr/May,250,0.9902412026392499,0.06895878309135096
2028-01_2028-02,2028-01,TTF_M/TTF_M1,month_pair,May/Jun,252,0.9975434910546677,0.06645125355719245
2028-01_2028-02,2028-01,TTF_M/TTF_M1,month_pair,Jun/Jul,252,0.9980955393715037,0.06063915201880111
2028-01_2028-02,2028-01,TTF_M/TTF_M1,month_pair,Jul/Aug,251,0.9988791411176757,0.07407543928008731
2028-01_2028-02,2028-01,TTF_M/TTF_M1,month_pair,Aug/Sep,251,0.9986353693614212,0.07402828410453202
2028-01_2028-02,2028-01,TTF_M/TTF_M1,month_pair,Sep/Oct,251,0.9935346461375105,0.063125379802464
2028-01_2028-02,2028-01,TTF_M/TTF_M1,pooled,all,3014,0.9855953989477745,1.0
2028-01_2028-02,2028-01,HH_M/HH_M1,year,2021,90,0.9942475543947937,0.012997033028021531
2028-01_2028-02,2028-01,HH_M/HH_M1,year,2022,607,0.9888020377016573,0.41535916521727767
2028-01_2028-02,2028-01,HH_M/HH_M1,year,2023,750,0.9861304116742254,0.18041299084937512
2028-01_2028-02,2028-01,HH_M/HH_M1,year,2024,755,0.9731004075482331,0.14157856699314034
2028-01_2028-02,2028-01,HH_M/HH_M1,year,2025,665,0.989729867291357,0.16664377033738814
2028-01_2028-02,2028-01,HH_M/HH_M1,year,2026,147,0.9254844482819381,0.08300847357479713
2028-01_2028-02,2028-01,HH_M/HH_M1,days_to_expiry,"(365, 730]",575,0.9857666431533899,0.09347853002750352
2028-01_2028-02,2028-01,HH_M/HH_M1,days_to_expiry,"(180, 365]",1235,0.9892937420598098,0.30267015995067853
2028-01_2028-02,2028-01,HH_M/HH_M1,days_to_expiry,"(90, 180]",584,0.9938788546709442,0.21468749552370772
2028-01_2028-02,2028-01,HH_M/HH_M1,days_to_expiry,"(60, 90]",195,0.9883725166023278,0.09727743894341977
2028-01_2028-02,2028-01,HH_M/HH_M1,days_to_expiry,"(30, 60]",190,0.9926838155555652,0.11533955682494336
2028-01_2028-02,2028-01,HH_M/HH_M1,days_to_expiry,"(0, 30]",187,0.9750325377393815,0.14420151920967653
2028-01_2028-02,2028-01,HH_M/HH_M1,days_to_expiry,nan,48,0.8054379212931686,0.03234529952007049
2028-01_2028-02,2028-01,HH_M/HH_M1,month_pair,Oct/Nov,252,0.9846633863689391,0.09298110726639165
2028-01_2028-02,2028-01,HH_M/HH_M1,month_pair,Nov/Dec,252,0.987208897083426,0.08278271415723794
2028-01_2028-02,2028-01,HH_M/HH_M1,month_pair,Dec/Jan,252,0.9934855229089311,0.07729998454659476
2028-01_2028-02,2028-01,HH_M/HH_M1,month_pair,Jan/Feb,252,0.9924400513584083,0.09245849988967211
2028-01_2028-02,2028-01,HH_M/HH_M1,month_pair,Feb/Mar,250,0.92997522046985,0.12348031422264842
2028-01_2028-02,2028-01,HH_M/HH_M1,month_pair,Mar/Apr,249,0.9594071293970031,0.09042771971920002
2028-01_2028-02,2028-01,HH_M/HH_M1,month_pair,Apr/May,250,0.9949569709459674,0.08638222146560122
2028-01_2028-02,2028-01,HH_M/HH_M1,month_pair,May/Jun,252,0.9938574484138196,0.07541976748491618
2028-01_2028-02,2028-01,HH_M/HH_M1,month_pair,Jun/Jul,252,0.9897254886023097,0.07312968887584459
2028-01_2028-02,2028-01,HH_M/HH_M1,month_pair,Jul/Aug,251,0.9962592740287141,0.07076526737413744
2028-01_2028-02,2028-01,HH_M/HH_M1,month_pair,Aug/Sep,251,0.9954310804812889,0.06537638431089511
2028-01_2028-02,2028-01,HH_M/HH_M1,month_pair,Sep/Oct,251,0.9972809034589307,0.06949633068686048
2028-01_2028-02,2028-01,HH_M/HH_M1,pooled,all,3014,0.9799824721314838,1.0
2028-01_2028-02,2028-01,Brent_M/Brent_M1,year,2021,90,0.9998957114457645,0.040858556446497434
2028-01_2028-02,2028-01,Brent_M/Brent_M1,year,2022,607,0.999529140708082,0.30362467901953794
2028-01_2028-02,2028-01,Brent_M/Brent_M1,year,2023,750,0.9997097384004427,0.22260201148438763
2028-01_2028-02,2028-01,Brent_M/Brent_M1,year,2024,755,0.9998124887080835,0.1367492265457627
2028-01_2028-02,2028-01,Brent_M/Brent_M1,year,2025,665,0.9996694057150972,0.18026492406111697
2028-01_2028-02,2028-01,Brent_M/Brent_M1,year,2026,147,0.9927280910032954,0.11590060244269738
2028-01_2028-02,2028-01,Brent_M/Brent_M1,days_to_expiry,"(365, 730]",575,0.9998653787329126,0.16115966677340404
2028-01_2028-02,2028-01,Brent_M/Brent_M1,days_to_expiry,"(180, 365]",1235,0.9997956512601147,0.36822015628475024
2028-01_2028-02,2028-01,Brent_M/Brent_M1,days_to_expiry,"(90, 180]",584,0.9993267561647361,0.2022582381162667
2028-01_2028-02,2028-01,Brent_M/Brent_M1,days_to_expiry,"(60, 90]",195,0.9981173994201753,0.07330026713114779
2028-01_2028-02,2028-01,Brent_M/Brent_M1,days_to_expiry,"(30, 60]",190,0.9961065763127122,0.07840198579340496
2028-01_2028-02,2028-01,Brent_M/Brent_M1,days_to_expiry,"(0, 30]",187,0.9940436782836023,0.09288110010569803
2028-01_2028-02,2028-01,Brent_M/Brent_M1,days_to_expiry,nan,48,0.9975875550096827,0.023778585795328287
2028-01_2028-02,2028-01,Brent_M/Brent_M1,month_pair,Oct/Nov,252,0.999332038505509,0.08420744298864688
2028-01_2028-02,2028-01,Brent_M/Brent_M1,month_pair,Nov/Dec,252,0.9995192310700699,0.08063180102242355
2028-01_2028-02,2028-01,Brent_M/Brent_M1,month_pair,Dec/Jan,252,0.9996384773042096,0.09127349994256867
2028-01_2028-02,2028-01,Brent_M/Brent_M1,month_pair,Jan/Feb,252,0.9996261705025192,0.08406832062299165
2028-01_2028-02,2028-01,Brent_M/Brent_M1,month_pair,Feb/Mar,250,0.9996627515139075,0.0833133303390748
2028-01_2028-02,2028-01,Brent_M/Brent_M1,month_pair,Mar/Apr,249,0.9996622694318398,0.07412328945751019
2028-01_2028-02,2028-01,Brent_M/Brent_M1,month_pair,Apr/May,250,0.9974530965126477,0.08638954369827771
2028-01_2028-02,2028-01,Brent_M/Brent_M1,month_pair,May/Jun,252,0.9961731775677244,0.08482352108654047
2028-01_2028-02,2028-01,Brent_M/Brent_M1,month_pair,Jun/Jul,252,0.9972122833884121,0.08173667324808373
2028-01_2028-02,2028-01,Brent_M/Brent_M1,month_pair,Jul/Aug,251,0.9979781018886338,0.08861265897716376
2028-01_2028-02,2028-01,Brent_M/Brent_M1,month_pair,Aug/Sep,251,0.9983246280610777,0.07871704770572995
2028-01_2028-02,2028-01,Brent_M/Brent_M1,month_pair,Sep/Oct,251,0.9987212411003006,0.0821028709109887
2028-01_2028-02,2028-01,Brent_M/Brent_M1,pooled,all,3014,0.9985343606973278,1.0
2028-01_2028-02,2028-01,TTF_M/HH_M,year,2021,90,0.13796581562145,0.09630635876570469
2028-01_2028-02,2028-01,TTF_M/HH_M,year,2022,607,0.1257743665968525,0.4298852940436472
2028-01_2028-02,2028-01,TTF_M/HH_M,year,2023,750,0.1901599822845581,0.1963479151577085
2028-01_2028-02,2028-01,TTF_M/HH_M,year,2024,755,0.32566663816641533,0.09849105816858762
2028-01_2028-02,2028-01,TTF_M/HH_M,year,2025,665,0.06815149653113929,0.0982209287496494
2028-01_2028-02,2028-01,TTF_M/HH_M,year,2026,147,0.33198477799653797,0.08074844511470246
2028-01_2028-02,2028-01,TTF_M/HH_M,days_to_expiry,"(365, 730]",575,0.13750383397346494,0.17561803116392222
2028-01_2028-02,2028-01,TTF_M/HH_M,days_to_expiry,"(180, 365]",1235,0.1364621827809343,0.3794105195150494
2028-01_2028-02,2028-01,TTF_M/HH_M,days_to_expiry,"(90, 180]",584,0.14040996380189355,0.18983076486796788
2028-01_2028-02,2028-01,TTF_M/HH_M,days_to_expiry,"(60, 90]",195,0.23594936792863225,0.06466853542960971
2028-01_2028-02,2028-01,TTF_M/HH_M,days_to_expiry,"(30, 60]",190,0.2622269035886683,0.07220516905426337
2028-01_2028-02,2028-01,TTF_M/HH_M,days_to_expiry,"(0, 30]",187,0.30790716490322334,0.09641252986485824
2028-01_2028-02,2028-01,TTF_M/HH_M,days_to_expiry,nan,48,0.24307791770244136,0.021854450104329112
2028-01_2028-02,2028-01,TTF_M/HH_M,month_pair,Oct/Nov,252,0.15232198950898357,0.09594646997195923
2028-01_2028-02,2028-01,TTF_M/HH_M,month_pair,Nov/Dec,252,0.06532365745340166,0.09548542742388204
2028-01_2028-02,2028-01,TTF_M/HH_M,month_pair,Dec/Jan,252,0.13304900654957544,0.0950861205542198
2028-01_2028-02,2028-01,TTF_M/HH_M,month_pair,Jan/Feb,252,0.15012714688873816,0.10067073577357481
2028-01_2028-02,2028-01,TTF_M/HH_M,month_pair,Feb/Mar,250,0.20763389254000453,0.11253430343264721
2028-01_2028-02,2028-01,TTF_M/HH_M,month_pair,Mar/Apr,249,0.1887684351643258,0.09080670508487249
2028-01_2028-02,2028-01,TTF_M/HH_M,month_pair,Apr/May,250,0.30094984464018737,0.07297594482863971
2028-01_2028-02,2028-01,TTF_M/HH_M,month_pair,May/Jun,252,0.2765800409090744,0.06751193349326658
2028-01_2028-02,2028-01,TTF_M/HH_M,month_pair,Jun/Jul,252,0.1582247630940647,0.06325174992515543
2028-01_2028-02,2028-01,TTF_M/HH_M,month_pair,Jul/Aug,251,0.10328635149972692,0.07162913408768211
2028-01_2028-02,2028-01,TTF_M/HH_M,month_pair,Aug/Sep,251,0.12388933882463841,0.0698626343455141
2028-01_2028-02,2028-01,TTF_M/HH_M,month_pair,Sep/Oct,251,0.2539220653330379,0.06423884107858645
2028-01_2028-02,2028-01,TTF_M/HH_M,pooled,all,3014,0.17331505526372099,1.0
2028-01_2028-02,2028-01,TTF_M/Brent_M,year,2021,90,0.05197026149326619,0.11915439590090121
2028-01_2028-02,2028-01,TTF_M/Brent_M,year,2022,607,-0.0059418574436622285,0.42360333949096757
2028-01_2028-02,2028-01,TTF_M/Brent_M,year,2023,750,0.14651701960599403,0.20547441483905182
2028-01_2028-02,2028-01,TTF_M/Brent_M,year,2024,755,-0.008033900520425291,0.08522968632558332
2028-01_2028-02,2028-01,TTF_M/Brent_M,year,2025,665,0.5240567828784471,0.08423940074085373
2028-01_2028-02,2028-01,TTF_M/Brent_M,year,2026,147,0.5943554766607196,0.08229876270264234
2028-01_2028-02,2028-01,TTF_M/Brent_M,days_to_expiry,"(365, 730]",575,0.13049764711112827,0.20409654056880006
2028-01_2028-02,2028-01,TTF_M/Brent_M,days_to_expiry,"(180, 365]",1235,0.12477300972528965,0.40883285200112296
2028-01_2028-02,2028-01,TTF_M/Brent_M,days_to_expiry,"(90, 180]",584,0.14721514429843868,0.18346830115016383
2028-01_2028-02,2028-01,TTF_M/Brent_M,days_to_expiry,"(60, 90]",195,0.17237282164329326,0.05342643956827179
2028-01_2028-02,2028-01,TTF_M/Brent_M,days_to_expiry,"(30, 60]",190,0.24151956998032847,0.05815980130993028
2028-01_2028-02,2028-01,TTF_M/Brent_M,days_to_expiry,"(0, 30]",187,0.2940359863698757,0.07720113208605912
2028-01_2028-02,2028-01,TTF_M/Brent_M,days_to_expiry,nan,48,0.1011019132851121,0.014814933315651958
2028-01_2028-02,2028-01,TTF_M/Brent_M,month_pair,Oct/Nov,252,0.09383195783264393,0.0952230571305152
2028-01_2028-02,2028-01,TTF_M/Brent_M,month_pair,Nov/Dec,252,0.11886427764712065,0.09776888295728753
2028-01_2028-02,2028-01,TTF_M/Brent_M,month_pair,Dec/Jan,252,0.10532160594830299,0.10174368268516494
2028-01_2028-02,2028-01,TTF_M/Brent_M,month_pair,Jan/Feb,252,0.16070454615510532,0.10324999729804
2028-01_2028-02,2028-01,TTF_M/Brent_M,month_pair,Feb/Mar,250,0.11900464040058788,0.10056806486283103
2028-01_2028-02,2028-01,TTF_M/Brent_M,month_pair,Mar/Apr,249,0.03278348414589333,0.0864076552913246
2028-01_2028-02,2028-01,TTF_M/Brent_M,month_pair,Apr/May,250,0.17751336657112365,0.07100435769098137
2028-01_2028-02,2028-01,TTF_M/Brent_M,month_pair,May/Jun,252,0.2973104288970093,0.06721875149544607
2028-01_2028-02,2028-01,TTF_M/Brent_M,month_pair,Jun/Jul,252,0.16429835830424908,0.0619862114009928
2028-01_2028-02,2028-01,TTF_M/Brent_M,month_pair,Jul/Aug,251,0.20371143519055443,0.07518251106975661
2028-01_2028-02,2028-01,TTF_M/Brent_M,month_pair,Aug/Sep,251,0.24083454321764036,0.07391455434386408
2028-01_2028-02,2028-01,TTF_M/Brent_M,month_pair,Sep/Oct,251,0.1843534923971703,0.06573227377379569
2028-01_2028-02,2028-01,TTF_M/Brent_M,pooled,all,3014,0.1535742202510944,1.0
2028-01_2028-02,2028-01,HH_M/Brent_M,year,2021,90,0.043759951956943474,0.01963056660164441
2028-01_2028-02,2028-01,HH_M/Brent_M,year,2022,607,0.34657553047266776,0.3746234414556864
2028-01_2028-02,2028-01,HH_M/Brent_M,year,2023,750,0.21535195211393585,0.1900629083597708
2028-01_2028-02,2028-01,HH_M/Brent_M,year,2024,755,0.013458586993293557,0.14529829710172532
2028-01_2028-02,2028-01,HH_M/Brent_M,year,2025,665,0.18880215249852067,0.16999321920622515
2028-01_2028-02,2028-01,HH_M/Brent_M,year,2026,147,0.141717921103914,0.10039156727494798
2028-01_2028-02,2028-01,HH_M/Brent_M,days_to_expiry,"(365, 730]",575,0.3160543681688028,0.10788668857193548
2028-01_2028-02,2028-01,HH_M/Brent_M,days_to_expiry,"(180, 365]",1235,0.24818303530028918,0.3104330503468413
2028-01_2028-02,2028-01,HH_M/Brent_M,days_to_expiry,"(90, 180]",584,0.23250980613104702,0.20911355707870857
2028-01_2028-02,2028-01,HH_M/Brent_M,days_to_expiry,"(60, 90]",195,0.1463190032498796,0.09271395531605935
2028-01_2028-02,2028-01,HH_M/Brent_M,days_to_expiry,"(30, 60]",190,0.12421537141307123,0.10575413854795827
2028-01_2028-02,2028-01,HH_M/Brent_M,days_to_expiry,"(0, 30]",187,0.15106714738603924,0.13619957560073065
2028-01_2028-02,2028-01,HH_M/Brent_M,days_to_expiry,nan,48,0.10479773466202046,0.03789903453776639
2028-01_2028-02,2028-01,HH_M/Brent_M,month_pair,Oct/Nov,252,0.2658583052109149,0.09104862320046651
2028-01_2028-02,2028-01,HH_M/Brent_M,month_pair,Nov/Dec,252,0.20335287286371023,0.08254734312589172
2028-01_2028-02,2028-01,HH_M/Brent_M,month_pair,Dec/Jan,252,0.23743231328137035,0.07880018024242443
2028-01_2028-02,2028-01,HH_M/Brent_M,month_pair,Jan/Feb,252,0.19219460903140123,0.08615252718674347
2028-01_2028-02,2028-01,HH_M/Brent_M,month_pair,Feb/Mar,250,0.22272642293062275,0.1215496825952159
2028-01_2028-02,2028-01,HH_M/Brent_M,month_pair,Mar/Apr,249,0.21440343119777924,0.09074001172136727
2028-01_2028-02,2028-01,HH_M/Brent_M,month_pair,Apr/May,250,0.2524651439680972,0.0844316374918415
2028-01_2028-02,2028-01,HH_M/Brent_M,month_pair,May/Jun,252,0.26230761454209417,0.0779736086499972
2028-01_2028-02,2028-01,HH_M/Brent_M,month_pair,Jun/Jul,252,0.20392351174517087,0.07610843962150636
2028-01_2028-02,2028-01,HH_M/Brent_M,month_pair,Jul/Aug,251,0.22798710563838956,0.07340002059195079
2028-01_2028-02,2028-01,HH_M/Brent_M,month_pair,Aug/Sep,251,0.09303250814221367,0.06631909347466465
2028-01_2028-02,2028-01,HH_M/Brent_M,month_pair,Sep/Oct,251,0.16055917902199882,0.0709288320979302
2028-01_2028-02,2028-01,HH_M/Brent_M,pooled,all,3014,0.21194326842498787,1.0
2028-02_2028-03,2028-02,TTF_M/TTF_M1,year,2021,119,0.9535585589904403,0.12657803844241658
2028-02_2028-03,2028-02,TTF_M/TTF_M1,year,2022,655,0.9855558454941775,0.4559551469851009
2028-02_2028-03,2028-02,TTF_M/TTF_M1,year,2023,798,0.9920464282858212,0.1981964862388523
2028-02_2028-03,2028-02,TTF_M/TTF_M1,year,2024,803,0.9973192794984085,0.07752843894146871
2028-02_2028-03,2028-02,TTF_M/TTF_M1,year,2025,685,0.9941506607307736,0.06942402470298463
2028-02_2028-03,2028-02,TTF_M/TTF_M1,year,2026,147,0.995076183987661,0.07231786468917692
2028-02_2028-03,2028-02,TTF_M/TTF_M1,days_to_expiry,"(365, 730]",768,0.9668175613498395,0.2437771629809311
2028-02_2028-03,2028-02,TTF_M/TTF_M1,days_to_expiry,"(180, 365]",1235,0.9901451528152165,0.4024726773173487
2028-02_2028-03,2028-02,TTF_M/TTF_M1,days_to_expiry,"(90, 180]",584,0.9969903309595645,0.17481447874636835
2028-02_2028-03,2028-02,TTF_M/TTF_M1,days_to_expiry,"(60, 90]",195,0.9953435015713061,0.047888448607355756
2028-02_2028-03,2028-02,TTF_M/TTF_M1,days_to_expiry,"(30, 60]",190,0.9925496960334068,0.051080664183654964
2028-02_2028-03,2028-02,TTF_M/TTF_M1,days_to_expiry,"(0, 30]",187,0.9854042182959604,0.0674091614099663
2028-02_2028-03,2028-02,TTF_M/TTF_M1,days_to_expiry,nan,48,0.9859623630705328,0.012557406754374788
2028-02_2028-03,2028-02,TTF_M/TTF_M1,month_pair,Oct/Nov,267,0.9882095552893935,0.09245655477032098
2028-02_2028-03,2028-02,TTF_M/TTF_M1,month_pair,Nov/Dec,268,0.9949025869100615,0.10124253784069916
2028-02_2028-03,2028-02,TTF_M/TTF_M1,month_pair,Dec/Jan,268,0.9978538367170733,0.10644684225144867
2028-02_2028-03,2028-02,TTF_M/TTF_M1,month_pair,Jan/Feb,268,0.9961338240563145,0.1118901679114935
2028-02_2028-03,2028-02,TTF_M/TTF_M1,month_pair,Feb/Mar,267,0.9972073162441626,0.10562463656676133
2028-02_2028-03,2028-02,TTF_M/TTF_M1,month_pair,Mar/Apr,266,0.8774975539659491,0.07699245124589806
2028-02_2028-03,2028-02,TTF_M/TTF_M1,month_pair,Apr/May,266,0.983703801315987,0.06794523323581175
2028-02_2028-03,2028-02,TTF_M/TTF_M1,month_pair,May/Jun,266,0.9971531765975951,0.065193073702963
2028-02_2028-03,2028-02,TTF_M/TTF_M1,month_pair,Jun/Jul,268,0.9982287314637069,0.0633470239863185
2028-02_2028-03,2028-02,TTF_M/TTF_M1,month_pair,Jul/Aug,268,0.9988397356406298,0.07379606503311707
2028-02_2028-03,2028-02,TTF_M/TTF_M1,month_pair,Aug/Sep,267,0.998634468227884,0.07304189738402098
2028-02_2028-03,2028-02,TTF_M/TTF_M1,month_pair,Sep/Oct,268,0.9936771713953346,0.06202351607114712
2028-02_2028-03,2028-02,TTF_M/TTF_M1,pooled,all,3207,0.9854296176121357,1.0
2028-02_2028-03,2028-02,HH_M/HH_M1,year,2021,119,0.9901106271342036,0.015807548157422146
2028-02_2028-03,2028-02,HH_M/HH_M1,year,2022,655,0.988893346852798,0.4199531204588262
2028-02_2028-03,2028-02,HH_M/HH_M1,year,2023,798,0.9863379512959415,0.17959755526857285
2028-02_2028-03,2028-02,HH_M/HH_M1,year,2024,803,0.9733737129422961,0.13960503332385416
2028-02_2028-03,2028-02,HH_M/HH_M1,year,2025,685,0.9898159026919283,0.16433082141937236
2028-02_2028-03,2028-02,HH_M/HH_M1,year,2026,147,0.9254844482819381,0.0807059213719522
2028-02_2028-03,2028-02,HH_M/HH_M1,days_to_expiry,"(365, 730]",768,0.9869039735657839,0.1186243123521302
2028-02_2028-03,2028-02,HH_M/HH_M1,days_to_expiry,"(180, 365]",1235,0.9892937420598098,0.2942744647461175
2028-02_2028-03,2028-02,HH_M/HH_M1,days_to_expiry,"(90, 180]",584,0.9938788546709442,0.20873233041281164
2028-02_2028-03,2028-02,HH_M/HH_M1,days_to_expiry,"(60, 90]",195,0.9883725166023278,0.09457908332163553
2028-02_2028-03,2028-02,HH_M/HH_M1,days_to_expiry,"(30, 60]",190,0.9926838155555652,0.11214018043353044
2028-02_2028-03,2028-02,HH_M/HH_M1,days_to_expiry,"(0, 30]",187,0.9750325377393815,0.1402015477439847
2028-02_2028-03,2028-02,HH_M/HH_M1,days_to_expiry,nan,48,0.8054379212931686,0.03144808098978987
2028-02_2028-03,2028-02,HH_M/HH_M1,month_pair,Oct/Nov,267,0.9853750033069951,0.09551363199597285
2028-02_2028-03,2028-02,HH_M/HH_M1,month_pair,Nov/Dec,268,0.9872950645750452,0.08131391644722501
2028-02_2028-03,2028-02,HH_M/HH_M1,month_pair,Dec/Jan,268,0.9935640274269955,0.07648423469866546
2028-02_2028-03,2028-02,HH_M/HH_M1,month_pair,Jan/Feb,268,0.9925817982097223,0.09244027769409231
2028-02_2028-03,2028-02,HH_M/HH_M1,month_pair,Feb/Mar,267,0.9300129100359795,0.12107433554059946
2028-02_2028-03,2028-02,HH_M/HH_M1,month_pair,Mar/Apr,266,0.9582183866333975,0.08906374201100276
2028-02_2028-03,2028-02,HH_M/HH_M1,month_pair,Apr/May,266,0.9949258794005131,0.08587964212143649
2028-02_2028-03,2028-02,HH_M/HH_M1,month_pair,May/Jun,266,0.9939330625397603,0.07456372081430405
2028-02_2028-03,2028-02,HH_M/HH_M1,month_pair,Jun/Jul,268,0.9898795065872327,0.0727370957672817
2028-02_2028-03,2028-02,HH_M/HH_M1,month_pair,Jul/Aug,268,0.9963469035597773,0.07117042293505713
2028-02_2028-03,2028-02,HH_M/HH_M1,month_pair,Aug/Sep,267,0.9956776945739683,0.06847603597947137
2028-02_2028-03,2028-02,HH_M/HH_M1,month_pair,Sep/Oct,268,0.9973693936409269,0.07128294399489134
2028-02_2028-03,2028-02,HH_M/HH_M1,pooled,all,3207,0.9802627354190231,1.0
2028-02_2028-03,2028-02,Brent_M/Brent_M1,year,2021,119,0.9998868388677594,0.045897533664321546
2028-02_2028-03,2028-02,Brent_M/Brent_M1,year,2022,655,0.9995457944295197,0.30790720686229195
2028-02_2028-03,2028-02,Brent_M/Brent_M1,year,2023,798,0.9997166116709839,0.22229679572123012
2028-02_2028-03,2028-02,Brent_M/Brent_M1,year,2024,803,0.9998174846973351,0.13710770167557373
2028-02_2028-03,2028-02,Brent_M/Brent_M1,year,2025,685,0.9996720979964788,0.17587998172205244
2028-02_2028-03,2028-02,Brent_M/Brent_M1,year,2026,147,0.9927280910032954,0.11091078035453017
2028-02_2028-03,2028-02,Brent_M/Brent_M1,days_to_expiry,"(365, 730]",768,0.9998638133703182,0.19727392273897626
2028-02_2028-03,2028-02,Brent_M/Brent_M1,days_to_expiry,"(180, 365]",1235,0.9997956512601147,0.3523673217833382
2028-02_2028-03,2028-02,Brent_M/Brent_M1,days_to_expiry,"(90, 180]",584,0.9993267561647361,0.19355049542299374
2028-02_2028-03,2028-02,Brent_M/Brent_M1,days_to_expiry,"(60, 90]",195,0.9981173994201753,0.07014450016970863
2028-02_2028-03,2028-02,Brent_M/Brent_M1,days_to_expiry,"(30, 60]",190,0.9961065763127122,0.07502657658738704
2028-02_2028-03,2028-02,Brent_M/Brent_M1,days_to_expiry,"(0, 30]",187,0.9940436782836023,0.08888232740639457
2028-02_2028-03,2028-02,Brent_M/Brent_M1,days_to_expiry,nan,48,0.9975875550096827,0.022754855891201423
2028-02_2028-03,2028-02,Brent_M/Brent_M1,month_pair,Oct/Nov,267,0.9993432982299305,0.08300483688467403
2028-02_2028-03,2028-02,Brent_M/Brent_M1,month_pair,Nov/Dec,268,0.9995350371681596,0.08081808739147858
2028-02_2028-03,2028-02,Brent_M/Brent_M1,month_pair,Dec/Jan,268,0.9996558389490751,0.09295002021856787
2028-02_2028-03,2028-02,Brent_M/Brent_M1,month_pair,Jan/Feb,268,0.9996323729254593,0.08341644611677379
2028-02_2028-03,2028-02,Brent_M/Brent_M1,month_pair,Feb/Mar,267,0.9996727926232643,0.08371234221024272
2028-02_2028-03,2028-02,Brent_M/Brent_M1,month_pair,Mar/Apr,266,0.9996575016029005,0.0724499610568663
2028-02_2028-03,2028-02,Brent_M/Brent_M1,month_pair,Apr/May,266,0.9975541804092586,0.08681220295357654
2028-02_2028-03,2028-02,Brent_M/Brent_M1,month_pair,May/Jun,266,0.9962386219955828,0.08304685998667824
2028-02_2028-03,2028-02,Brent_M/Brent_M1,month_pair,Jun/Jul,268,0.9972459285695658,0.0795336311838219
2028-02_2028-03,2028-02,Brent_M/Brent_M1,month_pair,Jul/Aug,268,0.9981346981852786,0.09340016014235739
2028-02_2028-03,2028-02,Brent_M/Brent_M1,month_pair,Aug/Sep,267,0.9983807571505577,0.07883014907683292
2028-02_2028-03,2028-02,Brent_M/Brent_M1,month_pair,Sep/Oct,268,0.9987594313781623,0.08202530277812971
2028-02_2028-03,2028-02,Brent_M/Brent_M1,pooled,all,3207,0.9985854642770174,1.0
2028-02_2028-03,2028-02,TTF_M/HH_M,year,2021,119,0.1598633134928426,0.09839398885924136
2028-02_2028-03,2028-02,TTF_M/HH_M,year,2022,655,0.12644976003601094,0.4370714169908988
2028-02_2028-03,2028-02,TTF_M/HH_M,year,2023,798,0.1892645255102767,0.19446926348183075
2028-02_2028-03,2028-02,TTF_M/HH_M,year,2024,803,0.3232851802649267,0.09696889765011647
2028-02_2028-03,2028-02,TTF_M/HH_M,year,2025,685,0.07048402373884625,0.09582028269089471
2028-02_2028-03,2028-02,TTF_M/HH_M,year,2026,147,0.33198477799653797,0.0772761503270181
2028-02_2028-03,2028-02,TTF_M/HH_M,days_to_expiry,"(365, 730]",768,0.1519601199406634,0.21106759566493957
2028-02_2028-03,2028-02,TTF_M/HH_M,days_to_expiry,"(180, 365]",1235,0.1364621827809343,0.3630953425796504
2028-02_2028-03,2028-02,TTF_M/HH_M,days_to_expiry,"(90, 180]",584,0.14040996380189355,0.18166777950698826
2028-02_2028-03,2028-02,TTF_M/HH_M,days_to_expiry,"(60, 90]",195,0.23594936792863225,0.06188769899145356
2028-02_2028-03,2028-02,TTF_M/HH_M,days_to_expiry,"(30, 60]",190,0.2622269035886683,0.06910024694963529
2028-02_2028-03,2028-02,TTF_M/HH_M,days_to_expiry,"(0, 30]",187,0.30790716490322334,0.09226665777479298
2028-02_2028-03,2028-02,TTF_M/HH_M,days_to_expiry,nan,48,0.24307791770244136,0.020914678532540008
2028-02_2028-03,2028-02,TTF_M/HH_M,month_pair,Oct/Nov,267,0.14433808441492027,0.09523410374676607
2028-02_2028-03,2028-02,TTF_M/HH_M,month_pair,Nov/Dec,268,0.05601755478140694,0.09545992776488174
2028-02_2028-03,2028-02,TTF_M/HH_M,month_pair,Dec/Jan,268,0.15315152029194265,0.09608162022079551
2028-02_2028-03,2028-02,TTF_M/HH_M,month_pair,Jan/Feb,268,0.13993687612914188,0.10333438733395844
2028-02_2028-03,2028-02,TTF_M/HH_M,month_pair,Feb/Mar,267,0.211700683565649,0.11162936437662221
2028-02_2028-03,2028-02,TTF_M/HH_M,month_pair,Mar/Apr,266,0.19190364005608354,0.08877770324214664
2028-02_2028-03,2028-02,TTF_M/HH_M,month_pair,Apr/May,266,0.2972176988908188,0.07239461404463121
2028-02_2028-03,2028-02,TTF_M/HH_M,month_pair,May/Jun,266,0.2823751728209995,0.06648674290287138
2028-02_2028-03,2028-02,TTF_M/HH_M,month_pair,Jun/Jul,268,0.1520049984613622,0.06495149204267787
2028-02_2028-03,2028-02,TTF_M/HH_M,month_pair,Jul/Aug,268,0.110408326714387,0.07167226479344072
2028-02_2028-03,2028-02,TTF_M/HH_M,month_pair,Aug/Sep,267,0.1374422613174851,0.07006780174500686
2028-02_2028-03,2028-02,TTF_M/HH_M,month_pair,Sep/Oct,268,0.2607992240334629,0.06390997778620149
2028-02_2028-03,2028-02,TTF_M/HH_M,pooled,all,3207,0.17477395983883495,1.0
2028-02_2028-03,2028-02,TTF_M/Brent_M,year,2021,119,0.06624095222343145,0.1207452076460604
2028-02_2028-03,2028-02,TTF_M/Brent_M,year,2022,655,0.0035649150517163566,0.431160909134712
2028-02_2028-03,2028-02,TTF_M/Brent_M,year,2023,798,0.13957308984869238,0.2032802646161251
2028-02_2028-03,2028-02,TTF_M/Brent_M,year,2024,803,-0.009089955124198914,0.08448817832317274
2028-02_2028-03,2028-02,TTF_M/Brent_M,year,2025,685,0.5175355902988055,0.0820331990908328
2028-02_2028-03,2028-02,TTF_M/Brent_M,year,2026,147,0.5943554766607196,0.07829224118909694
2028-02_2028-03,2028-02,TTF_M/Brent_M,days_to_expiry,"(365, 730]",768,0.13021304607877576,0.2428432267667193
2028-02_2028-03,2028-02,TTF_M/Brent_M,days_to_expiry,"(180, 365]",1235,0.12477300972528965,0.3889297870801478
2028-02_2028-03,2028-02,TTF_M/Brent_M,days_to_expiry,"(90, 180]",584,0.14721514429843868,0.17453657883171692
2028-02_2028-03,2028-02,TTF_M/Brent_M,days_to_expiry,"(60, 90]",195,0.17237282164329326,0.05082549913498942
2028-02_2028-03,2028-02,TTF_M/Brent_M,days_to_expiry,"(30, 60]",190,0.24151956998032847,0.055328428303586405
2028-02_2028-03,2028-02,TTF_M/Brent_M,days_to_expiry,"(0, 30]",187,0.2940359863698757,0.07344277671818522
2028-02_2028-03,2028-02,TTF_M/Brent_M,days_to_expiry,nan,48,0.1011019132851121,0.014093703164654872
2028-02_2028-03,2028-02,TTF_M/Brent_M,month_pair,Oct/Nov,267,0.09591133810314247,0.09327932012674797
2028-02_2028-03,2028-02,TTF_M/Brent_M,month_pair,Nov/Dec,268,0.08417441265090694,0.09817152108050019
2028-02_2028-03,2028-02,TTF_M/Brent_M,month_pair,Dec/Jan,268,0.10194112342753116,0.10325388413982454
2028-02_2028-03,2028-02,TTF_M/Brent_M,month_pair,Jan/Feb,268,0.18203979929677155,0.10631523860326682
2028-02_2028-03,2028-02,TTF_M/Brent_M,month_pair,Feb/Mar,267,0.12363407992990474,0.10064664680135976
2028-02_2028-03,2028-02,TTF_M/Brent_M,month_pair,Mar/Apr,266,0.031105600340188066,0.08424846206397288
2028-02_2028-03,2028-02,TTF_M/Brent_M,month_pair,Apr/May,266,0.16326329774267712,0.07053516924450298
2028-02_2028-03,2028-02,TTF_M/Brent_M,month_pair,May/Jun,266,0.2942622100315222,0.06605801987354916
2028-02_2028-03,2028-02,TTF_M/Brent_M,month_pair,Jun/Jul,268,0.15550941206860133,0.06398411363535025
2028-02_2028-03,2028-02,TTF_M/Brent_M,month_pair,Jul/Aug,268,0.2320916704987585,0.07563844658236628
2028-02_2028-03,2028-02,TTF_M/Brent_M,month_pair,Aug/Sep,267,0.23293115982887908,0.07312712724075185
2028-02_2028-03,2028-02,TTF_M/Brent_M,month_pair,Sep/Oct,268,0.18555883468505033,0.06474205060780724
2028-02_2028-03,2028-02,TTF_M/Brent_M,pooled,all,3207,0.1524541462181193,1.0
2028-02_2028-03,2028-02,HH_M/Brent_M,year,2021,119,0.10891033052212949,0.023030889338327403
2028-02_2028-03,2028-02,HH_M/Brent_M,year,2022,655,0.35175962609376105,0.37895582673128564
2028-02_2028-03,2028-02,HH_M/Brent_M,year,2023,798,0.22091306017605963,0.18954214025370908
2028-02_2028-03,2028-02,HH_M/Brent_M,year,2024,803,0.02051423535615245,0.14391774685450756
2028-02_2028-03,2028-02,HH_M/Brent_M,year,2025,685,0.18899387647255436,0.16724414484741795
2028-02_2028-03,2028-02,HH_M/Brent_M,year,2026,147,0.141717921103914,0.09730925197475246
2028-02_2028-03,2028-02,HH_M/Brent_M,days_to_expiry,"(365, 730]",768,0.3371573680200028,0.13527718145857281
2028-02_2028-03,2028-02,HH_M/Brent_M,days_to_expiry,"(180, 365]",1235,0.24818303530028918,0.3009018460162041
2028-02_2028-03,2028-02,HH_M/Brent_M,days_to_expiry,"(90, 180]",584,0.23250980613104702,0.20269315809542804
2028-02_2028-03,2028-02,HH_M/Brent_M,days_to_expiry,"(60, 90]",195,0.1463190032498796,0.08986736520127739
2028-02_2028-03,2028-02,HH_M/Brent_M,days_to_expiry,"(30, 60]",190,0.12421537141307123,0.10250717659534103
2028-02_2028-03,2028-02,HH_M/Brent_M,days_to_expiry,"(0, 30]",187,0.15106714738603924,0.13201784951407125
2028-02_2028-03,2028-02,HH_M/Brent_M,days_to_expiry,nan,48,0.10479773466202046,0.036735423119105465
2028-02_2028-03,2028-02,HH_M/Brent_M,month_pair,Oct/Nov,267,0.2846974514625417,0.09265332153686523
2028-02_2028-03,2028-02,HH_M/Brent_M,month_pair,Nov/Dec,268,0.20630746333846087,0.08154764932952765
2028-02_2028-03,2028-02,HH_M/Brent_M,month_pair,Dec/Jan,268,0.24216529238282114,0.07878570833388684
2028-02_2028-03,2028-02,HH_M/Brent_M,month_pair,Jan/Feb,268,0.19699254927605162,0.08602932714013413
2028-02_2028-03,2028-02,HH_M/Brent_M,month_pair,Feb/Mar,267,0.22308447860670447,0.11955210145266533
2028-02_2028-03,2028-02,HH_M/Brent_M,month_pair,Mar/Apr,266,0.21669341212042167,0.08926557338339874
2028-02_2028-03,2028-02,HH_M/Brent_M,month_pair,Apr/May,266,0.25162302462300784,0.08428226866574219
2028-02_2028-03,2028-02,HH_M/Brent_M,month_pair,May/Jun,266,0.2674446059203117,0.07695422000396646
2028-02_2028-03,2028-02,HH_M/Brent_M,month_pair,Jun/Jul,268,0.20503256310795598,0.07528235180798845
2028-02_2028-03,2028-02,HH_M/Brent_M,month_pair,Jul/Aug,268,0.23833460134599266,0.0749961663530796
2028-02_2028-03,2028-02,HH_M/Brent_M,month_pair,Aug/Sep,267,0.1249713009128853,0.06847643704128216
2028-02_2028-03,2028-02,HH_M/Brent_M,month_pair,Sep/Oct,268,0.16307096471076138,0.07217487495146328
2028-02_2028-03,2028-02,HH_M/Brent_M,pooled,all,3207,0.21836098229410125,1.0
2028-03_2028-04,2028-03,TTF_M/TTF_M1,year,2021,151,0.9538497591571974,0.12774991090782734
2028-03_2028-04,2028-03,TTF_M/TTF_M1,year,2022,704,0.9853949095100275,0.45715062601449796
2028-03_2028-04,2028-03,TTF_M/TTF_M1,year,2023,846,0.9917169890208978,0.19772102044831533
2028-03_2028-04,2028-03,TTF_M/TTF_M1,year,2024,850,0.9972724303157562,0.078225041818682
2028-03_2028-04,2028-03,TTF_M/TTF_M1,year,2025,701,0.9943024486996103,0.06940829778306169
2028-03_2028-04,2028-03,TTF_M/TTF_M1,year,2026,147,0.995076183987661,0.06974510302761588
2028-03_2028-04,2028-03,TTF_M/TTF_M1,days_to_expiry,"(365, 730]",960,0.968575102490404,0.27068035116329414
2028-03_2028-04,2028-03,TTF_M/TTF_M1,days_to_expiry,"(180, 365]",1235,0.9901451528152165,0.38815441337968476
2028-03_2028-04,2028-03,TTF_M/TTF_M1,days_to_expiry,"(90, 180]",584,0.9969903309595645,0.16859532403629096
2028-03_2028-04,2028-03,TTF_M/TTF_M1,days_to_expiry,"(60, 90]",195,0.9953435015713061,0.04618478153784008
2028-03_2028-04,2028-03,TTF_M/TTF_M1,days_to_expiry,"(30, 60]",190,0.9925496960334068,0.04926343167791632
2028-03_2028-04,2028-03,TTF_M/TTF_M1,days_to_expiry,"(0, 30]",187,0.9854042182959604,0.06501103050747166
2028-03_2028-04,2028-03,TTF_M/TTF_M1,days_to_expiry,nan,48,0.9859623630705328,0.01211066769750219
2028-03_2028-04,2028-03,TTF_M/TTF_M1,month_pair,Oct/Nov,284,0.9884633779648769,0.09128650174044661
2028-03_2028-04,2028-03,TTF_M/TTF_M1,month_pair,Nov/Dec,284,0.9949494752086907,0.09932739969795527
2028-03_2028-04,2028-03,TTF_M/TTF_M1,month_pair,Dec/Jan,284,0.9976034900729858,0.10684417283611455
2028-03_2028-04,2028-03,TTF_M/TTF_M1,month_pair,Jan/Feb,284,0.9961666324233359,0.114673238057829
2028-03_2028-04,2028-03,TTF_M/TTF_M1,month_pair,Feb/Mar,282,0.9970867495301801,0.10410285575241661
2028-03_2028-04,2028-03,TTF_M/TTF_M1,month_pair,Mar/Apr,283,0.8781412499148294,0.07731927967948833
2028-03_2028-04,2028-03,TTF_M/TTF_M1,month_pair,Apr/May,283,0.9818042164007154,0.06638357613960857
2028-03_2028-04,2028-03,TTF_M/TTF_M1,month_pair,May/Jun,282,0.9969387059702466,0.06458178951284343
2028-03_2028-04,2028-03,TTF_M/TTF_M1,month_pair,Jun/Jul,282,0.9980036178398953,0.0626073974850245
2028-03_2028-04,2028-03,TTF_M/TTF_M1,month_pair,Jul/Aug,284,0.9988555958235474,0.07419571018143488
2028-03_2028-04,2028-03,TTF_M/TTF_M1,month_pair,Aug/Sep,283,0.9986433227459858,0.07556640328243983
2028-03_2028-04,2028-03,TTF_M/TTF_M1,month_pair,Sep/Oct,284,0.9938644101886351,0.06311167563439862
2028-03_2028-04,2028-03,TTF_M/TTF_M1,pooled,all,3399,0.9852696945266526,1.0
2028-03_2028-04,2028-03,HH_M/HH_M1,year,2021,151,0.9907946327441325,0.017797771937179286
2028-03_2028-04,2028-03,HH_M/HH_M1,year,2022,704,0.9890630271085536,0.42313336132620766
2028-03_2028-04,2028-03,HH_M/HH_M1,year,2023,846,0.9863696237113672,0.1789694113216814
2028-03_2028-04,2028-03,HH_M/HH_M1,year,2024,850,0.9735042518652611,0.1383799591182305
2028-03_2028-04,2028-03,HH_M/HH_M1,year,2025,701,0.9898611243535099,0.16249855624752188
2028-03_2028-04,2028-03,HH_M/HH_M1,year,2026,147,0.9254844482819381,0.07922094004917932
2028-03_2028-04,2028-03,HH_M/HH_M1,days_to_expiry,"(365, 730]",960,0.9879936242110287,0.13484154167377027
2028-03_2028-04,2028-03,HH_M/HH_M1,days_to_expiry,"(180, 365]",1235,0.9892937420598098,0.2888598424174411
2028-03_2028-04,2028-03,HH_M/HH_M1,days_to_expiry,"(90, 180]",584,0.9938788546709442,0.20489167526814953
2028-03_2028-04,2028-03,HH_M/HH_M1,days_to_expiry,"(60, 90]",195,0.9883725166023278,0.09283883713064886
2028-03_2028-04,2028-03,HH_M/HH_M1,days_to_expiry,"(30, 60]",190,0.9926838155555652,0.11007681171602705
2028-03_2028-04,2028-03,HH_M/HH_M1,days_to_expiry,"(0, 30]",187,0.9750325377393815,0.137621852521076
2028-03_2028-04,2028-03,HH_M/HH_M1,days_to_expiry,nan,48,0.8054379212931686,0.03086943927288709
2028-03_2028-04,2028-03,HH_M/HH_M1,month_pair,Oct/Nov,284,0.9856704579070757,0.09669110446828569
2028-03_2028-04,2028-03,HH_M/HH_M1,month_pair,Nov/Dec,284,0.9876453623747103,0.08313424912823805
2028-03_2028-04,2028-03,HH_M/HH_M1,month_pair,Dec/Jan,284,0.993628415667009,0.07597874670059752
2028-03_2028-04,2028-03,HH_M/HH_M1,month_pair,Jan/Feb,284,0.9926391689358214,0.09156686180485707
2028-03_2028-04,2028-03,HH_M/HH_M1,month_pair,Feb/Mar,282,0.9307918065901306,0.12079337584952743
2028-03_2028-04,2028-03,HH_M/HH_M1,month_pair,Mar/Apr,283,0.9581876777656675,0.088079247859031
2028-03_2028-04,2028-03,HH_M/HH_M1,month_pair,Apr/May,283,0.994923630541841,0.08518369955819434
2028-03_2028-04,2028-03,HH_M/HH_M1,month_pair,May/Jun,282,0.9939540005350895,0.07479349712274853
2028-03_2028-04,2028-03,HH_M/HH_M1,month_pair,Jun/Jul,282,0.9899331434553506,0.07192995369013265
2028-03_2028-04,2028-03,HH_M/HH_M1,month_pair,Jul/Aug,284,0.9963820863960896,0.07083977297885181
2028-03_2028-04,2028-03,HH_M/HH_M1,month_pair,Aug/Sep,283,0.9957683305680438,0.06874516751990055
2028-03_2028-04,2028-03,HH_M/HH_M1,month_pair,Sep/Oct,284,0.9974129898070874,0.0722643233196353
2028-03_2028-04,2028-03,HH_M/HH_M1,pooled,all,3399,0.9805255916546859,1.0
2028-03_2028-04,2028-03,Brent_M/Brent_M1,year,2021,151,0.9998826835071787,0.051839486218470815
2028-03_2028-04,2028-03,Brent_M/Brent_M1,year,2022,704,0.9995603684234761,0.3123470044808364
2028-03_2028-04,2028-03,Brent_M/Brent_M1,year,2023,846,0.9997214612047336,0.2223504346741207
2028-03_2028-04,2028-03,Brent_M/Brent_M1,year,2024,850,0.9998197104885937,0.1359853351757088
2028-03_2028-04,2028-03,Brent_M/Brent_M1,year,2025,701,0.9996733900327164,0.17095792153539807
2028-03_2028-04,2028-03,Brent_M/Brent_M1,year,2026,147,0.9927280910032954,0.10651981791546528
2028-03_2028-04,2028-03,Brent_M/Brent_M1,days_to_expiry,"(365, 730]",960,0.9998606768737228,0.22905388175508015
2028-03_2028-04,2028-03,Brent_M/Brent_M1,days_to_expiry,"(180, 365]",1235,0.9997956512601147,0.338417084757156
2028-03_2028-04,2028-03,Brent_M/Brent_M1,days_to_expiry,"(90, 180]",584,0.9993267561647361,0.1858878232035024
2028-03_2028-04,2028-03,Brent_M/Brent_M1,days_to_expiry,"(60, 90]",195,0.9981173994201753,0.06736747647041058
2028-03_2028-04,2028-03,Brent_M/Brent_M1,days_to_expiry,"(30, 60]",190,0.9961065763127122,0.07205627127825677
2028-03_2028-04,2028-03,Brent_M/Brent_M1,days_to_expiry,"(0, 30]",187,0.9940436782836023,0.08536347234207525
2028-03_2028-04,2028-03,Brent_M/Brent_M1,days_to_expiry,nan,48,0.9975875550096827,0.02185399019351887
2028-03_2028-04,2028-03,Brent_M/Brent_M1,month_pair,Oct/Nov,284,0.9993545897101417,0.08179225396614981
2028-03_2028-04,2028-03,Brent_M/Brent_M1,month_pair,Nov/Dec,284,0.9995407479975335,0.07976566730555881
2028-03_2028-04,2028-03,Brent_M/Brent_M1,month_pair,Dec/Jan,284,0.9996595849327423,0.09153240522488928
2028-03_2028-04,2028-03,Brent_M/Brent_M1,month_pair,Jan/Feb,284,0.9996385165163898,0.08244430370596814
2028-03_2028-04,2028-03,Brent_M/Brent_M1,month_pair,Feb/Mar,282,0.9996801137291766,0.08322412657231638
2028-03_2028-04,2028-03,Brent_M/Brent_M1,month_pair,Mar/Apr,283,0.9996610901085291,0.07250788713551544
2028-03_2028-04,2028-03,Brent_M/Brent_M1,month_pair,Apr/May,283,0.9976444538008667,0.08711019936209995
2028-03_2028-04,2028-03,Brent_M/Brent_M1,month_pair,May/Jun,282,0.9964920460205013,0.08661359046642016
2028-03_2028-04,2028-03,Brent_M/Brent_M1,month_pair,Jun/Jul,282,0.9972812450520848,0.07768814116406518
2028-03_2028-04,2028-03,Brent_M/Brent_M1,month_pair,Jul/Aug,284,0.9981561526145558,0.09106336792724279
2028-03_2028-04,2028-03,Brent_M/Brent_M1,month_pair,Aug/Sep,283,0.9985176814138726,0.08425353771761981
2028-03_2028-04,2028-03,Brent_M/Brent_M1,month_pair,Sep/Oct,284,0.9987793332099186,0.08200451945215428
2028-03_2028-04,2028-03,Brent_M/Brent_M1,pooled,all,3399,0.9986303143394172,1.0
2028-03_2028-04,2028-03,TTF_M/HH_M,year,2021,151,0.1563754093276284,0.10050125001756337
2028-03_2028-04,2028-03,TTF_M/HH_M,year,2022,704,0.13010873560554467,0.4388360872701369
2028-03_2028-04,2028-03,TTF_M/HH_M,year,2023,846,0.18877263436357153,0.19401640344304005
2028-03_2028-04,2028-03,TTF_M/HH_M,year,2024,850,0.32082655456419495,0.09682520478370094
2028-03_2028-04,2028-03,TTF_M/HH_M,year,2025,701,0.06813521617320117,0.09491274459591853
2028-03_2028-04,2028-03,TTF_M/HH_M,year,2026,147,0.33198477799653797,0.07490830988964017
2028-03_2028-04,2028-03,TTF_M/HH_M,days_to_expiry,"(365, 730]",960,0.16373445504633233,0.23524149720425047
2028-03_2028-04,2028-03,TTF_M/HH_M,days_to_expiry,"(180, 365]",1235,0.1364621827809343,0.3519696352152776
2028-03_2028-04,2028-03,TTF_M/HH_M,days_to_expiry,"(90, 180]",584,0.14040996380189355,0.17610124555485754
2028-03_2028-04,2028-03,TTF_M/HH_M,days_to_expiry,"(60, 90]",195,0.23594936792863225,0.059991380455552044
2028-03_2028-04,2028-03,TTF_M/HH_M,days_to_expiry,"(30, 60]",190,0.2622269035886683,0.06698292668629731
2028-03_2028-04,2028-03,TTF_M/HH_M,days_to_expiry,"(0, 30]",187,0.30790716490322334,0.08943948894745972
2028-03_2028-04,2028-03,TTF_M/HH_M,days_to_expiry,nan,48,0.24307791770244136,0.020273825936305105
2028-03_2028-04,2028-03,TTF_M/HH_M,month_pair,Oct/Nov,284,0.15045786922108334,0.09469181235364167
2028-03_2028-04,2028-03,TTF_M/HH_M,month_pair,Nov/Dec,284,0.049367635303325746,0.0946799604177105
2028-03_2028-04,2028-03,TTF_M/HH_M,month_pair,Dec/Jan,284,0.15369878807929493,0.09654436491672795
2028-03_2028-04,2028-03,TTF_M/HH_M,month_pair,Jan/Feb,284,0.15334307355658858,0.1048875921066934
2028-03_2028-04,2028-03,TTF_M/HH_M,month_pair,Feb/Mar,282,0.21462621314760646,0.1102001213976694
2028-03_2028-04,2028-03,TTF_M/HH_M,month_pair,Mar/Apr,283,0.19171002906423446,0.08898114419159257
2028-03_2028-04,2028-03,TTF_M/HH_M,month_pair,Apr/May,283,0.2909222506892188,0.07120963677844812
2028-03_2028-04,2028-03,TTF_M/HH_M,month_pair,May/Jun,282,0.27948736851103484,0.0660260335262472
2028-03_2028-04,2028-03,TTF_M/HH_M,month_pair,Jun/Jul,282,0.15433600275367287,0.06416866721462788
2028-03_2028-04,2028-03,TTF_M/HH_M,month_pair,Jul/Aug,284,0.10685894902989727,0.0718508391195752
2028-03_2028-04,2028-03,TTF_M/HH_M,month_pair,Aug/Sep,283,0.14439634890602626,0.07196297873386796
2028-03_2028-04,2028-03,TTF_M/HH_M,month_pair,Sep/Oct,284,0.2711906071172326,0.06479684924319797
2028-03_2028-04,2028-03,TTF_M/HH_M,pooled,all,3399,0.17673217928907992,1.0
2028-03_2028-04,2028-03,TTF_M/Brent_M,year,2021,151,0.07513290750801829,0.12281389342122598
2028-03_2028-04,2028-03,TTF_M/Brent_M,year,2022,704,0.012624303530577273,0.4324789039673325
2028-03_2028-04,2028-03,TTF_M/Brent_M,year,2023,846,0.14173904606796595,0.202876219311287
2028-03_2028-04,2028-03,TTF_M/Brent_M,year,2024,850,-0.0045507057086903255,0.08496252769365596
2028-03_2028-04,2028-03,TTF_M/Brent_M,year,2025,701,0.514028023234312,0.08140572486480854
2028-03_2028-04,2028-03,TTF_M/Brent_M,year,2026,147,0.5943554766607196,0.07546273074169016
2028-03_2028-04,2028-03,TTF_M/Brent_M,days_to_expiry,"(365, 730]",960,0.14200727826698678,0.27020715156501396
2028-03_2028-04,2028-03,TTF_M/Brent_M,days_to_expiry,"(180, 365]",1235,0.12477300972528965,0.3748737212537396
2028-03_2028-04,2028-03,TTF_M/Brent_M,days_to_expiry,"(90, 180]",584,0.14721514429843868,0.16822876255569294
2028-03_2028-04,2028-03,TTF_M/Brent_M,days_to_expiry,"(60, 90]",195,0.17237282164329326,0.04898864686696232
2028-03_2028-04,2028-03,TTF_M/Brent_M,days_to_expiry,"(30, 60]",190,0.24151956998032847,0.05332883851606865
2028-03_2028-04,2028-03,TTF_M/Brent_M,days_to_expiry,"(0, 30]",187,0.2940359863698757,0.07078852770379364
2028-03_2028-04,2028-03,TTF_M/Brent_M,days_to_expiry,nan,48,0.1011019132851121,0.013584351538729077
2028-03_2028-04,2028-03,TTF_M/Brent_M,month_pair,Oct/Nov,284,0.10182527541325657,0.09207337946429696
2028-03_2028-04,2028-03,TTF_M/Brent_M,month_pair,Nov/Dec,284,0.08151193591834784,0.09635972233880209
2028-03_2028-04,2028-03,TTF_M/Brent_M,month_pair,Dec/Jan,284,0.09649424180365354,0.10364554067438358
2028-03_2028-04,2028-03,TTF_M/Brent_M,month_pair,Jan/Feb,284,0.1814363924606163,0.10823248906278772
2028-03_2028-04,2028-03,TTF_M/Brent_M,month_pair,Feb/Mar,282,0.12734070400243186,0.09915897077411027
2028-03_2028-04,2028-03,TTF_M/Brent_M,month_pair,Mar/Apr,283,0.03336165748223977,0.08489465381909499
2028-03_2028-04,2028-03,TTF_M/Brent_M,month_pair,Apr/May,283,0.15530673809085885,0.0694216563384055
2028-03_2028-04,2028-03,TTF_M/Brent_M,month_pair,May/Jun,282,0.276022948838307,0.06591717774854437
2028-03_2028-04,2028-03,TTF_M/Brent_M,month_pair,Jun/Jul,282,0.14991868026206245,0.06312394440954727
2028-03_2028-04,2028-03,TTF_M/Brent_M,month_pair,Jul/Aug,284,0.2279539182082509,0.07564698192325957
2028-03_2028-04,2028-03,TTF_M/Brent_M,month_pair,Aug/Sep,283,0.2725967638271603,0.07598437030388866
2028-03_2028-04,2028-03,TTF_M/Brent_M,month_pair,Sep/Oct,284,0.20046425787123803,0.06554111314287916
2028-03_2028-04,2028-03,TTF_M/Brent_M,pooled,all,3399,0.1546585677352995,1.0
2028-03_2028-04,2028-03,HH_M/Brent_M,year,2021,151,0.1274290885000709,0.02616074573222502
2028-03_2028-04,2028-03,HH_M/Brent_M,year,2022,704,0.3543113639498716,0.382164386999809
2028-03_2028-04,2028-03,HH_M/Brent_M,year,2023,846,0.22139576004580253,0.18929797088136585
2028-03_2028-04,2028-03,HH_M/Brent_M,year,2024,850,0.021876813384061597,0.14264891674890956
2028-03_2028-04,2028-03,HH_M/Brent_M,year,2025,701,0.190836191712906,0.16469459899331398
2028-03_2028-04,2028-03,HH_M/Brent_M,year,2026,147,0.141717921103914,0.09503338064437679
2028-03_2028-04,2028-03,HH_M/Brent_M,days_to_expiry,"(365, 730]",960,0.3386590219609812,0.15550134135603755
2028-03_2028-04,2028-03,HH_M/Brent_M,days_to_expiry,"(180, 365]",1235,0.24818303530028918,0.2938643457712832
2028-03_2028-04,2028-03,HH_M/Brent_M,days_to_expiry,"(90, 180]",584,0.23250980613104702,0.19795256521231375
2028-03_2028-04,2028-03,HH_M/Brent_M,days_to_expiry,"(60, 90]",195,0.1463190032498796,0.08776554491340739
2028-03_2028-04,2028-03,HH_M/Brent_M,days_to_expiry,"(30, 60]",190,0.12421537141307123,0.10010973606798376
2028-03_2028-04,2028-03,HH_M/Brent_M,days_to_expiry,"(0, 30]",187,0.15106714738603924,0.12893021259661885
2028-03_2028-04,2028-03,HH_M/Brent_M,days_to_expiry,nan,48,0.10479773466202046,0.03587625408235567
2028-03_2028-04,2028-03,HH_M/Brent_M,month_pair,Oct/Nov,284,0.29064215041961383,0.09313522504512281
2028-03_2028-04,2028-03,HH_M/Brent_M,month_pair,Nov/Dec,284,0.22335500279006643,0.08264359009842655
2028-03_2028-04,2028-03,HH_M/Brent_M,month_pair,Dec/Jan,284,0.23506795838706346,0.07818287474676204
2028-03_2028-04,2028-03,HH_M/Brent_M,month_pair,Jan/Feb,284,0.19697365321200952,0.08521826575645947
2028-03_2028-04,2028-03,HH_M/Brent_M,month_pair,Feb/Mar,282,0.22976914320059494,0.11883368442098349
2028-03_2028-04,2028-03,HH_M/Brent_M,month_pair,Mar/Apr,283,0.21473779051521125,0.08842820943924518
2028-03_2028-04,2028-03,HH_M/Brent_M,month_pair,Apr/May,283,0.24468786079778393,0.08390633536108963
2028-03_2028-04,2028-03,HH_M/Brent_M,month_pair,May/Jun,282,0.2706582601806656,0.07807386258898814
2028-03_2028-04,2028-03,HH_M/Brent_M,month_pair,Jun/Jul,282,0.20396823665844108,0.0742519567383398
2028-03_2028-04,2028-03,HH_M/Brent_M,month_pair,Jul/Aug,284,0.2387219712069385,0.07427626356249135
2028-03_2028-04,2028-03,HH_M/Brent_M,month_pair,Aug/Sep,283,0.1394185261973221,0.07015692460141022
2028-03_2028-04,2028-03,HH_M/Brent_M,month_pair,Sep/Oct,284,0.17218961872973013,0.07289280764068147
2028-03_2028-04,2028-03,HH_M/Brent_M,pooled,all,3399,0.22135857251265245,1.0
2028-04_2028-05,2028-04,TTF_M/TTF_M1,year,2021,193,0.9518864614315574,0.12545941532646515
2028-04_2028-05,2028-04,TTF_M/TTF_M1,year,2022,757,0.9860528487963843,0.4720610452430211
2028-04_2028-05,2028-04,TTF_M/TTF_M1,year,2023,899,0.9918550642287983,0.1932167880590131
2028-04_2028-05,2028-04,TTF_M/TTF_M1,year,2024,902,0.9970524095876557,0.07639070594760003
2028-04_2028-05,2028-04,TTF_M/TTF_M1,year,2025,714,0.9943747251906142,0.06699533756809138
2028-04_2028-05,2028-04,TTF_M/TTF_M1,year,2026,147,0.995076183987661,0.06587670785580904
2028-04_2028-05,2028-04,TTF_M/TTF_M1,days_to_expiry,"(365, 730]",1173,0.9716831092025411,0.31113188805681125
2028-04_2028-05,2028-04,TTF_M/TTF_M1,days_to_expiry,"(180, 365]",1235,0.9901451528152165,0.36662552327195996
2028-04_2028-05,2028-04,TTF_M/TTF_M1,days_to_expiry,"(90, 180]",584,0.9969903309595645,0.15924422540456398
2028-04_2028-05,2028-04,TTF_M/TTF_M1,days_to_expiry,"(60, 90]",195,0.9953435015713061,0.0436231538656981
2028-04_2028-05,2028-04,TTF_M/TTF_M1,days_to_expiry,"(30, 60]",190,0.9925496960334068,0.046531047424730396
2028-04_2028-05,2028-04,TTF_M/TTF_M1,days_to_expiry,"(0, 30]",187,0.9854042182959604,0.06140520951628734
2028-04_2028-05,2028-04,TTF_M/TTF_M1,days_to_expiry,nan,48,0.9859623630705328,0.011438952459948888
2028-04_2028-05,2028-04,TTF_M/TTF_M1,month_pair,Oct/Nov,301,0.9887783943158949,0.08911453064984767
2028-04_2028-05,2028-04,TTF_M/TTF_M1,month_pair,Nov/Dec,303,0.995032632648025,0.0959034190824495
2028-04_2028-05,2028-04,TTF_M/TTF_M1,month_pair,Dec/Jan,302,0.9975333231261909,0.10252326503428763
2028-04_2028-05,2028-04,TTF_M/TTF_M1,month_pair,Jan/Feb,302,0.9958334210704781,0.1128971815193248
2028-04_2028-05,2028-04,TTF_M/TTF_M1,month_pair,Feb/Mar,301,0.997368201701502,0.11678146691083954
2028-04_2028-05,2028-04,TTF_M/TTF_M1,month_pair,Mar/Apr,300,0.8950734136170518,0.08592983856642482
2028-04_2028-05,2028-04,TTF_M/TTF_M1,month_pair,Apr/May,301,0.9751302007047743,0.0649808894462555
2028-04_2028-05,2028-04,TTF_M/TTF_M1,month_pair,May/Jun,300,0.996819276600103,0.06172567780871011
2028-04_2028-05,2028-04,TTF_M/TTF_M1,month_pair,Jun/Jul,300,0.9974077687339586,0.06123580609980696
2028-04_2028-05,2028-04,TTF_M/TTF_M1,month_pair,Jul/Aug,300,0.9988731085149442,0.07269199270912001
2028-04_2028-05,2028-04,TTF_M/TTF_M1,month_pair,Aug/Sep,300,0.9986314539891323,0.0740697151154379
2028-04_2028-05,2028-04,TTF_M/TTF_M1,month_pair,Sep/Oct,302,0.9936371721776512,0.062146217057495505
2028-04_2028-05,2028-04,TTF_M/TTF_M1,pooled,all,3612,0.9853345166493132,1.0
2028-04_2028-05,2028-04,HH_M/HH_M1,year,2021,193,0.9896399868048102,0.019966577343455184
2028-04_2028-05,2028-04,HH_M/HH_M1,year,2022,757,0.9892333807045207,0.4249729778768598
2028-04_2028-05,2028-04,HH_M/HH_M1,year,2023,899,0.9865463237028067,0.17953139992202893
2028-04_2028-05,2028-04,HH_M/HH_M1,year,2024,902,0.97370050636246,0.1375274590581472
2028-04_2028-05,2028-04,HH_M/HH_M1,year,2025,714,0.9898947241795966,0.16024655612852212
2028-04_2028-05,2028-04,HH_M/HH_M1,year,2026,147,0.9254844482819381,0.07775502967098666
2028-04_2028-05,2028-04,HH_M/HH_M1,days_to_expiry,"(365, 730]",1173,0.9887702616403012,0.15085050044217507
2028-04_2028-05,2028-04,HH_M/HH_M1,days_to_expiry,"(180, 365]",1235,0.9892937420598098,0.2835147576383416
2028-04_2028-05,2028-04,HH_M/HH_M1,days_to_expiry,"(90, 180]",584,0.9938788546709442,0.20110034392324996
2028-04_2028-05,2028-04,HH_M/HH_M1,days_to_expiry,"(60, 90]",195,0.9883725166023278,0.0911209401356792
2028-04_2028-05,2028-04,HH_M/HH_M1,days_to_expiry,"(30, 60]",190,0.9926838155555652,0.10803994191124171
2028-04_2028-05,2028-04,HH_M/HH_M1,days_to_expiry,"(0, 30]",187,0.9750325377393815,0.13507528715904538
2028-04_2028-05,2028-04,HH_M/HH_M1,days_to_expiry,nan,48,0.8054379212931686,0.030298228790266946
2028-04_2028-05,2028-04,HH_M/HH_M1,month_pair,Oct/Nov,301,0.9858381953779938,0.09666967443999146
2028-04_2028-05,2028-04,HH_M/HH_M1,month_pair,Nov/Dec,303,0.9878559960876695,0.08353646711701782
2028-04_2028-05,2028-04,HH_M/HH_M1,month_pair,Dec/Jan,302,0.9938574163912363,0.07771505303475516
2028-04_2028-05,2028-04,HH_M/HH_M1,month_pair,Jan/Feb,302,0.9926837601437387,0.09070235114961846
2028-04_2028-05,2028-04,HH_M/HH_M1,month_pair,Feb/Mar,301,0.9310869326407364,0.1194481472115879
2028-04_2028-05,2028-04,HH_M/HH_M1,month_pair,Mar/Apr,300,0.9584323332014925,0.08842885407271013
2028-04_2028-05,2028-04,HH_M/HH_M1,month_pair,Apr/May,301,0.9949518471804569,0.08441208504241653
2028-04_2028-05,2028-04,HH_M/HH_M1,month_pair,May/Jun,300,0.9939669471546422,0.07410965871148262
2028-04_2028-05,2028-04,HH_M/HH_M1,month_pair,Jun/Jul,300,0.9901065532141464,0.0729656509895598
2028-04_2028-05,2028-04,HH_M/HH_M1,month_pair,Jul/Aug,300,0.996384613003406,0.0702742685676539
2028-04_2028-05,2028-04,HH_M/HH_M1,month_pair,Aug/Sep,300,0.9958422082548746,0.06924289871877438
2028-04_2028-05,2028-04,HH_M/HH_M1,month_pair,Sep/Oct,302,0.9974612710804479,0.07249489094443172
2028-04_2028-05,2028-04,HH_M/HH_M1,pooled,all,3612,0.9807728479092863,1.0
2028-04_2028-05,2028-04,Brent_M/Brent_M1,year,2021,193,0.9998702386456211,0.05641503448265451
2028-04_2028-05,2028-04,Brent_M/Brent_M1,year,2022,757,0.9995747793190535,0.3187234995109848
2028-04_2028-05,2028-04,Brent_M/Brent_M1,year,2023,899,0.999721543308815,0.21992714652610126
2028-04_2028-05,2028-04,Brent_M/Brent_M1,year,2024,902,0.9998228093531981,0.1361570483566143
2028-04_2028-05,2028-04,Brent_M/Brent_M1,year,2025,714,0.9996741535675274,0.1658931937148998
2028-04_2028-05,2028-04,Brent_M/Brent_M1,year,2026,147,0.9927280910032954,0.10288407740874532
2028-04_2028-05,2028-04,Brent_M/Brent_M1,days_to_expiry,"(365, 730]",1173,0.999855279668781,0.2553678586793178
2028-04_2028-05,2028-04,Brent_M/Brent_M1,days_to_expiry,"(180, 365]",1235,0.9997956512601147,0.3268662134986816
2028-04_2028-05,2028-04,Brent_M/Brent_M1,days_to_expiry,"(90, 180]",584,0.9993267561647361,0.1795430894088641
2028-04_2028-05,2028-04,Brent_M/Brent_M1,days_to_expiry,"(60, 90]",195,0.9981173994201753,0.06506808591725217
2028-04_2028-05,2028-04,Brent_M/Brent_M1,days_to_expiry,"(30, 60]",190,0.9961065763127122,0.06959684251301548
2028-04_2028-05,2028-04,Brent_M/Brent_M1,days_to_expiry,"(0, 30]",187,0.9940436782836023,0.08244984143036402
2028-04_2028-05,2028-04,Brent_M/Brent_M1,days_to_expiry,nan,48,0.9975875550096827,0.021108068552504678
2028-04_2028-05,2028-04,Brent_M/Brent_M1,month_pair,Oct/Nov,301,0.9993547125771904,0.08113392829439847
2028-04_2028-05,2028-04,Brent_M/Brent_M1,month_pair,Nov/Dec,303,0.9995418269460736,0.07831295271895522
2028-04_2028-05,2028-04,Brent_M/Brent_M1,month_pair,Dec/Jan,302,0.9996666460817605,0.09177638552034813
2028-04_2028-05,2028-04,Brent_M/Brent_M1,month_pair,Jan/Feb,302,0.9996535411282876,0.0837832495942451
2028-04_2028-05,2028-04,Brent_M/Brent_M1,month_pair,Feb/Mar,301,0.9996841466334034,0.08334486994868263
2028-04_2028-05,2028-04,Brent_M/Brent_M1,month_pair,Mar/Apr,300,0.9996741705630483,0.07402357969852322
2028-04_2028-05,2028-04,Brent_M/Brent_M1,month_pair,Apr/May,301,0.9977246638095466,0.08790832774585274
2028-04_2028-05,2028-04,Brent_M/Brent_M1,month_pair,May/Jun,300,0.9965281436395065,0.08487510797861184
2028-04_2028-05,2028-04,Brent_M/Brent_M1,month_pair,Jun/Jul,300,0.9973806269472754,0.07870766991402382
2028-04_2028-05,2028-04,Brent_M/Brent_M1,month_pair,Jul/Aug,300,0.9981888674619441,0.0897722280927894
2028-04_2028-05,2028-04,Brent_M/Brent_M1,month_pair,Aug/Sep,300,0.9985339108732083,0.08285934831294367
2028-04_2028-05,2028-04,Brent_M/Brent_M1,month_pair,Sep/Oct,302,0.9988306794611753,0.08350235218062571
2028-04_2028-05,2028-04,Brent_M/Brent_M1,pooled,all,3612,0.9986674316721498,1.0
2028-04_2028-05,2028-04,TTF_M/HH_M,year,2021,193,0.16363993395062507,0.10057906042924214
2028-04_2028-05,2028-04,TTF_M/HH_M,year,2022,757,0.12207059724563457,0.4502200866528856
2028-04_2028-05,2028-04,TTF_M/HH_M,year,2023,899,0.1829431899664416,0.1909978819001234
2028-04_2028-05,2028-04,TTF_M/HH_M,year,2024,902,0.31552021863232843,0.0947290007602331
2028-04_2028-05,2028-04,TTF_M/HH_M,year,2025,714,0.06540843785778766,0.09190380470679911
2028-04_2028-05,2028-04,TTF_M/HH_M,year,2026,147,0.33198477799653797,0.0715701655507167
2028-04_2028-05,2028-04,TTF_M/HH_M,days_to_expiry,"(365, 730]",1173,0.1458302097475631,0.26932148473183315
2028-04_2028-05,2028-04,TTF_M/HH_M,days_to_expiry,"(180, 365]",1235,0.1364621827809343,0.3362847873392834
2028-04_2028-05,2028-04,TTF_M/HH_M,days_to_expiry,"(90, 180]",584,0.14040996380189355,0.16825363322997156
2028-04_2028-05,2028-04,TTF_M/HH_M,days_to_expiry,"(60, 90]",195,0.23594936792863225,0.05731798030346023
2028-04_2028-05,2028-04,TTF_M/HH_M,days_to_expiry,"(30, 60]",190,0.2622269035886683,0.06399796176248834
2028-04_2028-05,2028-04,TTF_M/HH_M,days_to_expiry,"(0, 30]",187,0.30790716490322334,0.08545379064314566
2028-04_2028-05,2028-04,TTF_M/HH_M,days_to_expiry,nan,48,0.24307791770244136,0.01937036198981769
2028-04_2028-05,2028-04,TTF_M/HH_M,month_pair,Oct/Nov,301,0.15892600931825204,0.09301244645073524
2028-04_2028-05,2028-04,TTF_M/HH_M,month_pair,Nov/Dec,303,0.03973434376919678,0.09249808349579057
2028-04_2028-05,2028-04,TTF_M/HH_M,month_pair,Dec/Jan,302,0.14265568143126547,0.0942177958723547
2028-04_2028-05,2028-04,TTF_M/HH_M,month_pair,Jan/Feb,302,0.14606278085833893,0.1035596842389729
2028-04_2028-05,2028-04,TTF_M/HH_M,month_pair,Feb/Mar,301,0.20661467582684293,0.11843479083070625
2028-04_2028-05,2028-04,TTF_M/HH_M,month_pair,Mar/Apr,300,0.17480719816963913,0.09516675252782149
2028-04_2028-05,2028-04,TTF_M/HH_M,month_pair,Apr/May,301,0.29317373046049366,0.0700948717554754
2028-04_2028-05,2028-04,TTF_M/HH_M,month_pair,May/Jun,300,0.2782258625600356,0.0637808806992564
2028-04_2028-05,2028-04,TTF_M/HH_M,month_pair,Jun/Jul,300,0.15909373346329075,0.06342379560808255
2028-04_2028-05,2028-04,TTF_M/HH_M,month_pair,Jul/Aug,300,0.10925720482066797,0.0707278377063457
2028-04_2028-05,2028-04,TTF_M/HH_M,month_pair,Aug/Sep,300,0.13084409333600924,0.07109949723546748
2028-04_2028-05,2028-04,TTF_M/HH_M,month_pair,Sep/Oct,302,0.25880279793246913,0.06398356357899139
2028-04_2028-05,2028-04,TTF_M/HH_M,pooled,all,3612,0.17198117438011865,1.0
2028-04_2028-05,2028-04,TTF_M/Brent_M,year,2021,193,0.07715813538361489,0.12184218471736853
2028-04_2028-05,2028-04,TTF_M/Brent_M,year,2022,757,0.02296242683887925,0.44633668628820167
2028-04_2028-05,2028-04,TTF_M/Brent_M,year,2023,899,0.13717295844069366,0.19853219574893488
2028-04_2028-05,2028-04,TTF_M/Brent_M,year,2024,902,0.001787634191589527,0.08325764682265031
2028-04_2028-05,2028-04,TTF_M/Brent_M,year,2025,714,0.510660145408712,0.07849990149407103
2028-04_2028-05,2028-04,TTF_M/Brent_M,year,2026,147,0.5943554766607196,0.07153138492877371
2028-04_2028-05,2028-04,TTF_M/Brent_M,days_to_expiry,"(365, 730]",1173,0.14399510844320956,0.3082268207552545
2028-04_2028-05,2028-04,TTF_M/Brent_M,days_to_expiry,"(180, 365]",1235,0.12477300972528965,0.35534410418398377
2028-04_2028-05,2028-04,TTF_M/Brent_M,days_to_expiry,"(90, 180]",584,0.14721514429843868,0.15946462912472417
2028-04_2028-05,2028-04,TTF_M/Brent_M,days_to_expiry,"(60, 90]",195,0.17237282164329326,0.04643650874728418
2028-04_2028-05,2028-04,TTF_M/Brent_M,days_to_expiry,"(30, 60]",190,0.24151956998032847,0.05055059150662113
2028-04_2028-05,2028-04,TTF_M/Brent_M,days_to_expiry,"(0, 30]",187,0.2940359863698757,0.0671006916123138
2028-04_2028-05,2028-04,TTF_M/Brent_M,days_to_expiry,nan,48,0.1011019132851121,0.01287665406981859
2028-04_2028-05,2028-04,TTF_M/Brent_M,month_pair,Oct/Nov,301,0.11830042927086225,0.09004069290296311
2028-04_2028-05,2028-04,TTF_M/Brent_M,month_pair,Nov/Dec,303,0.08324143113930978,0.09332307565878793
2028-04_2028-05,2028-04,TTF_M/Brent_M,month_pair,Dec/Jan,302,0.09419699891146804,0.10005682624745592
2028-04_2028-05,2028-04,TTF_M/Brent_M,month_pair,Jan/Feb,302,0.15512900541257235,0.10688203491661769
2028-04_2028-05,2028-04,TTF_M/Brent_M,month_pair,Feb/Mar,301,0.1390347143636198,0.10994067766587043
2028-04_2028-05,2028-04,TTF_M/Brent_M,month_pair,Mar/Apr,300,0.06809899569255165,0.09253933412518736
2028-04_2028-05,2028-04,TTF_M/Brent_M,month_pair,Apr/May,301,0.15949566189083078,0.06850082344009432
2028-04_2028-05,2028-04,TTF_M/Brent_M,month_pair,May/Jun,300,0.2739766302328443,0.06324738475958573
2028-04_2028-05,2028-04,TTF_M/Brent_M,month_pair,Jun/Jul,300,0.13707548091046895,0.06209925673692316
2028-04_2028-05,2028-04,TTF_M/Brent_M,month_pair,Jul/Aug,300,0.2143572796787558,0.07420988279836095
2028-04_2028-05,2028-04,TTF_M/Brent_M,month_pair,Aug/Sep,300,0.2607040034119775,0.07449077231465187
2028-04_2028-05,2028-04,TTF_M/Brent_M,month_pair,Sep/Oct,302,0.21457098348362438,0.06466923843350164
2028-04_2028-05,2028-04,TTF_M/Brent_M,pooled,all,3612,0.15470771435972747,1.0
2028-04_2028-05,2028-04,HH_M/Brent_M,year,2021,193,0.15227107256626485,0.029152127809535713
2028-04_2028-05,2028-04,HH_M/Brent_M,year,2022,757,0.35173072814288,0.38496797606365807
2028-04_2028-05,2028-04,HH_M/Brent_M,year,2023,899,0.22151804066555358,0.18916284336418782
2028-04_2028-05,2028-04,HH_M/Brent_M,year,2024,902,0.022891827208756838,0.14199399434578602
2028-04_2028-05,2028-04,HH_M/Brent_M,year,2025,714,0.19125928385869473,0.16178486590062482
2028-04_2028-05,2028-04,HH_M/Brent_M,year,2026,147,0.141717921103914,0.09293819251620762
2028-04_2028-05,2028-04,HH_M/Brent_M,days_to_expiry,"(365, 730]",1173,0.33127710199821697,0.17411988940566225
2028-04_2028-05,2028-04,HH_M/Brent_M,days_to_expiry,"(180, 365]",1235,0.24818303530028918,0.2873855581665762
2028-04_2028-05,2028-04,HH_M/Brent_M,days_to_expiry,"(90, 180]",584,0.23250980613104702,0.19358833170024398
2028-04_2028-05,2028-04,HH_M/Brent_M,days_to_expiry,"(60, 90]",195,0.1463190032498796,0.08583058977955835
2028-04_2028-05,2028-04,HH_M/Brent_M,days_to_expiry,"(30, 60]",190,0.12421537141307123,0.09790263021631795
2028-04_2028-05,2028-04,HH_M/Brent_M,days_to_expiry,"(0, 30]",187,0.15106714738603924,0.12608770558526014
2028-04_2028-05,2028-04,HH_M/Brent_M,days_to_expiry,nan,48,0.10479773466202046,0.03508529514638121
2028-04_2028-05,2028-04,HH_M/Brent_M,month_pair,Oct/Nov,301,0.2919802771823296,0.09289928957871756
2028-04_2028-05,2028-04,HH_M/Brent_M,month_pair,Nov/Dec,303,0.22463346028186457,0.08255297207803615
2028-04_2028-05,2028-04,HH_M/Brent_M,month_pair,Dec/Jan,302,0.2515242824763325,0.07952666465826737
2028-04_2028-05,2028-04,HH_M/Brent_M,month_pair,Jan/Feb,302,0.19900469227916812,0.08501423078108808
2028-04_2028-05,2028-04,HH_M/Brent_M,month_pair,Feb/Mar,301,0.22507653195075691,0.11762464946249844
2028-04_2028-05,2028-04,HH_M/Brent_M,month_pair,Mar/Apr,300,0.22357114592507246,0.08902079583225063
2028-04_2028-05,2028-04,HH_M/Brent_M,month_pair,Apr/May,301,0.24137650033629923,0.083606950838453
2028-04_2028-05,2028-04,HH_M/Brent_M,month_pair,May/Jun,300,0.2683124947982096,0.07717595540315778
2028-04_2028-05,2028-04,HH_M/Brent_M,month_pair,Jun/Jul,300,0.19653647773520191,0.07521275781798605
2028-04_2028-05,2028-04,HH_M/Brent_M,month_pair,Jul/Aug,300,0.23397532193765558,0.07363590858400619
2028-04_2028-05,2028-04,HH_M/Brent_M,month_pair,Aug/Sep,300,0.14798685401608164,0.07020594016872125
2028-04_2028-05,2028-04,HH_M/Brent_M,month_pair,Sep/Oct,302,0.17300948482898726,0.07352388479681755
2028-04_2028-05,2028-04,HH_M/Brent_M,pooled,all,3612,0.222673951709381,1.0
2028-05_2028-06,2028-05,TTF_M/TTF_M1,year,2021,231,0.9517518123361927,0.12419198221609618
2028-05_2028-06,2028-05,TTF_M/TTF_M1,year,2022,802,0.9865619582163597,0.4814969692292803
2028-05_2028-06,2028-05,TTF_M/TTF_M1,year,2023,947,0.9918214950568308,0.19056277128298277
2028-05_2028-06,2028-05,TTF_M/TTF_M1,year,2024,948,0.9967936799793813,0.07549057642332589
2028-05_2028-06,2028-05,TTF_M/TTF_M1,year,2025,721,0.9943532646684409,0.06492807575557494
2028-05_2028-06,2028-05,TTF_M/TTF_M1,year,2026,147,0.995076183987661,0.06332962509273993
2028-05_2028-06,2028-05,TTF_M/TTF_M1,days_to_expiry,"(365, 730]",1357,0.9736572236851453,0.3377665537993518
2028-05_2028-06,2028-05,TTF_M/TTF_M1,days_to_expiry,"(180, 365]",1235,0.9901451528152165,0.35245017084130786
2028-05_2028-06,2028-05,TTF_M/TTF_M1,days_to_expiry,"(90, 180]",584,0.9969903309595645,0.15308714447492716
2028-05_2028-06,2028-05,TTF_M/TTF_M1,days_to_expiry,"(60, 90]",195,0.9953435015713061,0.04193649120603343
2028-05_2028-06,2028-05,TTF_M/TTF_M1,days_to_expiry,"(30, 60]",190,0.9925496960334068,0.04473195283271624
2028-05_2028-06,2028-05,TTF_M/TTF_M1,days_to_expiry,"(0, 30]",187,0.9854042182959604,0.05903101451152298
2028-05_2028-06,2028-05,TTF_M/TTF_M1,days_to_expiry,nan,48,0.9859623630705328,0.010996672334140603
2028-05_2028-06,2028-05,TTF_M/TTF_M1,month_pair,Oct/Nov,317,0.9889476007042458,0.08772435489001619
2028-05_2028-06,2028-05,TTF_M/TTF_M1,month_pair,Nov/Dec,317,0.9951012178031612,0.09430734439965886
2028-05_2028-06,2028-05,TTF_M/TTF_M1,month_pair,Dec/Jan,318,0.9975095732847203,0.10053064315775688
2028-05_2028-06,2028-05,TTF_M/TTF_M1,month_pair,Jan/Feb,317,0.9958734065272243,0.1100803714443623
2028-05_2028-06,2028-05,TTF_M/TTF_M1,month_pair,Feb/Mar,316,0.9973847076248843,0.11568298638073297
2028-05_2028-06,2028-05,TTF_M/TTF_M1,month_pair,Mar/Apr,316,0.9003468432796742,0.08872699974161447
2028-05_2028-06,2028-05,TTF_M/TTF_M1,month_pair,Apr/May,316,0.9770293473065919,0.07392804413137292
2028-05_2028-06,2028-05,TTF_M/TTF_M1,month_pair,May/Jun,316,0.9965167583361828,0.061952598803635524
2028-05_2028-06,2028-05,TTF_M/TTF_M1,month_pair,Jun/Jul,316,0.9970279737620722,0.05920916218852962
2028-05_2028-06,2028-05,TTF_M/TTF_M1,month_pair,Jul/Aug,315,0.9989076529569478,0.07276836333244312
2028-05_2028-06,2028-05,TTF_M/TTF_M1,month_pair,Aug/Sep,316,0.9986144795453117,0.07320948185694182
2028-05_2028-06,2028-05,TTF_M/TTF_M1,month_pair,Sep/Oct,316,0.9937646103587274,0.06187964967293534
2028-05_2028-06,2028-05,TTF_M/TTF_M1,pooled,all,3796,0.9855089163264534,1.0
2028-05_2028-06,2028-05,HH_M/HH_M1,year,2021,231,0.9894755484193307,0.02107689359186382
2028-05_2028-06,2028-05,HH_M/HH_M1,year,2022,802,0.9894006449103903,0.42713004885302625
2028-05_2028-06,2028-05,HH_M/HH_M1,year,2023,947,0.9867118075213065,0.18039658186480675
2028-05_2028-06,2028-05,HH_M/HH_M1,year,2024,948,0.9738575332852889,0.13673689895844657
2028-05_2028-06,2028-05,HH_M/HH_M1,year,2025,721,0.9899060613564631,0.15810966923837833
2028-05_2028-06,2028-05,HH_M/HH_M1,year,2026,147,0.9254844482819381,0.0765499074934783
2028-05_2028-06,2028-05,HH_M/HH_M1,days_to_expiry,"(365, 730]",1357,0.989463595417828,0.1640114354745118
2028-05_2028-06,2028-05,HH_M/HH_M1,days_to_expiry,"(180, 365]",1235,0.9892937420598098,0.27912057344824326
2028-05_2028-06,2028-05,HH_M/HH_M1,days_to_expiry,"(90, 180]",584,0.9938788546709442,0.1979834975225483
2028-05_2028-06,2028-05,HH_M/HH_M1,days_to_expiry,"(60, 90]",195,0.9883725166023278,0.08970866023227517
2028-05_2028-06,2028-05,HH_M/HH_M1,days_to_expiry,"(30, 60]",190,0.9926838155555652,0.10636543505805307
2028-05_2028-06,2028-05,HH_M/HH_M1,days_to_expiry,"(0, 30]",187,0.9750325377393815,0.13298176054247185
2028-05_2028-06,2028-05,HH_M/HH_M1,days_to_expiry,nan,48,0.8054379212931686,0.029828637721896516
2028-05_2028-06,2028-05,HH_M/HH_M1,month_pair,Oct/Nov,317,0.985929772321814,0.09624281847236922
2028-05_2028-06,2028-05,HH_M/HH_M1,month_pair,Nov/Dec,317,0.9882232751351018,0.08549440606204597
2028-05_2028-06,2028-05,HH_M/HH_M1,month_pair,Dec/Jan,318,0.9938873859379801,0.07713598127216391
2028-05_2028-06,2028-05,HH_M/HH_M1,month_pair,Jan/Feb,317,0.9928619845171769,0.09198719823947364
2028-05_2028-06,2028-05,HH_M/HH_M1,month_pair,Feb/Mar,316,0.931452056521313,0.11834131679437108
2028-05_2028-06,2028-05,HH_M/HH_M1,month_pair,Mar/Apr,316,0.9586937256870623,0.08783929608041928
2028-05_2028-06,2028-05,HH_M/HH_M1,month_pair,Apr/May,316,0.9950070619113373,0.08437179618398966
2028-05_2028-06,2028-05,HH_M/HH_M1,month_pair,May/Jun,316,0.9939665776854755,0.07337518023711881
2028-05_2028-06,2028-05,HH_M/HH_M1,month_pair,Jun/Jul,316,0.990155981431355,0.07230117818705421
2028-05_2028-06,2028-05,HH_M/HH_M1,month_pair,Jul/Aug,315,0.9964401228035975,0.07073630556100487
2028-05_2028-06,2028-05,HH_M/HH_M1,month_pair,Aug/Sep,316,0.9958705143580021,0.06931300810905315
2028-05_2028-06,2028-05,HH_M/HH_M1,month_pair,Sep/Oct,316,0.9974899225421986,0.07286151480093615
2028-05_2028-06,2028-05,HH_M/HH_M1,pooled,all,3796,0.9810024029451377,1.0
2028-05_2028-06,2028-05,Brent_M/Brent_M1,year,2021,231,0.999863459320432,0.06392914164914881
2028-05_2028-06,2028-05,Brent_M/Brent_M1,year,2022,802,0.9995842096854952,0.3205239812374899
2028-05_2028-06,2028-05,Brent_M/Brent_M1,year,2023,947,0.9997248669616524,0.21875335585235212
2028-05_2028-06,2028-05,Brent_M/Brent_M1,year,2024,948,0.9998246243986656,0.13621232687633825
2028-05_2028-06,2028-05,Brent_M/Brent_M1,year,2025,721,0.9996742333017825,0.16093905260171307
2028-05_2028-06,2028-05,Brent_M/Brent_M1,year,2026,147,0.9927280910032954,0.09964214178295792
2028-05_2028-06,2028-05,Brent_M/Brent_M1,days_to_expiry,"(365, 730]",1357,0.9998532340125297,0.27883163974101866
2028-05_2028-06,2028-05,Brent_M/Brent_M1,days_to_expiry,"(180, 365]",1235,0.9997956512601147,0.31656647374208513
2028-05_2028-06,2028-05,Brent_M/Brent_M1,days_to_expiry,"(90, 180]",584,0.9993267561647361,0.1738855848408244
2028-05_2028-06,2028-05,Brent_M/Brent_M1,days_to_expiry,"(60, 90]",195,0.9981173994201753,0.06301775362920656
2028-05_2028-06,2028-05,Brent_M/Brent_M1,days_to_expiry,"(30, 60]",190,0.9961065763127122,0.06740380653633207
2028-05_2028-06,2028-05,Brent_M/Brent_M1,days_to_expiry,"(0, 30]",187,0.9940436782836023,0.07985180016872466
2028-05_2028-06,2028-05,Brent_M/Brent_M1,days_to_expiry,nan,48,0.9975875550096827,0.020442941341808508
2028-05_2028-06,2028-05,Brent_M/Brent_M1,month_pair,Oct/Nov,317,0.9993819158945147,0.08272291878347154
2028-05_2028-06,2028-05,Brent_M/Brent_M1,month_pair,Nov/Dec,317,0.999536987235563,0.07721609538614572
2028-05_2028-06,2028-05,Brent_M/Brent_M1,month_pair,Dec/Jan,318,0.9996675916845029,0.0906780377299039
2028-05_2028-06,2028-05,Brent_M/Brent_M1,month_pair,Jan/Feb,317,0.9996586449778792,0.08333923848898907
2028-05_2028-06,2028-05,Brent_M/Brent_M1,month_pair,Feb/Mar,316,0.9996925078762424,0.08360189360755296
2028-05_2028-06,2028-05,Brent_M/Brent_M1,month_pair,Mar/Apr,316,0.9996864190792942,0.0759099588860973
2028-05_2028-06,2028-05,Brent_M/Brent_M1,month_pair,Apr/May,316,0.9978008401517822,0.08845849998601266
2028-05_2028-06,2028-05,Brent_M/Brent_M1,month_pair,May/Jun,316,0.9966249960900461,0.08522947460143473
2028-05_2028-06,2028-05,Brent_M/Brent_M1,month_pair,Jun/Jul,316,0.9974197997527295,0.07787855729059942
2028-05_2028-06,2028-05,Brent_M/Brent_M1,month_pair,Jul/Aug,315,0.9982431622027672,0.09048292736362601
2028-05_2028-06,2028-05,Brent_M/Brent_M1,month_pair,Aug/Sep,316,0.9985576495539906,0.08200407369641519
2028-05_2028-06,2028-05,Brent_M/Brent_M1,month_pair,Sep/Oct,316,0.9988393419885556,0.08247832417975146
2028-05_2028-06,2028-05,Brent_M/Brent_M1,pooled,all,3796,0.9987004954947881,1.0
2028-05_2028-06,2028-05,TTF_M/HH_M,year,2021,231,0.15959559183477803,0.10050745031650106
2028-05_2028-06,2028-05,TTF_M/HH_M,year,2022,802,0.12304729356577643,0.45758696662427006
2028-05_2028-06,2028-05,TTF_M/HH_M,year,2023,947,0.1807578176276053,0.18939688795910134
2028-05_2028-06,2028-05,TTF_M/HH_M,year,2024,948,0.31447286263358004,0.09363402727109403
2028-05_2028-06,2028-05,TTF_M/HH_M,year,2025,721,0.06372452396550286,0.08952267387536256
2028-05_2028-06,2028-05,TTF_M/HH_M,year,2026,147,0.33198477799653797,0.06935199395367085
2028-05_2028-06,2028-05,TTF_M/HH_M,days_to_expiry,"(365, 730]",1357,0.14821221597247383,0.2919673779845313
2028-05_2028-06,2028-05,TTF_M/HH_M,days_to_expiry,"(180, 365]",1235,0.1364621827809343,0.32586232487807804
2028-05_2028-06,2028-05,TTF_M/HH_M,days_to_expiry,"(90, 180]",584,0.14040996380189355,0.16303895435562943
2028-05_2028-06,2028-05,TTF_M/HH_M,days_to_expiry,"(60, 90]",195,0.23594936792863225,0.0555415261772074
2028-05_2028-06,2028-05,TTF_M/HH_M,days_to_expiry,"(30, 60]",190,0.2622269035886683,0.06201447520830702
2028-05_2028-06,2028-05,TTF_M/HH_M,days_to_expiry,"(0, 30]",187,0.30790716490322334,0.08280532434708539
2028-05_2028-06,2028-05,TTF_M/HH_M,days_to_expiry,nan,48,0.24307791770244136,0.01877001704916134
2028-05_2028-06,2028-05,TTF_M/HH_M,month_pair,Oct/Nov,317,0.1558401101024613,0.09186868331835465
2028-05_2028-06,2028-05,TTF_M/HH_M,month_pair,Nov/Dec,317,0.047632412275495035,0.09202535215224844
2028-05_2028-06,2028-05,TTF_M/HH_M,month_pair,Dec/Jan,318,0.14049122275547304,0.09283757077062295
2028-05_2028-06,2028-05,TTF_M/HH_M,month_pair,Jan/Feb,317,0.14011463646689487,0.10210469739653993
2028-05_2028-06,2028-05,TTF_M/HH_M,month_pair,Feb/Mar,316,0.20609593641290921,0.11727739948666217
2028-05_2028-06,2028-05,TTF_M/HH_M,month_pair,Mar/Apr,316,0.1892888147290897,0.09675075997582262
2028-05_2028-06,2028-05,TTF_M/HH_M,month_pair,Apr/May,316,0.2608154892701679,0.07604101809095747
2028-05_2028-06,2028-05,TTF_M/HH_M,month_pair,May/Jun,316,0.2771961959004546,0.06375128352285934
2028-05_2028-06,2028-05,TTF_M/HH_M,month_pair,Jun/Jul,316,0.15902016385645965,0.061835505574487915
2028-05_2028-06,2028-05,TTF_M/HH_M,month_pair,Jul/Aug,315,0.119382640348112,0.07097872722736054
2028-05_2028-06,2028-05,TTF_M/HH_M,month_pair,Aug/Sep,316,0.13765773895778532,0.07060878088896917
2028-05_2028-06,2028-05,TTF_M/HH_M,month_pair,Sep/Oct,316,0.2542077454549018,0.06392022159511478
2028-05_2028-06,2028-05,TTF_M/HH_M,pooled,all,3796,0.1718989832294327,1.0
2028-05_2028-06,2028-05,TTF_M/Brent_M,year,2021,231,0.08357577227667873,0.12175161476025316
2028-05_2028-06,2028-05,TTF_M/Brent_M,year,2022,802,0.030579873595290873,0.4544662454940925
2028-05_2028-06,2028-05,TTF_M/Brent_M,year,2023,947,0.13180145106623797,0.19612806932851418
2028-05_2028-06,2028-05,TTF_M/Brent_M,year,2024,948,0.002933183100137153,0.08256680323935235
2028-05_2028-06,2028-05,TTF_M/Brent_M,year,2025,721,0.50782707738496,0.07614727201320341
2028-05_2028-06,2028-05,TTF_M/Brent_M,year,2026,147,0.5943554766607196,0.06893999516458447
2028-05_2028-06,2028-05,TTF_M/Brent_M,days_to_expiry,"(365, 730]",1357,0.14334318659276607,0.333287903210466
2028-05_2028-06,2028-05,TTF_M/Brent_M,days_to_expiry,"(180, 365]",1235,0.12477300972528965,0.34247094263029265
2028-05_2028-06,2028-05,TTF_M/Brent_M,days_to_expiry,"(90, 180]",584,0.14721514429843868,0.1536876543314147
2028-05_2028-06,2028-05,TTF_M/Brent_M,days_to_expiry,"(60, 90]",195,0.17237282164329326,0.04475423887969783
2028-05_2028-06,2028-05,TTF_M/Brent_M,days_to_expiry,"(30, 60]",190,0.24151956998032847,0.04871927948135548
2028-05_2028-06,2028-05,TTF_M/Brent_M,days_to_expiry,"(0, 30]",187,0.2940359863698757,0.06466981395508249
2028-05_2028-06,2028-05,TTF_M/Brent_M,days_to_expiry,nan,48,0.1011019132851121,0.012410167511690858
2028-05_2028-06,2028-05,TTF_M/Brent_M,month_pair,Oct/Nov,317,0.12956820380816592,0.08904133717721556
2028-05_2028-06,2028-05,TTF_M/Brent_M,month_pair,Nov/Dec,317,0.07791410608163202,0.09193108070236303
2028-05_2028-06,2028-05,TTF_M/Brent_M,month_pair,Dec/Jan,318,0.1037317301933535,0.09830538265176976
2028-05_2028-06,2028-05,TTF_M/Brent_M,month_pair,Jan/Feb,317,0.14681402163101454,0.10458237787146492
2028-05_2028-06,2028-05,TTF_M/Brent_M,month_pair,Feb/Mar,316,0.13946988393576254,0.10908887561188486
2028-05_2028-06,2028-05,TTF_M/Brent_M,month_pair,Mar/Apr,316,0.06725212561204312,0.09487197200946104
2028-05_2028-06,2028-05,TTF_M/Brent_M,month_pair,Apr/May,316,0.17304894960712572,0.07578193701740302
2028-05_2028-06,2028-05,TTF_M/Brent_M,month_pair,May/Jun,316,0.26408374292593445,0.06352532677736122
2028-05_2028-06,2028-05,TTF_M/Brent_M,month_pair,Jun/Jul,316,0.12979462261327185,0.06035407235200448
2028-05_2028-06,2028-05,TTF_M/Brent_M,month_pair,Jul/Aug,315,0.2057321473938847,0.0744131642892898
2028-05_2028-06,2028-05,TTF_M/Brent_M,month_pair,Aug/Sep,316,0.2589220339565087,0.07372879935965101
2028-05_2028-06,2028-05,TTF_M/Brent_M,month_pair,Sep/Oct,316,0.21097635832669484,0.06437567418013124
2028-05_2028-06,2028-05,TTF_M/Brent_M,pooled,all,3796,0.15418681751408927,1.0
2028-05_2028-06,2028-05,HH_M/Brent_M,year,2021,231,0.13828816125172594,0.03211269155047445
2028-05_2028-06,2028-05,HH_M/Brent_M,year,2022,802,0.35454311725395227,0.38687607364991355
2028-05_2028-06,2028-05,HH_M/Brent_M,year,2023,947,0.22123235308646344,0.18953267532809573
2028-05_2028-06,2028-05,HH_M/Brent_M,year,2024,948,0.02504035039830619,0.1413636474795507
2028-05_2028-06,2028-05,HH_M/Brent_M,year,2025,721,0.19128995219835185,0.15896928348313805
2028-05_2028-06,2028-05,HH_M/Brent_M,year,2026,147,0.141717921103914,0.09114562850882749
2028-05_2028-06,2028-05,HH_M/Brent_M,days_to_expiry,"(365, 730]",1357,0.32705083743314783,0.19004921749544998
2028-05_2028-06,2028-05,HH_M/Brent_M,days_to_expiry,"(180, 365]",1235,0.24818303530028918,0.281842551638658
2028-05_2028-06,2028-05,HH_M/Brent_M,days_to_expiry,"(90, 180]",584,0.23250980613104702,0.1898544579691177
2028-05_2028-06,2028-05,HH_M/Brent_M,days_to_expiry,"(60, 90]",195,0.1463190032498796,0.08417511508389741
2028-05_2028-06,2028-05,HH_M/Brent_M,days_to_expiry,"(30, 60]",190,0.12421537141307123,0.09601431362222222
2028-05_2028-06,2028-05,HH_M/Brent_M,days_to_expiry,"(0, 30]",187,0.15106714738603924,0.1236557637033921
2028-05_2028-06,2028-05,HH_M/Brent_M,days_to_expiry,nan,48,0.10479773466202046,0.03440858048726252
2028-05_2028-06,2028-05,HH_M/Brent_M,month_pair,Oct/Nov,317,0.2918473360002349,0.09297050912501759
2028-05_2028-06,2028-05,HH_M/Brent_M,month_pair,Nov/Dec,317,0.23674872861348245,0.08369438586617142
2028-05_2028-06,2028-05,HH_M/Brent_M,month_pair,Dec/Jan,318,0.2534657143367445,0.07890543184680521
2028-05_2028-06,2028-05,HH_M/Brent_M,month_pair,Jan/Feb,317,0.21417438316653648,0.08576625663170026
2028-05_2028-06,2028-05,HH_M/Brent_M,month_pair,Feb/Mar,316,0.22045511334839982,0.11667192441854009
2028-05_2028-06,2028-05,HH_M/Brent_M,month_pair,Mar/Apr,316,0.21972554027952867,0.08904766605814238
2028-05_2028-06,2028-05,HH_M/Brent_M,month_pair,Apr/May,316,0.24258806760116178,0.0837606274074753
2028-05_2028-06,2028-05,HH_M/Brent_M,month_pair,May/Jun,316,0.2653903887863684,0.07680803532836952
2028-05_2028-06,2028-05,HH_M/Brent_M,month_pair,Jun/Jul,316,0.1902002075981769,0.07454168392312302
2028-05_2028-06,2028-05,HH_M/Brent_M,month_pair,Jul/Aug,315,0.22870644192071504,0.07421541392910706
2028-05_2028-06,2028-05,HH_M/Brent_M,month_pair,Aug/Sep,316,0.14668828617100838,0.07007424091035955
2028-05_2028-06,2028-05,HH_M/Brent_M,month_pair,Sep/Oct,316,0.17887179598516342,0.07354382455518851
2028-05_2028-06,2028-05,HH_M/Brent_M,pooled,all,3796,0.22385155505706608,1.0
2028-06_2028-07,2028-06,TTF_M/TTF_M1,year,2021,280,0.9523423062873851,0.1238398178025733
2028-06_2028-07,2028-06,TTF_M/TTF_M1,year,2022,855,0.9862543509824667,0.4844162761727648
2028-06_2028-07,2028-06,TTF_M/TTF_M1,year,2023,995,0.9917952098407747,0.19168835039533294
2028-06_2028-07,2028-06,TTF_M/TTF_M1,year,2024,998,0.9966431993053106,0.07554242265144585
2028-06_2028-07,2028-06,TTF_M/TTF_M1,year,2025,725,0.9943391031392965,0.06304562604547968
2028-06_2028-07,2028-06,TTF_M/TTF_M1,year,2026,147,0.995076183987661,0.061467506932403486
2028-06_2028-07,2028-06,TTF_M/TTF_M1,days_to_expiry,"(365, 730]",1561,0.9743648389629214,0.35723859275026265
2028-06_2028-07,2028-06,TTF_M/TTF_M1,days_to_expiry,"(180, 365]",1235,0.9901451528152165,0.3420868714727076
2028-06_2028-07,2028-06,TTF_M/TTF_M1,days_to_expiry,"(90, 180]",584,0.9969903309595645,0.14858583325725677
2028-06_2028-07,2028-06,TTF_M/TTF_M1,days_to_expiry,"(60, 90]",195,0.9953435015713061,0.04070340792563838
2028-06_2028-07,2028-06,TTF_M/TTF_M1,days_to_expiry,"(30, 60]",190,0.9925496960334068,0.043416672952326374
2028-06_2028-07,2028-06,TTF_M/TTF_M1,days_to_expiry,"(0, 30]",187,0.9854042182959604,0.05729529092269674
2028-06_2028-07,2028-06,TTF_M/TTF_M1,days_to_expiry,nan,48,0.9859623630705328,0.010673330719111526
2028-06_2028-07,2028-06,TTF_M/TTF_M1,month_pair,Oct/Nov,334,0.9891090207146134,0.08717379093768943
2028-06_2028-07,2028-06,TTF_M/TTF_M1,month_pair,Nov/Dec,335,0.995203998194653,0.09456359745810415
2028-06_2028-07,2028-06,TTF_M/TTF_M1,month_pair,Dec/Jan,335,0.997337347854766,0.0994720357945425
2028-06_2028-07,2028-06,TTF_M/TTF_M1,month_pair,Jan/Feb,333,0.9959055258886386,0.10819065744219845
2028-06_2028-07,2028-06,TTF_M/TTF_M1,month_pair,Feb/Mar,333,0.9972517200506907,0.11417816280199815
2028-06_2028-07,2028-06,TTF_M/TTF_M1,month_pair,Mar/Apr,333,0.9015338640701263,0.08925056199579334
2028-06_2028-07,2028-06,TTF_M/TTF_M1,month_pair,Apr/May,334,0.9777888051489029,0.07736806584409042
2028-06_2028-07,2028-06,TTF_M/TTF_M1,month_pair,May/Jun,333,0.9962323295154344,0.0644453437367323
2028-06_2028-07,2028-06,TTF_M/TTF_M1,month_pair,Jun/Jul,333,0.99657842699006,0.058824850142996245
2028-06_2028-07,2028-06,TTF_M/TTF_M1,month_pair,Jul/Aug,332,0.9987050919823138,0.07116250117954036
2028-06_2028-07,2028-06,TTF_M/TTF_M1,month_pair,Aug/Sep,332,0.9986298728276095,0.07359285452380653
2028-06_2028-07,2028-06,TTF_M/TTF_M1,month_pair,Sep/Oct,333,0.9937172973079784,0.06177757814250813
2028-06_2028-07,2028-06,TTF_M/TTF_M1,pooled,all,4000,0.9854319313672311,1.0
2028-06_2028-07,2028-06,HH_M/HH_M1,year,2021,280,0.9895858727917811,0.022192202227916513
2028-06_2028-07,2028-06,HH_M/HH_M1,year,2022,855,0.9895303076423352,0.4289554835863392
2028-06_2028-07,2028-06,HH_M/HH_M1,year,2023,995,0.9866095172850032,0.18139315640397297
2028-06_2028-07,2028-06,HH_M/HH_M1,year,2024,998,0.9738520109093347,0.13590811617687965
2028-06_2028-07,2028-06,HH_M/HH_M1,year,2025,725,0.9899157528338458,0.15609257893191938
2028-06_2028-07,2028-06,HH_M/HH_M1,year,2026,147,0.9254844482819381,0.07545846267297222
2028-06_2028-07,2028-06,HH_M/HH_M1,days_to_expiry,"(365, 730]",1561,0.9896164063415492,0.17593091935934055
2028-06_2028-07,2028-06,HH_M/HH_M1,days_to_expiry,"(180, 365]",1235,0.9892937420598098,0.2751408860238957
2028-06_2028-07,2028-06,HH_M/HH_M1,days_to_expiry,"(90, 180]",584,0.9938788546709442,0.19516065854086734
2028-06_2028-07,2028-06,HH_M/HH_M1,days_to_expiry,"(60, 90]",195,0.9883725166023278,0.0884295985616468
2028-06_2028-07,2028-06,HH_M/HH_M1,days_to_expiry,"(30, 60]",190,0.9926838155555652,0.10484888191022755
2028-06_2028-07,2028-06,HH_M/HH_M1,days_to_expiry,"(0, 30]",187,0.9750325377393815,0.13108571313342404
2028-06_2028-07,2028-06,HH_M/HH_M1,days_to_expiry,nan,48,0.8054379212931686,0.029403342470598014
2028-06_2028-07,2028-06,HH_M/HH_M1,month_pair,Oct/Nov,334,0.9857980772213141,0.09615560286300186
2028-06_2028-07,2028-06,HH_M/HH_M1,month_pair,Nov/Dec,335,0.9881351136377359,0.08502805418068207
2028-06_2028-07,2028-06,HH_M/HH_M1,month_pair,Dec/Jan,335,0.9940258651896609,0.07843075619581312
2028-06_2028-07,2028-06,HH_M/HH_M1,month_pair,Jan/Feb,333,0.9928497101129006,0.09133887210099424
2028-06_2028-07,2028-06,HH_M/HH_M1,month_pair,Feb/Mar,333,0.9325959879481936,0.11955126523177247
2028-06_2028-07,2028-06,HH_M/HH_M1,month_pair,Mar/Apr,333,0.9587914852551958,0.08713573720522358
2028-06_2028-07,2028-06,HH_M/HH_M1,month_pair,Apr/May,334,0.9950146391528542,0.08380225123436265
2028-06_2028-07,2028-06,HH_M/HH_M1,month_pair,May/Jun,333,0.9939653856853093,0.0730907672673408
2028-06_2028-07,2028-06,HH_M/HH_M1,month_pair,Jun/Jul,333,0.9901828662946858,0.07172772078906922
2028-06_2028-07,2028-06,HH_M/HH_M1,month_pair,Jul/Aug,332,0.9964556145128961,0.07017236373104373
2028-06_2028-07,2028-06,HH_M/HH_M1,month_pair,Aug/Sep,332,0.9959299062466082,0.07039453291061618
2028-06_2028-07,2028-06,HH_M/HH_M1,month_pair,Sep/Oct,333,0.9975137214381251,0.07317207629008007
2028-06_2028-07,2028-06,HH_M/HH_M1,pooled,all,4000,0.9811403105801592,1.0
2028-06_2028-07,2028-06,Brent_M/Brent_M1,year,2021,280,0.9998545981211111,0.07042220951443996
2028-06_2028-07,2028-06,Brent_M/Brent_M1,year,2022,855,0.99959359474504,0.3239442026893191
2028-06_2028-07,2028-06,Brent_M/Brent_M1,year,2023,995,0.9997303183937827,0.21910538202164784
2028-06_2028-07,2028-06,Brent_M/Brent_M1,year,2024,998,0.9998253027130359,0.13522830551837944
2028-06_2028-07,2028-06,Brent_M/Brent_M1,year,2025,725,0.9996742661709913,0.15529245181437568
2028-06_2028-07,2028-06,Brent_M/Brent_M1,year,2026,147,0.9927280910032954,0.09600744844183794
2028-06_2028-07,2028-06,Brent_M/Brent_M1,days_to_expiry,"(365, 730]",1561,0.9998479432465808,0.30513803771637876
2028-06_2028-07,2028-06,Brent_M/Brent_M1,days_to_expiry,"(180, 365]",1235,0.9997956512601147,0.30501892936434083
2028-06_2028-07,2028-06,Brent_M/Brent_M1,days_to_expiry,"(90, 180]",584,0.9993267561647361,0.1675426784557491
2028-06_2028-07,2028-06,Brent_M/Brent_M1,days_to_expiry,"(60, 90]",195,0.9981173994201753,0.060719025346274436
2028-06_2028-07,2028-06,Brent_M/Brent_M1,days_to_expiry,"(30, 60]",190,0.9961065763127122,0.06494508613550616
2028-06_2028-07,2028-06,Brent_M/Brent_M1,days_to_expiry,"(0, 30]",187,0.9940436782836023,0.07693900844068347
2028-06_2028-07,2028-06,Brent_M/Brent_M1,days_to_expiry,nan,48,0.9975875550096827,0.019697234541067234
2028-06_2028-07,2028-06,Brent_M/Brent_M1,month_pair,Oct/Nov,334,0.9993892328768771,0.08194977325351555
2028-06_2028-07,2028-06,Brent_M/Brent_M1,month_pair,Nov/Dec,335,0.9995651906321394,0.08161732130505772
2028-06_2028-07,2028-06,Brent_M/Brent_M1,month_pair,Dec/Jan,335,0.999661239968641,0.08952687589811419
2028-06_2028-07,2028-06,Brent_M/Brent_M1,month_pair,Jan/Feb,333,0.999661987054847,0.08196097430370687
2028-06_2028-07,2028-06,Brent_M/Brent_M1,month_pair,Feb/Mar,333,0.9996964560771257,0.08320208139549734
2028-06_2028-07,2028-06,Brent_M/Brent_M1,month_pair,Mar/Apr,333,0.9996867950830478,0.0747605943698458
2028-06_2028-07,2028-06,Brent_M/Brent_M1,month_pair,Apr/May,334,0.9978410551577163,0.08722351125962531
2028-06_2028-07,2028-06,Brent_M/Brent_M1,month_pair,May/Jun,333,0.9967094851510033,0.0848966425386622
2028-06_2028-07,2028-06,Brent_M/Brent_M1,month_pair,Jun/Jul,333,0.9975330870594004,0.07958245622272937
2028-06_2028-07,2028-06,Brent_M/Brent_M1,month_pair,Jul/Aug,332,0.9982969213930721,0.09086999112704514
2028-06_2028-07,2028-06,Brent_M/Brent_M1,month_pair,Aug/Sep,332,0.9986069684367344,0.08284888924793589
2028-06_2028-07,2028-06,Brent_M/Brent_M1,month_pair,Sep/Oct,333,0.9988586725697235,0.0815608890782646
2028-06_2028-07,2028-06,Brent_M/Brent_M1,pooled,all,4000,0.9987359078500373,1.0
2028-06_2028-07,2028-06,TTF_M/HH_M,year,2021,280,0.16107127539578547,0.10073789487563521
2028-06_2028-07,2028-06,TTF_M/HH_M,year,2022,855,0.12616215316276044,0.46073833824187277
2028-06_2028-07,2028-06,TTF_M/HH_M,year,2023,995,0.18181190278701378,0.19038353532293814
2028-06_2028-07,2028-06,TTF_M/HH_M,year,2024,998,0.31074049614036103,0.09321015961005935
2028-06_2028-07,2028-06,TTF_M/HH_M,year,2025,725,0.06381045302677259,0.08733607472139315
2028-06_2028-07,2028-06,TTF_M/HH_M,year,2026,147,0.33198477799653797,0.06759399722810137
2028-06_2028-07,2028-06,TTF_M/HH_M,days_to_expiry,"(365, 730]",1561,0.15685892128441598,0.30991522577000497
2028-06_2028-07,2028-06,TTF_M/HH_M,days_to_expiry,"(180, 365]",1235,0.1364621827809343,0.3176020735505558
2028-06_2028-07,2028-06,TTF_M/HH_M,days_to_expiry,"(90, 180]",584,0.14040996380189355,0.15890609628540664
2028-06_2028-07,2028-06,TTF_M/HH_M,days_to_expiry,"(60, 90]",195,0.23594936792863225,0.05413360961149351
2028-06_2028-07,2028-06,TTF_M/HH_M,days_to_expiry,"(30, 60]",190,0.2622269035886683,0.06044247650806859
2028-06_2028-07,2028-06,TTF_M/HH_M,days_to_expiry,"(0, 30]",187,0.30790716490322334,0.08070630050129457
2028-06_2028-07,2028-06,TTF_M/HH_M,days_to_expiry,nan,48,0.24307791770244136,0.018294217773175817
2028-06_2028-07,2028-06,TTF_M/HH_M,month_pair,Oct/Nov,334,0.15767169927659636,0.09145654201674383
2028-06_2028-07,2028-06,TTF_M/HH_M,month_pair,Nov/Dec,335,0.05310505940168425,0.09207825442592216
2028-06_2028-07,2028-06,TTF_M/HH_M,month_pair,Dec/Jan,335,0.1455297686074996,0.09231607533635174
2028-06_2028-07,2028-06,TTF_M/HH_M,month_pair,Jan/Feb,333,0.13788223488099316,0.10061776884278541
2028-06_2028-07,2028-06,TTF_M/HH_M,month_pair,Feb/Mar,333,0.19992528935024736,0.11634070053218397
2028-06_2028-07,2028-06,TTF_M/HH_M,month_pair,Mar/Apr,333,0.18785089331586396,0.09724876925570201
2028-06_2028-07,2028-06,TTF_M/HH_M,month_pair,Apr/May,334,0.269426103658083,0.07864524243271291
2028-06_2028-07,2028-06,TTF_M/HH_M,month_pair,May/Jun,333,0.2715753004846493,0.0652262965560622
2028-06_2028-07,2028-06,TTF_M/HH_M,month_pair,Jun/Jul,333,0.16313904393335518,0.06135158144813957
2028-06_2028-07,2028-06,TTF_M/HH_M,month_pair,Jul/Aug,332,0.12056350365218178,0.06967155146653124
2028-06_2028-07,2028-06,TTF_M/HH_M,month_pair,Aug/Sep,332,0.14200619594252903,0.07113776030905217
2028-06_2028-07,2028-06,TTF_M/HH_M,month_pair,Sep/Oct,333,0.2624148782108901,0.06390945737781281
2028-06_2028-07,2028-06,TTF_M/HH_M,pooled,all,4000,0.1738232024444188,1.0
2028-06_2028-07,2028-06,TTF_M/Brent_M,year,2021,280,0.07573118862597103,0.12201201397038013
2028-06_2028-07,2028-06,TTF_M/Brent_M,year,2022,855,0.035354550564594606,0.45770943547871745
2028-06_2028-07,2028-06,TTF_M/Brent_M,year,2023,995,0.13840323899915533,0.19701095747063055
2028-06_2028-07,2028-06,TTF_M/Brent_M,year,2024,998,0.0016689438446022748,0.08253347328199227
2028-06_2028-07,2028-06,TTF_M/Brent_M,year,2025,725,0.5076001870113045,0.0738888535321504
2028-06_2028-07,2028-06,TTF_M/Brent_M,year,2026,147,0.5943554766607196,0.06684526626612934
2028-06_2028-07,2028-06,TTF_M/Brent_M,days_to_expiry,"(365, 730]",1561,0.14491486047086727,0.3535458259556085
2028-06_2028-07,2028-06,TTF_M/Brent_M,days_to_expiry,"(180, 365]",1235,0.12477300972528965,0.3320650268959473
2028-06_2028-07,2028-06,TTF_M/Brent_M,days_to_expiry,"(90, 180]",584,0.14721514429843868,0.14901788361130913
2028-06_2028-07,2028-06,TTF_M/Brent_M,days_to_expiry,"(60, 90]",195,0.17237282164329326,0.04339438967625856
2028-06_2028-07,2028-06,TTF_M/Brent_M,days_to_expiry,"(30, 60]",190,0.24151956998032847,0.047238953258560305
2028-06_2028-07,2028-06,TTF_M/Brent_M,days_to_expiry,"(0, 30]",187,0.2940359863698757,0.06270483371645581
2028-06_2028-07,2028-06,TTF_M/Brent_M,days_to_expiry,nan,48,0.1011019132851121,0.012033086885860435
2028-06_2028-07,2028-06,TTF_M/Brent_M,month_pair,Oct/Nov,334,0.1312521918200651,0.08846261259535917
2028-06_2028-07,2028-06,TTF_M/Brent_M,month_pair,Nov/Dec,335,0.10466595108806362,0.09261628647145671
2028-06_2028-07,2028-06,TTF_M/Brent_M,month_pair,Dec/Jan,335,0.09436849934298414,0.09705163251047336
2028-06_2028-07,2028-06,TTF_M/Brent_M,month_pair,Jan/Feb,333,0.15145127534440792,0.1027335824993577
2028-06_2028-07,2028-06,TTF_M/Brent_M,month_pair,Feb/Mar,333,0.13898820484085453,0.10766306515714649
2028-06_2028-07,2028-06,TTF_M/Brent_M,month_pair,Mar/Apr,333,0.06827472858403179,0.09552580313154886
2028-06_2028-07,2028-06,TTF_M/Brent_M,month_pair,Apr/May,334,0.1616670057709433,0.07894256550405883
2028-06_2028-07,2028-06,TTF_M/Brent_M,month_pair,May/Jun,333,0.2714526451188645,0.06539719678479522
2028-06_2028-07,2028-06,TTF_M/Brent_M,month_pair,Jun/Jul,333,0.1331474892219863,0.0602238009105027
2028-06_2028-07,2028-06,TTF_M/Brent_M,month_pair,Jul/Aug,332,0.19568546750091947,0.07305492015769828
2028-06_2028-07,2028-06,TTF_M/Brent_M,month_pair,Aug/Sep,332,0.24747679042351767,0.07413482351361106
2028-06_2028-07,2028-06,TTF_M/Brent_M,month_pair,Sep/Oct,333,0.21134605536853615,0.06419371076399172
2028-06_2028-07,2028-06,TTF_M/Brent_M,pooled,all,4000,0.15471893445800147,1.0
2028-06_2028-07,2028-06,HH_M/Brent_M,year,2021,280,0.11232971056128549,0.034849378857264274
2028-06_2028-07,2028-06,HH_M/Brent_M,year,2022,855,0.3506514251007222,0.38879733795849136
2028-06_2028-07,2028-06,HH_M/Brent_M,year,2023,995,0.22371615065727063,0.19054619921089072
2028-06_2028-07,2028-06,HH_M/Brent_M,year,2024,998,0.02532750027702897,0.14043314568534293
2028-06_2028-07,2028-06,HH_M/Brent_M,year,2025,725,0.19205368192379157,0.15603673854326203
2028-06_2028-07,2028-06,HH_M/Brent_M,year,2026,147,0.141717921103914,0.0893371997447488
2028-06_2028-07,2028-06,HH_M/Brent_M,days_to_expiry,"(365, 730]",1561,0.3149043683092834,0.20611952516168566
2028-06_2028-07,2028-06,HH_M/Brent_M,days_to_expiry,"(180, 365]",1235,0.24818303530028918,0.2762504877551409
2028-06_2028-07,2028-06,HH_M/Brent_M,days_to_expiry,"(90, 180]",584,0.23250980613104702,0.18608753827810182
2028-06_2028-07,2028-06,HH_M/Brent_M,days_to_expiry,"(60, 90]",195,0.1463190032498796,0.0825049889151738
2028-06_2028-07,2028-06,HH_M/Brent_M,days_to_expiry,"(30, 60]",190,0.12421537141307123,0.0941092848308427
2028-06_2028-07,2028-06,HH_M/Brent_M,days_to_expiry,"(0, 30]",187,0.15106714738603924,0.12120229836902695
2028-06_2028-07,2028-06,HH_M/Brent_M,days_to_expiry,nan,48,0.10479773466202046,0.03372587669002824
2028-06_2028-07,2028-06,HH_M/Brent_M,month_pair,Oct/Nov,334,0.2903769842855182,0.09273014517380049
2028-06_2028-07,2028-06,HH_M/Brent_M,month_pair,Nov/Dec,335,0.24033018645869408,0.08460210769211166
2028-06_2028-07,2028-06,HH_M/Brent_M,month_pair,Dec/Jan,335,0.24767724644314074,0.07954456284876141
2028-06_2028-07,2028-06,HH_M/Brent_M,month_pair,Jan/Feb,333,0.2152803570007812,0.08495045844047086
2028-06_2028-07,2028-06,HH_M/Brent_M,month_pair,Feb/Mar,333,0.23286589122233942,0.1170496957620808
2028-06_2028-07,2028-06,HH_M/Brent_M,month_pair,Mar/Apr,333,0.21531475106998,0.0881486259894503
2028-06_2028-07,2028-06,HH_M/Brent_M,month_pair,Apr/May,334,0.2370414424314604,0.08307707107201227
2028-06_2028-07,2028-06,HH_M/Brent_M,month_pair,May/Jun,333,0.27025607621590303,0.07655866829502907
2028-06_2028-07,2028-06,HH_M/Brent_M,month_pair,Jun/Jul,333,0.18632900077451106,0.07463198442619128
2028-06_2028-07,2028-06,HH_M/Brent_M,month_pair,Jul/Aug,332,0.2181168472981075,0.07405565091893813
2028-06_2028-07,2028-06,HH_M/Brent_M,month_pair,Aug/Sep,332,0.1380943319106913,0.07107365553880432
2028-06_2028-07,2028-06,HH_M/Brent_M,month_pair,Sep/Oct,333,0.18504693102752443,0.07357737384234947
2028-06_2028-07,2028-06,HH_M/Brent_M,pooled,all,4000,0.2232090951859804,1.0
2028-07_2028-08,2028-07,TTF_M/TTF_M1,year,2021,332,0.952929768114602,0.12296124329987496
2028-07_2028-08,2028-07,TTF_M/TTF_M1,year,2022,907,0.986122165067589,0.48744994851834145
2028-07_2028-08,2028-07,TTF_M/TTF_M1,year,2023,1047,0.9915501612038614,0.1930185340137004
2028-07_2028-08,2028-07,TTF_M/TTF_M1,year,2024,1054,0.9965028089641437,0.07566493118765441
2028-07_2028-08,2028-07,TTF_M/TTF_M1,year,2025,725,0.9943391031392965,0.06121886790687809
2028-07_2028-08,2028-07,TTF_M/TTF_M1,year,2026,147,0.995076183987661,0.05968647507355072
2028-07_2028-08,2028-07,TTF_M/TTF_M1,days_to_expiry,"(365, 730]",1773,0.9750940928633289,0.37586271793581394
2028-07_2028-08,2028-07,TTF_M/TTF_M1,days_to_expiry,"(180, 365]",1235,0.9901451528152165,0.33217484401309083
2028-07_2028-08,2028-07,TTF_M/TTF_M1,days_to_expiry,"(90, 180]",584,0.9969903309595645,0.14428053252175788
2028-07_2028-08,2028-07,TTF_M/TTF_M1,days_to_expiry,"(60, 90]",195,0.9953435015713061,0.03952401949917812
2028-07_2028-08,2028-07,TTF_M/TTF_M1,days_to_expiry,"(30, 60]",190,0.9925496960334068,0.04215866719298231
2028-07_2028-08,2028-07,TTF_M/TTF_M1,days_to_expiry,"(0, 30]",187,0.9854042182959604,0.055635149758881834
2028-07_2028-08,2028-07,TTF_M/TTF_M1,days_to_expiry,nan,48,0.9859623630705328,0.010364069078295108
2028-07_2028-08,2028-07,TTF_M/TTF_M1,month_pair,Oct/Nov,350,0.9891674493664564,0.08606302140721722
2028-07_2028-08,2028-07,TTF_M/TTF_M1,month_pair,Nov/Dec,353,0.9951989710867905,0.09331422497590813
2028-07_2028-08,2028-07,TTF_M/TTF_M1,month_pair,Dec/Jan,353,0.9969003416227123,0.10160373624969148
2028-07_2028-08,2028-07,TTF_M/TTF_M1,month_pair,Jan/Feb,352,0.9959173370211175,0.10861166348671357
2028-07_2028-08,2028-07,TTF_M/TTF_M1,month_pair,Feb/Mar,351,0.9971319276815327,0.1121253693177017
2028-07_2028-08,2028-07,TTF_M/TTF_M1,month_pair,Mar/Apr,350,0.9013680726296416,0.08807584851319833
2028-07_2028-08,2028-07,TTF_M/TTF_M1,month_pair,Apr/May,352,0.9776062894522244,0.07728753255035345
2028-07_2028-08,2028-07,TTF_M/TTF_M1,month_pair,May/Jun,351,0.9961890782368601,0.06877390569282862
2028-07_2028-08,2028-07,TTF_M/TTF_M1,month_pair,Jun/Jul,350,0.9959880016140412,0.05888299877122221
2028-07_2028-08,2028-07,TTF_M/TTF_M1,month_pair,Jul/Aug,350,0.9984884107277248,0.07102081366860527
2028-07_2028-08,2028-07,TTF_M/TTF_M1,month_pair,Aug/Sep,350,0.9983334914814218,0.07265964343351401
2028-07_2028-08,2028-07,TTF_M/TTF_M1,month_pair,Sep/Oct,350,0.9936342735518704,0.061581241933045996
2028-07_2028-08,2028-07,TTF_M/TTF_M1,pooled,all,4212,0.9853954617581916,1.0
2028-07_2028-08,2028-07,HH_M/HH_M1,year,2021,332,0.9896570980029014,0.023642131244018295
2028-07_2028-08,2028-07,HH_M/HH_M1,year,2022,907,0.9896583218545018,0.43203445854065525
2028-07_2028-08,2028-07,HH_M/HH_M1,year,2023,1047,0.9866358107959288,0.181461516749313
2028-07_2028-08,2028-07,HH_M/HH_M1,year,2024,1054,0.9738066745368524,0.13509286517151878
2028-07_2028-08,2028-07,HH_M/HH_M1,year,2025,725,0.9899157528338458,0.1535430580699833
2028-07_2028-08,2028-07,HH_M/HH_M1,year,2026,147,0.9254844482819381,0.07422597022451138
2028-07_2028-08,2028-07,HH_M/HH_M1,days_to_expiry,"(365, 730]",1773,0.9897955808122073,0.18939076048148773
2028-07_2028-08,2028-07,HH_M/HH_M1,days_to_expiry,"(180, 365]",1235,0.9892937420598098,0.27064690281412723
2028-07_2028-08,2028-07,HH_M/HH_M1,days_to_expiry,"(90, 180]",584,0.9938788546709442,0.19197302352462392
2028-07_2028-08,2028-07,HH_M/HH_M1,days_to_expiry,"(60, 90]",195,0.9883725166023278,0.0869852435007705
2028-07_2028-08,2028-07,HH_M/HH_M1,days_to_expiry,"(30, 60]",190,0.9926838155555652,0.10313634430203422
2028-07_2028-08,2028-07,HH_M/HH_M1,days_to_expiry,"(0, 30]",187,0.9750325377393815,0.12894463914629234
2028-07_2028-08,2028-07,HH_M/HH_M1,days_to_expiry,nan,48,0.8054379212931686,0.028923086230664037
2028-07_2028-08,2028-07,HH_M/HH_M1,month_pair,Oct/Nov,350,0.9856824146907693,0.09553963793207565
2028-07_2028-08,2028-07,HH_M/HH_M1,month_pair,Nov/Dec,353,0.9880633197085632,0.08454447256041811
2028-07_2028-08,2028-07,HH_M/HH_M1,month_pair,Dec/Jan,353,0.994066776521906,0.07805965673245739
2028-07_2028-08,2028-07,HH_M/HH_M1,month_pair,Jan/Feb,352,0.9930810257330696,0.09346827285059653
2028-07_2028-08,2028-07,HH_M/HH_M1,month_pair,Feb/Mar,351,0.9329167505668858,0.11893913609213672
2028-07_2028-08,2028-07,HH_M/HH_M1,month_pair,Mar/Apr,350,0.9594383624837639,0.08822500472222393
2028-07_2028-08,2028-07,HH_M/HH_M1,month_pair,Apr/May,352,0.9950382074251686,0.08326605826078713
2028-07_2028-08,2028-07,HH_M/HH_M1,month_pair,May/Jun,351,0.994022813314673,0.07285067865874768
2028-07_2028-08,2028-07,HH_M/HH_M1,month_pair,Jun/Jul,350,0.9903116538785653,0.07213804476302571
2028-07_2028-08,2028-07,HH_M/HH_M1,month_pair,Jul/Aug,350,0.9964694339928118,0.06960138528894837
2028-07_2028-08,2028-07,HH_M/HH_M1,month_pair,Aug/Sep,350,0.9959280628641414,0.07002148072882326
2028-07_2028-08,2028-07,HH_M/HH_M1,month_pair,Sep/Oct,350,0.9975189996619579,0.07334617140975952
2028-07_2028-08,2028-07,HH_M/HH_M1,pooled,all,4212,0.9812998671255332,1.0
2028-07_2028-08,2028-07,Brent_M/Brent_M1,year,2021,332,0.9998489932459841,0.07629617775126202
2028-07_2028-08,2028-07,Brent_M/Brent_M1,year,2022,907,0.9996016662060174,0.3267249321687041
2028-07_2028-08,2028-07,Brent_M/Brent_M1,year,2023,1047,0.9997349321796197,0.2197516555705676
2028-07_2028-08,2028-07,Brent_M/Brent_M1,year,2024,1054,0.9998269782940993,0.13444315964159056
2028-07_2028-08,2028-07,Brent_M/Brent_M1,year,2025,725,0.9996742661709913,0.15003004063781017
2028-07_2028-08,2028-07,Brent_M/Brent_M1,year,2026,147,0.9927280910032954,0.09275403423006556
2028-07_2028-08,2028-07,Brent_M/Brent_M1,days_to_expiry,"(365, 730]",1773,0.9998441504946967,0.3286848960070988
2028-07_2028-08,2028-07,Brent_M/Brent_M1,days_to_expiry,"(180, 365]",1235,0.9997956512601147,0.2946827217496294
2028-07_2028-08,2028-07,Brent_M/Brent_M1,days_to_expiry,"(90, 180]",584,0.9993267561647361,0.16186514259772075
2028-07_2028-08,2028-07,Brent_M/Brent_M1,days_to_expiry,"(60, 90]",195,0.9981173994201753,0.058661433532382935
2028-07_2028-08,2028-07,Brent_M/Brent_M1,days_to_expiry,"(30, 60]",190,0.9961065763127122,0.06274428536799029
2028-07_2028-08,2028-07,Brent_M/Brent_M1,days_to_expiry,"(0, 30]",187,0.9940436782836023,0.07433176840292496
2028-07_2028-08,2028-07,Brent_M/Brent_M1,days_to_expiry,nan,48,0.9975875550096827,0.019029752342252796
2028-07_2028-08,2028-07,Brent_M/Brent_M1,month_pair,Oct/Nov,350,0.9993969193936525,0.0811882355312778
2028-07_2028-08,2028-07,Brent_M/Brent_M1,month_pair,Nov/Dec,353,0.9995701026974112,0.08069189778755724
2028-07_2028-08,2028-07,Brent_M/Brent_M1,month_pair,Dec/Jan,353,0.9996856048809946,0.09514348599711146
2028-07_2028-08,2028-07,Brent_M/Brent_M1,month_pair,Jan/Feb,352,0.9996559055366984,0.08171545303438517
2028-07_2028-08,2028-07,Brent_M/Brent_M1,month_pair,Feb/Mar,351,0.9997001063387948,0.08227544822138984
2028-07_2028-08,2028-07,Brent_M/Brent_M1,month_pair,Mar/Apr,350,0.999693970790042,0.07512773461828773
2028-07_2028-08,2028-07,Brent_M/Brent_M1,month_pair,Apr/May,352,0.9978778047303479,0.08626523582676957
2028-07_2028-08,2028-07,Brent_M/Brent_M1,month_pair,May/Jun,351,0.9967212033914263,0.08250306197091974
2028-07_2028-08,2028-07,Brent_M/Brent_M1,month_pair,Jun/Jul,350,0.9975718506197512,0.07859850931098745
2028-07_2028-08,2028-07,Brent_M/Brent_M1,month_pair,Jul/Aug,350,0.9983397042322179,0.09073726043922473
2028-07_2028-08,2028-07,Brent_M/Brent_M1,month_pair,Aug/Sep,350,0.9986446039142508,0.08320495226242375
2028-07_2028-08,2028-07,Brent_M/Brent_M1,month_pair,Sep/Oct,350,0.998895014509598,0.0825487249996655
2028-07_2028-08,2028-07,Brent_M/Brent_M1,pooled,all,4212,0.9987697287826801,1.0
2028-07_2028-08,2028-07,TTF_M/HH_M,year,2021,332,0.1679136897791327,0.10056020926174586
2028-07_2028-08,2028-07,TTF_M/HH_M,year,2022,907,0.12550794969581153,0.4641965510928068
2028-07_2028-08,2028-07,TTF_M/HH_M,year,2023,1047,0.17850988119226263,0.19139115591560169
2028-07_2028-08,2028-07,TTF_M/HH_M,year,2024,1054,0.30886419284548416,0.09288563536652898
2028-07_2028-08,2028-07,TTF_M/HH_M,year,2025,725,0.06381045302677259,0.08510172911415217
2028-07_2028-08,2028-07,TTF_M/HH_M,year,2026,147,0.33198477799653797,0.06586471924916475
2028-07_2028-08,2028-07,TTF_M/HH_M,days_to_expiry,"(365, 730]",1773,0.15508848481348161,0.3275698763693525
2028-07_2028-08,2028-07,TTF_M/HH_M,days_to_expiry,"(180, 365]",1235,0.1364621827809343,0.30947676221555387
2028-07_2028-08,2028-07,TTF_M/HH_M,days_to_expiry,"(90, 180]",584,0.14040996380189355,0.15484075284821022
2028-07_2028-08,2028-07,TTF_M/HH_M,days_to_expiry,"(60, 90]",195,0.23594936792863225,0.052748692860593194
2028-07_2028-08,2028-07,TTF_M/HH_M,days_to_expiry,"(30, 60]",190,0.2622269035886683,0.05889615807885838
2028-07_2028-08,2028-07,TTF_M/HH_M,days_to_expiry,"(0, 30]",187,0.30790716490322334,0.07864156644292307
2028-07_2028-08,2028-07,TTF_M/HH_M,days_to_expiry,nan,48,0.24307791770244136,0.01782619118450898
2028-07_2028-08,2028-07,TTF_M/HH_M,month_pair,Oct/Nov,350,0.162646810273418,0.09047373346262344
2028-07_2028-08,2028-07,TTF_M/HH_M,month_pair,Nov/Dec,353,0.04754623447788742,0.09101520754337644
2028-07_2028-08,2028-07,TTF_M/HH_M,month_pair,Dec/Jan,353,0.14657323639426273,0.09412226684309039
2028-07_2028-08,2028-07,TTF_M/HH_M,month_pair,Jan/Feb,352,0.1396125887250374,0.10152248933110249
2028-07_2028-08,2028-07,TTF_M/HH_M,month_pair,Feb/Mar,351,0.198810907327259,0.11454961044716647
2028-07_2028-08,2028-07,TTF_M/HH_M,month_pair,Mar/Apr,350,0.18139865264330557,0.09662616769249108
2028-07_2028-08,2028-07,TTF_M/HH_M,month_pair,Apr/May,352,0.26412714899569933,0.07841011783182286
2028-07_2028-08,2028-07,TTF_M/HH_M,month_pair,May/Jun,351,0.27392674183461757,0.06826088808554745
2028-07_2028-08,2028-07,TTF_M/HH_M,month_pair,Jun/Jul,350,0.15658893505996435,0.06147191604670604
2028-07_2028-08,2028-07,TTF_M/HH_M,month_pair,Jul/Aug,350,0.12734011072309012,0.06941816972286596
2028-07_2028-08,2028-07,TTF_M/HH_M,month_pair,Aug/Sep,350,0.1436976233958972,0.0703280515750061
2028-07_2028-08,2028-07,TTF_M/HH_M,month_pair,Sep/Oct,350,0.26001757364731654,0.0638013814182015
2028-07_2028-08,2028-07,TTF_M/HH_M,pooled,all,4212,0.17314780379310538,1.0
2028-07_2028-08,2028-07,TTF_M/Brent_M,year,2021,332,0.07669029632476265,0.12171082648746633
2028-07_2028-08,2028-07,TTF_M/Brent_M,year,2022,907,0.04021874626267465,0.4609310842546811
2028-07_2028-08,2028-07,TTF_M/Brent_M,year,2023,1047,0.1417103767578103,0.19819916457407358
2028-07_2028-08,2028-07,TTF_M/Brent_M,year,2024,1054,0.0026805518263856285,0.08260094758972036
2028-07_2028-08,2028-07,TTF_M/Brent_M,year,2025,725,0.5076001870113045,0.07169627651497901
2028-07_2028-08,2028-07,TTF_M/Brent_M,year,2026,147,0.5943554766607196,0.06486170057907961
2028-07_2028-08,2028-07,TTF_M/Brent_M,days_to_expiry,"(365, 730]",1773,0.14648876438019423,0.37272869991977814
2028-07_2028-08,2028-07,TTF_M/Brent_M,days_to_expiry,"(180, 365]",1235,0.12477300972528965,0.322211332984434
2028-07_2028-08,2028-07,TTF_M/Brent_M,days_to_expiry,"(90, 180]",584,0.14721514429843868,0.14459592859191625
2028-07_2028-08,2028-07,TTF_M/Brent_M,days_to_expiry,"(60, 90]",195,0.17237282164329326,0.04210670504007803
2028-07_2028-08,2028-07,TTF_M/Brent_M,days_to_expiry,"(30, 60]",190,0.24151956998032847,0.0458371850854368
2028-07_2028-08,2028-07,TTF_M/Brent_M,days_to_expiry,"(0, 30]",187,0.2940359863698757,0.06084413117879318
2028-07_2028-08,2028-07,TTF_M/Brent_M,days_to_expiry,nan,48,0.1011019132851121,0.011676017199563517
2028-07_2028-08,2028-07,TTF_M/Brent_M,month_pair,Oct/Nov,350,0.13299329119476846,0.08735654645497
2028-07_2028-08,2028-07,TTF_M/Brent_M,month_pair,Nov/Dec,353,0.09923519593150494,0.09133534215553207
2028-07_2028-08,2028-07,TTF_M/Brent_M,month_pair,Dec/Jan,353,0.13638728373610967,0.09991524272898346
2028-07_2028-08,2028-07,TTF_M/Brent_M,month_pair,Jan/Feb,352,0.15089607289444734,0.10308528924250543
2028-07_2028-08,2028-07,TTF_M/Brent_M,month_pair,Feb/Mar,351,0.1401272797155191,0.1057430587710744
2028-07_2028-08,2028-07,TTF_M/Brent_M,month_pair,Mar/Apr,350,0.06222334544637458,0.09447157323369387
2028-07_2028-08,2028-07,TTF_M/Brent_M,month_pair,Apr/May,352,0.164309133086872,0.0787102294299077
2028-07_2028-08,2028-07,TTF_M/Brent_M,month_pair,May/Jun,351,0.2552052779406646,0.06882544354874752
2028-07_2028-08,2028-07,TTF_M/Brent_M,month_pair,Jun/Jul,350,0.12774489983000456,0.060190447624490974
2028-07_2028-08,2028-07,TTF_M/Brent_M,month_pair,Jul/Aug,350,0.19347949046090387,0.07289689393876359
2028-07_2028-08,2028-07,TTF_M/Brent_M,month_pair,Aug/Sep,350,0.23187118861311537,0.07330502039277893
2028-07_2028-08,2028-07,TTF_M/Brent_M,month_pair,Sep/Oct,350,0.2051476105008412,0.064164912478552
2028-07_2028-08,2028-07,TTF_M/Brent_M,pooled,all,4212,0.15510314214597137,1.0
2028-07_2028-08,2028-07,HH_M/Brent_M,year,2021,332,0.11306150449748069,0.03766088095297113
2028-07_2028-08,2028-07,HH_M/Brent_M,year,2022,907,0.3505556745956999,0.3914928718521224
2028-07_2028-08,2028-07,HH_M/Brent_M,year,2023,1047,0.22785528497013055,0.19104437886485076
2028-07_2028-08,2028-07,HH_M/Brent_M,year,2024,1054,0.027882070609201042,0.13950921809533842
2028-07_2028-08,2028-07,HH_M/Brent_M,year,2025,725,0.19205368192379157,0.15280547600182556
2028-07_2028-08,2028-07,HH_M/Brent_M,year,2026,147,0.141717921103914,0.08748717423289157
2028-07_2028-08,2028-07,HH_M/Brent_M,days_to_expiry,"(365, 730]",1773,0.31454892181979094,0.22255947555203273
2028-07_2028-08,2028-07,HH_M/Brent_M,days_to_expiry,"(180, 365]",1235,0.24818303530028918,0.270529797477516
2028-07_2028-08,2028-07,HH_M/Brent_M,days_to_expiry,"(90, 180]",584,0.23250980613104702,0.18223397342228784
2028-07_2028-08,2028-07,HH_M/Brent_M,days_to_expiry,"(60, 90]",195,0.1463190032498796,0.08079644717909211
2028-07_2028-08,2028-07,HH_M/Brent_M,days_to_expiry,"(30, 60]",190,0.12421537141307123,0.0921604373368856
2028-07_2028-08,2028-07,HH_M/Brent_M,days_to_expiry,"(0, 30]",187,0.15106714738603924,0.11869239941630527
2028-07_2028-08,2028-07,HH_M/Brent_M,days_to_expiry,nan,48,0.10479773466202046,0.03302746961588026
2028-07_2028-08,2028-07,HH_M/Brent_M,month_pair,Oct/Nov,350,0.29321248847104714,0.09215132793590286
2028-07_2028-08,2028-07,HH_M/Brent_M,month_pair,Nov/Dec,353,0.24214203710496787,0.08403783225105331
2028-07_2028-08,2028-07,HH_M/Brent_M,month_pair,Dec/Jan,353,0.24611910058502873,0.08097758363213421
2028-07_2028-08,2028-07,HH_M/Brent_M,month_pair,Jan/Feb,352,0.22308325013964506,0.08630862439807824
2028-07_2028-08,2028-07,HH_M/Brent_M,month_pair,Feb/Mar,351,0.2344536285766307,0.11599532184887662
2028-07_2028-08,2028-07,HH_M/Brent_M,month_pair,Mar/Apr,350,0.2268876525731995,0.0889495072690035
2028-07_2028-08,2028-07,HH_M/Brent_M,month_pair,Apr/May,352,0.22987317704836677,0.08247692904265616
2028-07_2028-08,2028-07,HH_M/Brent_M,month_pair,May/Jun,351,0.2691736688565214,0.07575824193186975
2028-07_2028-08,2028-07,HH_M/Brent_M,month_pair,Jun/Jul,350,0.19408654415536797,0.0746291579943517
2028-07_2028-08,2028-07,HH_M/Brent_M,month_pair,Jul/Aug,350,0.2159654324167747,0.07372522606951237
2028-07_2028-08,2028-07,HH_M/Brent_M,month_pair,Aug/Sep,350,0.1320327342832095,0.07097639313664954
2028-07_2028-08,2028-07,HH_M/Brent_M,month_pair,Sep/Oct,350,0.19082956094751888,0.07401385448991155
2028-07_2028-08,2028-07,HH_M/Brent_M,pooled,all,4212,0.2249470911652467,1.0
2028-08_2028-09,2028-08,TTF_M/TTF_M1,year,2020,4,,7.86674754303867e-05
2028-08_2028-09,2028-08,TTF_M/TTF_M1,year,2021,380,0.9532087197796781,0.12272843224932113
2028-08_2028-09,2028-08,TTF_M/TTF_M1,year,2022,957,0.9864484533675671,0.4906823870108336
2028-08_2028-09,2028-08,TTF_M/TTF_M1,year,2023,1094,0.9912691173019594,0.19269403704043261
2028-08_2028-09,2028-08,TTF_M/TTF_M1,year,2024,1099,0.9961853822475984,0.07587571824753181
2028-08_2028-09,2028-08,TTF_M/TTF_M1,year,2025,725,0.9943391031392965,0.05971778835750991
2028-08_2028-09,2028-08,TTF_M/TTF_M1,year,2026,147,0.995076183987661,0.05822296961894046
2028-08_2028-09,2028-08,TTF_M/TTF_M1,days_to_expiry,"(365, 730]",1967,0.9759697217265519,0.3911664917907944
2028-08_2028-09,2028-08,TTF_M/TTF_M1,days_to_expiry,"(180, 365]",1235,0.9901451528152165,0.3240299553176468
2028-08_2028-09,2028-08,TTF_M/TTF_M1,days_to_expiry,"(90, 180]",584,0.9969903309595645,0.14074279057805184
2028-08_2028-09,2028-08,TTF_M/TTF_M1,days_to_expiry,"(60, 90]",195,0.9953435015713061,0.03855489511959482
2028-08_2028-09,2028-08,TTF_M/TTF_M1,days_to_expiry,"(30, 60]",190,0.9925496960334068,0.04112494155714946
2028-08_2028-09,2028-08,TTF_M/TTF_M1,days_to_expiry,"(0, 30]",187,0.9854042182959604,0.05427098233167414
2028-08_2028-09,2028-08,TTF_M/TTF_M1,days_to_expiry,nan,48,0.9859623630705328,0.010109943305088511
2028-08_2028-09,2028-08,TTF_M/TTF_M1,month_pair,Oct/Nov,366,0.9892992340387958,0.08541080004895965
2028-08_2028-09,2028-08,TTF_M/TTF_M1,month_pair,Nov/Dec,368,0.9952329871475365,0.0925490315139263
2028-08_2028-09,2028-08,TTF_M/TTF_M1,month_pair,Dec/Jan,369,0.9968499799284424,0.10026331117474507
2028-08_2028-09,2028-08,TTF_M/TTF_M1,month_pair,Jan/Feb,369,0.9958789293148993,0.10800443160424189
2028-08_2028-09,2028-08,TTF_M/TTF_M1,month_pair,Feb/Mar,367,0.9971501904716362,0.11115168114144328
2028-08_2028-09,2028-08,TTF_M/TTF_M1,month_pair,Mar/Apr,367,0.9020306006010863,0.08745476166526257
2028-08_2028-09,2028-08,TTF_M/TTF_M1,month_pair,Apr/May,367,0.9777548540346014,0.07665593353724252
2028-08_2028-09,2028-08,TTF_M/TTF_M1,month_pair,May/Jun,367,0.9962866806802034,0.0691555188481147
2028-08_2028-09,2028-08,TTF_M/TTF_M1,month_pair,Jun/Jul,368,0.9963310898834847,0.06564491041478696
2028-08_2028-09,2028-08,TTF_M/TTF_M1,month_pair,Jul/Aug,366,0.9984029811190743,0.07138305198260145
2028-08_2028-09,2028-08,TTF_M/TTF_M1,month_pair,Aug/Sep,366,0.9982499984769122,0.07160351765174218
2028-08_2028-09,2028-08,TTF_M/TTF_M1,month_pair,Sep/Oct,366,0.9929047082743682,0.06072305041693334
2028-08_2028-09,2028-08,TTF_M/TTF_M1,pooled,all,4406,0.9854906930586463,1.0
2028-08_2028-09,2028-08,HH_M/HH_M1,year,2020,4,,0.0002381153726897798
2028-08_2028-09,2028-08,HH_M/HH_M1,year,2021,380,0.9897642545710896,0.0247423262369846
2028-08_2028-09,2028-08,HH_M/HH_M1,year,2022,957,0.9897324964174238,0.4340460530006425
2028-08_2028-09,2028-08,HH_M/HH_M1,year,2023,1094,0.9866907581791838,0.1813119131629164
2028-08_2028-09,2028-08,HH_M/HH_M1,year,2024,1099,0.9738115296472744,0.13466321651721164
2028-08_2028-09,2028-08,HH_M/HH_M1,year,2025,725,0.9899157528338458,0.1516753130392977
2028-08_2028-09,2028-08,HH_M/HH_M1,year,2026,147,0.9254844482819381,0.0733230626702574
2028-08_2028-09,2028-08,HH_M/HH_M1,days_to_expiry,"(365, 730]",1967,0.9899755736446278,0.19925126083864786
2028-08_2028-09,2028-08,HH_M/HH_M1,days_to_expiry,"(180, 365]",1235,0.9892937420598098,0.2673546705624345
2028-08_2028-09,2028-08,HH_M/HH_M1,days_to_expiry,"(90, 180]",584,0.9938788546709442,0.18963780456245907
2028-08_2028-09,2028-08,HH_M/HH_M1,days_to_expiry,"(60, 90]",195,0.9883725166023278,0.08592712821810178
2028-08_2028-09,2028-08,HH_M/HH_M1,days_to_expiry,"(30, 60]",190,0.9926838155555652,0.10188176205667213
2028-08_2028-09,2028-08,HH_M/HH_M1,days_to_expiry,"(0, 30]",187,0.9750325377393815,0.12737611685667333
2028-08_2028-09,2028-08,HH_M/HH_M1,days_to_expiry,nan,48,0.8054379212931686,0.028571256905011354
2028-08_2028-09,2028-08,HH_M/HH_M1,month_pair,Oct/Nov,366,0.9858101593957836,0.09570262058361992
2028-08_2028-09,2028-08,HH_M/HH_M1,month_pair,Nov/Dec,368,0.9879667908789201,0.08420964219686894
2028-08_2028-09,2028-08,HH_M/HH_M1,month_pair,Dec/Jan,369,0.9940588666917869,0.07757873443075873
2028-08_2028-09,2028-08,HH_M/HH_M1,month_pair,Jan/Feb,369,0.9931070933999564,0.09315260888864957
2028-08_2028-09,2028-08,HH_M/HH_M1,month_pair,Feb/Mar,367,0.9336715662742137,0.1192809095275253
2028-08_2028-09,2028-08,HH_M/HH_M1,month_pair,Mar/Apr,367,0.9594249077715736,0.08857913719168266
2028-08_2028-09,2028-08,HH_M/HH_M1,month_pair,Apr/May,367,0.9951197819053261,0.08427376282994577
2028-08_2028-09,2028-08,HH_M/HH_M1,month_pair,May/Jun,367,0.9940386938918974,0.07246341483408848
2028-08_2028-09,2028-08,HH_M/HH_M1,month_pair,Jun/Jul,368,0.990365916061627,0.07195549833680308
2028-08_2028-09,2028-08,HH_M/HH_M1,month_pair,Jul/Aug,366,0.9965191879067732,0.07028765583501592
2028-08_2028-09,2028-08,HH_M/HH_M1,month_pair,Aug/Sep,366,0.9959451249295165,0.06957783614154406
2028-08_2028-09,2028-08,HH_M/HH_M1,month_pair,Sep/Oct,366,0.997518416935455,0.07293817920349757
2028-08_2028-09,2028-08,HH_M/HH_M1,pooled,all,4406,0.9814223621930327,1.0
2028-08_2028-09,2028-08,Brent_M/Brent_M1,year,2020,4,,0.00013819242542348386
2028-08_2028-09,2028-08,Brent_M/Brent_M1,year,2021,380,0.9998532279805465,0.08283966521012616
2028-08_2028-09,2028-08,Brent_M/Brent_M1,year,2022,957,0.9996108617580086,0.32978781505371596
2028-08_2028-09,2028-08,Brent_M/Brent_M1,year,2023,1094,0.999736801929015,0.21804826135024588
2028-08_2028-09,2028-08,Brent_M/Brent_M1,year,2024,1099,0.99982907318918,0.13467354582733945
2028-08_2028-09,2028-08,Brent_M/Brent_M1,year,2025,725,0.9996742661709913,0.14491857814314593
2028-08_2028-09,2028-08,Brent_M/Brent_M1,year,2026,147,0.9927280910032954,0.0895939419900032
2028-08_2028-09,2028-08,Brent_M/Brent_M1,days_to_expiry,"(365, 730]",1967,0.9998438991514452,0.35155632869866993
2028-08_2028-09,2028-08,Brent_M/Brent_M1,days_to_expiry,"(180, 365]",1235,0.9997956512601147,0.28464300121335967
2028-08_2028-09,2028-08,Brent_M/Brent_M1,days_to_expiry,"(90, 180]",584,0.9993267561647361,0.15635046299046068
2028-08_2028-09,2028-08,Brent_M/Brent_M1,days_to_expiry,"(60, 90]",195,0.9981173994201753,0.05666286233884526
2028-08_2028-09,2028-08,Brent_M/Brent_M1,days_to_expiry,"(30, 60]",190,0.9961065763127122,0.06060661307216498
2028-08_2028-09,2028-08,Brent_M/Brent_M1,days_to_expiry,"(0, 30]",187,0.9940436782836023,0.0717993152706163
2028-08_2028-09,2028-08,Brent_M/Brent_M1,days_to_expiry,nan,48,0.9975875550096827,0.018381416415883256
2028-08_2028-09,2028-08,Brent_M/Brent_M1,month_pair,Oct/Nov,366,0.9994127752557396,0.0813787807562373
2028-08_2028-09,2028-08,Brent_M/Brent_M1,month_pair,Nov/Dec,368,0.9995720225637137,0.07951785773840521
2028-08_2028-09,2028-08,Brent_M/Brent_M1,month_pair,Dec/Jan,369,0.9996873781826492,0.0939752929804561
2028-08_2028-09,2028-08,Brent_M/Brent_M1,month_pair,Jan/Feb,369,0.999673648069729,0.0846008781292975
2028-08_2028-09,2028-08,Brent_M/Brent_M1,month_pair,Feb/Mar,367,0.9996962142849619,0.08209173946505353
2028-08_2028-09,2028-08,Brent_M/Brent_M1,month_pair,Mar/Apr,367,0.9996960330543222,0.07443296674289175
2028-08_2028-09,2028-08,Brent_M/Brent_M1,month_pair,Apr/May,367,0.9979317905454724,0.08596778811619872
2028-08_2028-09,2028-08,Brent_M/Brent_M1,month_pair,May/Jun,367,0.9967907349932321,0.08181410165961113
2028-08_2028-09,2028-08,Brent_M/Brent_M1,month_pair,Jun/Jul,368,0.9976289296138534,0.07810360193576564
2028-08_2028-09,2028-08,Brent_M/Brent_M1,month_pair,Jul/Aug,366,0.9983954421684943,0.0916094873532654
2028-08_2028-09,2028-08,Brent_M/Brent_M1,month_pair,Aug/Sep,366,0.9986936677961822,0.08445509892280541
2028-08_2028-09,2028-08,Brent_M/Brent_M1,month_pair,Sep/Oct,366,0.9989143997085903,0.08205240620001238
2028-08_2028-09,2028-08,Brent_M/Brent_M1,pooled,all,4406,0.9988021834998203,1.0
2028-08_2028-09,2028-08,TTF_M/HH_M,year,2020,4,,0.00012242111947504417
2028-08_2028-09,2028-08,TTF_M/HH_M,year,2021,380,0.16809609909214177,0.1010164665162786
2028-08_2028-09,2028-08,TTF_M/HH_M,year,2022,957,0.12650255382997322,0.46701064165961376
2028-08_2028-09,2028-08,TTF_M/HH_M,year,2023,1094,0.17868841639392027,0.19122812761526814
2028-08_2028-09,2028-08,TTF_M/HH_M,year,2024,1099,0.3072156034663392,0.09279790552036389
2028-08_2028-09,2028-08,TTF_M/HH_M,year,2025,725,0.06381045302677259,0.08333053720766874
2028-08_2028-09,2028-08,TTF_M/HH_M,year,2026,147,0.33198477799653797,0.06449390036133179
2028-08_2028-09,2028-08,TTF_M/HH_M,days_to_expiry,"(365, 730]",1967,0.1588824440445394,0.34156492447293063
2028-08_2028-09,2028-08,TTF_M/HH_M,days_to_expiry,"(180, 365]",1235,0.1364621827809343,0.3030357328476825
2028-08_2028-09,2028-08,TTF_M/HH_M,days_to_expiry,"(90, 180]",584,0.14040996380189355,0.15161810753778793
2028-08_2028-09,2028-08,TTF_M/HH_M,days_to_expiry,"(60, 90]",195,0.23594936792863225,0.051650853147525294
2028-08_2028-09,2028-08,TTF_M/HH_M,days_to_expiry,"(30, 60]",190,0.2622269035886683,0.05767037336686603
2028-08_2028-09,2028-08,TTF_M/HH_M,days_to_expiry,"(0, 30]",187,0.30790716490322334,0.07700482759581871
2028-08_2028-09,2028-08,TTF_M/HH_M,days_to_expiry,nan,48,0.24307791770244136,0.01745518103138886
2028-08_2028-09,2028-08,TTF_M/HH_M,month_pair,Oct/Nov,366,0.16299421215829987,0.08999741304642526
2028-08_2028-09,2028-08,TTF_M/HH_M,month_pair,Nov/Dec,368,0.05320625642013037,0.09041488707189309
2028-08_2028-09,2028-08,TTF_M/HH_M,month_pair,Dec/Jan,369,0.1425059273455478,0.09312496327089849
2028-08_2028-09,2028-08,TTF_M/HH_M,month_pair,Jan/Feb,369,0.1418658949939343,0.10103686534665826
2028-08_2028-09,2028-08,TTF_M/HH_M,month_pair,Feb/Mar,367,0.20561929496176326,0.11387050025182853
2028-08_2028-09,2028-08,TTF_M/HH_M,month_pair,Mar/Apr,367,0.17774809437427483,0.09631747478318048
2028-08_2028-09,2028-08,TTF_M/HH_M,month_pair,Apr/May,367,0.2672666359009062,0.07831473117928411
2028-08_2028-09,2028-08,TTF_M/HH_M,month_pair,May/Jun,367,0.2726900215826682,0.06841689330905855
2028-08_2028-09,2028-08,TTF_M/HH_M,month_pair,Jun/Jul,368,0.15042227552389204,0.06604435201982412
2028-08_2028-09,2028-08,TTF_M/HH_M,month_pair,Jul/Aug,366,0.12826745801576456,0.06981702644505755
2028-08_2028-09,2028-08,TTF_M/HH_M,month_pair,Aug/Sep,366,0.14745625153948805,0.0695142650205902
2028-08_2028-09,2028-08,TTF_M/HH_M,month_pair,Sep/Oct,366,0.25890006504865076,0.06313062825530133
2028-08_2028-09,2028-08,TTF_M/HH_M,pooled,all,4406,0.17386815331456174,1.0
2028-08_2028-09,2028-08,TTF_M/Brent_M,year,2020,4,,8.764216030128588e-05
2028-08_2028-09,2028-08,TTF_M/Brent_M,year,2021,380,0.09045881340722281,0.12236748881785244
2028-08_2028-09,2028-08,TTF_M/Brent_M,year,2022,957,0.04503233117400038,0.4636716334834954
2028-08_2028-09,2028-08,TTF_M/Brent_M,year,2023,1094,0.14363907864121958,0.19782785855421875
2028-08_2028-09,2028-08,TTF_M/Brent_M,year,2024,1099,0.006592800147346329,0.08294184740157835
2028-08_2028-09,2028-08,TTF_M/Brent_M,year,2025,725,0.5076001870113045,0.06988260711783544
2028-08_2028-09,2028-08,TTF_M/Brent_M,year,2026,147,0.5943554766607196,0.06322092246471842
2028-08_2028-09,2028-08,TTF_M/Brent_M,days_to_expiry,"(365, 730]",1967,0.1521596745227326,0.388596508067727
2028-08_2028-09,2028-08,TTF_M/Brent_M,days_to_expiry,"(180, 365]",1235,0.12477300972528965,0.3140604936040288
2028-08_2028-09,2028-08,TTF_M/Brent_M,days_to_expiry,"(90, 180]",584,0.14721514429843868,0.1409381485315539
2028-08_2028-09,2028-08,TTF_M/Brent_M,days_to_expiry,"(60, 90]",195,0.17237282164329326,0.04104155011073124
2028-08_2028-09,2028-08,TTF_M/Brent_M,days_to_expiry,"(30, 60]",190,0.24151956998032847,0.04467766183148798
2028-08_2028-09,2028-08,TTF_M/Brent_M,days_to_expiry,"(0, 30]",187,0.2940359863698757,0.05930498376307332
2028-08_2028-09,2028-08,TTF_M/Brent_M,days_to_expiry,nan,48,0.1011019132851121,0.011380654091397834
2028-08_2028-09,2028-08,TTF_M/Brent_M,month_pair,Oct/Nov,366,0.13322077586814587,0.08677204956186016
2028-08_2028-09,2028-08,TTF_M/Brent_M,month_pair,Nov/Dec,368,0.10096887173208294,0.09053085190344656
2028-08_2028-09,2028-08,TTF_M/Brent_M,month_pair,Dec/Jan,369,0.13132540945976495,0.09863752027272654
2028-08_2028-09,2028-08,TTF_M/Brent_M,month_pair,Jan/Feb,369,0.16028473109298896,0.10287445706825366
2028-08_2028-09,2028-08,TTF_M/Brent_M,month_pair,Feb/Mar,367,0.13572225183775022,0.10487944315058362
2028-08_2028-09,2028-08,TTF_M/Brent_M,month_pair,Mar/Apr,367,0.07379725848706914,0.09394295346564437
2028-08_2028-09,2028-08,TTF_M/Brent_M,month_pair,Apr/May,367,0.17015497802177204,0.0782747452664634
2028-08_2028-09,2028-08,TTF_M/Brent_M,month_pair,May/Jun,367,0.25134947882394626,0.06906737966737297
2028-08_2028-09,2028-08,TTF_M/Brent_M,month_pair,Jun/Jul,368,0.13883174439105897,0.06566642648384013
2028-08_2028-09,2028-08,TTF_M/Brent_M,month_pair,Jul/Aug,366,0.1997362000194223,0.07328415386870338
2028-08_2028-09,2028-08,TTF_M/Brent_M,month_pair,Aug/Sep,366,0.22314890822970584,0.07260545242797173
2028-08_2028-09,2028-08,TTF_M/Brent_M,month_pair,Sep/Oct,366,0.2038679547984897,0.06346456686313358
2028-08_2028-09,2028-08,TTF_M/Brent_M,pooled,all,4406,0.15709830284239953,1.0
2028-08_2028-09,2028-08,HH_M/Brent_M,year,2020,4,,0.00020961478835085557
2028-08_2028-09,2028-08,HH_M/Brent_M,year,2021,380,0.12239328591986892,0.040510127614764885
2028-08_2028-09,2028-08,HH_M/Brent_M,year,2022,957,0.3494330888223083,0.39341035204241737
2028-08_2028-09,2028-08,HH_M/Brent_M,year,2023,1094,0.22783209223366335,0.19066463789820495
2028-08_2028-09,2028-08,HH_M/Brent_M,year,2024,1099,0.0320841519190929,0.1391948934501168
2028-08_2028-09,2028-08,HH_M/Brent_M,year,2025,725,0.19205368192379157,0.15008231644501857
2028-08_2028-09,2028-08,HH_M/Brent_M,year,2026,147,0.141717921103914,0.08592805776112657
2028-08_2028-09,2028-08,HH_M/Brent_M,days_to_expiry,"(365, 730]",1967,0.31338057034252553,0.23641431013907507
2028-08_2028-09,2028-08,HH_M/Brent_M,days_to_expiry,"(180, 365]",1235,0.24818303530028918,0.2657086626420527
2028-08_2028-09,2028-08,HH_M/Brent_M,days_to_expiry,"(90, 180]",584,0.23250980613104702,0.17898636607676385
2028-08_2028-09,2028-08,HH_M/Brent_M,days_to_expiry,"(60, 90]",195,0.1463190032498796,0.07935656673076859
2028-08_2028-09,2028-08,HH_M/Brent_M,days_to_expiry,"(30, 60]",190,0.12421537141307123,0.09051803824059632
2028-08_2028-09,2028-08,HH_M/Brent_M,days_to_expiry,"(0, 30]",187,0.15106714738603924,0.11657717193723899
2028-08_2028-09,2028-08,HH_M/Brent_M,days_to_expiry,nan,48,0.10479773466202046,0.03243888423350454
2028-08_2028-09,2028-08,HH_M/Brent_M,month_pair,Oct/Nov,366,0.29419808699555056,0.09227755692945237
2028-08_2028-09,2028-08,HH_M/Brent_M,month_pair,Nov/Dec,368,0.24102297266632375,0.08349775196688294
2028-08_2028-09,2028-08,HH_M/Brent_M,month_pair,Dec/Jan,369,0.24504605716801692,0.08045010868755152
2028-08_2028-09,2028-08,HH_M/Brent_M,month_pair,Jan/Feb,369,0.22732382040346658,0.08692088449378121
2028-08_2028-09,2028-08,HH_M/Brent_M,month_pair,Feb/Mar,367,0.23017337902337504,0.11588477823156514
2028-08_2028-09,2028-08,HH_M/Brent_M,month_pair,Mar/Apr,367,0.22707046564013647,0.08877576597345524
2028-08_2028-09,2028-08,HH_M/Brent_M,month_pair,Apr/May,367,0.24547329658100767,0.08311327965017642
2028-08_2028-09,2028-08,HH_M/Brent_M,month_pair,May/Jun,367,0.26673162436168946,0.07534401852487262
2028-08_2028-09,2028-08,HH_M/Brent_M,month_pair,Jun/Jul,368,0.18935148747726432,0.07438394477964543
2028-08_2028-09,2028-08,HH_M/Brent_M,month_pair,Jul/Aug,366,0.23245015200365932,0.07454132538104792
2028-08_2028-09,2028-08,HH_M/Brent_M,month_pair,Aug/Sep,366,0.12627620566613212,0.07113568542493026
2028-08_2028-09,2028-08,HH_M/Brent_M,month_pair,Sep/Oct,366,0.18563593683801566,0.07367489995663888
2028-08_2028-09,2028-08,HH_M/Brent_M,pooled,all,4406,0.22601408371475448,1.0
2028-09_2028-10,2028-09,TTF_M/TTF_M1,year,2020,15,0.9935691837507948,0.00025468522494779644
2028-09_2028-10,2028-09,TTF_M/TTF_M1,year,2021,435,0.9539623256792977,0.12151674351293364
2028-09_2028-10,2028-09,TTF_M/TTF_M1,year,2022,1009,0.9866944041921075,0.49718205736344645
2028-09_2028-10,2028-09,TTF_M/TTF_M1,year,2023,1150,0.991216203328844,0.1922155759868421
2028-09_2028-10,2028-09,TTF_M/TTF_M1,year,2024,1141,0.9960189613072346,0.07479097239801949
2028-09_2028-10,2028-09,TTF_M/TTF_M1,year,2025,725,0.9943391031392965,0.057742672183023244
2028-09_2028-10,2028-09,TTF_M/TTF_M1,year,2026,147,0.995076183987661,0.056297293330787146
2028-09_2028-10,2028-09,TTF_M/TTF_M1,days_to_expiry,"(365, 730]",2183,0.9771591080793149,0.41130315362485964
2028-09_2028-10,2028-09,TTF_M/TTF_M1,days_to_expiry,"(180, 365]",1235,0.9901451528152165,0.31331293408546995
2028-09_2028-10,2028-09,TTF_M/TTF_M1,days_to_expiry,"(90, 180]",584,0.9969903309595645,0.13608783985467762
2028-09_2028-10,2028-09,TTF_M/TTF_M1,days_to_expiry,"(60, 90]",195,0.9953435015713061,0.03727972403488447
2028-09_2028-10,2028-09,TTF_M/TTF_M1,days_to_expiry,"(30, 60]",190,0.9925496960334068,0.03976476832437551
2028-09_2028-10,2028-09,TTF_M/TTF_M1,days_to_expiry,"(0, 30]",187,0.9854042182959604,0.05247601473563976
2028-09_2028-10,2028-09,TTF_M/TTF_M1,days_to_expiry,nan,48,0.9859623630705328,0.009775565340092888
2028-09_2028-10,2028-09,TTF_M/TTF_M1,month_pair,Oct/Nov,385,0.9892933853396991,0.0831026807865981
2028-09_2028-10,2028-09,TTF_M/TTF_M1,month_pair,Nov/Dec,386,0.9953310133362969,0.09177258045662502
2028-09_2028-10,2028-09,TTF_M/TTF_M1,month_pair,Dec/Jan,385,0.9967597251506284,0.09921914799371884
2028-09_2028-10,2028-09,TTF_M/TTF_M1,month_pair,Jan/Feb,385,0.9958627521888036,0.10575597951484604
2028-09_2028-10,2028-09,TTF_M/TTF_M1,month_pair,Feb/Mar,385,0.9971621340157563,0.11083103900556386
2028-09_2028-10,2028-09,TTF_M/TTF_M1,month_pair,Mar/Apr,385,0.9033333288964239,0.08699466880168168
2028-09_2028-10,2028-09,TTF_M/TTF_M1,month_pair,Apr/May,386,0.9773975008060525,0.07494623112148643
2028-09_2028-10,2028-09,TTF_M/TTF_M1,month_pair,May/Jun,385,0.9962763395495501,0.06841825908115771
2028-09_2028-10,2028-09,TTF_M/TTF_M1,month_pair,Jun/Jul,385,0.9964263969685442,0.06678357576602674
2028-09_2028-10,2028-09,TTF_M/TTF_M1,month_pair,Jul/Aug,386,0.9982324072068884,0.07427286375272708
2028-09_2028-10,2028-09,TTF_M/TTF_M1,month_pair,Aug/Sep,384,0.9983893545747091,0.07690480184383953
2028-09_2028-10,2028-09,TTF_M/TTF_M1,month_pair,Sep/Oct,385,0.9927223955210984,0.060998171875728834
2028-09_2028-10,2028-09,TTF_M/TTF_M1,pooled,all,4622,0.9856701896862003,1.0
2028-09_2028-10,2028-09,HH_M/HH_M1,year,2020,15,0.9902216346470964,0.0005392508087333251
2028-09_2028-10,2028-09,HH_M/HH_M1,year,2021,435,0.9899041323397021,0.026068535823783705
2028-09_2028-10,2028-09,HH_M/HH_M1,year,2022,1009,0.9898175647794882,0.43576153099550335
2028-09_2028-10,2028-09,HH_M/HH_M1,year,2023,1150,0.9867129268685187,0.18198508962502585
2028-09_2028-10,2028-09,HH_M/HH_M1,year,2024,1141,0.9738846169888938,0.1337769900474058
2028-09_2028-10,2028-09,HH_M/HH_M1,year,2025,725,0.9899157528338458,0.14956547869254846
2028-09_2028-10,2028-09,HH_M/HH_M1,year,2026,147,0.9254844482819381,0.07230312400699929
2028-09_2028-10,2028-09,HH_M/HH_M1,days_to_expiry,"(365, 730]",2183,0.9901977853340364,0.21038983810046658
2028-09_2028-10,2028-09,HH_M/HH_M1,days_to_expiry,"(180, 365]",1235,0.9892937420598098,0.26363571290602067
2028-09_2028-10,2028-09,HH_M/HH_M1,days_to_expiry,"(90, 180]",584,0.9938788546709442,0.1869999042641796
2028-09_2028-10,2028-09,HH_M/HH_M1,days_to_expiry,"(60, 90]",195,0.9883725166023278,0.08473186444841298
2028-09_2028-10,2028-09,HH_M/HH_M1,days_to_expiry,"(30, 60]",190,0.9926838155555652,0.10046456609651737
2028-09_2028-10,2028-09,HH_M/HH_M1,days_to_expiry,"(0, 30]",187,0.9750325377393815,0.12560428925391687
2028-09_2028-10,2028-09,HH_M/HH_M1,days_to_expiry,nan,48,0.8054379212931686,0.028173824930485796
2028-09_2028-10,2028-09,HH_M/HH_M1,month_pair,Oct/Nov,385,0.9857330210153604,0.09493169166927792
2028-09_2028-10,2028-09,HH_M/HH_M1,month_pair,Nov/Dec,386,0.9879506953110341,0.08476916773313733
2028-09_2028-10,2028-09,HH_M/HH_M1,month_pair,Dec/Jan,385,0.9940644356028571,0.07708387534541503
2028-09_2028-10,2028-09,HH_M/HH_M1,month_pair,Jan/Feb,385,0.9930752061046135,0.09223704737337318
2028-09_2028-10,2028-09,HH_M/HH_M1,month_pair,Feb/Mar,385,0.9338499410187083,0.118720542964611
2028-09_2028-10,2028-09,HH_M/HH_M1,month_pair,Mar/Apr,385,0.959784882032939,0.0888742007863521
2028-09_2028-10,2028-09,HH_M/HH_M1,month_pair,Apr/May,386,0.995159276487277,0.08434069835771466
2028-09_2028-10,2028-09,HH_M/HH_M1,month_pair,May/Jun,385,0.9941983913735135,0.0741884598842709
2028-09_2028-10,2028-09,HH_M/HH_M1,month_pair,Jun/Jul,385,0.9904465952568279,0.07196955319356424
2028-09_2028-10,2028-09,HH_M/HH_M1,month_pair,Jul/Aug,386,0.9965575780105624,0.07037302116807127
2028-09_2028-10,2028-09,HH_M/HH_M1,month_pair,Aug/Sep,384,0.9960203477335802,0.07014498494728681
2028-09_2028-10,2028-09,HH_M/HH_M1,month_pair,Sep/Oct,385,0.9975181134917188,0.07236675657692535
2028-09_2028-10,2028-09,HH_M/HH_M1,pooled,all,4622,0.9815629303700001,1.0
2028-09_2028-10,2028-09,Brent_M/Brent_M1,year,2020,15,0.9997746469824303,0.0013397700038088793
2028-09_2028-10,2028-09,Brent_M/Brent_M1,year,2021,435,0.9998537467612056,0.09044006292322213
2028-09_2028-10,2028-09,Brent_M/Brent_M1,year,2022,1009,0.9996194268714116,0.3316729965234166
2028-09_2028-10,2028-09,Brent_M/Brent_M1,year,2023,1150,0.9997393197725138,0.21681022318788917
2028-09_2028-10,2028-09,Brent_M/Brent_M1,year,2024,1141,0.9998306079654178,0.13352354725851046
2028-09_2028-10,2028-09,Brent_M/Brent_M1,year,2025,725,0.9996742661709913,0.13979008149015906
2028-09_2028-10,2028-09,Brent_M/Brent_M1,year,2026,147,0.9927280910032954,0.08642331861299375
2028-09_2028-10,2028-09,Brent_M/Brent_M1,days_to_expiry,"(365, 730]",2183,0.9998434664003283,0.37450398137736596
2028-09_2028-10,2028-09,Brent_M/Brent_M1,days_to_expiry,"(180, 365]",1235,0.9997956512601147,0.2745698228967955
2028-09_2028-10,2028-09,Brent_M/Brent_M1,days_to_expiry,"(90, 180]",584,0.9993267561647361,0.15081740548731926
2028-09_2028-10,2028-09,Brent_M/Brent_M1,days_to_expiry,"(60, 90]",195,0.9981173994201753,0.05465763082486792
2028-09_2028-10,2028-09,Brent_M/Brent_M1,days_to_expiry,"(30, 60]",190,0.9961065763127122,0.05846181689577379
2028-09_2028-10,2028-09,Brent_M/Brent_M1,days_to_expiry,"(0, 30]",187,0.9940436782836023,0.06925842263441899
2028-09_2028-10,2028-09,Brent_M/Brent_M1,days_to_expiry,nan,48,0.9975875550096827,0.01773091988345869
2028-09_2028-10,2028-09,Brent_M/Brent_M1,month_pair,Oct/Nov,385,0.9994286426712056,0.08157785720826108
2028-09_2028-10,2028-09,Brent_M/Brent_M1,month_pair,Nov/Dec,386,0.9995895510126381,0.08144960907078576
2028-09_2028-10,2028-09,Brent_M/Brent_M1,month_pair,Dec/Jan,385,0.99968684879809,0.09216619034668366
2028-09_2028-10,2028-09,Brent_M/Brent_M1,month_pair,Jan/Feb,385,0.9996760435697628,0.08382838231489476
2028-09_2028-10,2028-09,Brent_M/Brent_M1,month_pair,Feb/Mar,385,0.9997133335771353,0.08547069977722924
2028-09_2028-10,2028-09,Brent_M/Brent_M1,month_pair,Mar/Apr,385,0.999686945672549,0.07405373415387984
2028-09_2028-10,2028-09,Brent_M/Brent_M1,month_pair,Apr/May,386,0.9979628598528784,0.08458131953408203
2028-09_2028-10,2028-09,Brent_M/Brent_M1,month_pair,May/Jun,385,0.996868924638868,0.08136215969964876
2028-09_2028-10,2028-09,Brent_M/Brent_M1,month_pair,Jun/Jul,385,0.997706089950091,0.07855637623072736
2028-09_2028-10,2028-09,Brent_M/Brent_M1,month_pair,Jul/Aug,386,0.9984487550718535,0.09195204833519852
2028-09_2028-10,2028-09,Brent_M/Brent_M1,month_pair,Aug/Sep,384,0.9987177656923685,0.0835889343600211
2028-09_2028-10,2028-09,Brent_M/Brent_M1,month_pair,Sep/Oct,385,0.9989307318601341,0.08141268896858798
2028-09_2028-10,2028-09,Brent_M/Brent_M1,pooled,all,4622,0.9988350361797443,1.0
2028-09_2028-10,2028-09,TTF_M/HH_M,year,2020,15,0.22975499288808438,0.0003326604271060393
2028-09_2028-10,2028-09,TTF_M/HH_M,year,2021,435,0.17303423877385007,0.10074723522420581
2028-09_2028-10,2028-09,TTF_M/HH_M,year,2022,1009,0.1244680271566277,0.47257141731754726
2028-09_2028-10,2028-09,TTF_M/HH_M,year,2023,1150,0.1774021385771583,0.19106233822767105
2028-09_2028-10,2028-09,TTF_M/HH_M,year,2024,1141,0.3046084177400782,0.09154122149396193
2028-09_2028-10,2028-09,TTF_M/HH_M,year,2025,725,0.06381045302677259,0.08103097753437993
2028-09_2028-10,2028-09,TTF_M/HH_M,year,2026,147,0.33198477799653797,0.06271414977512801
2028-09_2028-10,2028-09,TTF_M/HH_M,days_to_expiry,"(365, 730]",2183,0.1567342241245697,0.35973486310404246
2028-09_2028-10,2028-09,TTF_M/HH_M,days_to_expiry,"(180, 365]",1235,0.1364621827809343,0.2946732672477617
2028-09_2028-10,2028-09,TTF_M/HH_M,days_to_expiry,"(90, 180]",584,0.14040996380189355,0.14743410851993238
2028-09_2028-10,2028-09,TTF_M/HH_M,days_to_expiry,"(60, 90]",195,0.23594936792863225,0.05022551469455201
2028-09_2028-10,2028-09,TTF_M/HH_M,days_to_expiry,"(30, 60]",190,0.2622269035886683,0.0560789223888475
2028-09_2028-10,2028-09,TTF_M/HH_M,days_to_expiry,"(0, 30]",187,0.30790716490322334,0.07487982994043813
2028-09_2028-10,2028-09,TTF_M/HH_M,days_to_expiry,nan,48,0.24307791770244136,0.016973494104425866
2028-09_2028-10,2028-09,TTF_M/HH_M,month_pair,Oct/Nov,385,0.16222864556524236,0.08804300138456517
2028-09_2028-10,2028-09,TTF_M/HH_M,month_pair,Nov/Dec,386,0.058013534704124944,0.09003122204427791
2028-09_2028-10,2028-09,TTF_M/HH_M,month_pair,Dec/Jan,385,0.1466013416894292,0.09230407534804237
2028-09_2028-10,2028-09,TTF_M/HH_M,month_pair,Jan/Feb,385,0.1399755294900447,0.09931655203174493
2028-09_2028-10,2028-09,TTF_M/HH_M,month_pair,Feb/Mar,385,0.20373172730168226,0.11331623649792756
2028-09_2028-10,2028-09,TTF_M/HH_M,month_pair,Mar/Apr,385,0.18377532274293812,0.09606150702675623
2028-09_2028-10,2028-09,TTF_M/HH_M,month_pair,Apr/May,386,0.2649446207247849,0.07709313962287646
2028-09_2028-10,2028-09,TTF_M/HH_M,month_pair,May/Jun,385,0.2749191072978642,0.06832751658423034
2028-09_2028-10,2028-09,TTF_M/HH_M,month_pair,Jun/Jul,385,0.1367363770917984,0.06683860281400467
2028-09_2028-10,2028-09,TTF_M/HH_M,month_pair,Jul/Aug,386,0.1322531238260224,0.07190119196399997
2028-09_2028-10,2028-09,TTF_M/HH_M,month_pair,Aug/Sep,384,0.1302480104487504,0.07361162120676362
2028-09_2028-10,2028-09,TTF_M/HH_M,month_pair,Sep/Oct,385,0.2603137221475054,0.06315533347481081
2028-09_2028-10,2028-09,TTF_M/HH_M,pooled,all,4622,0.17272859480990266,1.0
2028-09_2028-10,2028-09,TTF_M/Brent_M,year,2020,15,0.7419838783281856,0.00039494851035046523
2028-09_2028-10,2028-09,TTF_M/Brent_M,year,2021,435,0.08738569348277576,0.12212094523349086
2028-09_2028-10,2028-09,TTF_M/Brent_M,year,2022,1009,0.05283309415698335,0.4695810930933144
2028-09_2028-10,2028-09,TTF_M/Brent_M,year,2023,1150,0.14693828558990846,0.1972646734278327
2028-09_2028-10,2028-09,TTF_M/Brent_M,year,2024,1141,0.010745367555668718,0.0819174099859227
2028-09_2028-10,2028-09,TTF_M/Brent_M,year,2025,725,0.5076001870113045,0.06758163506039068
2028-09_2028-10,2028-09,TTF_M/Brent_M,year,2026,147,0.5943554766607196,0.06113929468869814
2028-09_2028-10,2028-09,TTF_M/Brent_M,days_to_expiry,"(365, 730]",2183,0.15713631181966906,0.40872773111136823
2028-09_2028-10,2028-09,TTF_M/Brent_M,days_to_expiry,"(180, 365]",1235,0.12477300972528965,0.3037196598839637
2028-09_2028-10,2028-09,TTF_M/Brent_M,days_to_expiry,"(90, 180]",584,0.14721514429843868,0.1362975840910733
2028-09_2028-10,2028-09,TTF_M/Brent_M,days_to_expiry,"(60, 90]",195,0.17237282164329326,0.03969020585078148
2028-09_2028-10,2028-09,TTF_M/Brent_M,days_to_expiry,"(30, 60]",190,0.24151956998032847,0.04320659405502572
2028-09_2028-10,2028-09,TTF_M/Brent_M,days_to_expiry,"(0, 30]",187,0.2940359863698757,0.05735229315615377
2028-09_2028-10,2028-09,TTF_M/Brent_M,days_to_expiry,nan,48,0.1011019132851121,0.011005931851633724
2028-09_2028-10,2028-09,TTF_M/Brent_M,month_pair,Oct/Nov,385,0.138143250709855,0.08475775375721696
2028-09_2028-10,2028-09,TTF_M/Brent_M,month_pair,Nov/Dec,386,0.09256804873952784,0.0901133780327509
2028-09_2028-10,2028-09,TTF_M/Brent_M,month_pair,Dec/Jan,385,0.1327237454072692,0.09747373923002836
2028-09_2028-10,2028-09,TTF_M/Brent_M,month_pair,Jan/Feb,385,0.15532581416469676,0.10091502441825978
2028-09_2028-10,2028-09,TTF_M/Brent_M,month_pair,Feb/Mar,385,0.16460155029220122,0.10497229882820597
2028-09_2028-10,2028-09,TTF_M/Brent_M,month_pair,Mar/Apr,385,0.07112231238945448,0.09350875549370101
2028-09_2028-10,2028-09,TTF_M/Brent_M,month_pair,Apr/May,386,0.17219648802740428,0.07666052098030025
2028-09_2028-10,2028-09,TTF_M/Brent_M,month_pair,May/Jun,385,0.2607996557029094,0.06842680954169301
2028-09_2028-10,2028-09,TTF_M/Brent_M,month_pair,Jun/Jul,385,0.11022192247013753,0.06669011786849285
2028-09_2028-10,2028-09,TTF_M/Brent_M,month_pair,Jul/Aug,386,0.20215100707071426,0.07574016656197441
2028-09_2028-10,2028-09,TTF_M/Brent_M,month_pair,Aug/Sep,384,0.23670100510442382,0.0771339685397559
2028-09_2028-10,2028-09,TTF_M/Brent_M,month_pair,Sep/Oct,385,0.20022702846792914,0.06360746674762048
2028-09_2028-10,2028-09,TTF_M/Brent_M,pooled,all,4622,0.15904831884165632,1.0
2028-09_2028-10,2028-09,HH_M/Brent_M,year,2020,15,-0.08003665238319553,0.0007666362201168179
2028-09_2028-10,2028-09,HH_M/Brent_M,year,2021,435,0.11503467444502873,0.043868205278954506
2028-09_2028-10,2028-09,HH_M/Brent_M,year,2022,1009,0.3476554138959989,0.39487450185842776
2028-09_2028-10,2028-09,HH_M/Brent_M,year,2023,1150,0.22759600301643876,0.19087958324815815
2028-09_2028-10,2028-09,HH_M/Brent_M,year,2024,1141,0.036318437062576356,0.13818111941470906
2028-09_2028-10,2028-09,HH_M/Brent_M,year,2025,725,0.19205368192379157,0.14716956279934196
2028-09_2028-10,2028-09,HH_M/Brent_M,year,2026,147,0.141717921103914,0.08426039118029174
2028-09_2028-10,2028-09,HH_M/Brent_M,days_to_expiry,"(365, 730]",2183,0.30690943417889704,0.2512337575903924
2028-09_2028-10,2028-09,HH_M/Brent_M,days_to_expiry,"(180, 365]",1235,0.24818303530028918,0.2605518667307767
2028-09_2028-10,2028-09,HH_M/Brent_M,days_to_expiry,"(90, 180]",584,0.23250980613104702,0.17551265110043957
2028-09_2028-10,2028-09,HH_M/Brent_M,days_to_expiry,"(60, 90]",195,0.1463190032498796,0.07781643772337747
2028-09_2028-10,2028-09,HH_M/Brent_M,days_to_expiry,"(30, 60]",190,0.12421537141307123,0.08876129066280036
2028-09_2028-10,2028-09,HH_M/Brent_M,days_to_expiry,"(0, 30]",187,0.15106714738603924,0.11431467632412484
2028-09_2028-10,2028-09,HH_M/Brent_M,days_to_expiry,nan,48,0.10479773466202046,0.031809319868088874
2028-09_2028-10,2028-09,HH_M/Brent_M,month_pair,Oct/Nov,385,0.2843649985337812,0.09174854412042407
2028-09_2028-10,2028-09,HH_M/Brent_M,month_pair,Nov/Dec,386,0.22676818915892585,0.08442556665225556
2028-09_2028-10,2028-09,HH_M/Brent_M,month_pair,Dec/Jan,385,0.242485445382514,0.07970593650272165
2028-09_2028-10,2028-09,HH_M/Brent_M,month_pair,Jan/Feb,385,0.22686888387953144,0.08611307660582176
2028-09_2028-10,2028-09,HH_M/Brent_M,month_pair,Feb/Mar,385,0.22519936917005032,0.1161270155124727
2028-09_2028-10,2028-09,HH_M/Brent_M,month_pair,Mar/Apr,385,0.22409296994793587,0.0887414785799151
2028-09_2028-10,2028-09,HH_M/Brent_M,month_pair,Apr/May,386,0.24891220210945258,0.08278743101568622
2028-09_2028-10,2028-09,HH_M/Brent_M,month_pair,May/Jun,385,0.2817722698986119,0.07642669734021146
2028-09_2028-10,2028-09,HH_M/Brent_M,month_pair,Jun/Jul,385,0.20036573091557242,0.07454613596397396
2028-09_2028-10,2028-09,HH_M/Brent_M,month_pair,Jul/Aug,386,0.22803104654690656,0.07482686404650521
2028-09_2028-10,2028-09,HH_M/Brent_M,month_pair,Aug/Sep,384,0.1344543586709219,0.0713578955614439
2028-09_2028-10,2028-09,HH_M/Brent_M,month_pair,Sep/Oct,385,0.18683930626601095,0.07319335809856856
2028-09_2028-10,2028-09,HH_M/Brent_M,pooled,all,4622,0.22577821895809957,1.0
2028-10_2028-11,2028-10,TTF_M/TTF_M1,year,2020,27,0.9928770584384624,0.00038298669017512314
2028-10_2028-11,2028-10,TTF_M/TTF_M1,year,2021,485,0.9547665150008454,0.12088585741883046
2028-10_2028-11,2028-10,TTF_M/TTF_M1,year,2022,1057,0.9868517381063332,0.5017359702514462
2028-10_2028-11,2028-10,TTF_M/TTF_M1,year,2023,1198,0.990977643428065,0.1914452723808955
2028-10_2028-11,2028-10,TTF_M/TTF_M1,year,2024,1175,0.995827424463435,0.07426341982380023
2028-10_2028-11,2028-10,TTF_M/TTF_M1,year,2025,725,0.9943391031392965,0.05634848695239789
2028-10_2028-11,2028-10,TTF_M/TTF_M1,year,2026,147,0.995076183987661,0.054938006482454504
2028-10_2028-11,2028-10,TTF_M/TTF_M1,days_to_expiry,"(365, 730]",2375,0.9778015286435133,0.4255171208262816
2028-10_2028-11,2028-10,TTF_M/TTF_M1,days_to_expiry,"(180, 365]",1235,0.9901451528152165,0.30574805617539835
2028-10_2028-11,2028-10,TTF_M/TTF_M1,days_to_expiry,"(90, 180]",584,0.9969903309595645,0.13280202627487447
2028-10_2028-11,2028-10,TTF_M/TTF_M1,days_to_expiry,"(60, 90]",195,0.9953435015713061,0.03637961258028321
2028-10_2028-11,2028-10,TTF_M/TTF_M1,days_to_expiry,"(30, 60]",190,0.9925496960334068,0.0388046559741649
2028-10_2028-11,2028-10,TTF_M/TTF_M1,days_to_expiry,"(0, 30]",187,0.9854042182959604,0.05120899189203784
2028-10_2028-11,2028-10,TTF_M/TTF_M1,days_to_expiry,nan,48,0.9859623630705328,0.009539536276959616
2028-10_2028-11,2028-10,TTF_M/TTF_M1,month_pair,Oct/Nov,402,0.9894584270950775,0.08288470823589668
2028-10_2028-11,2028-10,TTF_M/TTF_M1,month_pair,Nov/Dec,402,0.9953491406113881,0.09036510440342763
2028-10_2028-11,2028-10,TTF_M/TTF_M1,month_pair,Dec/Jan,401,0.9967158660832329,0.09883662386569057
2028-10_2028-11,2028-10,TTF_M/TTF_M1,month_pair,Jan/Feb,401,0.9958849013736583,0.1045249162919975
2028-10_2028-11,2028-10,TTF_M/TTF_M1,month_pair,Feb/Mar,401,0.9971206329306737,0.10915781398068386
2028-10_2028-11,2028-10,TTF_M/TTF_M1,month_pair,Mar/Apr,401,0.9055946356247606,0.08906725133220525
2028-10_2028-11,2028-10,TTF_M/TTF_M1,month_pair,Apr/May,401,0.9775711034941158,0.07461772507529714
2028-10_2028-11,2028-10,TTF_M/TTF_M1,month_pair,May/Jun,401,0.9962371293724297,0.06722629602861596
2028-10_2028-11,2028-10,TTF_M/TTF_M1,month_pair,Jun/Jul,401,0.9963220630346767,0.06579980294282865
2028-10_2028-11,2028-10,TTF_M/TTF_M1,month_pair,Jul/Aug,401,0.9982722830106187,0.0754891361822072
2028-10_2028-11,2028-10,TTF_M/TTF_M1,month_pair,Aug/Sep,401,0.9983989707074459,0.0792016683172578
2028-10_2028-11,2028-10,TTF_M/TTF_M1,month_pair,Sep/Oct,401,0.9927197699472025,0.06282895334389178
2028-10_2028-11,2028-10,TTF_M/TTF_M1,pooled,all,4814,0.985746384551549,1.0
2028-10_2028-11,2028-10,HH_M/HH_M1,year,2020,27,0.9897511895028073,0.0007651264149483314
2028-10_2028-11,2028-10,HH_M/HH_M1,year,2021,485,0.9899748815141023,0.026957361769745284
2028-10_2028-11,2028-10,HH_M/HH_M1,year,2022,1057,0.989894009425245,0.43713080132669
2028-10_2028-11,2028-10,HH_M/HH_M1,year,2023,1198,0.9864952984454766,0.1831283474234589
2028-10_2028-11,2028-10,HH_M/HH_M1,year,2024,1175,0.9738727117386485,0.1328204786895249
2028-10_2028-11,2028-10,HH_M/HH_M1,year,2025,725,0.9899157528338458,0.1477651010829673
2028-10_2028-11,2028-10,HH_M/HH_M1,year,2026,147,0.9254844482819381,0.07143278329266534
2028-10_2028-11,2028-10,HH_M/HH_M1,days_to_expiry,"(365, 730]",2375,0.9901717648291929,0.2198946815189401
2028-10_2028-11,2028-10,HH_M/HH_M1,days_to_expiry,"(180, 365]",1235,0.9892937420598098,0.2604622276957225
2028-10_2028-11,2028-10,HH_M/HH_M1,days_to_expiry,"(90, 180]",584,0.9938788546709442,0.18474891397167287
2028-10_2028-11,2028-10,HH_M/HH_M1,days_to_expiry,"(60, 90]",195,0.9883725166023278,0.08371191417041753
2028-10_2028-11,2028-10,HH_M/HH_M1,days_to_expiry,"(30, 60]",190,0.9926838155555652,0.09925523519384118
2028-10_2028-11,2028-10,HH_M/HH_M1,days_to_expiry,"(0, 30]",187,0.9750325377393815,0.12409234176431629
2028-10_2028-11,2028-10,HH_M/HH_M1,days_to_expiry,nan,48,0.8054379212931686,0.02783468568508964
2028-10_2028-11,2028-10,HH_M/HH_M1,month_pair,Oct/Nov,402,0.9855779265298024,0.09419884001313096
2028-10_2028-11,2028-10,HH_M/HH_M1,month_pair,Nov/Dec,402,0.9879052076291907,0.08439244053744858
2028-10_2028-11,2028-10,HH_M/HH_M1,month_pair,Dec/Jan,401,0.9940759514123576,0.07776924101002373
2028-10_2028-11,2028-10,HH_M/HH_M1,month_pair,Jan/Feb,401,0.9930485165280145,0.09170157171879022
2028-10_2028-11,2028-10,HH_M/HH_M1,month_pair,Feb/Mar,401,0.9339056074788383,0.11794484211109567
2028-10_2028-11,2028-10,HH_M/HH_M1,month_pair,Mar/Apr,401,0.9595056406418285,0.08890688561141069
2028-10_2028-11,2028-10,HH_M/HH_M1,month_pair,Apr/May,401,0.9951869132799226,0.08480981444712497
2028-10_2028-11,2028-10,HH_M/HH_M1,month_pair,May/Jun,401,0.9942678310418496,0.07449541799350924
2028-10_2028-11,2028-10,HH_M/HH_M1,month_pair,Jun/Jul,401,0.9906376991699811,0.07326646883948953
2028-10_2028-11,2028-10,HH_M/HH_M1,month_pair,Jul/Aug,401,0.996586808692587,0.07050607440072525
2028-10_2028-11,2028-10,HH_M/HH_M1,month_pair,Aug/Sep,401,0.9960479545690719,0.06980276545018378
2028-10_2028-11,2028-10,HH_M/HH_M1,month_pair,Sep/Oct,401,0.9975238018604813,0.07220563786706753
2028-10_2028-11,2028-10,HH_M/HH_M1,pooled,all,4814,0.9816303209056385,1.0
2028-10_2028-11,2028-10,Brent_M/Brent_M1,year,2020,27,0.9998050690997958,0.0025043051013163946
2028-10_2028-11,2028-10,Brent_M/Brent_M1,year,2021,485,0.9998483835529985,0.09502267227379103
2028-10_2028-11,2028-10,Brent_M/Brent_M1,year,2022,1057,0.9996277032066254,0.3345012548859737
2028-10_2028-11,2028-10,Brent_M/Brent_M1,year,2023,1198,0.9997400729593916,0.21599014307679318
2028-10_2028-11,2028-10,Brent_M/Brent_M1,year,2024,1175,0.9998304709797521,0.13217051294058288
2028-10_2028-11,2028-10,Brent_M/Brent_M1,year,2025,725,0.9996742661709913,0.13583374462337464
2028-10_2028-11,2028-10,Brent_M/Brent_M1,year,2026,147,0.9927280910032954,0.08397736709816819
2028-10_2028-11,2028-10,Brent_M/Brent_M1,days_to_expiry,"(365, 730]",2375,0.9998413100925815,0.39220676065987037
2028-10_2028-11,2028-10,Brent_M/Brent_M1,days_to_expiry,"(180, 365]",1235,0.9997956512601147,0.266798951735886
2028-10_2028-11,2028-10,Brent_M/Brent_M1,days_to_expiry,"(90, 180]",584,0.9993267561647361,0.14654897345607917
2028-10_2028-11,2028-10,Brent_M/Brent_M1,days_to_expiry,"(60, 90]",195,0.9981173994201753,0.05311071134690238
2028-10_2028-11,2028-10,Brent_M/Brent_M1,days_to_expiry,"(30, 60]",190,0.9961065763127122,0.05680723139858862
2028-10_2028-11,2028-10,Brent_M/Brent_M1,days_to_expiry,"(0, 30]",187,0.9940436782836023,0.06729827175759746
2028-10_2028-11,2028-10,Brent_M/Brent_M1,days_to_expiry,nan,48,0.9975875550096827,0.01722909964507599
2028-10_2028-11,2028-10,Brent_M/Brent_M1,month_pair,Oct/Nov,402,0.9994399552469134,0.08178159868491831
2028-10_2028-11,2028-10,Brent_M/Brent_M1,month_pair,Nov/Dec,402,0.9995873791392146,0.08018952038739231
2028-10_2028-11,2028-10,Brent_M/Brent_M1,month_pair,Dec/Jan,401,0.9996901428865288,0.09219800316178632
2028-10_2028-11,2028-10,Brent_M/Brent_M1,month_pair,Jan/Feb,401,0.9996772590660143,0.08296102780725499
2028-10_2028-11,2028-10,Brent_M/Brent_M1,month_pair,Feb/Mar,401,0.9997133676903398,0.08505028043037156
2028-10_2028-11,2028-10,Brent_M/Brent_M1,month_pair,Mar/Apr,401,0.9997041797713024,0.07850726131363883
2028-10_2028-11,2028-10,Brent_M/Brent_M1,month_pair,Apr/May,401,0.9979867066741451,0.08371300173751751
2028-10_2028-11,2028-10,Brent_M/Brent_M1,month_pair,May/Jun,401,0.9969066379099862,0.08030749922051622
2028-10_2028-11,2028-10,Brent_M/Brent_M1,month_pair,Jun/Jul,401,0.9977512342960139,0.07842634914991879
2028-10_2028-11,2028-10,Brent_M/Brent_M1,month_pair,Jul/Aug,401,0.9984745097574429,0.09139062218538486
2028-10_2028-11,2028-10,Brent_M/Brent_M1,month_pair,Aug/Sep,401,0.998757356119119,0.08415277862728456
2028-10_2028-11,2028-10,Brent_M/Brent_M1,month_pair,Sep/Oct,401,0.99894868290201,0.08132205729401579
2028-10_2028-11,2028-10,Brent_M/Brent_M1,pooled,all,4814,0.9988600789500862,1.0
2028-10_2028-11,2028-10,TTF_M/HH_M,year,2020,27,0.13606121227748458,0.0004793694266011818
2028-10_2028-11,2028-10,TTF_M/HH_M,year,2021,485,0.1793106435908993,0.1006924451839458
2028-10_2028-11,2028-10,TTF_M/HH_M,year,2022,1057,0.12557074826172573,0.4762006372175326
2028-10_2028-11,2028-10,TTF_M/HH_M,year,2023,1198,0.17775949699769675,0.19089838650923605
2028-10_2028-11,2028-10,TTF_M/HH_M,year,2024,1175,0.30350785511136064,0.09086607157377746
2028-10_2028-11,2028-10,TTF_M/HH_M,year,2025,725,0.06381045302677259,0.0794063360759399
2028-10_2028-11,2028-10,TTF_M/HH_M,year,2026,147,0.33198477799653797,0.061456754012967026
2028-10_2028-11,2028-10,TTF_M/HH_M,days_to_expiry,"(365, 730]",2375,0.16016136463126626,0.37257194488987694
2028-10_2028-11,2028-10,TTF_M/HH_M,days_to_expiry,"(180, 365]",1235,0.1364621827809343,0.2887651760308987
2028-10_2028-11,2028-10,TTF_M/HH_M,days_to_expiry,"(90, 180]",584,0.14040996380189355,0.14447810857549132
2028-10_2028-11,2028-10,TTF_M/HH_M,days_to_expiry,"(60, 90]",195,0.23594936792863225,0.04921851149741499
2028-10_2028-11,2028-10,TTF_M/HH_M,days_to_expiry,"(30, 60]",190,0.2622269035886683,0.05495456050861586
2028-10_2028-11,2028-10,TTF_M/HH_M,days_to_expiry,"(0, 30]",187,0.30790716490322334,0.07337851674116738
2028-10_2028-11,2028-10,TTF_M/HH_M,days_to_expiry,nan,48,0.24307791770244136,0.01663318175653474
2028-10_2028-11,2028-10,TTF_M/HH_M,month_pair,Oct/Nov,402,0.16398641971359174,0.08770294688494512
2028-10_2028-11,2028-10,TTF_M/HH_M,month_pair,Nov/Dec,402,0.05932215385540878,0.0889645667652655
2028-10_2028-11,2028-10,TTF_M/HH_M,month_pair,Dec/Jan,401,0.1472229943407329,0.09226483272875101
2028-10_2028-11,2028-10,TTF_M/HH_M,month_pair,Jan/Feb,401,0.14367058774722521,0.09842908449530523
2028-10_2028-11,2028-10,TTF_M/HH_M,month_pair,Feb/Mar,401,0.20206870115397912,0.11188201743786708
2028-10_2028-11,2028-10,TTF_M/HH_M,month_pair,Mar/Apr,401,0.18621124655449703,0.09737340037636263
2028-10_2028-11,2028-10,TTF_M/HH_M,month_pair,Apr/May,401,0.26778197149949634,0.07693789421489336
2028-10_2028-11,2028-10,TTF_M/HH_M,month_pair,May/Jun,401,0.27420662731717393,0.06758811648200688
2028-10_2028-11,2028-10,TTF_M/HH_M,month_pair,Jun/Jul,401,0.1388121405511311,0.06645914652060378
2028-10_2028-11,2028-10,TTF_M/HH_M,month_pair,Jul/Aug,401,0.12270531447255709,0.07284469998751657
2028-10_2028-11,2028-10,TTF_M/HH_M,month_pair,Aug/Sep,401,0.14199567740600402,0.07525616510616205
2028-10_2028-11,2028-10,TTF_M/HH_M,month_pair,Sep/Oct,401,0.2549705573865921,0.06429712900032068
2028-10_2028-11,2028-10,TTF_M/HH_M,pooled,all,4814,0.173449968409236,1.0
2028-10_2028-11,2028-10,TTF_M/Brent_M,year,2020,27,0.7775009142828576,0.0006491633982499546
2028-10_2028-11,2028-10,TTF_M/Brent_M,year,2021,485,0.09201566697627993,0.12207448002168808
2028-10_2028-11,2028-10,TTF_M/Brent_M,year,2022,1057,0.05577396463324516,0.4734550484422783
2028-10_2028-11,2028-10,TTF_M/Brent_M,year,2023,1198,0.1462575912518032,0.19670010929943998
2028-10_2028-11,2028-10,TTF_M/Brent_M,year,2024,1175,0.01719691216835464,0.08145439887323183
2028-10_2028-11,2028-10,TTF_M/Brent_M,year,2025,725,0.5076001870113045,0.06597814225708246
2028-10_2028-11,2028-10,TTF_M/Brent_M,year,2026,147,0.5943554766607196,0.05968865770802931
2028-10_2028-11,2028-10,TTF_M/Brent_M,days_to_expiry,"(365, 730]",2375,0.15874315175036688,0.4227567025488219
2028-10_2028-11,2028-10,TTF_M/Brent_M,days_to_expiry,"(180, 365]",1235,0.12477300972528965,0.29651337834886965
2028-10_2028-11,2028-10,TTF_M/Brent_M,days_to_expiry,"(90, 180]",584,0.14721514429843868,0.1330636848963729
2028-10_2028-11,2028-10,TTF_M/Brent_M,days_to_expiry,"(60, 90]",195,0.17237282164329326,0.03874848611602397
2028-10_2028-11,2028-10,TTF_M/Brent_M,days_to_expiry,"(30, 60]",190,0.24151956998032847,0.0421814418437662
2028-10_2028-11,2028-10,TTF_M/Brent_M,days_to_expiry,"(0, 30]",187,0.2940359863698757,0.05599150942774978
2028-10_2028-11,2028-10,TTF_M/Brent_M,days_to_expiry,nan,48,0.1011019132851121,0.0107447968183954
2028-10_2028-11,2028-10,TTF_M/Brent_M,month_pair,Oct/Nov,402,0.14337940168858998,0.08461217403048281
2028-10_2028-11,2028-10,TTF_M/Brent_M,month_pair,Nov/Dec,402,0.09281132310436155,0.0887870015870439
2028-10_2028-11,2028-10,TTF_M/Brent_M,month_pair,Dec/Jan,401,0.13244547396933784,0.09717191380846733
2028-10_2028-11,2028-10,TTF_M/Brent_M,month_pair,Jan/Feb,401,0.15496148574828034,0.09984581567576926
2028-10_2028-11,2028-10,TTF_M/Brent_M,month_pair,Feb/Mar,401,0.16152453869801522,0.10354615385455777
2028-10_2028-11,2028-10,TTF_M/Brent_M,month_pair,Mar/Apr,401,0.10302770535652526,0.09564725342693628
2028-10_2028-11,2028-10,TTF_M/Brent_M,month_pair,Apr/May,401,0.16881009802221564,0.0762466022165586
2028-10_2028-11,2028-10,TTF_M/Brent_M,month_pair,May/Jun,401,0.2618241112901441,0.06735572597209041
2028-10_2028-11,2028-10,TTF_M/Brent_M,month_pair,Jun/Jul,401,0.11193454636063328,0.06587470160974744
2028-10_2028-11,2028-10,TTF_M/Brent_M,month_pair,Jul/Aug,401,0.1795637538767454,0.07672103615925908
2028-10_2028-11,2028-10,TTF_M/Brent_M,month_pair,Aug/Sep,401,0.22987506505859265,0.07919106455195427
2028-10_2028-11,2028-10,TTF_M/Brent_M,month_pair,Sep/Oct,401,0.20605739416455654,0.06500055710713269
2028-10_2028-11,2028-10,TTF_M/Brent_M,pooled,all,4814,0.15982566385831573,1.0
2028-10_2028-11,2028-10,HH_M/Brent_M,year,2020,27,-0.06436236507082041,0.0012584532040594179
2028-10_2028-11,2028-10,HH_M/Brent_M,year,2021,485,0.11002015276449503,0.04604683536727551
2028-10_2028-11,2028-10,HH_M/Brent_M,year,2022,1057,0.34638528522837886,0.396505295770244
2028-10_2028-11,2028-10,HH_M/Brent_M,year,2023,1198,0.22891412315133378,0.19137560388417513
2028-10_2028-11,2028-10,HH_M/Brent_M,year,2024,1175,0.03781217304500907,0.13710156957037425
2028-10_2028-11,2028-10,HH_M/Brent_M,year,2025,725,0.19205368192379157,0.14480541759149643
2028-10_2028-11,2028-10,HH_M/Brent_M,year,2026,147,0.141717921103914,0.08290682461237527
2028-10_2028-11,2028-10,HH_M/Brent_M,days_to_expiry,"(365, 730]",2375,0.30368463060665046,0.26326200643558806
2028-10_2028-11,2028-10,HH_M/Brent_M,days_to_expiry,"(180, 365]",1235,0.24818303530028918,0.2563663379066772
2028-10_2028-11,2028-10,HH_M/Brent_M,days_to_expiry,"(90, 180]",584,0.23250980613104702,0.17269319995087604
2028-10_2028-11,2028-10,HH_M/Brent_M,days_to_expiry,"(60, 90]",195,0.1463190032498796,0.07656638740838018
2028-10_2028-11,2028-10,HH_M/Brent_M,days_to_expiry,"(30, 60]",190,0.12421537141307123,0.08733542123728094
2028-10_2028-11,2028-10,HH_M/Brent_M,days_to_expiry,"(0, 30]",187,0.15106714738603924,0.11247831499317103
2028-10_2028-11,2028-10,HH_M/Brent_M,days_to_expiry,nan,48,0.10479773466202046,0.03129833206802657
2028-10_2028-11,2028-10,HH_M/Brent_M,month_pair,Oct/Nov,402,0.2814967921188597,0.09127963553686044
2028-10_2028-11,2028-10,HH_M/Brent_M,month_pair,Nov/Dec,402,0.22667543293558157,0.08380521394198563
2028-10_2028-11,2028-10,HH_M/Brent_M,month_pair,Dec/Jan,401,0.23279763165206405,0.08022688810575804
2028-10_2028-11,2028-10,HH_M/Brent_M,month_pair,Jan/Feb,401,0.2282161609058621,0.08553734782970229
2028-10_2028-11,2028-10,HH_M/Brent_M,month_pair,Feb/Mar,401,0.22286400189885625,0.11522897612953835
2028-10_2028-11,2028-10,HH_M/Brent_M,month_pair,Mar/Apr,401,0.22390283818829484,0.08987028342614672
2028-10_2028-11,2028-10,HH_M/Brent_M,month_pair,Apr/May,401,0.24696521625179146,0.08288185691140745
2028-10_2028-11,2028-10,HH_M/Brent_M,month_pair,May/Jun,401,0.2820784346165536,0.07636880746528736
2028-10_2028-11,2028-10,HH_M/Brent_M,month_pair,Jun/Jul,401,0.20938029103662373,0.07541404221281053
2028-10_2028-11,2028-10,HH_M/Brent_M,month_pair,Jul/Aug,401,0.23567187776944928,0.07485858575758839
2028-10_2028-11,2028-10,HH_M/Brent_M,month_pair,Aug/Sep,401,0.13333599083149436,0.07139769262894817
2028-10_2028-11,2028-10,HH_M/Brent_M,month_pair,Sep/Oct,401,0.19035591577385996,0.07313067005396659
2028-10_2028-11,2028-10,HH_M/Brent_M,pooled,all,4814,0.22605785234734982,1.0
2028-11_2028-12,2028-11,TTF_M/TTF_M1,year,2020,43,0.9931327236394906,0.0005848185277225973
2028-11_2028-12,2028-11,TTF_M/TTF_M1,year,2021,534,0.9552702234550484,0.12005972837738511
2028-11_2028-12,2028-11,TTF_M/TTF_M1,year,2022,1105,0.987098316251912,0.507262178678004
2028-11_2028-12,2028-11,TTF_M/TTF_M1,year,2023,1246,0.9908315664545297,0.19005423921692743
2028-11_2028-12,2028-11,TTF_M/TTF_M1,year,2024,1211,0.9957667739092898,0.07357762438509226
2028-11_2028-12,2028-11,TTF_M/TTF_M1,year,2025,725,0.9943391031392965,0.05491804264385481
2028-11_2028-12,2028-11,TTF_M/TTF_M1,year,2026,147,0.995076183987661,0.053543368171013815
2028-11_2028-12,2028-11,TTF_M/TTF_M1,days_to_expiry,"(730, 1095]",171,0.991539729990335,0.023414420696241525
2028-11_2028-12,2028-11,TTF_M/TTF_M1,days_to_expiry,"(365, 730]",2401,0.9778694599072129,0.41668633510081937
2028-11_2028-12,2028-11,TTF_M/TTF_M1,days_to_expiry,"(180, 365]",1235,0.9901451528152165,0.2979864357582667
2028-11_2028-12,2028-11,TTF_M/TTF_M1,days_to_expiry,"(90, 180]",584,0.9969903309595645,0.1294307573567159
2028-11_2028-12,2028-11,TTF_M/TTF_M1,days_to_expiry,"(60, 90]",195,0.9953435015713061,0.03545609160257834
2028-11_2028-12,2028-11,TTF_M/TTF_M1,days_to_expiry,"(30, 60]",190,0.9925496960334068,0.03781957363592735
2028-11_2028-12,2028-11,TTF_M/TTF_M1,days_to_expiry,"(0, 30]",187,0.9854042182959604,0.04990901712856148
2028-11_2028-12,2028-11,TTF_M/TTF_M1,days_to_expiry,nan,48,0.9859623630705328,0.009297368720889392
2028-11_2028-12,2028-11,TTF_M/TTF_M1,month_pair,Oct/Nov,418,0.9898580168781893,0.08415477389768886
2028-11_2028-12,2028-11,TTF_M/TTF_M1,month_pair,Nov/Dec,418,0.995363160462431,0.08851901446686786
2028-11_2028-12,2028-11,TTF_M/TTF_M1,month_pair,Dec/Jan,418,0.9965340631647023,0.09711225815135183
2028-11_2028-12,2028-11,TTF_M/TTF_M1,month_pair,Jan/Feb,417,0.9959497221631695,0.1038851491273183
2028-11_2028-12,2028-11,TTF_M/TTF_M1,month_pair,Feb/Mar,417,0.9970405553373457,0.10866839184093152
2028-11_2028-12,2028-11,TTF_M/TTF_M1,month_pair,Mar/Apr,417,0.9056381903829909,0.08789008159814515
2028-11_2028-12,2028-11,TTF_M/TTF_M1,month_pair,Apr/May,418,0.9780821454927247,0.07648182765559536
2028-11_2028-12,2028-11,TTF_M/TTF_M1,month_pair,May/Jun,417,0.9961588871036653,0.06742161795147678
2028-11_2028-12,2028-11,TTF_M/TTF_M1,month_pair,Jun/Jul,418,0.9961132752127478,0.06518532077191658
2028-11_2028-12,2028-11,TTF_M/TTF_M1,month_pair,Jul/Aug,417,0.9982662683416436,0.07420997558876821
2028-11_2028-12,2028-11,TTF_M/TTF_M1,month_pair,Aug/Sep,418,0.9984419113314854,0.08019440339694672
2028-11_2028-12,2028-11,TTF_M/TTF_M1,month_pair,Sep/Oct,418,0.9930190191537722,0.06627718555299289
2028-11_2028-12,2028-11,TTF_M/TTF_M1,pooled,all,5011,0.9858800573643896,1.0
2028-11_2028-12,2028-11,HH_M/HH_M1,year,2020,43,0.9896470627836652,0.0010034623862510085
2028-11_2028-12,2028-11,HH_M/HH_M1,year,2021,534,0.9900510362733181,0.02762898639123529
2028-11_2028-12,2028-11,HH_M/HH_M1,year,2022,1105,0.989948548144829,0.4379264824715896
2028-11_2028-12,2028-11,HH_M/HH_M1,year,2023,1246,0.9864979244661468,0.18421500091997262
2028-11_2028-12,2028-11,HH_M/HH_M1,year,2024,1211,0.9737156799111568,0.13238789388010286
2028-11_2028-12,2028-11,HH_M/HH_M1,year,2025,725,0.9899157528338458,0.14617437930005442
2028-11_2028-12,2028-11,HH_M/HH_M1,year,2026,147,0.9254844482819381,0.07066379465079423
2028-11_2028-12,2028-11,HH_M/HH_M1,days_to_expiry,"(730, 1095]",171,0.9925590107600608,0.009262814270096184
2028-11_2028-12,2028-11,HH_M/HH_M1,days_to_expiry,"(365, 730]",2401,0.9901375488129753,0.21902986186312864
2028-11_2028-12,2028-11,HH_M/HH_M1,days_to_expiry,"(180, 365]",1235,0.9892937420598098,0.25765829810622515
2028-11_2028-12,2028-11,HH_M/HH_M1,days_to_expiry,"(90, 180]",584,0.9938788546709442,0.18276005381680294
2028-11_2028-12,2028-11,HH_M/HH_M1,days_to_expiry,"(60, 90]",195,0.9883725166023278,0.08281073815264152
2028-11_2028-12,2028-11,HH_M/HH_M1,days_to_expiry,"(30, 60]",190,0.9926838155555652,0.09818673212015307
2028-11_2028-12,2028-11,HH_M/HH_M1,days_to_expiry,"(0, 30]",187,0.9750325377393815,0.12275646211688632
2028-11_2028-12,2028-11,HH_M/HH_M1,days_to_expiry,nan,48,0.8054379212931686,0.02753503955406615
2028-11_2028-12,2028-11,HH_M/HH_M1,month_pair,Oct/Nov,418,0.9856315506020376,0.0938064687170625
2028-11_2028-12,2028-11,HH_M/HH_M1,month_pair,Nov/Dec,418,0.9878158622020845,0.08382724169587803
2028-11_2028-12,2028-11,HH_M/HH_M1,month_pair,Dec/Jan,418,0.9940384937842963,0.0774514566746248
2028-11_2028-12,2028-11,HH_M/HH_M1,month_pair,Jan/Feb,417,0.9930596408490685,0.09169781144876628
2028-11_2028-12,2028-11,HH_M/HH_M1,month_pair,Feb/Mar,417,0.9338853135190482,0.11738659678468856
2028-11_2028-12,2028-11,HH_M/HH_M1,month_pair,Mar/Apr,417,0.9592556621369557,0.08866402281118674
2028-11_2028-12,2028-11,HH_M/HH_M1,month_pair,Apr/May,418,0.9951830751449886,0.08539908443384664
2028-11_2028-12,2028-11,HH_M/HH_M1,month_pair,May/Jun,417,0.994329756839005,0.07494701081657693
2028-11_2028-12,2028-11,HH_M/HH_M1,month_pair,Jun/Jul,418,0.9907153088728533,0.07331707362908879
2028-11_2028-12,2028-11,HH_M/HH_M1,month_pair,Jul/Aug,417,0.9966639109289259,0.07194810677767113
2028-11_2028-12,2028-11,HH_M/HH_M1,month_pair,Aug/Sep,418,0.9960560846013956,0.06943938394398042
2028-11_2028-12,2028-11,HH_M/HH_M1,month_pair,Sep/Oct,418,0.9975379207029986,0.07211574226662917
2028-11_2028-12,2028-11,HH_M/HH_M1,pooled,all,5011,0.9816998971474974,1.0
2028-11_2028-12,2028-11,Brent_M/Brent_M1,year,2020,43,0.9998232694915845,0.004558150381478153
2028-11_2028-12,2028-11,Brent_M/Brent_M1,year,2021,534,0.9998484711117545,0.09941711978679588
2028-11_2028-12,2028-11,Brent_M/Brent_M1,year,2022,1105,0.9996365698369505,0.3372601981306826
2028-11_2028-12,2028-11,Brent_M/Brent_M1,year,2023,1246,0.9997426599944489,0.21521056827812785
2028-11_2028-12,2028-11,Brent_M/Brent_M1,year,2024,1211,0.99983049829392,0.12984441172459513
2028-11_2028-12,2028-11,Brent_M/Brent_M1,year,2025,725,0.9996742661709913,0.13206324485424334
2028-11_2028-12,2028-11,Brent_M/Brent_M1,year,2026,147,0.9927280910032954,0.08164630684407717
2028-11_2028-12,2028-11,Brent_M/Brent_M1,days_to_expiry,"(730, 1095]",171,0.9998584899385766,0.024118038692498307
2028-11_2028-12,2028-11,Brent_M/Brent_M1,days_to_expiry,"(365, 730]",2401,0.9998418618064007,0.3849599661119377
2028-11_2028-12,2028-11,Brent_M/Brent_M1,days_to_expiry,"(180, 365]",1235,0.9997956512601147,0.25939309401832206
2028-11_2028-12,2028-11,Brent_M/Brent_M1,days_to_expiry,"(90, 180]",584,0.9993267561647361,0.14248103825989752
2028-11_2028-12,2028-11,Brent_M/Brent_M1,days_to_expiry,"(60, 90]",195,0.9981173994201753,0.05163645378721324
2028-11_2028-12,2028-11,Brent_M/Brent_M1,days_to_expiry,"(30, 60]",190,0.9961065763127122,0.055230365109087035
2028-11_2028-12,2028-11,Brent_M/Brent_M1,days_to_expiry,"(0, 30]",187,0.9940436782836023,0.0654301931087424
2028-11_2028-12,2028-11,Brent_M/Brent_M1,days_to_expiry,nan,48,0.9975875550096827,0.016750850912301822
2028-11_2028-12,2028-11,Brent_M/Brent_M1,month_pair,Oct/Nov,418,0.999452383564095,0.0819869089119072
2028-11_2028-12,2028-11,Brent_M/Brent_M1,month_pair,Nov/Dec,418,0.9995974712238196,0.08117940195933974
2028-11_2028-12,2028-11,Brent_M/Brent_M1,month_pair,Dec/Jan,418,0.9996956748941163,0.09286311455118566
2028-11_2028-12,2028-11,Brent_M/Brent_M1,month_pair,Jan/Feb,417,0.9996823291009982,0.08383729444885687
2028-11_2028-12,2028-11,Brent_M/Brent_M1,month_pair,Feb/Mar,417,0.9997157150254262,0.08415828704814862
2028-11_2028-12,2028-11,Brent_M/Brent_M1,month_pair,Mar/Apr,417,0.9997057504797346,0.07812971955879028
2028-11_2028-12,2028-11,Brent_M/Brent_M1,month_pair,Apr/May,418,0.9980998242708937,0.08679671841705734
2028-11_2028-12,2028-11,Brent_M/Brent_M1,month_pair,May/Jun,417,0.9969550666816375,0.07985577449188623
2028-11_2028-12,2028-11,Brent_M/Brent_M1,month_pair,Jun/Jul,418,0.9977755739974868,0.07732637211271762
2028-11_2028-12,2028-11,Brent_M/Brent_M1,month_pair,Jul/Aug,417,0.9984933373866478,0.09034945050981617
2028-11_2028-12,2028-11,Brent_M/Brent_M1,month_pair,Aug/Sep,418,0.9987772185757454,0.0836296071859126
2028-11_2028-12,2028-11,Brent_M/Brent_M1,month_pair,Sep/Oct,418,0.9989541882169174,0.07988735080438172
2028-11_2028-12,2028-11,Brent_M/Brent_M1,pooled,all,5011,0.9988845991638914,1.0
2028-11_2028-12,2028-11,TTF_M/HH_M,year,2020,43,0.027717418658157977,0.0006854070011205215
2028-11_2028-12,2028-11,TTF_M/HH_M,year,2021,534,0.18224788456268282,0.10051714899520822
2028-11_2028-12,2028-11,TTF_M/HH_M,year,2022,1105,0.12796268018260662,0.48067075884601723
2028-11_2028-12,2028-11,TTF_M/HH_M,year,2023,1246,0.1734552144332459,0.19011817079403762
2028-11_2028-12,2028-11,TTF_M/HH_M,year,2024,1211,0.3003166888282468,0.09008541905777993
2028-11_2028-12,2028-11,TTF_M/HH_M,year,2025,725,0.06381045302677259,0.07774902319391627
2028-11_2028-12,2028-11,TTF_M/HH_M,year,2026,147,0.33198477799653797,0.060174072111920225
2028-11_2028-12,2028-11,TTF_M/HH_M,days_to_expiry,"(730, 1095]",171,0.227488976941571,0.0190796563737026
2028-11_2028-12,2028-11,TTF_M/HH_M,days_to_expiry,"(365, 730]",2401,0.15862736029297245,0.36658752309899895
2028-11_2028-12,2028-11,TTF_M/HH_M,days_to_expiry,"(180, 365]",1235,0.1364621827809343,0.28273827352203407
2028-11_2028-12,2028-11,TTF_M/HH_M,days_to_expiry,"(90, 180]",584,0.14040996380189355,0.14146266368349206
2028-11_2028-12,2028-11,TTF_M/HH_M,days_to_expiry,"(60, 90]",195,0.23594936792863225,0.048191257537974215
2028-11_2028-12,2028-11,TTF_M/HH_M,days_to_expiry,"(30, 60]",190,0.2622269035886683,0.05380758779135341
2028-11_2028-12,2028-11,TTF_M/HH_M,days_to_expiry,"(0, 30]",187,0.30790716490322334,0.0718470122407882
2028-11_2028-12,2028-11,TTF_M/HH_M,days_to_expiry,nan,48,0.24307791770244136,0.01628602575165646
2028-11_2028-12,2028-11,TTF_M/HH_M,month_pair,Oct/Nov,418,0.16160418681724856,0.08853200098696985
2028-11_2028-12,2028-11,TTF_M/HH_M,month_pair,Nov/Dec,418,0.06100262025304061,0.08752916038901597
2028-11_2028-12,2028-11,TTF_M/HH_M,month_pair,Dec/Jan,418,0.1476964308463667,0.09107190270464678
2028-11_2028-12,2028-11,TTF_M/HH_M,month_pair,Jan/Feb,417,0.14231360101886617,0.09807432177058578
2028-11_2028-12,2028-11,TTF_M/HH_M,month_pair,Feb/Mar,417,0.2055918230725513,0.11142716796494553
2028-11_2028-12,2028-11,TTF_M/HH_M,month_pair,Mar/Apr,417,0.18164869541120218,0.09625309456360291
2028-11_2028-12,2028-11,TTF_M/HH_M,month_pair,Apr/May,418,0.26217664305108634,0.07817624324107117
2028-11_2028-12,2028-11,TTF_M/HH_M,month_pair,May/Jun,417,0.2797413250973261,0.06782135829111682
2028-11_2028-12,2028-11,TTF_M/HH_M,month_pair,Jun/Jul,418,0.14242962832542827,0.06599685206575498
2028-11_2028-12,2028-11,TTF_M/HH_M,month_pair,Jul/Aug,417,0.1226807960517503,0.07232011016527483
2028-11_2028-12,2028-11,TTF_M/HH_M,month_pair,Aug/Sep,418,0.13485726748525162,0.07596188501290196
2028-11_2028-12,2028-11,TTF_M/HH_M,month_pair,Sep/Oct,418,0.25922045902819163,0.06683590284411338
2028-11_2028-12,2028-11,TTF_M/HH_M,pooled,all,5011,0.1735171656444468,1.0
2028-11_2028-12,2028-11,TTF_M/Brent_M,year,2020,43,0.7854783739523925,0.0010735786354988644
2028-11_2028-12,2028-11,TTF_M/Brent_M,year,2021,534,0.08744623947975459,0.12188318746217987
2028-11_2028-12,2028-11,TTF_M/Brent_M,year,2022,1105,0.05957730945891998,0.47846055891287315
2028-11_2028-12,2028-11,TTF_M/Brent_M,year,2023,1246,0.1438572772821798,0.19540367662073213
2028-11_2028-12,2028-11,TTF_M/Brent_M,year,2024,1211,0.020096745330528104,0.08064434828943458
2028-11_2028-12,2028-11,TTF_M/Brent_M,year,2025,725,0.5076001870113045,0.06433368699288222
2028-11_2028-12,2028-11,TTF_M/Brent_M,year,2026,147,0.5943554766607196,0.05820096308639909
2028-11_2028-12,2028-11,TTF_M/Brent_M,days_to_expiry,"(730, 1095]",171,0.1905125858814447,0.02277180954115998
2028-11_2028-12,2028-11,TTF_M/Brent_M,days_to_expiry,"(365, 730]",2401,0.1560175438950644,0.41437224534503403
2028-11_2028-12,2028-11,TTF_M/Brent_M,days_to_expiry,"(180, 365]",1235,0.12477300972528965,0.2891230067917006
2028-11_2028-12,2028-11,TTF_M/Brent_M,days_to_expiry,"(90, 180]",584,0.14721514429843868,0.12974717325151475
2028-11_2028-12,2028-11,TTF_M/Brent_M,days_to_expiry,"(60, 90]",195,0.17237282164329326,0.03778270942402495
2028-11_2028-12,2028-11,TTF_M/Brent_M,days_to_expiry,"(30, 60]",190,0.24151956998032847,0.04113010132827766
2028-11_2028-12,2028-11,TTF_M/Brent_M,days_to_expiry,"(0, 30]",187,0.2940359863698757,0.05459596342904297
2028-11_2028-12,2028-11,TTF_M/Brent_M,days_to_expiry,nan,48,0.1011019132851121,0.010476990889245044
2028-11_2028-12,2028-11,TTF_M/Brent_M,month_pair,Oct/Nov,418,0.15255229732172695,0.08573994227953241
2028-11_2028-12,2028-11,TTF_M/Brent_M,month_pair,Nov/Dec,418,0.08987276587314057,0.08736397589966784
2028-11_2028-12,2028-11,TTF_M/Brent_M,month_pair,Dec/Jan,418,0.12515711875208102,0.09586024686153356
2028-11_2028-12,2028-11,TTF_M/Brent_M,month_pair,Jan/Feb,417,0.15027536795681914,0.0994667910374114
2028-11_2028-12,2028-11,TTF_M/Brent_M,month_pair,Feb/Mar,417,0.16074672322255787,0.10317821875090483
2028-11_2028-12,2028-11,TTF_M/Brent_M,month_pair,Mar/Apr,417,0.09909420176055371,0.09438541767876708
2028-11_2028-12,2028-11,TTF_M/Brent_M,month_pair,Apr/May,418,0.1987558292259658,0.07795130145742989
2028-11_2028-12,2028-11,TTF_M/Brent_M,month_pair,May/Jun,417,0.26302827521768063,0.06746665690622683
2028-11_2028-12,2028-11,TTF_M/Brent_M,month_pair,Jun/Jul,418,0.11587562800879549,0.06521341822152112
2028-11_2028-12,2028-11,TTF_M/Brent_M,month_pair,Jul/Aug,417,0.18231006844572029,0.07555059203592823
2028-11_2028-12,2028-11,TTF_M/Brent_M,month_pair,Aug/Sep,418,0.2083543864035811,0.07999807117034208
2028-11_2028-12,2028-11,TTF_M/Brent_M,month_pair,Sep/Oct,418,0.19512994841116876,0.06782536770073473
2028-11_2028-12,2028-11,TTF_M/Brent_M,pooled,all,5011,0.1594806084395443,1.0
2028-11_2028-12,2028-11,HH_M/Brent_M,year,2020,43,-0.054426510940815055,0.0020358270610943145
2028-11_2028-12,2028-11,HH_M/Brent_M,year,2021,534,0.10254183300774859,0.0480703600998262
2028-11_2028-12,2028-11,HH_M/Brent_M,year,2022,1105,0.3451956099594966,0.3976948705435894
2028-11_2028-12,2028-11,HH_M/Brent_M,year,2023,1246,0.22998492833272416,0.19190608225907554
2028-11_2028-12,2028-11,HH_M/Brent_M,year,2024,1211,0.03784534945604274,0.13602211643784298
2028-11_2028-12,2028-11,HH_M/Brent_M,year,2025,725,0.19205368192379157,0.14261692022368755
2028-11_2028-12,2028-11,HH_M/Brent_M,year,2026,147,0.141717921103914,0.08165382337488405
2028-11_2028-12,2028-11,HH_M/Brent_M,days_to_expiry,"(730, 1095]",171,0.26992287717163954,0.013096057659186259
2028-11_2028-12,2028-11,HH_M/Brent_M,days_to_expiry,"(365, 730]",2401,0.30194070638895226,0.26130054019223564
2028-11_2028-12,2028-11,HH_M/Brent_M,days_to_expiry,"(180, 365]",1235,0.24818303530028918,0.2524917794472255
2028-11_2028-12,2028-11,HH_M/Brent_M,days_to_expiry,"(90, 180]",584,0.23250980613104702,0.17008322430343742
2028-11_2028-12,2028-11,HH_M/Brent_M,days_to_expiry,"(60, 90]",195,0.1463190032498796,0.07540921152302356
2028-11_2028-12,2028-11,HH_M/Brent_M,days_to_expiry,"(30, 60]",190,0.12421537141307123,0.08601548899528799
2028-11_2028-12,2028-11,HH_M/Brent_M,days_to_expiry,"(0, 30]",187,0.15106714738603924,0.11077838897940434
2028-11_2028-12,2028-11,HH_M/Brent_M,days_to_expiry,nan,48,0.10479773466202046,0.03082530890019927
2028-11_2028-12,2028-11,HH_M/Brent_M,month_pair,Oct/Nov,418,0.2819875945981968,0.09104772806659314
2028-11_2028-12,2028-11,HH_M/Brent_M,month_pair,Nov/Dec,418,0.21801793793708205,0.08372058045753826
2028-11_2028-12,2028-11,HH_M/Brent_M,month_pair,Dec/Jan,418,0.22810099652665491,0.08031918060836879
2028-11_2028-12,2028-11,HH_M/Brent_M,month_pair,Jan/Feb,417,0.22603409939524732,0.08581969416206205
2028-11_2028-12,2028-11,HH_M/Brent_M,month_pair,Feb/Mar,417,0.22339138323782975,0.1143207131093574
2028-11_2028-12,2028-11,HH_M/Brent_M,month_pair,Mar/Apr,417,0.22472491867706118,0.08944610361504779
2028-11_2028-12,2028-11,HH_M/Brent_M,month_pair,Apr/May,418,0.24349639880940938,0.08416443211437583
2028-11_2028-12,2028-11,HH_M/Brent_M,month_pair,May/Jun,417,0.28668325588924676,0.07657161444448349
2028-11_2028-12,2028-11,HH_M/Brent_M,month_pair,Jun/Jul,418,0.21391577071980294,0.07514858100399247
2028-11_2028-12,2028-11,HH_M/Brent_M,month_pair,Jul/Aug,417,0.2436642355454541,0.0756177600456214
2028-11_2028-12,2028-11,HH_M/Brent_M,month_pair,Aug/Sep,418,0.1342475429476875,0.07109808321114418
2028-11_2028-12,2028-11,HH_M/Brent_M,month_pair,Sep/Oct,418,0.18717359980941664,0.07272552916141524
2028-11_2028-12,2028-11,HH_M/Brent_M,pooled,all,5011,0.22594787773713598,1.0
2028-12_2029-01,2028-12,TTF_M/TTF_M1,year,2020,64,0.9901965190185573,0.0007670259757393688
2028-12_2029-01,2028-12,TTF_M/TTF_M1,year,2021,583,0.9560630754387257,0.11929603880084103
2028-12_2029-01,2028-12,TTF_M/TTF_M1,year,2022,1160,0.9873216346199392,0.5137875743515444
2028-12_2029-01,2028-12,TTF_M/TTF_M1,year,2023,1299,0.9895852754664922,0.187952758167139
2028-12_2029-01,2028-12,TTF_M/TTF_M1,year,2024,1241,0.9957757397870861,0.07271346649975467
2028-12_2029-01,2028-12,TTF_M/TTF_M1,year,2025,725,0.9943391031392965,0.053410031538319185
2028-12_2029-01,2028-12,TTF_M/TTF_M1,year,2026,147,0.995076183987661,0.05207310466666245
2028-12_2029-01,2028-12,TTF_M/TTF_M1,days_to_expiry,"(730, 1095]",379,0.9880136222619432,0.050230778821867536
2028-12_2029-01,2028-12,TTF_M/TTF_M1,days_to_expiry,"(365, 730]",2401,0.9778694599072129,0.40524441928215194
2028-12_2029-01,2028-12,TTF_M/TTF_M1,days_to_expiry,"(180, 365]",1235,0.9901451528152165,0.2898039362956292
2028-12_2029-01,2028-12,TTF_M/TTF_M1,days_to_expiry,"(90, 180]",584,0.9969903309595645,0.12587667913223177
2028-12_2029-01,2028-12,TTF_M/TTF_M1,days_to_expiry,"(60, 90]",195,0.9953435015713061,0.03448249208370402
2028-12_2029-01,2028-12,TTF_M/TTF_M1,days_to_expiry,"(30, 60]",190,0.9925496960334068,0.03678107455067303
2028-12_2029-01,2028-12,TTF_M/TTF_M1,days_to_expiry,"(0, 30]",187,0.9854042182959604,0.048538550366220304
2028-12_2029-01,2028-12,TTF_M/TTF_M1,days_to_expiry,nan,48,0.9859623630705328,0.009042069467522253
2028-12_2029-01,2028-12,TTF_M/TTF_M1,month_pair,Oct/Nov,436,0.990365051506636,0.08718978708023394
2028-12_2029-01,2028-12,TTF_M/TTF_M1,month_pair,Nov/Dec,436,0.9955706584775277,0.09269137257991661
2028-12_2029-01,2028-12,TTF_M/TTF_M1,month_pair,Dec/Jan,436,0.996489593968047,0.09512034253476118
2028-12_2029-01,2028-12,TTF_M/TTF_M1,month_pair,Jan/Feb,435,0.9959590101640144,0.10153215229232415
2028-12_2029-01,2028-12,TTF_M/TTF_M1,month_pair,Feb/Mar,433,0.9970598928159915,0.10760027609056612
2028-12_2029-01,2028-12,TTF_M/TTF_M1,month_pair,Mar/Apr,433,0.9036722876109774,0.08725073996666712
2028-12_2029-01,2028-12,TTF_M/TTF_M1,month_pair,Apr/May,436,0.9784033766399304,0.07589713676964874
2028-12_2029-01,2028-12,TTF_M/TTF_M1,month_pair,May/Jun,435,0.9962242932786844,0.06826702715968627
2028-12_2029-01,2028-12,TTF_M/TTF_M1,month_pair,Jun/Jul,435,0.9959490109761197,0.06530650164632282
2028-12_2029-01,2028-12,TTF_M/TTF_M1,month_pair,Jul/Aug,434,0.998276550499381,0.07349432098651208
2028-12_2029-01,2028-12,TTF_M/TTF_M1,month_pair,Aug/Sep,434,0.9984425732466751,0.07856508715543888
2028-12_2029-01,2028-12,TTF_M/TTF_M1,month_pair,Sep/Oct,436,0.9930865301088683,0.06708525573792226
2028-12_2029-01,2028-12,TTF_M/TTF_M1,pooled,all,5219,0.9858452851080964,1.0
2028-12_2029-01,2028-12,HH_M/HH_M1,year,2020,64,0.9871375331712003,0.0012551502722610076
2028-12_2029-01,2028-12,HH_M/HH_M1,year,2021,583,0.9899960583741556,0.028593989012546932
2028-12_2029-01,2028-12,HH_M/HH_M1,year,2022,1160,0.9900602157393442,0.4391418156226279
2028-12_2029-01,2028-12,HH_M/HH_M1,year,2023,1299,0.9865489549404862,0.1854194418590348
2028-12_2029-01,2028-12,HH_M/HH_M1,year,2024,1241,0.9737698809411806,0.13155995626264716
2028-12_2029-01,2028-12,HH_M/HH_M1,year,2025,725,0.9899157528338458,0.14428110248184484
2028-12_2029-01,2028-12,HH_M/HH_M1,year,2026,147,0.9254844482819381,0.06974854448903745
2028-12_2029-01,2028-12,HH_M/HH_M1,days_to_expiry,"(730, 1095]",379,0.9933989445635064,0.022095020267224225
2028-12_2029-01,2028-12,HH_M/HH_M1,days_to_expiry,"(365, 730]",2401,0.9901375488129753,0.21619294774762637
2028-12_2029-01,2028-12,HH_M/HH_M1,days_to_expiry,"(180, 365]",1235,0.9892937420598098,0.2543210615456204
2028-12_2029-01,2028-12,HH_M/HH_M1,days_to_expiry,"(90, 180]",584,0.9938788546709442,0.18039291277031477
2028-12_2029-01,2028-12,HH_M/HH_M1,days_to_expiry,"(60, 90]",195,0.9883725166023278,0.08173815859667578
2028-12_2029-01,2028-12,HH_M/HH_M1,days_to_expiry,"(30, 60]",190,0.9926838155555652,0.09691499992830807
2028-12_2029-01,2028-12,HH_M/HH_M1,days_to_expiry,"(0, 30]",187,0.9750325377393815,0.12116649836862747
2028-12_2029-01,2028-12,HH_M/HH_M1,days_to_expiry,nan,48,0.8054379212931686,0.027178400775602886
2028-12_2029-01,2028-12,HH_M/HH_M1,month_pair,Oct/Nov,436,0.9856923785878838,0.09325037621040473
2028-12_2029-01,2028-12,HH_M/HH_M1,month_pair,Nov/Dec,436,0.9879000233323842,0.08389615825133162
2028-12_2029-01,2028-12,HH_M/HH_M1,month_pair,Dec/Jan,436,0.9940203400837204,0.0768210997458914
2028-12_2029-01,2028-12,HH_M/HH_M1,month_pair,Jan/Feb,435,0.9930453023028316,0.09107270402175144
2028-12_2029-01,2028-12,HH_M/HH_M1,month_pair,Feb/Mar,433,0.9342818831922445,0.11677614751470008
2028-12_2029-01,2028-12,HH_M/HH_M1,month_pair,Mar/Apr,433,0.9592630084925153,0.08832001748983694
2028-12_2029-01,2028-12,HH_M/HH_M1,month_pair,Apr/May,436,0.995195167601391,0.08543236642399354
2028-12_2029-01,2028-12,HH_M/HH_M1,month_pair,May/Jun,435,0.9942535016917565,0.07552189100396738
2028-12_2029-01,2028-12,HH_M/HH_M1,month_pair,Jun/Jul,435,0.9909097345328334,0.07446553672445624
2028-12_2029-01,2028-12,HH_M/HH_M1,month_pair,Jul/Aug,434,0.9967039923343703,0.07247652389349417
2028-12_2029-01,2028-12,HH_M/HH_M1,month_pair,Aug/Sep,434,0.9961327213604785,0.07014942428902603
2028-12_2029-01,2028-12,HH_M/HH_M1,month_pair,Sep/Oct,436,0.9975447177930744,0.07181775443114642
2028-12_2029-01,2028-12,HH_M/HH_M1,pooled,all,5219,0.9818404226737872,1.0
2028-12_2029-01,2028-12,Brent_M/Brent_M1,year,2020,64,0.9998137137881999,0.006502047859426587
2028-12_2029-01,2028-12,Brent_M/Brent_M1,year,2021,583,0.9998421405983636,0.1040310577582897
2028-12_2029-01,2028-12,Brent_M/Brent_M1,year,2022,1160,0.9996369022585133,0.3375776046391149
2028-12_2029-01,2028-12,Brent_M/Brent_M1,year,2023,1299,0.9997454377717891,0.21548170734192293
2028-12_2029-01,2028-12,Brent_M/Brent_M1,year,2024,1241,0.999830091077399,0.12771861652776273
2028-12_2029-01,2028-12,Brent_M/Brent_M1,year,2025,725,0.9996742661709913,0.1289607403109125
2028-12_2029-01,2028-12,Brent_M/Brent_M1,year,2026,147,0.9927280910032954,0.07972822556257068
2028-12_2029-01,2028-12,Brent_M/Brent_M1,days_to_expiry,"(730, 1095]",379,0.999798020189002,0.04704401042712226
2028-12_2029-01,2028-12,Brent_M/Brent_M1,days_to_expiry,"(365, 730]",2401,0.9998418618064007,0.37591626856247234
2028-12_2029-01,2028-12,Brent_M/Brent_M1,days_to_expiry,"(180, 365]",1235,0.9997956512601147,0.2532992845440153
2028-12_2029-01,2028-12,Brent_M/Brent_M1,days_to_expiry,"(90, 180]",584,0.9993267561647361,0.1391337930136694
2028-12_2029-01,2028-12,Brent_M/Brent_M1,days_to_expiry,"(60, 90]",195,0.9981173994201753,0.05042338097007071
2028-12_2029-01,2028-12,Brent_M/Brent_M1,days_to_expiry,"(30, 60]",190,0.9961065763127122,0.05393286209172681
2028-12_2029-01,2028-12,Brent_M/Brent_M1,days_to_expiry,"(0, 30]",187,0.9940436782836023,0.0638930699552493
2028-12_2029-01,2028-12,Brent_M/Brent_M1,days_to_expiry,nan,48,0.9975875550096827,0.016357330435673886
2028-12_2029-01,2028-12,Brent_M/Brent_M1,month_pair,Oct/Nov,436,0.9994513109103308,0.08089298249917334
2028-12_2029-01,2028-12,Brent_M/Brent_M1,month_pair,Nov/Dec,436,0.9996042802532731,0.08133113050202195
2028-12_2029-01,2028-12,Brent_M/Brent_M1,month_pair,Dec/Jan,436,0.99970318331873,0.0945663198201876
2028-12_2029-01,2028-12,Brent_M/Brent_M1,month_pair,Jan/Feb,435,0.9996863766460238,0.0846318245335273
2028-12_2029-01,2028-12,Brent_M/Brent_M1,month_pair,Feb/Mar,433,0.9997189226950485,0.08599998913581827
2028-12_2029-01,2028-12,Brent_M/Brent_M1,month_pair,Mar/Apr,433,0.999705227716771,0.07735999113935159
2028-12_2029-01,2028-12,Brent_M/Brent_M1,month_pair,Apr/May,436,0.9981230847737788,0.0862873027203842
2028-12_2029-01,2028-12,Brent_M/Brent_M1,month_pair,May/Jun,435,0.9970572349007678,0.08091568640667121
2028-12_2029-01,2028-12,Brent_M/Brent_M1,month_pair,Jun/Jul,435,0.997786380851198,0.07656086029906368
2028-12_2029-01,2028-12,Brent_M/Brent_M1,month_pair,Jul/Aug,434,0.9985109313513459,0.08953646149273997
2028-12_2029-01,2028-12,Brent_M/Brent_M1,month_pair,Aug/Sep,434,0.9987917981462009,0.08300772290049416
2028-12_2029-01,2028-12,Brent_M/Brent_M1,month_pair,Sep/Oct,436,0.9989577320653152,0.07890972855056672
2028-12_2029-01,2028-12,Brent_M/Brent_M1,pooled,all,5219,0.9989025168518085,1.0
2028-12_2029-01,2028-12,TTF_M/HH_M,year,2020,64,0.004497778969991046,0.000887690637539715
2028-12_2029-01,2028-12,TTF_M/HH_M,year,2021,583,0.18750467433238366,0.10036599702995559
2028-12_2029-01,2028-12,TTF_M/HH_M,year,2022,1160,0.12685323298265316,0.4860782019835457
2028-12_2029-01,2028-12,TTF_M/HH_M,year,2023,1299,0.16935276987383854,0.18884007022591892
2028-12_2029-01,2028-12,TTF_M/HH_M,year,2024,1241,0.29947642932071933,0.08907057529296009
2028-12_2029-01,2028-12,TTF_M/HH_M,year,2025,725,0.06381045302677259,0.07596451656913968
2028-12_2029-01,2028-12,TTF_M/HH_M,year,2026,147,0.33198477799653797,0.058792948260940336
2028-12_2029-01,2028-12,TTF_M/HH_M,days_to_expiry,"(730, 1095]",379,0.16651857003604406,0.04159387944263282
2028-12_2029-01,2028-12,TTF_M/HH_M,days_to_expiry,"(365, 730]",2401,0.15862736029297245,0.35817355419421926
2028-12_2029-01,2028-12,TTF_M/HH_M,days_to_expiry,"(180, 365]",1235,0.1364621827809343,0.27624882450452604
2028-12_2029-01,2028-12,TTF_M/HH_M,days_to_expiry,"(90, 180]",584,0.14040996380189355,0.1382157925315277
2028-12_2029-01,2028-12,TTF_M/HH_M,days_to_expiry,"(60, 90]",195,0.23594936792863225,0.047085164949282256
2028-12_2029-01,2028-12,TTF_M/HH_M,days_to_expiry,"(30, 60]",190,0.2622269035886683,0.0525725883928731
2028-12_2029-01,2028-12,TTF_M/HH_M,days_to_expiry,"(0, 30]",187,0.30790716490322334,0.0701979694098022
2028-12_2029-01,2028-12,TTF_M/HH_M,days_to_expiry,nan,48,0.24307791770244136,0.01591222657513655
2028-12_2029-01,2028-12,TTF_M/HH_M,month_pair,Oct/Nov,436,0.16646946989439745,0.09057215674018247
2028-12_2029-01,2028-12,TTF_M/HH_M,month_pair,Nov/Dec,436,0.05350515678451624,0.09051178689230631
2028-12_2029-01,2028-12,TTF_M/HH_M,month_pair,Dec/Jan,436,0.149179966549251,0.08956536771757646
2028-12_2029-01,2028-12,TTF_M/HH_M,month_pair,Jan/Feb,435,0.14307887110389564,0.09632525593384424
2028-12_2029-01,2028-12,TTF_M/HH_M,month_pair,Feb/Mar,433,0.20317966024272735,0.11047248406656777
2028-12_2029-01,2028-12,TTF_M/HH_M,month_pair,Mar/Apr,433,0.18756837149547748,0.09564924023116957
2028-12_2029-01,2028-12,TTF_M/HH_M,month_pair,Apr/May,436,0.25949711036185746,0.07776130202620768
2028-12_2029-01,2028-12,TTF_M/HH_M,month_pair,May/Jun,435,0.27007193316639844,0.06855509851332381
2028-12_2029-01,2028-12,TTF_M/HH_M,month_pair,Jun/Jul,435,0.1392894910181729,0.06634848589191558
2028-12_2029-01,2028-12,TTF_M/HH_M,month_pair,Jul/Aug,434,0.12874074550821085,0.07195531279128348
2028-12_2029-01,2028-12,TTF_M/HH_M,month_pair,Aug/Sep,434,0.13250983753232523,0.07500306903888823
2028-12_2029-01,2028-12,TTF_M/HH_M,month_pair,Sep/Oct,436,0.25486302626607316,0.06728044015673432
2028-12_2029-01,2028-12,TTF_M/HH_M,pooled,all,5219,0.17251795563918298,1.0
2028-12_2029-01,2028-12,TTF_M/Brent_M,year,2020,64,0.7122354378387943,0.0014752575266775841
2028-12_2029-01,2028-12,TTF_M/Brent_M,year,2021,583,0.09427764308498027,0.12170992022950484
2028-12_2029-01,2028-12,TTF_M/Brent_M,year,2022,1160,0.06450075333174067,0.48423936938289575
2028-12_2029-01,2028-12,TTF_M/Brent_M,year,2023,1299,0.1439995155208071,0.1935949401380172
2028-12_2029-01,2028-12,TTF_M/Brent_M,year,2024,1241,0.0219863307463874,0.07964314699662065
2028-12_2029-01,2028-12,TTF_M/Brent_M,year,2025,725,0.5076001870113045,0.06265503454102556
2028-12_2029-01,2028-12,TTF_M/Brent_M,year,2026,147,0.5943554766607196,0.05668233118525821
2028-12_2029-01,2028-12,TTF_M/Brent_M,days_to_expiry,"(730, 1095]",379,0.2019127436305624,0.0482705268479836
2028-12_2029-01,2028-12,TTF_M/Brent_M,days_to_expiry,"(365, 730]",2401,0.1560175438950644,0.40356007184553055
2028-12_2029-01,2028-12,TTF_M/Brent_M,days_to_expiry,"(180, 365]",1235,0.12477300972528965,0.2815789491303893
2028-12_2029-01,2028-12,TTF_M/Brent_M,days_to_expiry,"(90, 180]",584,0.14721514429843868,0.12636169325369923
2028-12_2029-01,2028-12,TTF_M/Brent_M,days_to_expiry,"(60, 90]",195,0.17237282164329326,0.03679684897086229
2028-12_2029-01,2028-12,TTF_M/Brent_M,days_to_expiry,"(30, 60]",190,0.24151956998032847,0.04005689771338978
2028-12_2029-01,2028-12,TTF_M/Brent_M,days_to_expiry,"(0, 30]",187,0.2940359863698757,0.0531713964229303
2028-12_2029-01,2028-12,TTF_M/Brent_M,days_to_expiry,nan,48,0.1011019132851121,0.010203615815214902
2028-12_2029-01,2028-12,TTF_M/Brent_M,month_pair,Oct/Nov,436,0.1456268139398482,0.08816145572902706
2028-12_2029-01,2028-12,TTF_M/Brent_M,month_pair,Nov/Dec,436,0.10847419085767405,0.09081438490307676
2028-12_2029-01,2028-12,TTF_M/Brent_M,month_pair,Dec/Jan,436,0.12552665420566814,0.09441800964874958
2028-12_2029-01,2028-12,TTF_M/Brent_M,month_pair,Jan/Feb,435,0.1446036231395043,0.097645281167362
2028-12_2029-01,2028-12,TTF_M/Brent_M,month_pair,Feb/Mar,433,0.15878650280484044,0.1025533160356165
2028-12_2029-01,2028-12,TTF_M/Brent_M,month_pair,Mar/Apr,433,0.10026323180177915,0.09371090462612962
2028-12_2029-01,2028-12,TTF_M/Brent_M,month_pair,Apr/May,436,0.1973514588398759,0.07740777416097296
2028-12_2029-01,2028-12,TTF_M/Brent_M,month_pair,May/Jun,435,0.27530327227183793,0.06834606289605966
2028-12_2029-01,2028-12,TTF_M/Brent_M,month_pair,Jun/Jul,435,0.11946271366683742,0.06522234338900615
2028-12_2029-01,2028-12,TTF_M/Brent_M,month_pair,Jul/Aug,434,0.18626361792081403,0.07485450395514673
2028-12_2029-01,2028-12,TTF_M/Brent_M,month_pair,Aug/Sep,434,0.20405905649922954,0.07856509464751776
2028-12_2029-01,2028-12,TTF_M/Brent_M,month_pair,Sep/Oct,436,0.19542485334909654,0.06830086884133504
2028-12_2029-01,2028-12,TTF_M/Brent_M,pooled,all,5219,0.160905294274384,1.0
2028-12_2029-01,2028-12,HH_M/Brent_M,year,2020,64,-0.036325523034529544,0.0027951448053280367
2028-12_2029-01,2028-12,HH_M/Brent_M,year,2021,583,0.10310012144147665,0.05024892254834342
2028-12_2029-01,2028-12,HH_M/Brent_M,year,2022,1160,0.344525518768248,0.398581515270323
2028-12_2029-01,2028-12,HH_M/Brent_M,year,2023,1299,0.22954269141098557,0.1928372848065483
2028-12_2029-01,2028-12,HH_M/Brent_M,year,2024,1241,0.03853869647371303,0.13475279160903547
2028-12_2029-01,2028-12,HH_M/Brent_M,year,2025,725,0.19205368192379157,0.14039986774981397
2028-12_2029-01,2028-12,HH_M/Brent_M,year,2026,147,0.141717921103914,0.08038447321060772
2028-12_2029-01,2028-12,HH_M/Brent_M,days_to_expiry,"(730, 1095]",379,0.24432477568584524,0.028437980787314913
2028-12_2029-01,2028-12,HH_M/Brent_M,days_to_expiry,"(365, 730]",2401,0.30194070638895226,0.2572384905550042
2028-12_2029-01,2028-12,HH_M/Brent_M,days_to_expiry,"(180, 365]",1235,0.24818303530028918,0.24856666647060105
2028-12_2029-01,2028-12,HH_M/Brent_M,days_to_expiry,"(90, 180]",584,0.23250980613104702,0.16743919417983852
2028-12_2029-01,2028-12,HH_M/Brent_M,days_to_expiry,"(60, 90]",195,0.1463190032498796,0.07423693702222973
2028-12_2029-01,2028-12,HH_M/Brent_M,days_to_expiry,"(30, 60]",190,0.12421537141307123,0.08467833452322855
2028-12_2029-01,2028-12,HH_M/Brent_M,days_to_expiry,"(0, 30]",187,0.15106714738603924,0.10905628264760792
2028-12_2029-01,2028-12,HH_M/Brent_M,days_to_expiry,nan,48,0.10479773466202046,0.030346113814175017
2028-12_2029-01,2028-12,HH_M/Brent_M,month_pair,Oct/Nov,436,0.2785501389068476,0.09032364526141408
2028-12_2029-01,2028-12,HH_M/Brent_M,month_pair,Nov/Dec,436,0.2223767198100526,0.08384040845540294
2028-12_2029-01,2028-12,HH_M/Brent_M,month_pair,Dec/Jan,436,0.21989100123468786,0.08046765998370016
2028-12_2029-01,2028-12,HH_M/Brent_M,month_pair,Jan/Feb,435,0.22213898386593398,0.08567889533909384
2028-12_2029-01,2028-12,HH_M/Brent_M,month_pair,Feb/Mar,433,0.22172035983018934,0.11432781486840032
2028-12_2029-01,2028-12,HH_M/Brent_M,month_pair,Mar/Apr,433,0.22783645294667285,0.08888491692264237
2028-12_2029-01,2028-12,HH_M/Brent_M,month_pair,Apr/May,436,0.24270451994103734,0.08404381744209978
2028-12_2029-01,2028-12,HH_M/Brent_M,month_pair,May/Jun,435,0.28511515658593484,0.0772375136217415
2028-12_2029-01,2028-12,HH_M/Brent_M,month_pair,Jun/Jul,435,0.2168081272070982,0.07571752059161187
2028-12_2029-01,2028-12,HH_M/Brent_M,month_pair,Jul/Aug,434,0.24520781908150205,0.07578139522744337
2028-12_2029-01,2028-12,HH_M/Brent_M,month_pair,Aug/Sep,434,0.14362687821855605,0.07142589343349298
2028-12_2029-01,2028-12,HH_M/Brent_M,month_pair,Sep/Oct,436,0.1856766618971588,0.07227051885295674
2028-12_2029-01,2028-12,HH_M/Brent_M,pooled,all,5219,0.2258501179643552,1.0
2029-01_2029-02,2029-01,TTF_M/TTF_M1,year,2020,89,0.9891549963542717,0.001058437880928349
2029-01_2029-02,2029-01,TTF_M/TTF_M1,year,2021,633,0.9541468965249695,0.11874533829581611
2029-01_2029-02,2029-01,TTF_M/TTF_M1,year,2022,1207,0.9872697338833045,0.5180696741700983
2029-01_2029-02,2029-01,TTF_M/TTF_M1,year,2023,1347,0.9894859273089215,0.1871609857713821
2029-01_2029-02,2029-01,TTF_M/TTF_M1,year,2024,1264,0.9957201831535862,0.07178931780218174
2029-01_2029-02,2029-01,TTF_M/TTF_M1,year,2025,725,0.9943391031392965,0.052241967345451536
2029-01_2029-02,2029-01,TTF_M/TTF_M1,year,2026,147,0.995076183987661,0.050934278734141906
2029-01_2029-02,2029-01,TTF_M/TTF_M1,days_to_expiry,"(730, 1095]",572,0.9832499996300522,0.07100199701427835
2029-01_2029-02,2029-01,TTF_M/TTF_M1,days_to_expiry,"(365, 730]",2401,0.9778694599072129,0.39638182396270677
2029-01_2029-02,2029-01,TTF_M/TTF_M1,days_to_expiry,"(180, 365]",1235,0.9901451528152165,0.28346599581536275
2029-01_2029-02,2029-01,TTF_M/TTF_M1,days_to_expiry,"(90, 180]",584,0.9969903309595645,0.12312378726198522
2029-01_2029-02,2029-01,TTF_M/TTF_M1,days_to_expiry,"(60, 90]",195,0.9953435015713061,0.03372836850197725
2029-01_2029-02,2029-01,TTF_M/TTF_M1,days_to_expiry,"(30, 60]",190,0.9925496960334068,0.03597668153834138
2029-01_2029-02,2029-01,TTF_M/TTF_M1,days_to_expiry,"(0, 30]",187,0.9854042182959604,0.04747702426291126
2029-01_2029-02,2029-01,TTF_M/TTF_M1,days_to_expiry,nan,48,0.9859623630705328,0.008844321642437052
2029-01_2029-02,2029-01,TTF_M/TTF_M1,month_pair,Oct/Nov,452,0.9905677908168363,0.0874295999576808
2029-01_2029-02,2029-01,TTF_M/TTF_M1,month_pair,Nov/Dec,453,0.9957014835499982,0.09447548705829052
2029-01_2029-02,2029-01,TTF_M/TTF_M1,month_pair,Dec/Jan,452,0.9966605109494939,0.09944907229015568
2029-01_2029-02,2029-01,TTF_M/TTF_M1,month_pair,Jan/Feb,452,0.9959391408346954,0.10038494043667576
2029-01_2029-02,2029-01,TTF_M/TTF_M1,month_pair,Feb/Mar,450,0.9970263377409281,0.10573266709977963
2029-01_2029-02,2029-01,TTF_M/TTF_M1,month_pair,Mar/Apr,449,0.9002643470932756,0.08669634924871432
2029-01_2029-02,2029-01,TTF_M/TTF_M1,month_pair,Apr/May,450,0.9783591724471187,0.07523707442078277
2029-01_2029-02,2029-01,TTF_M/TTF_M1,month_pair,May/Jun,451,0.9961764427052239,0.06763480256205975
2029-01_2029-02,2029-01,TTF_M/TTF_M1,month_pair,Jun/Jul,453,0.995753030487274,0.06502264117276807
2029-01_2029-02,2029-01,TTF_M/TTF_M1,month_pair,Jul/Aug,450,0.9983100729132928,0.07366881200488822
2029-01_2029-02,2029-01,TTF_M/TTF_M1,month_pair,Aug/Sep,450,0.9984525712528041,0.07766256132496505
2029-01_2029-02,2029-01,TTF_M/TTF_M1,month_pair,Sep/Oct,450,0.992845599111172,0.06660599242323946
2029-01_2029-02,2029-01,TTF_M/TTF_M1,pooled,all,5412,0.9855720344690628,1.0
2029-01_2029-02,2029-01,HH_M/HH_M1,year,2020,89,0.9858266971187074,0.0015463487759942223
2029-01_2029-02,2029-01,HH_M/HH_M1,year,2021,633,0.9897481838034237,0.029459932620591243
2029-01_2029-02,2029-01,HH_M/HH_M1,year,2022,1207,0.9901041973593117,0.4393948402232249
2029-01_2029-02,2029-01,HH_M/HH_M1,year,2023,1347,0.9866914719284361,0.1867935812653607
2029-01_2029-02,2029-01,HH_M/HH_M1,year,2024,1264,0.9738276365027467,0.1308718220693527
2029-01_2029-02,2029-01,HH_M/HH_M1,year,2025,725,0.9899157528338458,0.1428680365787356
2029-01_2029-02,2029-01,HH_M/HH_M1,year,2026,147,0.9254844482819381,0.06906543846674074
2029-01_2029-02,2029-01,HH_M/HH_M1,days_to_expiry,"(730, 1095]",572,0.9932210422081947,0.03167246429538453
2029-01_2029-02,2029-01,HH_M/HH_M1,days_to_expiry,"(365, 730]",2401,0.9901375488129753,0.21407558880248462
2029-01_2029-02,2029-01,HH_M/HH_M1,days_to_expiry,"(180, 365]",1235,0.9892937420598098,0.25183028198869345
2029-01_2029-02,2029-01,HH_M/HH_M1,days_to_expiry,"(90, 180]",584,0.9938788546709442,0.1786261736075726
2029-01_2029-02,2029-01,HH_M/HH_M1,days_to_expiry,"(60, 90]",195,0.9883725166023278,0.08093762822291854
2029-01_2029-02,2029-01,HH_M/HH_M1,days_to_expiry,"(30, 60]",190,0.9926838155555652,0.09596583001247824
2029-01_2029-02,2029-01,HH_M/HH_M1,days_to_expiry,"(0, 30]",187,0.9750325377393815,0.11997981317910036
2029-01_2029-02,2029-01,HH_M/HH_M1,days_to_expiry,nan,48,0.8054379212931686,0.02691221989136772
2029-01_2029-02,2029-01,HH_M/HH_M1,month_pair,Oct/Nov,452,0.9857325547382768,0.09284195080174702
2029-01_2029-02,2029-01,HH_M/HH_M1,month_pair,Nov/Dec,453,0.9878848810773071,0.08344571829169556
2029-01_2029-02,2029-01,HH_M/HH_M1,month_pair,Dec/Jan,452,0.9940816117486946,0.07705246248415414
2029-01_2029-02,2029-01,HH_M/HH_M1,month_pair,Jan/Feb,452,0.9930367537891265,0.0904563639759253
2029-01_2029-02,2029-01,HH_M/HH_M1,month_pair,Feb/Mar,450,0.934372308694176,0.11606535908908878
2029-01_2029-02,2029-01,HH_M/HH_M1,month_pair,Mar/Apr,449,0.9593714155730918,0.08849225486837137
2029-01_2029-02,2029-01,HH_M/HH_M1,month_pair,Apr/May,450,0.9951925971886143,0.08522775808153746
2029-01_2029-02,2029-01,HH_M/HH_M1,month_pair,May/Jun,451,0.9942417075615535,0.07575755152108395
2029-01_2029-02,2029-01,HH_M/HH_M1,month_pair,Jun/Jul,453,0.9909442097195336,0.07491491371570523
2029-01_2029-02,2029-01,HH_M/HH_M1,month_pair,Jul/Aug,450,0.9967346525276316,0.07294308613076392
2029-01_2029-02,2029-01,HH_M/HH_M1,month_pair,Aug/Sep,450,0.9961396787748527,0.06992494975465277
2029-01_2029-02,2029-01,HH_M/HH_M1,month_pair,Sep/Oct,450,0.997584988401188,0.07287763128527462
2029-01_2029-02,2029-01,HH_M/HH_M1,pooled,all,5412,0.9819335692001843,1.0
2029-01_2029-02,2029-01,Brent_M/Brent_M1,year,2020,89,0.9998198710855775,0.00834200864697212
2029-01_2029-02,2029-01,Brent_M/Brent_M1,year,2021,633,0.9998426832828944,0.11082075231836867
2029-01_2029-02,2029-01,Brent_M/Brent_M1,year,2022,1207,0.9996383009641499,0.3360276277284712
2029-01_2029-02,2029-01,Brent_M/Brent_M1,year,2023,1347,0.9997448073654993,0.21437737060537498
2029-01_2029-02,2029-01,Brent_M/Brent_M1,year,2024,1264,0.9998306692300065,0.12618973060444272
2029-01_2029-02,2029-01,Brent_M/Brent_M1,year,2025,725,0.9996742661709913,0.126213023265231
2029-01_2029-02,2029-01,Brent_M/Brent_M1,year,2026,147,0.9927280910032954,0.07802948683113928
2029-01_2029-02,2029-01,Brent_M/Brent_M1,days_to_expiry,"(730, 1095]",572,0.9997980360513418,0.06734827829981618
2029-01_2029-02,2029-01,Brent_M/Brent_M1,days_to_expiry,"(365, 730]",2401,0.9998418618064007,0.36790676476784584
2029-01_2029-02,2029-01,Brent_M/Brent_M1,days_to_expiry,"(180, 365]",1235,0.9997956512601147,0.2479023338121682
2029-01_2029-02,2029-01,Brent_M/Brent_M1,days_to_expiry,"(90, 180]",584,0.9993267561647361,0.1361693226347596
2029-01_2029-02,2029-01,Brent_M/Brent_M1,days_to_expiry,"(60, 90]",195,0.9981173994201753,0.04934902932585459
2029-01_2029-02,2029-01,Brent_M/Brent_M1,days_to_expiry,"(30, 60]",190,0.9961065763127122,0.05278373527891114
2029-01_2029-02,2029-01,Brent_M/Brent_M1,days_to_expiry,"(0, 30]",187,0.9940436782836023,0.06253172481258262
2029-01_2029-02,2029-01,Brent_M/Brent_M1,days_to_expiry,nan,48,0.9975875550096827,0.016008811068061797
2029-01_2029-02,2029-01,Brent_M/Brent_M1,month_pair,Oct/Nov,452,0.9994512220415797,0.08003402966286584
2029-01_2029-02,2029-01,Brent_M/Brent_M1,month_pair,Nov/Dec,453,0.9996104866060731,0.08173773118237196
2029-01_2029-02,2029-01,Brent_M/Brent_M1,month_pair,Dec/Jan,452,0.9997060704171018,0.09468109525038643
2029-01_2029-02,2029-01,Brent_M/Brent_M1,month_pair,Jan/Feb,452,0.9996882250580413,0.08452384140785087
2029-01_2029-02,2029-01,Brent_M/Brent_M1,month_pair,Feb/Mar,450,0.999722370160284,0.0870031375309317
2029-01_2029-02,2029-01,Brent_M/Brent_M1,month_pair,Mar/Apr,449,0.9997084019360603,0.0784475987895742
2029-01_2029-02,2029-01,Brent_M/Brent_M1,month_pair,Apr/May,450,0.9981434325364502,0.08577684551393892
2029-01_2029-02,2029-01,Brent_M/Brent_M1,month_pair,May/Jun,451,0.9970968404522058,0.08075135152301618
2029-01_2029-02,2029-01,Brent_M/Brent_M1,month_pair,Jun/Jul,453,0.9978241567797568,0.07662699371438461
2029-01_2029-02,2029-01,Brent_M/Brent_M1,month_pair,Jul/Aug,450,0.9985206298233327,0.08898273505921338
2029-01_2029-02,2029-01,Brent_M/Brent_M1,month_pair,Aug/Sep,450,0.9988055469539444,0.08262705847220576
2029-01_2029-02,2029-01,Brent_M/Brent_M1,month_pair,Sep/Oct,450,0.9989680641217764,0.07880758189326012
2029-01_2029-02,2029-01,Brent_M/Brent_M1,pooled,all,5412,0.9989183949666388,1.0
2029-01_2029-02,2029-01,TTF_M/HH_M,year,2020,89,-0.06633677913566792,0.0011815014191726364
2029-01_2029-02,2029-01,TTF_M/HH_M,year,2021,633,0.19201225906010266,0.10048056496880742
2029-01_2029-02,2029-01,TTF_M/HH_M,year,2022,1207,0.12652997542069636,0.4896250234299585
2029-01_2029-02,2029-01,TTF_M/HH_M,year,2023,1347,0.16908386912526627,0.18849240812565343
2029-01_2029-02,2029-01,TTF_M/HH_M,year,2024,1264,0.29848538755116166,0.08800986412553609
2029-01_2029-02,2029-01,TTF_M/HH_M,year,2025,725,0.06381045302677259,0.07452883748132381
2029-01_2029-02,2029-01,TTF_M/HH_M,year,2026,147,0.33198477799653797,0.057681800449548064
2029-01_2029-02,2029-01,TTF_M/HH_M,days_to_expiry,"(730, 1095]",572,0.1607916328323335,0.05970712082246307
2029-01_2029-02,2029-01,TTF_M/HH_M,days_to_expiry,"(365, 730]",2401,0.15862736029297245,0.35140431106874903
2029-01_2029-02,2029-01,TTF_M/HH_M,days_to_expiry,"(180, 365]",1235,0.1364621827809343,0.2710279045502223
2029-01_2029-02,2029-01,TTF_M/HH_M,days_to_expiry,"(90, 180]",584,0.14040996380189355,0.1356036055275756
2029-01_2029-02,2029-01,TTF_M/HH_M,days_to_expiry,"(60, 90]",195,0.23594936792863225,0.04619528649395741
2029-01_2029-02,2029-01,TTF_M/HH_M,days_to_expiry,"(30, 60]",190,0.2622269035886683,0.05157900126618741
2029-01_2029-02,2029-01,TTF_M/HH_M,days_to_expiry,"(0, 30]",187,0.30790716490322334,0.06887127424684328
2029-01_2029-02,2029-01,TTF_M/HH_M,days_to_expiry,nan,48,0.24307791770244136,0.015611496024001944
2029-01_2029-02,2029-01,TTF_M/HH_M,month_pair,Oct/Nov,452,0.16498832841115146,0.09057391498835152
2029-01_2029-02,2029-01,TTF_M/HH_M,month_pair,Nov/Dec,453,0.061625253838195296,0.09167874482298032
2029-01_2029-02,2029-01,TTF_M/HH_M,month_pair,Dec/Jan,452,0.13721784883445637,0.09290980709870025
2029-01_2029-02,2029-01,TTF_M/HH_M,month_pair,Jan/Feb,452,0.14237581763717394,0.09536099319091206
2029-01_2029-02,2029-01,TTF_M/HH_M,month_pair,Feb/Mar,450,0.20415637127774386,0.10884642111486419
2029-01_2029-02,2029-01,TTF_M/HH_M,month_pair,Mar/Apr,449,0.18685512238609675,0.09560347098966909
2029-01_2029-02,2029-01,TTF_M/HH_M,month_pair,Apr/May,450,0.26370753674613107,0.07724132189500389
2029-01_2029-02,2029-01,TTF_M/HH_M,month_pair,May/Jun,451,0.26876265929290416,0.06809310979043184
2029-01_2029-02,2029-01,TTF_M/HH_M,month_pair,Jun/Jul,453,0.13282003084190486,0.06616496563372036
2029-01_2029-02,2029-01,TTF_M/HH_M,month_pair,Jul/Aug,450,0.13419563270205465,0.0721673869527552
2029-01_2029-02,2029-01,TTF_M/HH_M,month_pair,Aug/Sep,450,0.13283952324808637,0.0742992854946572
2029-01_2029-02,2029-01,TTF_M/HH_M,month_pair,Sep/Oct,450,0.25485547138769155,0.06706057802795409
2029-01_2029-02,2029-01,TTF_M/HH_M,pooled,all,5412,0.17209697464552262,1.0
2029-01_2029-02,2029-01,TTF_M/Brent_M,year,2020,89,0.6828058986675571,0.001965412393333125
2029-01_2029-02,2029-01,TTF_M/Brent_M,year,2021,633,0.0949006088239481,0.12218954863953636
2029-01_2029-02,2029-01,TTF_M/Brent_M,year,2022,1207,0.07040470528324938,0.4878835241174411
2029-01_2029-02,2029-01,TTF_M/Brent_M,year,2023,1347,0.14593443837268763,0.1926307563790759
2029-01_2029-02,2029-01,TTF_M/Brent_M,year,2024,1264,0.022639849705112108,0.07861001128180621
2029-01_2029-02,2029-01,TTF_M/Brent_M,year,2025,725,0.5076001870113045,0.06128124583831282
2029-01_2029-02,2029-01,TTF_M/Brent_M,year,2026,147,0.5943554766607196,0.05543950135049462
2029-01_2029-02,2029-01,TTF_M/Brent_M,days_to_expiry,"(730, 1095]",572,0.21729933069690635,0.06913836624561226
2029-01_2029-02,2029-01,TTF_M/Brent_M,days_to_expiry,"(365, 730]",2401,0.1560175438950644,0.3947115208611031
2029-01_2029-02,2029-01,TTF_M/Brent_M,days_to_expiry,"(180, 365]",1235,0.12477300972528965,0.27540498430743854
2029-01_2029-02,2029-01,TTF_M/Brent_M,days_to_expiry,"(90, 180]",584,0.14721514429843868,0.12359105769473362
2029-01_2029-02,2029-01,TTF_M/Brent_M,days_to_expiry,"(60, 90]",195,0.17237282164329326,0.03599003279428677
2029-01_2029-02,2029-01,TTF_M/Brent_M,days_to_expiry,"(30, 60]",190,0.24151956998032847,0.039178600958029414
2029-01_2029-02,2029-01,TTF_M/Brent_M,days_to_expiry,"(0, 30]",187,0.2940359863698757,0.052005548151544345
2029-01_2029-02,2029-01,TTF_M/Brent_M,days_to_expiry,nan,48,0.1011019132851121,0.009979888987252104
2029-01_2029-02,2029-01,TTF_M/Brent_M,month_pair,Oct/Nov,452,0.14482554781258533,0.08818960802733107
2029-01_2029-02,2029-01,TTF_M/Brent_M,month_pair,Nov/Dec,453,0.10636064696674367,0.09232475445633541
2029-01_2029-02,2029-01,TTF_M/Brent_M,month_pair,Dec/Jan,452,0.14102372397960458,0.09818723885109719
2029-01_2029-02,2029-01,TTF_M/Brent_M,month_pair,Jan/Feb,452,0.14766876620820546,0.09663184550416021
2029-01_2029-02,2029-01,TTF_M/Brent_M,month_pair,Feb/Mar,450,0.1546533362693947,0.10108049661388381
2029-01_2029-02,2029-01,TTF_M/Brent_M,month_pair,Mar/Apr,449,0.10173042081034665,0.09374276497131653
2029-01_2029-02,2029-01,TTF_M/Brent_M,month_pair,Apr/May,450,0.1966860974637404,0.07681145358175166
2029-01_2029-02,2029-01,TTF_M/Brent_M,month_pair,May/Jun,451,0.27249513275525855,0.0677390613160797
2029-01_2029-02,2029-01,TTF_M/Brent_M,month_pair,Jun/Jul,453,0.12277939173181568,0.06492989508848028
2029-01_2029-02,2029-01,TTF_M/Brent_M,month_pair,Jul/Aug,450,0.18969420701158554,0.07489330624921231
2029-01_2029-02,2029-01,TTF_M/Brent_M,month_pair,Aug/Sep,450,0.2091147496483498,0.07772081570691788
2029-01_2029-02,2029-01,TTF_M/Brent_M,month_pair,Sep/Oct,450,0.20059030951204623,0.06774875963343407
2029-01_2029-02,2029-01,TTF_M/Brent_M,pooled,all,5412,0.16292647150412456,1.0
2029-01_2029-02,2029-01,HH_M/Brent_M,year,2020,89,-0.09541921762249875,0.003552225366646907
2029-01_2029-02,2029-01,HH_M/Brent_M,year,2021,633,0.09680644596364986,0.05301676416273135
2029-01_2029-02,2029-01,HH_M/Brent_M,year,2022,1207,0.34512101057637423,0.39811855182621203
2029-01_2029-02,2029-01,HH_M/Brent_M,year,2023,1347,0.22751026374405678,0.1935864610566155
2029-01_2029-02,2029-01,HH_M/Brent_M,year,2024,1264,0.04055742983362879,0.13376856062688464
2029-01_2029-02,2029-01,HH_M/Brent_M,year,2025,725,0.19205368192379157,0.13860219973610252
2029-01_2029-02,2029-01,HH_M/Brent_M,year,2026,147,0.141717921103914,0.07935523722480711
2029-01_2029-02,2029-01,HH_M/Brent_M,days_to_expiry,"(730, 1095]",572,0.22319801105897358,0.0408777785824798
2029-01_2029-02,2029-01,HH_M/Brent_M,days_to_expiry,"(365, 730]",2401,0.30194070638895226,0.25394483071203217
2029-01_2029-02,2029-01,HH_M/Brent_M,days_to_expiry,"(180, 365]",1235,0.24818303530028918,0.24538403992863497
2029-01_2029-02,2029-01,HH_M/Brent_M,days_to_expiry,"(90, 180]",584,0.23250980613104702,0.16529531692095759
2029-01_2029-02,2029-01,HH_M/Brent_M,days_to_expiry,"(60, 90]",195,0.1463190032498796,0.07328641356904114
2029-01_2029-02,2029-01,HH_M/Brent_M,days_to_expiry,"(30, 60]",190,0.12421537141307123,0.08359412030090448
2029-01_2029-02,2029-01,HH_M/Brent_M,days_to_expiry,"(0, 30]",187,0.15106714738603924,0.10765993524250048
2029-01_2029-02,2029-01,HH_M/Brent_M,days_to_expiry,nan,48,0.10479773466202046,0.0299575647434494
2029-01_2029-02,2029-01,HH_M/Brent_M,month_pair,Oct/Nov,452,0.27760669396413057,0.08975061357338167
2029-01_2029-02,2029-01,HH_M/Brent_M,month_pair,Nov/Dec,453,0.21858103037387014,0.08366377191675409
2029-01_2029-02,2029-01,HH_M/Brent_M,month_pair,Dec/Jan,452,0.22149365616657832,0.0807312207716083
2029-01_2029-02,2029-01,HH_M/Brent_M,month_pair,Jan/Feb,452,0.21767098279587258,0.08527167546395195
2029-01_2029-02,2029-01,HH_M/Brent_M,month_pair,Feb/Mar,450,0.21716194437682002,0.11398643683050722
2029-01_2029-02,2029-01,HH_M/Brent_M,month_pair,Mar/Apr,449,0.22384047320402772,0.08928069182818946
2029-01_2029-02,2029-01,HH_M/Brent_M,month_pair,Apr/May,450,0.24215895389412107,0.08376872776812055
2029-01_2029-02,2029-01,HH_M/Brent_M,month_pair,May/Jun,451,0.28325277505932916,0.07736642648109578
2029-01_2029-02,2029-01,HH_M/Brent_M,month_pair,Jun/Jul,453,0.21007731849756953,0.07602982602217616
2029-01_2029-02,2029-01,HH_M/Brent_M,month_pair,Jul/Aug,450,0.2475296230287233,0.07596843551822866
2029-01_2029-02,2029-01,HH_M/Brent_M,month_pair,Aug/Sep,450,0.14672972247604615,0.07122167387498148
2029-01_2029-02,2029-01,HH_M/Brent_M,month_pair,Sep/Oct,450,0.1993819495321331,0.07296049995100466
2029-01_2029-02,2029-01,HH_M/Brent_M,pooled,all,5412,0.22506745255319996,1.0
2029-02_2029-03,2029-02,TTF_M/TTF_M1,year,2020,122,0.9867294461032253,0.0013845949604506548
2029-02_2029-03,2029-02,TTF_M/TTF_M1,year,2021,689,0.9542500346888341,0.1169899434524525
2029-02_2029-03,2029-02,TTF_M/TTF_M1,year,2022,1260,0.9877020295869173,0.5256626782732196
2029-02_2029-03,2029-02,TTF_M/TTF_M1,year,2023,1400,0.9891046249631678,0.18535580956315878
2029-02_2029-03,2029-02,TTF_M/TTF_M1,year,2024,1286,0.9956925195593339,0.07049617847548462
2029-02_2029-03,2029-02,TTF_M/TTF_M1,year,2025,725,0.9943391031392965,0.050689815693249596
2029-02_2029-03,2029-02,TTF_M/TTF_M1,year,2026,147,0.995076183987661,0.04942097958198439
2029-02_2029-03,2029-02,TTF_M/TTF_M1,days_to_expiry,"(730, 1095]",789,0.9858083676936753,0.09860328882037905
2029-02_2029-03,2029-02,TTF_M/TTF_M1,days_to_expiry,"(365, 730]",2401,0.9778694599072129,0.38460499521316505
2029-02_2029-03,2029-02,TTF_M/TTF_M1,days_to_expiry,"(180, 365]",1235,0.9901451528152165,0.27504398883315073
2029-02_2029-03,2029-02,TTF_M/TTF_M1,days_to_expiry,"(90, 180]",584,0.9969903309595645,0.11946567866587605
2029-02_2029-03,2029-02,TTF_M/TTF_M1,days_to_expiry,"(60, 90]",195,0.9953435015713061,0.03272627103979242
2029-02_2029-03,2029-02,TTF_M/TTF_M1,days_to_expiry,"(30, 60]",190,0.9925496960334068,0.03490778485378072
2029-02_2029-03,2029-02,TTF_M/TTF_M1,days_to_expiry,"(0, 30]",187,0.9854042182959604,0.04606644297365732
2029-02_2029-03,2029-02,TTF_M/TTF_M1,days_to_expiry,nan,48,0.9859623630705328,0.008581549600198692
2029-02_2029-03,2029-02,TTF_M/TTF_M1,month_pair,Oct/Nov,470,0.9906195800064919,0.08548088097869594
2029-02_2029-03,2029-02,TTF_M/TTF_M1,month_pair,Nov/Dec,470,0.9957954752550907,0.09451002053958767
2029-02_2029-03,2029-02,TTF_M/TTF_M1,month_pair,Dec/Jan,470,0.9966312028602669,0.10027788915445877
2029-02_2029-03,2029-02,TTF_M/TTF_M1,month_pair,Jan/Feb,469,0.9963228474393023,0.10828591308889096
2029-02_2029-03,2029-02,TTF_M/TTF_M1,month_pair,Feb/Mar,469,0.997022615252244,0.10439799465609738
2029-02_2029-03,2029-02,TTF_M/TTF_M1,month_pair,Mar/Apr,469,0.8997290618414653,0.08459919933744774
2029-02_2029-03,2029-02,TTF_M/TTF_M1,month_pair,Apr/May,468,0.9783012437134475,0.0738165914150807
2029-02_2029-03,2029-02,TTF_M/TTF_M1,month_pair,May/Jun,467,0.9951476738398074,0.0665851411991537
2029-02_2029-03,2029-02,TTF_M/TTF_M1,month_pair,Jun/Jul,469,0.9958131223420004,0.06525339687441566
2029-02_2029-03,2029-02,TTF_M/TTF_M1,month_pair,Jul/Aug,469,0.9983203143067105,0.07327708444931812
2029-02_2029-03,2029-02,TTF_M/TTF_M1,month_pair,Aug/Sep,469,0.9984879081603553,0.07803298008689885
2029-02_2029-03,2029-02,TTF_M/TTF_M1,month_pair,Sep/Oct,470,0.9926309298419462,0.06548290821995456
2029-02_2029-03,2029-02,TTF_M/TTF_M1,pooled,all,5629,0.9857442361309716,1.0
2029-02_2029-03,2029-02,HH_M/HH_M1,year,2020,122,0.9803326412618103,0.0018191033407465008
2029-02_2029-03,2029-02,HH_M/HH_M1,year,2021,689,0.9891165289629432,0.03047552710518937
2029-02_2029-03,2029-02,HH_M/HH_M1,year,2022,1260,0.9901927978064179,0.4410512234098641
2029-02_2029-03,2029-02,HH_M/HH_M1,year,2023,1400,0.9867498299009764,0.18704677111271548
2029-02_2029-03,2029-02,HH_M/HH_M1,year,2024,1286,0.9739100838689062,0.1300558830072035
2029-02_2029-03,2029-02,HH_M/HH_M1,year,2025,725,0.9899157528338458,0.1412623004517315
2029-02_2029-03,2029-02,HH_M/HH_M1,year,2026,147,0.9254844482819381,0.06828919157254965
2029-02_2029-03,2029-02,HH_M/HH_M1,days_to_expiry,"(730, 1095]",789,0.9929771648486898,0.04255578392438241
2029-02_2029-03,2029-02,HH_M/HH_M1,days_to_expiry,"(365, 730]",2401,0.9901375488129753,0.2116695299310842
2029-02_2029-03,2029-02,HH_M/HH_M1,days_to_expiry,"(180, 365]",1235,0.9892937420598098,0.24899988695180203
2029-02_2029-03,2029-02,HH_M/HH_M1,days_to_expiry,"(90, 180]",584,0.9938788546709442,0.17661854120036083
2029-02_2029-03,2029-02,HH_M/HH_M1,days_to_expiry,"(60, 90]",195,0.9883725166023278,0.08002794627597065
2029-02_2029-03,2029-02,HH_M/HH_M1,days_to_expiry,"(30, 60]",190,0.9926838155555652,0.09488724165990403
2029-02_2029-03,2029-02,HH_M/HH_M1,days_to_expiry,"(0, 30]",187,0.9750325377393815,0.11863132456578684
2029-02_2029-03,2029-02,HH_M/HH_M1,days_to_expiry,nan,48,0.8054379212931686,0.026609745490708957
2029-02_2029-03,2029-02,HH_M/HH_M1,month_pair,Oct/Nov,470,0.9859752792091226,0.09375075384013615
2029-02_2029-03,2029-02,HH_M/HH_M1,month_pair,Nov/Dec,470,0.9878881873047543,0.08271438027505866
2029-02_2029-03,2029-02,HH_M/HH_M1,month_pair,Dec/Jan,470,0.9940814488867769,0.07656385257871105
2029-02_2029-03,2029-02,HH_M/HH_M1,month_pair,Jan/Feb,469,0.9930713360500666,0.09031595805916749
2029-02_2029-03,2029-02,HH_M/HH_M1,month_pair,Feb/Mar,469,0.9344228980625594,0.11511299081226353
2029-02_2029-03,2029-02,HH_M/HH_M1,month_pair,Mar/Apr,469,0.9589703343492966,0.08804774530771595
2029-02_2029-03,2029-02,HH_M/HH_M1,month_pair,Apr/May,468,0.9951566848298964,0.08473185872475966
2029-02_2029-03,2029-02,HH_M/HH_M1,month_pair,May/Jun,467,0.9942105624484581,0.0757068435511496
2029-02_2029-03,2029-02,HH_M/HH_M1,month_pair,Jun/Jul,469,0.9909588326445387,0.07456319119684753
2029-02_2029-03,2029-02,HH_M/HH_M1,month_pair,Jul/Aug,469,0.9967552277199929,0.07324029246293388
2029-02_2029-03,2029-02,HH_M/HH_M1,month_pair,Aug/Sep,469,0.9962480486307325,0.07164523951332046
2029-02_2029-03,2029-02,HH_M/HH_M1,month_pair,Sep/Oct,470,0.9976185191453387,0.07360689367793603
2029-02_2029-03,2029-02,HH_M/HH_M1,pooled,all,5629,0.9820315246193679,1.0
2029-02_2029-03,2029-02,Brent_M/Brent_M1,year,2020,122,0.9998040951297535,0.01052795249515085
2029-02_2029-03,2029-02,Brent_M/Brent_M1,year,2021,689,0.9998413412461729,0.11637480294253413
2029-02_2029-03,2029-02,Brent_M/Brent_M1,year,2022,1260,0.999639060951619,0.33612153714848086
2029-02_2029-03,2029-02,Brent_M/Brent_M1,year,2023,1400,0.9997444745045908,0.2131226231353845
2029-02_2029-03,2029-02,Brent_M/Brent_M1,year,2024,1286,0.9998305576939721,0.12420124674706878
2029-02_2029-03,2029-02,Brent_M/Brent_M1,year,2025,725,0.9996742661709913,0.12337618649224642
2029-02_2029-03,2029-02,Brent_M/Brent_M1,year,2026,147,0.9927280910032954,0.0762756510391345
2029-02_2029-03,2029-02,Brent_M/Brent_M1,days_to_expiry,"(730, 1095]",789,0.9997839599272568,0.08831109681139314
2029-02_2029-03,2029-02,Brent_M/Brent_M1,days_to_expiry,"(365, 730]",2401,0.9998418618064007,0.35963747993239786
2029-02_2029-03,2029-02,Brent_M/Brent_M1,days_to_expiry,"(180, 365]",1235,0.9997956512601147,0.24233033784476954
2029-02_2029-03,2029-02,Brent_M/Brent_M1,days_to_expiry,"(90, 180]",584,0.9993267561647361,0.1331087023294293
2029-02_2029-03,2029-02,Brent_M/Brent_M1,days_to_expiry,"(60, 90]",195,0.9981173994201753,0.048239832053806955
2029-02_2029-03,2029-02,Brent_M/Brent_M1,days_to_expiry,"(30, 60]",190,0.9961065763127122,0.051597337573025995
2029-02_2029-03,2029-02,Brent_M/Brent_M1,days_to_expiry,"(0, 30]",187,0.9940436782836023,0.06112622566647861
2029-02_2029-03,2029-02,Brent_M/Brent_M1,days_to_expiry,nan,48,0.9975875550096827,0.015648987788698585
2029-02_2029-03,2029-02,Brent_M/Brent_M1,month_pair,Oct/Nov,470,0.9994570200179266,0.07991928356698791
2029-02_2029-03,2029-02,Brent_M/Brent_M1,month_pair,Nov/Dec,470,0.9996132137212497,0.0816972892912259
2029-02_2029-03,2029-02,Brent_M/Brent_M1,month_pair,Dec/Jan,470,0.9997054499468104,0.09336682380854838
2029-02_2029-03,2029-02,Brent_M/Brent_M1,month_pair,Jan/Feb,469,0.9996947834596321,0.08513618182073639
2029-02_2029-03,2029-02,Brent_M/Brent_M1,month_pair,Feb/Mar,469,0.9997206106413128,0.08641351051880486
2029-02_2029-03,2029-02,Brent_M/Brent_M1,month_pair,Mar/Apr,469,0.9997089137452202,0.07953882063854235
2029-02_2029-03,2029-02,Brent_M/Brent_M1,month_pair,Apr/May,468,0.9982199828498627,0.08803329406600315
2029-02_2029-03,2029-02,Brent_M/Brent_M1,month_pair,May/Jun,467,0.9971290255639537,0.0801173826428821
2029-02_2029-03,2029-02,Brent_M/Brent_M1,month_pair,Jun/Jul,469,0.997845610418452,0.07605761241275455
2029-02_2029-03,2029-02,Brent_M/Brent_M1,month_pair,Jul/Aug,469,0.9985548977000697,0.0892398424387938
2029-02_2029-03,2029-02,Brent_M/Brent_M1,month_pair,Aug/Sep,469,0.9988072881994412,0.08226977963989608
2029-02_2029-03,2029-02,Brent_M/Brent_M1,month_pair,Sep/Oct,470,0.998975619132577,0.07821017915482449
2029-02_2029-03,2029-02,Brent_M/Brent_M1,pooled,all,5629,0.9989350888939538,1.0
2029-02_2029-03,2029-02,TTF_M/HH_M,year,2020,122,-0.04812527338272494,0.001476171671597013
2029-02_2029-03,2029-02,TTF_M/HH_M,year,2021,689,0.195755788438765,0.09963158860459237
2029-02_2029-03,2029-02,TTF_M/HH_M,year,2022,1260,0.12362346629574852,0.4958867759200778
2029-02_2029-03,2029-02,TTF_M/HH_M,year,2023,1400,0.1660278301412807,0.18737701503414403
2029-02_2029-03,2029-02,TTF_M/HH_M,year,2024,1286,0.29640223714495895,0.08665366858226523
2029-02_2029-03,2029-02,TTF_M/HH_M,year,2025,725,0.06381045302677259,0.07270474284222458
2029-02_2029-03,2029-02,TTF_M/HH_M,year,2026,147,0.33198477799653797,0.056270037345099014
2029-02_2029-03,2029-02,TTF_M/HH_M,days_to_expiry,"(730, 1095]",789,0.13635649857727533,0.08272080596844077
2029-02_2029-03,2029-02,TTF_M/HH_M,days_to_expiry,"(365, 730]",2401,0.15862736029297245,0.34280368422900404
2029-02_2029-03,2029-02,TTF_M/HH_M,days_to_expiry,"(180, 365]",1235,0.1364621827809343,0.264394491707036
2029-02_2029-03,2029-02,TTF_M/HH_M,days_to_expiry,"(90, 180]",584,0.14040996380189355,0.13228470484101434
2029-02_2029-03,2029-02,TTF_M/HH_M,days_to_expiry,"(60, 90]",195,0.23594936792863225,0.04506465602536333
2029-02_2029-03,2029-02,TTF_M/HH_M,days_to_expiry,"(30, 60]",190,0.2622269035886683,0.0503166042816199
2029-02_2029-03,2029-02,TTF_M/HH_M,days_to_expiry,"(0, 30]",187,0.30790716490322334,0.06718564856976116
2029-02_2029-03,2029-02,TTF_M/HH_M,days_to_expiry,nan,48,0.24307791770244136,0.015229404377760488
2029-02_2029-03,2029-02,TTF_M/HH_M,month_pair,Oct/Nov,470,0.1684213886007472,0.08932738475232388
2029-02_2029-03,2029-02,TTF_M/HH_M,month_pair,Nov/Dec,470,0.05790112428532118,0.09156067612442545
2029-02_2029-03,2029-02,TTF_M/HH_M,month_pair,Dec/Jan,470,0.14335733147620439,0.09348826121654398
2029-02_2029-03,2029-02,TTF_M/HH_M,month_pair,Jan/Feb,469,0.12920535017624993,0.10119475969181742
2029-02_2029-03,2029-02,TTF_M/HH_M,month_pair,Feb/Mar,469,0.2040230217564514,0.10755694594518704
2029-02_2029-03,2029-02,TTF_M/HH_M,month_pair,Mar/Apr,469,0.18530670770152197,0.09376687876130536
2029-02_2029-03,2029-02,TTF_M/HH_M,month_pair,Apr/May,468,0.2620696082980052,0.07605018760989142
2029-02_2029-03,2029-02,TTF_M/HH_M,month_pair,May/Jun,467,0.2713192272602381,0.06743412523665898
2029-02_2029-03,2029-02,TTF_M/HH_M,month_pair,Jun/Jul,469,0.132915899065166,0.06622533651404013
2029-02_2029-03,2029-02,TTF_M/HH_M,month_pair,Jul/Aug,469,0.1263635306600852,0.07196360150715667
2029-02_2029-03,2029-02,TTF_M/HH_M,month_pair,Aug/Sep,469,0.12541516155750798,0.07503186219767946
2029-02_2029-03,2029-02,TTF_M/HH_M,month_pair,Sep/Oct,470,0.25851510780538495,0.0663999804429702
2029-02_2029-03,2029-02,TTF_M/HH_M,pooled,all,5629,0.17009154852762967,1.0
2029-02_2029-03,2029-02,TTF_M/Brent_M,year,2020,122,0.6622760853056938,0.0024940140074825373
2029-02_2029-03,2029-02,TTF_M/Brent_M,year,2021,689,0.09513738616307725,0.1212705889593451
2029-02_2029-03,2029-02,TTF_M/Brent_M,year,2022,1260,0.07290762562648635,0.49446941329953054
2029-02_2029-03,2029-02,TTF_M/Brent_M,year,2023,1400,0.1460677668842394,0.19107156920146307
2029-02_2029-03,2029-02,TTF_M/Brent_M,year,2024,1286,0.02420631753848448,0.07725406921118089
2029-02_2029-03,2029-02,TTF_M/Brent_M,year,2025,725,0.5076001870113045,0.059558954659140385
2029-02_2029-03,2029-02,TTF_M/Brent_M,year,2026,147,0.5943554766607196,0.05388139066185749
2029-02_2029-03,2029-02,TTF_M/Brent_M,days_to_expiry,"(730, 1095]",789,0.2006224060078506,0.0952999554710535
2029-02_2029-03,2029-02,TTF_M/Brent_M,days_to_expiry,"(365, 730]",2401,0.1560175438950644,0.3836182710193742
2029-02_2029-03,2029-02,TTF_M/Brent_M,days_to_expiry,"(180, 365]",1235,0.12477300972528965,0.26766480917417984
2029-02_2029-03,2029-02,TTF_M/Brent_M,days_to_expiry,"(90, 180]",584,0.14721514429843868,0.1201175677945144
2029-02_2029-03,2029-02,TTF_M/Brent_M,days_to_expiry,"(60, 90]",195,0.17237282164329326,0.03497854363195363
2029-02_2029-03,2029-02,TTF_M/Brent_M,days_to_expiry,"(30, 60]",190,0.24151956998032847,0.03807749803625845
2029-02_2029-03,2029-02,TTF_M/Brent_M,days_to_expiry,"(0, 30]",187,0.2940359863698757,0.05054394769574169
2029-02_2029-03,2029-02,TTF_M/Brent_M,days_to_expiry,nan,48,0.1011019132851121,0.009699407176924442
2029-02_2029-03,2029-02,TTF_M/Brent_M,month_pair,Oct/Nov,470,0.14883974893178048,0.08649295607809168
2029-02_2029-03,2029-02,TTF_M/Brent_M,month_pair,Nov/Dec,470,0.09248200868073646,0.0923527668301314
2029-02_2029-03,2029-02,TTF_M/Brent_M,month_pair,Dec/Jan,470,0.1383650225273875,0.09872550383333946
2029-02_2029-03,2029-02,TTF_M/Brent_M,month_pair,Jan/Feb,469,0.16391270799571206,0.10344754585500317
2029-02_2029-03,2029-02,TTF_M/Brent_M,month_pair,Feb/Mar,469,0.15364870111687906,0.0999088405365562
2029-02_2029-03,2029-02,TTF_M/Brent_M,month_pair,Mar/Apr,469,0.0953115601771308,0.09191077340045545
2029-02_2029-03,2029-02,TTF_M/Brent_M,month_pair,Apr/May,468,0.19251703729150949,0.07585345486056058
2029-02_2029-03,2029-02,TTF_M/Brent_M,month_pair,May/Jun,467,0.27294958133209496,0.06693075123836399
2029-02_2029-03,2029-02,TTF_M/Brent_M,month_pair,Jun/Jul,469,0.12379804594329033,0.06505804938923412
2029-02_2029-03,2029-02,TTF_M/Brent_M,month_pair,Jul/Aug,469,0.1985523887225575,0.07457984258694378
2029-02_2029-03,2029-02,TTF_M/Brent_M,month_pair,Aug/Sep,469,0.2027239864894272,0.07802260275080683
2029-02_2029-03,2029-02,TTF_M/Brent_M,month_pair,Sep/Oct,470,0.2039476798747452,0.06671691264051338
2029-02_2029-03,2029-02,TTF_M/Brent_M,pooled,all,5629,0.16274436839442638,1.0
2029-02_2029-03,2029-02,HH_M/Brent_M,year,2020,122,-0.08136455693179649,0.004421052728564136
2029-02_2029-03,2029-02,HH_M/Brent_M,year,2021,689,0.10285905792714156,0.05552737943446252
2029-02_2029-03,2029-02,HH_M/Brent_M,year,2022,1260,0.34606371277948855,0.39912044231518606
2029-02_2029-03,2029-02,HH_M/Brent_M,year,2023,1400,0.22749889727856476,0.19349082259210332
2029-02_2029-03,2029-02,HH_M/Brent_M,year,2024,1286,0.04085752531754675,0.1325645346583274
2029-02_2029-03,2029-02,HH_M/Brent_M,year,2025,725,0.19205368192379157,0.136642523272727
2029-02_2029-03,2029-02,HH_M/Brent_M,year,2026,147,0.141717921103914,0.07823324499862941
2029-02_2029-03,2029-02,HH_M/Brent_M,days_to_expiry,"(730, 1095]",789,0.23862836277534713,0.05443866900406776
2029-02_2029-03,2029-02,HH_M/Brent_M,days_to_expiry,"(365, 730]",2401,0.30194070638895226,0.25035434146518204
2029-02_2029-03,2029-02,HH_M/Brent_M,days_to_expiry,"(180, 365]",1235,0.24818303530028918,0.24191459046497765
2029-02_2029-03,2029-02,HH_M/Brent_M,days_to_expiry,"(90, 180]",584,0.23250980613104702,0.1629582303329168
2029-02_2029-03,2029-02,HH_M/Brent_M,days_to_expiry,"(60, 90]",195,0.1463190032498796,0.07225022756311987
2029-02_2029-03,2029-02,HH_M/Brent_M,days_to_expiry,"(30, 60]",190,0.12421537141307123,0.08241219511975893
2029-02_2029-03,2029-02,HH_M/Brent_M,days_to_expiry,"(0, 30]",187,0.15106714738603924,0.10613774698325955
2029-02_2029-03,2029-02,HH_M/Brent_M,days_to_expiry,nan,48,0.10479773466202046,0.02953399906671725
2029-02_2029-03,2029-02,HH_M/Brent_M,month_pair,Oct/Nov,470,0.28585732330019326,0.09034455828888446
2029-02_2029-03,2029-02,HH_M/Brent_M,month_pair,Nov/Dec,470,0.21999205980052958,0.08315545992590404
2029-02_2029-03,2029-02,HH_M/Brent_M,month_pair,Dec/Jan,470,0.22001797581039645,0.08008910623651422
2029-02_2029-03,2029-02,HH_M/Brent_M,month_pair,Jan/Feb,469,0.22070463171394475,0.08537688217746606
2029-02_2029-03,2029-02,HH_M/Brent_M,month_pair,Feb/Mar,469,0.21582059961051556,0.11300129161719295
2029-02_2029-03,2029-02,HH_M/Brent_M,month_pair,Mar/Apr,469,0.22157109312029524,0.08921393974002198
2029-02_2029-03,2029-02,HH_M/Brent_M,month_pair,Apr/May,468,0.23817903017351014,0.08415200667400694
2029-02_2029-03,2029-02,HH_M/Brent_M,month_pair,May/Jun,467,0.284865979733312,0.0771623764798223
2029-02_2029-03,2029-02,HH_M/Brent_M,month_pair,Jun/Jul,469,0.21066174533516063,0.07562391740497638
2029-02_2029-03,2029-02,HH_M/Brent_M,month_pair,Jul/Aug,469,0.24049457642179034,0.07632754727714455
2029-02_2029-03,2029-02,HH_M/Brent_M,month_pair,Aug/Sep,469,0.15203522207406264,0.07226548396973048
2029-02_2029-03,2029-02,HH_M/Brent_M,month_pair,Sep/Oct,470,0.20382335317939956,0.07328743020833547
2029-02_2029-03,2029-02,HH_M/Brent_M,pooled,all,5629,0.22570976253309533,1.0
2029-03_2029-04,2029-03,TTF_M/TTF_M1,year,2020,155,0.9879132899551316,0.0017979372276263666
2029-03_2029-04,2029-03,TTF_M/TTF_M1,year,2021,736,0.9543126311091552,0.11628170750172345
2029-03_2029-04,2029-03,TTF_M/TTF_M1,year,2022,1308,0.9878784710553582,0.5287733857867011
2029-03_2029-04,2029-03,TTF_M/TTF_M1,year,2023,1447,0.9890339056702396,0.1851658977152189
2029-03_2029-04,2029-03,TTF_M/TTF_M1,year,2024,1300,0.995691524218641,0.06973382044060192
2029-03_2029-04,2029-03,TTF_M/TTF_M1,year,2025,725,0.9943391031392965,0.04974623414487251
2029-03_2029-04,2029-03,TTF_M/TTF_M1,year,2026,147,0.995076183987661,0.04850101718325562
2029-03_2029-04,2029-03,TTF_M/TTF_M1,days_to_expiry,"(730, 1095]",978,0.9866420369906054,0.11538262196264054
2029-03_2029-04,2029-03,TTF_M/TTF_M1,days_to_expiry,"(365, 730]",2401,0.9778694599072129,0.3774456443271225
2029-03_2029-04,2029-03,TTF_M/TTF_M1,days_to_expiry,"(180, 365]",1235,0.9901451528152165,0.26992409582692
2029-03_2029-04,2029-03,TTF_M/TTF_M1,days_to_expiry,"(90, 180]",584,0.9969903309595645,0.11724184714248628
2029-03_2029-04,2029-03,TTF_M/TTF_M1,days_to_expiry,"(60, 90]",195,0.9953435015713061,0.03211707755431586
2029-03_2029-04,2029-03,TTF_M/TTF_M1,days_to_expiry,"(30, 60]",190,0.9925496960334068,0.03425798289194145
2029-03_2029-04,2029-03,TTF_M/TTF_M1,days_to_expiry,"(0, 30]",187,0.9854042182959604,0.045208924653757476
2029-03_2029-04,2029-03,TTF_M/TTF_M1,days_to_expiry,nan,48,0.9859623630705328,0.008421805640815771
2029-03_2029-04,2029-03,TTF_M/TTF_M1,month_pair,Oct/Nov,486,0.9906781355483393,0.08455917586564336
2029-03_2029-04,2029-03,TTF_M/TTF_M1,month_pair,Nov/Dec,486,0.9957265352226252,0.0932727497427559
2029-03_2029-04,2029-03,TTF_M/TTF_M1,month_pair,Dec/Jan,486,0.996619573678419,0.1012574613573978
2029-03_2029-04,2029-03,TTF_M/TTF_M1,month_pair,Jan/Feb,485,0.9964418035667252,0.11022878798508251
2029-03_2029-04,2029-03,TTF_M/TTF_M1,month_pair,Feb/Mar,485,0.997074914311313,0.10547895475117429
2029-03_2029-04,2029-03,TTF_M/TTF_M1,month_pair,Mar/Apr,485,0.9003103760294084,0.08388043419807338
2029-03_2029-04,2029-03,TTF_M/TTF_M1,month_pair,Apr/May,484,0.9777694088706497,0.07266135499538626
2029-03_2029-04,2029-03,TTF_M/TTF_M1,month_pair,May/Jun,483,0.9951343317871263,0.06603557964951573
2029-03_2029-04,2029-03,TTF_M/TTF_M1,month_pair,Jun/Jul,483,0.9953067844987836,0.06481597113926794
2029-03_2029-04,2029-03,TTF_M/TTF_M1,month_pair,Jul/Aug,485,0.9983133674126763,0.07292554287559033
2029-03_2029-04,2029-03,TTF_M/TTF_M1,month_pair,Aug/Sep,485,0.9985180256786581,0.07916193185571695
2029-03_2029-04,2029-03,TTF_M/TTF_M1,month_pair,Sep/Oct,485,0.9924867498319105,0.06572205558439546
2029-03_2029-04,2029-03,TTF_M/TTF_M1,pooled,all,5818,0.9858401226276671,1.0
2029-03_2029-04,2029-03,HH_M/HH_M1,year,2020,155,0.9791112315439738,0.0021859408235075503
2029-03_2029-04,2029-03,HH_M/HH_M1,year,2021,736,0.9884169022935715,0.03140068370338284
2029-03_2029-04,2029-03,HH_M/HH_M1,year,2022,1308,0.9902486447968346,0.4414554699852495
2029-03_2029-04,2029-03,HH_M/HH_M1,year,2023,1447,0.9867524490406642,0.18758871564173873
2029-03_2029-04,2029-03,HH_M/HH_M1,year,2024,1300,0.9739850505998272,0.1295112780031588
2029-03_2029-04,2029-03,HH_M/HH_M1,year,2025,725,0.9899157528338458,0.14012062863588587
2029-03_2029-04,2029-03,HH_M/HH_M1,year,2026,147,0.9254844482819381,0.06773728320707671
2029-03_2029-04,2029-03,HH_M/HH_M1,days_to_expiry,"(730, 1095]",978,0.9924924667279368,0.05029377964753316
2029-03_2029-04,2029-03,HH_M/HH_M1,days_to_expiry,"(365, 730]",2401,0.9901375488129753,0.20995883191878487
2029-03_2029-04,2029-03,HH_M/HH_M1,days_to_expiry,"(180, 365]",1235,0.9892937420598098,0.24698748766216458
2029-03_2029-04,2029-03,HH_M/HH_M1,days_to_expiry,"(90, 180]",584,0.9938788546709442,0.17519112277379262
2029-03_2029-04,2029-03,HH_M/HH_M1,days_to_expiry,"(60, 90]",195,0.9883725166023278,0.07938116613398577
2029-03_2029-04,2029-03,HH_M/HH_M1,days_to_expiry,"(30, 60]",190,0.9926838155555652,0.09412036975466093
2029-03_2029-04,2029-03,HH_M/HH_M1,days_to_expiry,"(0, 30]",187,0.9750325377393815,0.11767255467955333
2029-03_2029-04,2029-03,HH_M/HH_M1,days_to_expiry,nan,48,0.8054379212931686,0.02639468742952477
2029-03_2029-04,2029-03,HH_M/HH_M1,month_pair,Oct/Nov,486,0.986069039203514,0.0937998213983684
2029-03_2029-04,2029-03,HH_M/HH_M1,month_pair,Nov/Dec,486,0.9880012298294023,0.08331567443465361
2029-03_2029-04,2029-03,HH_M/HH_M1,month_pair,Dec/Jan,486,0.9940827700336237,0.07612722878248332
2029-03_2029-04,2029-03,HH_M/HH_M1,month_pair,Jan/Feb,485,0.9930658020368256,0.08989645671909251
2029-03_2029-04,2029-03,HH_M/HH_M1,month_pair,Feb/Mar,485,0.9345891945560952,0.11478979229348242
2029-03_2029-04,2029-03,HH_M/HH_M1,month_pair,Mar/Apr,485,0.9585191156582358,0.08774569617158018
2029-03_2029-04,2029-03,HH_M/HH_M1,month_pair,Apr/May,484,0.9951394740936307,0.08454321324858455
2029-03_2029-04,2029-03,HH_M/HH_M1,month_pair,May/Jun,483,0.994202613953855,0.07601963805786462
2029-03_2029-04,2029-03,HH_M/HH_M1,month_pair,Jun/Jul,483,0.9909744576207448,0.07430237478837481
2029-03_2029-04,2029-03,HH_M/HH_M1,month_pair,Jul/Aug,485,0.9967718921569163,0.07328912667198788
2029-03_2029-04,2029-03,HH_M/HH_M1,month_pair,Aug/Sep,485,0.9962731841928986,0.07204991052472744
2029-03_2029-04,2029-03,HH_M/HH_M1,month_pair,Sep/Oct,485,0.9976395393785717,0.07412106690880027
2029-03_2029-04,2029-03,HH_M/HH_M1,pooled,all,5818,0.9820832364900476,1.0
2029-03_2029-04,2029-03,Brent_M/Brent_M1,year,2020,155,0.9997809525110084,0.013220669309546084
2029-03_2029-04,2029-03,Brent_M/Brent_M1,year,2021,736,0.9998389245618522,0.12017312148848444
2029-03_2029-04,2029-03,Brent_M/Brent_M1,year,2022,1308,0.9996447609313783,0.3375524030821131
2029-03_2029-04,2029-03,Brent_M/Brent_M1,year,2023,1447,0.999743246954767,0.21154932560494985
2029-03_2029-04,2029-03,Brent_M/Brent_M1,year,2024,1300,0.9998310265568314,0.12226957287626525
2029-03_2029-04,2029-03,Brent_M/Brent_M1,year,2025,725,0.9996742661709913,0.120646715164019
2029-03_2029-04,2029-03,Brent_M/Brent_M1,year,2026,147,0.9927280910032954,0.07458819247462228
2029-03_2029-04,2029-03,Brent_M/Brent_M1,days_to_expiry,"(730, 1095]",978,0.9997865435806705,0.10848053787020552
2029-03_2029-04,2029-03,Brent_M/Brent_M1,days_to_expiry,"(365, 730]",2401,0.9998418618064007,0.3516811617972678
2029-03_2029-04,2029-03,Brent_M/Brent_M1,days_to_expiry,"(180, 365]",1235,0.9997956512601147,0.23696922458691624
2029-03_2029-04,2029-03,Brent_M/Brent_M1,days_to_expiry,"(90, 180]",584,0.9993267561647361,0.13016391697923071
2029-03_2029-04,2029-03,Brent_M/Brent_M1,days_to_expiry,"(60, 90]",195,0.9981173994201753,0.04717261444712848
2029-03_2029-04,2029-03,Brent_M/Brent_M1,days_to_expiry,"(30, 60]",190,0.9961065763127122,0.05045584132871391
2029-03_2029-04,2029-03,Brent_M/Brent_M1,days_to_expiry,"(0, 30]",187,0.9940436782836023,0.059773920289704
2029-03_2029-04,2029-03,Brent_M/Brent_M1,days_to_expiry,nan,48,0.9975875550096827,0.015302782700833286
2029-03_2029-04,2029-03,Brent_M/Brent_M1,month_pair,Oct/Nov,486,0.999460210186495,0.07957310168448169
2029-03_2029-04,2029-03,Brent_M/Brent_M1,month_pair,Nov/Dec,486,0.9996146514685653,0.08138064255367745
2029-03_2029-04,2029-03,Brent_M/Brent_M1,month_pair,Dec/Jan,486,0.999711130751913,0.093622237005052
2029-03_2029-04,2029-03,Brent_M/Brent_M1,month_pair,Jan/Feb,485,0.9996977633660193,0.0852114697451854
2029-03_2029-04,2029-03,Brent_M/Brent_M1,month_pair,Feb/Mar,485,0.9997239113655361,0.08662445044919836
2029-03_2029-04,2029-03,Brent_M/Brent_M1,month_pair,Mar/Apr,485,0.999707133259561,0.07948280786676688
2029-03_2029-04,2029-03,Brent_M/Brent_M1,month_pair,Apr/May,484,0.9982293794411975,0.08716529775725007
2029-03_2029-04,2029-03,Brent_M/Brent_M1,month_pair,May/Jun,483,0.9972150328645214,0.08131722291835812
2029-03_2029-04,2029-03,Brent_M/Brent_M1,month_pair,Jun/Jul,483,0.997858806509373,0.07518326690871899
2029-03_2029-04,2029-03,Brent_M/Brent_M1,month_pair,Jul/Aug,485,0.9985699225129578,0.08867401253198973
2029-03_2029-04,2029-03,Brent_M/Brent_M1,month_pair,Aug/Sep,485,0.9988535741581636,0.08416366797147463
2029-03_2029-04,2029-03,Brent_M/Brent_M1,month_pair,Sep/Oct,485,0.9989774762407828,0.07760182260784668
2029-03_2029-04,2029-03,Brent_M/Brent_M1,pooled,all,5818,0.9989515557440652,1.0
2029-03_2029-04,2029-03,TTF_M/HH_M,year,2020,155,-0.07226928729163724,0.0018683823404723565
2029-03_2029-04,2029-03,TTF_M/HH_M,year,2021,736,0.19957405002346196,0.09941312277826392
2029-03_2029-04,2029-03,TTF_M/HH_M,year,2022,1308,0.12499305365412476,0.4985280058241423
2029-03_2029-04,2029-03,TTF_M/HH_M,year,2023,1447,0.16455640844390831,0.18742034380757772
2029-03_2029-04,2029-03,TTF_M/HH_M,year,2024,1300,0.2951538189263821,0.08581977855132314
2029-03_2029-04,2029-03,TTF_M/HH_M,year,2025,725,0.06381045302677259,0.07156355491449329
2029-03_2029-04,2029-03,TTF_M/HH_M,year,2026,147,0.33198477799653797,0.055386811783727216
2029-03_2029-04,2029-03,TTF_M/HH_M,days_to_expiry,"(730, 1095]",978,0.14738702787329602,0.09711860041301389
2029-03_2029-04,2029-03,TTF_M/HH_M,days_to_expiry,"(365, 730]",2401,0.15862736029297245,0.3374229702517482
2029-03_2029-04,2029-03,TTF_M/HH_M,days_to_expiry,"(180, 365]",1235,0.1364621827809343,0.2602445038204206
2029-03_2029-04,2029-03,TTF_M/HH_M,days_to_expiry,"(90, 180]",584,0.14040996380189355,0.1302083381242561
2029-03_2029-04,2029-03,TTF_M/HH_M,days_to_expiry,"(60, 90]",195,0.23594936792863225,0.044357312330673304
2029-03_2029-04,2029-03,TTF_M/HH_M,days_to_expiry,"(30, 60]",190,0.2622269035886683,0.049526824975265366
2029-03_2029-04,2029-03,TTF_M/HH_M,days_to_expiry,"(0, 30]",187,0.30790716490322334,0.06613108943005012
2029-03_2029-04,2029-03,TTF_M/HH_M,days_to_expiry,nan,48,0.24307791770244136,0.014990360654572392
2029-03_2029-04,2029-03,TTF_M/HH_M,month_pair,Oct/Nov,486,0.17082451112428537,0.0886205342148295
2029-03_2029-04,2029-03,TTF_M/HH_M,month_pair,Nov/Dec,486,0.05809636685075926,0.09082867136113308
2029-03_2029-04,2029-03,TTF_M/HH_M,month_pair,Dec/Jan,486,0.13817038500710488,0.0941627456105223
2029-03_2029-04,2029-03,TTF_M/HH_M,month_pair,Jan/Feb,485,0.13566058885130883,0.10258855636724239
2029-03_2029-04,2029-03,TTF_M/HH_M,month_pair,Feb/Mar,485,0.20091988180003093,0.10826191679032851
2029-03_2029-04,2029-03,TTF_M/HH_M,month_pair,Mar/Apr,485,0.18694403892487355,0.09301724632005345
2029-03_2029-04,2029-03,TTF_M/HH_M,month_pair,Apr/May,484,0.2617565817279814,0.07512419820518712
2029-03_2029-04,2029-03,TTF_M/HH_M,month_pair,May/Jun,483,0.26796797089076574,0.06706270463041646
2029-03_2029-04,2029-03,TTF_M/HH_M,month_pair,Jun/Jul,483,0.13135261600094164,0.06585268079179461
2029-03_2029-04,2029-03,TTF_M/HH_M,month_pair,Jul/Aug,485,0.12611291095354774,0.07171790942290293
2029-03_2029-04,2029-03,TTF_M/HH_M,month_pair,Aug/Sep,485,0.12805872781352848,0.0760364673921988
2029-03_2029-04,2029-03,TTF_M/HH_M,month_pair,Sep/Oct,485,0.2656140397915999,0.0667263688933908
2029-03_2029-04,2029-03,TTF_M/HH_M,pooled,all,5818,0.17051090534931024,1.0
2029-03_2029-04,2029-03,TTF_M/Brent_M,year,2020,155,0.596593563629413,0.0031840645172503254
2029-03_2029-04,2029-03,TTF_M/Brent_M,year,2021,736,0.09832731412698074,0.1210487094828
2029-03_2029-04,2029-03,TTF_M/Brent_M,year,2022,1308,0.07665853063593046,0.49727796148841186
2029-03_2029-04,2029-03,TTF_M/Brent_M,year,2023,1447,0.1418577333867787,0.19078976547859258
2029-03_2029-04,2029-03,TTF_M/Brent_M,year,2024,1300,0.022636240572209095,0.0763815007167843
2029-03_2029-04,2029-03,TTF_M/Brent_M,year,2025,725,0.5076001870113045,0.0584446705949094
2029-03_2029-04,2029-03,TTF_M/Brent_M,year,2026,147,0.5943554766607196,0.052873327721251494
2029-03_2029-04,2029-03,TTF_M/Brent_M,days_to_expiry,"(730, 1095]",978,0.19153110888039485,0.11222592148736525
2029-03_2029-04,2029-03,TTF_M/Brent_M,days_to_expiry,"(365, 730]",2401,0.1560175438950644,0.37644118524627573
2029-03_2029-04,2029-03,TTF_M/Brent_M,days_to_expiry,"(180, 365]",1235,0.12477300972528965,0.26265708811652955
2029-03_2029-04,2029-03,TTF_M/Brent_M,days_to_expiry,"(90, 180]",584,0.14721514429843868,0.117870297129782
2029-03_2029-04,2029-03,TTF_M/Brent_M,days_to_expiry,"(60, 90]",195,0.17237282164329326,0.03432413265408881
2029-03_2029-04,2029-03,TTF_M/Brent_M,days_to_expiry,"(30, 60]",190,0.24151956998032847,0.037365108950344936
2029-03_2029-04,2029-03,TTF_M/Brent_M,days_to_expiry,"(0, 30]",187,0.2940359863698757,0.04959832472799462
2029-03_2029-04,2029-03,TTF_M/Brent_M,days_to_expiry,nan,48,0.1011019132851121,0.009517941687619116
2029-03_2029-04,2029-03,TTF_M/Brent_M,month_pair,Oct/Nov,486,0.15139426982203472,0.08563121995166156
2029-03_2029-04,2029-03,TTF_M/Brent_M,month_pair,Nov/Dec,486,0.09155182224766514,0.09126917376418175
2029-03_2029-04,2029-03,TTF_M/Brent_M,month_pair,Dec/Jan,486,0.122943664531833,0.09958780251124318
2029-03_2029-04,2029-03,TTF_M/Brent_M,month_pair,Jan/Feb,485,0.1580738095800356,0.10511373776951977
2029-03_2029-04,2029-03,TTF_M/Brent_M,month_pair,Feb/Mar,485,0.162838206245386,0.10091131715589671
2029-03_2029-04,2029-03,TTF_M/Brent_M,month_pair,Mar/Apr,485,0.10002776442920112,0.09114185161385467
2029-03_2029-04,2029-03,TTF_M/Brent_M,month_pair,Apr/May,484,0.19143634649031996,0.07475084613869606
2029-03_2029-04,2029-03,TTF_M/Brent_M,month_pair,May/Jun,483,0.2643617062018156,0.06659144719940872
2029-03_2029-04,2029-03,TTF_M/Brent_M,month_pair,Jun/Jul,483,0.12297316800906413,0.0646178975894788
2029-03_2029-04,2029-03,TTF_M/Brent_M,month_pair,Jul/Aug,485,0.19824689634495699,0.07420746798476555
2029-03_2029-04,2029-03,TTF_M/Brent_M,month_pair,Aug/Sep,485,0.21730013960324132,0.07927985659380338
2029-03_2029-04,2029-03,TTF_M/Brent_M,month_pair,Sep/Oct,485,0.20527491160419223,0.06689738172748971
2029-03_2029-04,2029-03,TTF_M/Brent_M,pooled,all,5818,0.16267630566718178,1.0
2029-03_2029-04,2029-03,HH_M/Brent_M,year,2020,155,-0.036977782359186646,0.005517581506199659
2029-03_2029-04,2029-03,HH_M/Brent_M,year,2021,736,0.10604524660727761,0.05752941192484177
2029-03_2029-04,2029-03,HH_M/Brent_M,year,2022,1308,0.3464907097512434,0.3996397385048399
2029-03_2029-04,2029-03,HH_M/Brent_M,year,2023,1447,0.22767725121138438,0.19346484434712966
2029-03_2029-04,2029-03,HH_M/Brent_M,year,2024,1300,0.03981278301068249,0.1315554046186564
2029-03_2029-04,2029-03,HH_M/Brent_M,year,2025,725,0.19205368192379157,0.13500011674721846
2029-03_2029-04,2029-03,HH_M/Brent_M,year,2026,147,0.141717921103914,0.07729290235111404
2029-03_2029-04,2029-03,HH_M/Brent_M,days_to_expiry,"(730, 1095]",978,0.24478327793133922,0.06580406290269047
2029-03_2029-04,2029-03,HH_M/Brent_M,days_to_expiry,"(365, 730]",2401,0.30194070638895226,0.2473451493464803
2029-03_2029-04,2029-03,HH_M/Brent_M,days_to_expiry,"(180, 365]",1235,0.24818303530028918,0.2390068418924313
2029-03_2029-04,2029-03,HH_M/Brent_M,days_to_expiry,"(90, 180]",584,0.23250980613104702,0.16099951605807927
2029-03_2029-04,2029-03,HH_M/Brent_M,days_to_expiry,"(60, 90]",195,0.1463190032498796,0.07138179918242978
2029-03_2029-04,2029-03,HH_M/Brent_M,days_to_expiry,"(30, 60]",190,0.12421537141307123,0.0814216226112579
2029-03_2029-04,2029-03,HH_M/Brent_M,days_to_expiry,"(0, 30]",187,0.15106714738603924,0.10486199969703483
2029-03_2029-04,2029-03,HH_M/Brent_M,days_to_expiry,nan,48,0.10479773466202046,0.029179008309596032
2029-03_2029-04,2029-03,HH_M/Brent_M,month_pair,Oct/Nov,486,0.28517753134912693,0.09024225337106509
2029-03_2029-04,2029-03,HH_M/Brent_M,month_pair,Nov/Dec,486,0.22379551020391808,0.08348732240628126
2029-03_2029-04,2029-03,HH_M/Brent_M,month_pair,Dec/Jan,486,0.221347858054244,0.07995571885864064
2029-03_2029-04,2029-03,HH_M/Brent_M,month_pair,Jan/Feb,485,0.2167221030228763,0.0851553158060349
2029-03_2029-04,2029-03,HH_M/Brent_M,month_pair,Feb/Mar,485,0.21699577101749806,0.11266720729957204
2029-03_2029-04,2029-03,HH_M/Brent_M,month_pair,Mar/Apr,485,0.22100790142590374,0.08888069077979109
2029-03_2029-04,2029-03,HH_M/Brent_M,month_pair,Apr/May,484,0.2347727171089508,0.08377318049358178
2029-03_2029-04,2029-03,HH_M/Brent_M,month_pair,May/Jun,483,0.28347724824522147,0.07775006757188002
2029-03_2029-04,2029-03,HH_M/Brent_M,month_pair,Jun/Jul,483,0.20899297024407,0.07518694927016245
2029-03_2029-04,2029-03,HH_M/Brent_M,month_pair,Jul/Aug,485,0.24014944787916692,0.07625645951259971
2029-03_2029-04,2029-03,HH_M/Brent_M,month_pair,Aug/Sep,485,0.15835880494035062,0.07318501991158752
2029-03_2029-04,2029-03,HH_M/Brent_M,month_pair,Sep/Oct,485,0.20920240023453782,0.07345981471880345
2029-03_2029-04,2029-03,HH_M/Brent_M,pooled,all,5818,0.22608465867903751,1.0
2029-04_2029-05,2029-04,TTF_M/TTF_M1,year,2020,192,0.987801339007933,0.0024179555538585648
2029-04_2029-05,2029-04,TTF_M/TTF_M1,year,2021,783,0.9543775400310615,0.11500630674704443
2029-04_2029-05,2029-04,TTF_M/TTF_M1,year,2022,1356,0.9877907656997917,0.5353100788227613
2029-04_2029-05,2029-04,TTF_M/TTF_M1,year,2023,1495,0.9889908614094111,0.18290973706179772
2029-04_2029-05,2029-04,TTF_M/TTF_M1,year,2024,1313,0.9956337240488875,0.06838897834590399
2029-04_2029-05,2029-04,TTF_M/TTF_M1,year,2025,725,0.9943391031392965,0.04859162954100504
2029-04_2029-05,2029-04,TTF_M/TTF_M1,year,2026,147,0.995076183987661,0.0473753139276291
2029-04_2029-05,2029-04,TTF_M/TTF_M1,days_to_expiry,"(730, 1095]",1171,0.9861954061081535,0.13591449366912203
2029-04_2029-05,2029-04,TTF_M/TTF_M1,days_to_expiry,"(365, 730]",2401,0.9778694599072129,0.36868517258205197
2029-04_2029-05,2029-04,TTF_M/TTF_M1,days_to_expiry,"(180, 365]",1235,0.9901451528152165,0.26365918735507643
2029-04_2029-05,2029-04,TTF_M/TTF_M1,days_to_expiry,"(90, 180]",584,0.9969903309595645,0.11452067681062923
2029-04_2029-05,2029-04,TTF_M/TTF_M1,days_to_expiry,"(60, 90]",195,0.9953435015713061,0.03137164372913446
2029-04_2029-05,2029-04,TTF_M/TTF_M1,days_to_expiry,"(30, 60]",190,0.9925496960334068,0.03346285889017164
2029-04_2029-05,2029-04,TTF_M/TTF_M1,days_to_expiry,"(0, 30]",187,0.9854042182959604,0.04415963050238288
2029-04_2029-05,2029-04,TTF_M/TTF_M1,days_to_expiry,nan,48,0.9859623630705328,0.008226336461431361
2029-04_2029-05,2029-04,TTF_M/TTF_M1,month_pair,Oct/Nov,502,0.9907704681937034,0.08368281247583056
2029-04_2029-05,2029-04,TTF_M/TTF_M1,month_pair,Nov/Dec,502,0.9957521038570977,0.09177285826522003
2029-04_2029-05,2029-04,TTF_M/TTF_M1,month_pair,Dec/Jan,502,0.996461913601022,0.09921326071734929
2029-04_2029-05,2029-04,TTF_M/TTF_M1,month_pair,Jan/Feb,501,0.99649076329745,0.10957539759148326
2029-04_2029-05,2029-04,TTF_M/TTF_M1,month_pair,Feb/Mar,501,0.9971850693751569,0.10760729460654626
2029-04_2029-05,2029-04,TTF_M/TTF_M1,month_pair,Mar/Apr,501,0.908760456824029,0.0911397097883288
2029-04_2029-05,2029-04,TTF_M/TTF_M1,month_pair,Apr/May,501,0.9779367135406258,0.07196101097856789
2029-04_2029-05,2029-04,TTF_M/TTF_M1,month_pair,May/Jun,499,0.9948684336275502,0.06479904652809049
2029-04_2029-05,2029-04,TTF_M/TTF_M1,month_pair,Jun/Jul,501,0.9949008942331228,0.06396147548512866
2029-04_2029-05,2029-04,TTF_M/TTF_M1,month_pair,Jul/Aug,499,0.9982140552758907,0.07197938473540627
2029-04_2029-05,2029-04,TTF_M/TTF_M1,month_pair,Aug/Sep,501,0.9985149996547683,0.07838067213322168
2029-04_2029-05,2029-04,TTF_M/TTF_M1,month_pair,Sep/Oct,501,0.9922292669485476,0.0659270766948268
2029-04_2029-05,2029-04,TTF_M/TTF_M1,pooled,all,6011,0.985818352761461,1.0
2029-04_2029-05,2029-04,HH_M/HH_M1,year,2020,192,0.9797451873023448,0.002526204455547545
2029-04_2029-05,2029-04,HH_M/HH_M1,year,2021,783,0.9879684626517656,0.03225565175101264
2029-04_2029-05,2029-04,HH_M/HH_M1,year,2022,1356,0.9902682437255864,0.4414076742699158
2029-04_2029-05,2029-04,HH_M/HH_M1,year,2023,1495,0.9868368707525325,0.18896018858210098
2029-04_2029-05,2029-04,HH_M/HH_M1,year,2024,1313,0.9740113609137362,0.12867373679635402
2029-04_2029-05,2029-04,HH_M/HH_M1,year,2025,725,0.9899157528338458,0.13898718946723437
2029-04_2029-05,2029-04,HH_M/HH_M1,year,2026,147,0.9254844482819381,0.0671893546778346
2029-04_2029-05,2029-04,HH_M/HH_M1,days_to_expiry,"(730, 1095]",1171,0.9922242435303438,0.057975976332909546
2029-04_2029-05,2029-04,HH_M/HH_M1,days_to_expiry,"(365, 730]",2401,0.9901375488129753,0.20826046982736532
2029-04_2029-05,2029-04,HH_M/HH_M1,days_to_expiry,"(180, 365]",1235,0.9892937420598098,0.2449895998749881
2029-04_2029-05,2029-04,HH_M/HH_M1,days_to_expiry,"(90, 180]",584,0.9938788546709442,0.1737739975261758
2029-04_2029-05,2029-04,HH_M/HH_M1,days_to_expiry,"(60, 90]",195,0.9883725166023278,0.07873904995291085
2029-04_2029-05,2029-04,HH_M/HH_M1,days_to_expiry,"(30, 60]",190,0.9926838155555652,0.0933590277974741
2029-04_2029-05,2029-04,HH_M/HH_M1,days_to_expiry,"(0, 30]",187,0.9750325377393815,0.11672069852641205
2029-04_2029-05,2029-04,HH_M/HH_M1,days_to_expiry,nan,48,0.8054379212931686,0.026181180161764232
2029-04_2029-05,2029-04,HH_M/HH_M1,month_pair,Oct/Nov,502,0.9861895382335688,0.09402427390437115
2029-04_2029-05,2029-04,HH_M/HH_M1,month_pair,Nov/Dec,502,0.9880077745056108,0.08294389963989342
2029-04_2029-05,2029-04,HH_M/HH_M1,month_pair,Dec/Jan,502,0.9941377334391664,0.07668521932125509
2029-04_2029-05,2029-04,HH_M/HH_M1,month_pair,Jan/Feb,501,0.9930703593201576,0.08939618587599484
2029-04_2029-05,2029-04,HH_M/HH_M1,month_pair,Feb/Mar,501,0.9346497475105021,0.11418934796042293
2029-04_2029-05,2029-04,HH_M/HH_M1,month_pair,Mar/Apr,501,0.9582789618683235,0.08792898813906419
2029-04_2029-05,2029-04,HH_M/HH_M1,month_pair,Apr/May,501,0.9951445018939838,0.08437908863043996
2029-04_2029-05,2029-04,HH_M/HH_M1,month_pair,May/Jun,499,0.9941583332844476,0.07582245907471627
2029-04_2029-05,2029-04,HH_M/HH_M1,month_pair,Jun/Jul,501,0.9910426356460792,0.07471444663748715
2029-04_2029-05,2029-04,HH_M/HH_M1,month_pair,Jul/Aug,499,0.9967707330799124,0.07299616439998202
2029-04_2029-05,2029-04,HH_M/HH_M1,month_pair,Aug/Sep,501,0.9962944488701873,0.07202144762557286
2029-04_2029-05,2029-04,HH_M/HH_M1,month_pair,Sep/Oct,501,0.9976684534300018,0.07489847879080011
2029-04_2029-05,2029-04,HH_M/HH_M1,pooled,all,6011,0.9821421629734637,1.0
2029-04_2029-05,2029-04,Brent_M/Brent_M1,year,2020,192,0.9998123137804703,0.019035948541732732
2029-04_2029-05,2029-04,Brent_M/Brent_M1,year,2021,783,0.9998347882243407,0.12145923333994732
2029-04_2029-05,2029-04,Brent_M/Brent_M1,year,2022,1356,0.9996428929661781,0.3371423548678304
2029-04_2029-05,2029-04,Brent_M/Brent_M1,year,2023,1495,0.9997437877693081,0.21043538049860905
2029-04_2029-05,2029-04,Brent_M/Brent_M1,year,2024,1313,0.9998310086977625,0.12049126511290605
2029-04_2029-05,2029-04,Brent_M/Brent_M1,year,2025,725,0.9996742661709913,0.11829904212431532
2029-04_2029-05,2029-04,Brent_M/Brent_M1,year,2026,147,0.9927280910032954,0.07313677551465915
2029-04_2029-05,2029-04,Brent_M/Brent_M1,days_to_expiry,"(730, 1095]",1171,0.9997757383514815,0.12582867870245126
2029-04_2029-05,2029-04,Brent_M/Brent_M1,days_to_expiry,"(365, 730]",2401,0.9998418618064007,0.3448377729739529
2029-04_2029-05,2029-04,Brent_M/Brent_M1,days_to_expiry,"(180, 365]",1235,0.9997956512601147,0.2323580235355999
2029-04_2029-05,2029-04,Brent_M/Brent_M1,days_to_expiry,"(90, 180]",584,0.9993267561647361,0.1276310480302591
2029-04_2029-05,2029-04,Brent_M/Brent_M1,days_to_expiry,"(60, 90]",195,0.9981173994201753,0.04625467917637286
2029-04_2029-05,2029-04,Brent_M/Brent_M1,days_to_expiry,"(30, 60]",190,0.9961065763127122,0.049474017511779066
2029-04_2029-05,2029-04,Brent_M/Brent_M1,days_to_expiry,"(0, 30]",187,0.9940436782836023,0.05861077530933087
2029-04_2029-05,2029-04,Brent_M/Brent_M1,days_to_expiry,nan,48,0.9975875550096827,0.01500500476025406
2029-04_2029-05,2029-04,Brent_M/Brent_M1,month_pair,Oct/Nov,502,0.999476459147493,0.08126211837676611
2029-04_2029-05,2029-04,Brent_M/Brent_M1,month_pair,Nov/Dec,502,0.9996180275941905,0.08149101838298736
2029-04_2029-05,2029-04,Brent_M/Brent_M1,month_pair,Dec/Jan,502,0.9997118760679046,0.09352136354438195
2029-04_2029-05,2029-04,Brent_M/Brent_M1,month_pair,Jan/Feb,501,0.9996961159288634,0.0844486996084676
2029-04_2029-05,2029-04,Brent_M/Brent_M1,month_pair,Feb/Mar,501,0.9997201547402681,0.08524128341594685
2029-04_2029-05,2029-04,Brent_M/Brent_M1,month_pair,Mar/Apr,501,0.9997119262032093,0.08001549068997889
2029-04_2029-05,2029-04,Brent_M/Brent_M1,month_pair,Apr/May,501,0.998262309771899,0.08760526896239382
2029-04_2029-05,2029-04,Brent_M/Brent_M1,month_pair,May/Jun,499,0.9972483830006372,0.08117176768255259
2029-04_2029-05,2029-04,Brent_M/Brent_M1,month_pair,Jun/Jul,501,0.9979006034919677,0.07559035487351692
2029-04_2029-05,2029-04,Brent_M/Brent_M1,month_pair,Jul/Aug,499,0.9985768125519615,0.08766688807347327
2029-04_2029-05,2029-04,Brent_M/Brent_M1,month_pair,Aug/Sep,501,0.998863501772488,0.08391813315027195
2029-04_2029-05,2029-04,Brent_M/Brent_M1,month_pair,Sep/Oct,501,0.9989901581332472,0.07806761323926266
2029-04_2029-05,2029-04,Brent_M/Brent_M1,pooled,all,6011,0.9989647822237686,1.0
2029-04_2029-05,2029-04,TTF_M/HH_M,year,2020,192,-0.07453453068952355,0.0024227320884098505
2029-04_2029-05,2029-04,TTF_M/HH_M,year,2021,783,0.20152430497134144,0.09878263501631455
2029-04_2029-05,2029-04,TTF_M/HH_M,year,2022,1356,0.12380179722349798,0.5043441831379695
2029-04_2029-05,2029-04,TTF_M/HH_M,year,2023,1495,0.16017243618057705,0.18575960975493896
2029-04_2029-05,2029-04,TTF_M/HH_M,year,2024,1313,0.29384955863886436,0.08431363760079698
2029-04_2029-05,2029-04,TTF_M/HH_M,year,2025,725,0.06381045302677259,0.07011302909691067
2029-04_2029-05,2029-04,TTF_M/HH_M,year,2026,147,0.33198477799653797,0.054264173304659505
2029-04_2029-05,2029-04,TTF_M/HH_M,days_to_expiry,"(730, 1095]",1171,0.13407117291290696,0.11541915551932283
2029-04_2029-05,2029-04,TTF_M/HH_M,days_to_expiry,"(365, 730]",2401,0.15862736029297245,0.3305837246276261
2029-04_2029-05,2029-04,TTF_M/HH_M,days_to_expiry,"(180, 365]",1235,0.1364621827809343,0.25496959297891
2029-04_2029-05,2029-04,TTF_M/HH_M,days_to_expiry,"(90, 180]",584,0.14040996380189355,0.1275691378170686
2029-04_2029-05,2029-04,TTF_M/HH_M,days_to_expiry,"(60, 90]",195,0.23594936792863225,0.04345823141146666
2029-04_2029-05,2029-04,TTF_M/HH_M,days_to_expiry,"(30, 60]",190,0.2622269035886683,0.04852296290643222
2029-04_2029-05,2029-04,TTF_M/HH_M,days_to_expiry,"(0, 30]",187,0.30790716490322334,0.06479067456835456
2029-04_2029-05,2029-04,TTF_M/HH_M,days_to_expiry,nan,48,0.24307791770244136,0.014686520170819003
2029-04_2029-05,2029-04,TTF_M/HH_M,month_pair,Oct/Nov,502,0.17470373398970665,0.08787261700427451
2029-04_2029-05,2029-04,TTF_M/HH_M,month_pair,Nov/Dec,502,0.05833076942510972,0.08956533717171937
2029-04_2029-05,2029-04,TTF_M/HH_M,month_pair,Dec/Jan,502,0.13733541324707296,0.09276322047141126
2029-04_2029-05,2029-04,TTF_M/HH_M,month_pair,Jan/Feb,501,0.13632196843214361,0.10195398937803313
2029-04_2029-05,2029-04,TTF_M/HH_M,month_pair,Feb/Mar,501,0.20348915855385116,0.10953837382671203
2029-04_2029-05,2029-04,TTF_M/HH_M,month_pair,Mar/Apr,501,0.1681734110949874,0.09925638184905733
2029-04_2029-05,2029-04,TTF_M/HH_M,month_pair,Apr/May,501,0.2641273220157699,0.07442531132203557
2029-04_2029-05,2029-04,TTF_M/HH_M,month_pair,May/Jun,499,0.26599094721677835,0.06597022041108722
2029-04_2029-05,2029-04,TTF_M/HH_M,month_pair,Jun/Jul,501,0.13062603409373294,0.0652431689063112
2029-04_2029-05,2029-04,TTF_M/HH_M,month_pair,Jul/Aug,499,0.12425693725682722,0.07084337609431494
2029-04_2029-05,2029-04,TTF_M/HH_M,month_pair,Aug/Sep,501,0.1249644745454688,0.07539093626549209
2029-04_2029-05,2029-04,TTF_M/HH_M,month_pair,Sep/Oct,501,0.25778933246334734,0.06717706729955127
2029-04_2029-05,2029-04,TTF_M/HH_M,pooled,all,6011,0.16876766579301838,1.0
2029-04_2029-05,2029-04,TTF_M/Brent_M,year,2020,192,0.5993063477695109,0.004439391122192967
2029-04_2029-05,2029-04,TTF_M/Brent_M,year,2021,783,0.10197693306795094,0.11992782342203559
2029-04_2029-05,2029-04,TTF_M/Brent_M,year,2022,1356,0.08177718081130353,0.5037004975603873
2029-04_2029-05,2029-04,TTF_M/Brent_M,year,2023,1495,0.14217598734292014,0.1883723143258264
2029-04_2029-05,2029-04,TTF_M/Brent_M,year,2024,1313,0.02198811549266865,0.07486780854417155
2029-04_2029-05,2029-04,TTF_M/Brent_M,year,2025,725,0.5076001870113045,0.05706604392143467
2029-04_2029-05,2029-04,TTF_M/Brent_M,year,2026,147,0.5943554766607196,0.05162612110395152
2029-04_2029-05,2029-04,TTF_M/Brent_M,days_to_expiry,"(730, 1095]",1171,0.2032074026576721,0.13316724962214257
2029-04_2029-05,2029-04,TTF_M/Brent_M,days_to_expiry,"(365, 730]",2401,0.1560175438950644,0.3675614729698212
2029-04_2029-05,2029-04,TTF_M/Brent_M,days_to_expiry,"(180, 365]",1235,0.12477300972528965,0.25646138089517356
2029-04_2029-05,2029-04,TTF_M/Brent_M,days_to_expiry,"(90, 180]",584,0.14721514429843868,0.11508990442708683
2029-04_2029-05,2029-04,TTF_M/Brent_M,days_to_expiry,"(60, 90]",195,0.17237282164329326,0.03351447517224934
2029-04_2029-05,2029-04,TTF_M/Brent_M,days_to_expiry,"(30, 60]",190,0.24151956998032847,0.03648371916181695
2029-04_2029-05,2029-04,TTF_M/Brent_M,days_to_expiry,"(0, 30]",187,0.2940359863698757,0.04842837077438931
2029-04_2029-05,2029-04,TTF_M/Brent_M,days_to_expiry,nan,48,0.1011019132851121,0.00929342697732025
2029-04_2029-05,2029-04,TTF_M/Brent_M,month_pair,Oct/Nov,502,0.152749833736635,0.0849500506177082
2029-04_2029-05,2029-04,TTF_M/Brent_M,month_pair,Nov/Dec,502,0.09626770437997308,0.08990314404312535
2029-04_2029-05,2029-04,TTF_M/Brent_M,month_pair,Dec/Jan,502,0.12534861799936942,0.09772664153530596
2029-04_2029-05,2029-04,TTF_M/Brent_M,month_pair,Jan/Feb,501,0.15738001694175952,0.10434670079497156
2029-04_2029-05,2029-04,TTF_M/Brent_M,month_pair,Feb/Mar,501,0.15644612701994084,0.10247272575081631
2029-04_2029-05,2029-04,TTF_M/Brent_M,month_pair,Mar/Apr,501,0.11870276972869612,0.09836024374243363
2029-04_2029-05,2029-04,TTF_M/Brent_M,month_pair,Apr/May,501,0.19638754591033236,0.07406126234608429
2029-04_2029-05,2029-04,TTF_M/Brent_M,month_pair,May/Jun,499,0.263240573860297,0.06539885553116954
2029-04_2029-05,2029-04,TTF_M/Brent_M,month_pair,Jun/Jul,501,0.12195719813038665,0.06389446199125903
2029-04_2029-05,2029-04,TTF_M/Brent_M,month_pair,Jul/Aug,499,0.19721077805655962,0.07313162685739365
2029-04_2029-05,2029-04,TTF_M/Brent_M,month_pair,Aug/Sep,501,0.2146043797293572,0.07846653098503883
2029-04_2029-05,2029-04,TTF_M/Brent_M,month_pair,Sep/Oct,501,0.2172639402648741,0.06728775580469361
2029-04_2029-05,2029-04,TTF_M/Brent_M,pooled,all,6011,0.16485669402404363,1.0
2029-04_2029-05,2029-04,HH_M/Brent_M,year,2020,192,-0.018767170255037526,0.007562460145812287
2029-04_2029-05,2029-04,HH_M/Brent_M,year,2021,783,0.10773196144304913,0.05874690168919876
2029-04_2029-05,2029-04,HH_M/Brent_M,year,2022,1356,0.3459306178151048,0.3993165209192466
2029-04_2029-05,2029-04,HH_M/Brent_M,year,2023,1495,0.22758505226573844,0.1940855244505699
2029-04_2029-05,2029-04,HH_M/Brent_M,year,2024,1313,0.0391196613538785,0.13039043276239318
2029-04_2029-05,2029-04,HH_M/Brent_M,year,2025,725,0.19205368192379157,0.13347719218372606
2029-04_2029-05,2029-04,HH_M/Brent_M,year,2026,147,0.141717921103914,0.07642096784905328
2029-04_2029-05,2029-04,HH_M/Brent_M,days_to_expiry,"(730, 1095]",1171,0.2399647857255046,0.07634264593506124
2029-04_2029-05,2029-04,HH_M/Brent_M,days_to_expiry,"(365, 730]",2401,0.30194070638895226,0.244554870251346
2029-04_2029-05,2029-04,HH_M/Brent_M,days_to_expiry,"(180, 365]",1235,0.24818303530028918,0.23631062651772697
2029-04_2029-05,2029-04,HH_M/Brent_M,days_to_expiry,"(90, 180]",584,0.23250980613104702,0.15918329453455018
2029-04_2029-05,2029-04,HH_M/Brent_M,days_to_expiry,"(60, 90]",195,0.1463190032498796,0.07057654732057578
2029-04_2029-05,2029-04,HH_M/Brent_M,days_to_expiry,"(30, 60]",190,0.12421537141307123,0.08050311237540177
2029-04_2029-05,2029-04,HH_M/Brent_M,days_to_expiry,"(0, 30]",187,0.15106714738603924,0.1036790606080667
2029-04_2029-05,2029-04,HH_M/Brent_M,days_to_expiry,nan,48,0.10479773466202046,0.02884984245727133
2029-04_2029-05,2029-04,HH_M/Brent_M,month_pair,Oct/Nov,502,0.28434528078863336,0.09088495325760235
2029-04_2029-05,2029-04,HH_M/Brent_M,month_pair,Nov/Dec,502,0.22372430234036836,0.08327794851780793
2029-04_2029-05,2029-04,HH_M/Brent_M,month_pair,Dec/Jan,502,0.2249290069230195,0.08035392046416615
2029-04_2029-05,2029-04,HH_M/Brent_M,month_pair,Jan/Feb,501,0.21546737079192918,0.08461768808037144
2029-04_2029-05,2029-04,HH_M/Brent_M,month_pair,Feb/Mar,501,0.21623703217978554,0.1117002276445144
2029-04_2029-05,2029-04,HH_M/Brent_M,month_pair,Mar/Apr,501,0.22244642833641992,0.08908356954689743
2029-04_2029-05,2029-04,HH_M/Brent_M,month_pair,Apr/May,501,0.23528954944920377,0.08382540109374101
2029-04_2029-05,2029-04,HH_M/Brent_M,month_pair,May/Jun,499,0.28148212628486635,0.07757260942268539
2029-04_2029-05,2029-04,HH_M/Brent_M,month_pair,Jun/Jul,501,0.20396257417268063,0.07557315145224316
2029-04_2029-05,2029-04,HH_M/Brent_M,month_pair,Jul/Aug,499,0.23858189430719387,0.07581565221804618
2029-04_2029-05,2029-04,HH_M/Brent_M,month_pair,Aug/Sep,501,0.15998895121514878,0.07314575550460235
2029-04_2029-05,2029-04,HH_M/Brent_M,month_pair,Sep/Oct,501,0.20843609329918786,0.07414912279732225
2029-04_2029-05,2029-04,HH_M/Brent_M,pooled,all,6011,0.22577782199562055,1.0
2029-05_2029-06,2029-05,TTF_M/TTF_M1,year,2020,233,0.9886336746277191,0.003057151048495107
2029-05_2029-06,2029-05,TTF_M/TTF_M1,year,2021,831,0.954385827332395,0.11417685661377405
2029-05_2029-06,2029-05,TTF_M/TTF_M1,year,2022,1405,0.9875721120005173,0.5380583137833086
2029-05_2029-06,2029-05,TTF_M/TTF_M1,year,2023,1544,0.9890375579322249,0.1825565780729757
2029-05_2029-06,2029-05,TTF_M/TTF_M1,year,2024,1321,0.9955862642759881,0.06757231816165751
2029-05_2029-06,2029-05,TTF_M/TTF_M1,year,2025,725,0.9943391031392965,0.04788875196827148
2029-05_2029-06,2029-05,TTF_M/TTF_M1,year,2026,147,0.995076183987661,0.046690030351517656
2029-05_2029-06,2029-05,TTF_M/TTF_M1,days_to_expiry,"(730, 1095]",1366,0.9855514633498693,0.14841348431959156
2029-05_2029-06,2029-05,TTF_M/TTF_M1,days_to_expiry,"(365, 730]",2401,0.9778694599072129,0.36335214420545375
2029-05_2029-06,2029-05,TTF_M/TTF_M1,days_to_expiry,"(180, 365]",1235,0.9901451528152165,0.2598453591013717
2029-05_2029-06,2029-05,TTF_M/TTF_M1,days_to_expiry,"(90, 180]",584,0.9969903309595645,0.11286413604208939
2029-05_2029-06,2029-05,TTF_M/TTF_M1,days_to_expiry,"(60, 90]",195,0.9953435015713061,0.030917853127640258
2029-05_2029-06,2029-05,TTF_M/TTF_M1,days_to_expiry,"(30, 60]",190,0.9925496960334068,0.03297881887637459
2029-05_2029-06,2029-05,TTF_M/TTF_M1,days_to_expiry,"(0, 30]",187,0.9854042182959604,0.043520861763949585
2029-05_2029-06,2029-05,TTF_M/TTF_M1,days_to_expiry,nan,48,0.9859623630705328,0.008107342563529232
2029-05_2029-06,2029-05,TTF_M/TTF_M1,month_pair,Oct/Nov,518,0.9909082467402505,0.08395511138749481
2029-05_2029-06,2029-05,TTF_M/TTF_M1,month_pair,Nov/Dec,518,0.9957288948033775,0.09171236573754477
2029-05_2029-06,2029-05,TTF_M/TTF_M1,month_pair,Dec/Jan,518,0.9963674503566116,0.09825184667292422
2029-05_2029-06,2029-05,TTF_M/TTF_M1,month_pair,Jan/Feb,518,0.9965053510646555,0.10887067050365953
2029-05_2029-06,2029-05,TTF_M/TTF_M1,month_pair,Feb/Mar,517,0.9972335702284078,0.10808584082725912
2029-05_2029-06,2029-05,TTF_M/TTF_M1,month_pair,Mar/Apr,517,0.9102852213433053,0.09378792013974764
2029-05_2029-06,2029-05,TTF_M/TTF_M1,month_pair,Apr/May,517,0.9776947872108137,0.07211623063838343
2029-05_2029-06,2029-05,TTF_M/TTF_M1,month_pair,May/Jun,517,0.9948602588057344,0.06462530671469395
2029-05_2029-06,2029-05,TTF_M/TTF_M1,month_pair,Jun/Jul,517,0.9946477509860733,0.06347825449799244
2029-05_2029-06,2029-05,TTF_M/TTF_M1,month_pair,Jul/Aug,516,0.9982182922992663,0.07148799059098634
2029-05_2029-06,2029-05,TTF_M/TTF_M1,month_pair,Aug/Sep,516,0.9984352502735078,0.07792850861622863
2029-05_2029-06,2029-05,TTF_M/TTF_M1,month_pair,Sep/Oct,517,0.9921014235496668,0.06569995367308519
2029-05_2029-06,2029-05,TTF_M/TTF_M1,pooled,all,6206,0.9857263028377405,1.0
2029-05_2029-06,2029-05,HH_M/HH_M1,year,2020,233,0.9781544634724773,0.0028283323841483215
2029-05_2029-06,2029-05,HH_M/HH_M1,year,2021,831,0.9875834101785742,0.03277002526769468
2029-05_2029-06,2029-05,HH_M/HH_M1,year,2022,1405,0.9903172370535115,0.44217446362265617
2029-05_2029-06,2029-05,HH_M/HH_M1,year,2023,1544,0.9869004622311565,0.18974439213029923
2029-05_2029-06,2029-05,HH_M/HH_M1,year,2024,1321,0.9740279035653365,0.12790082241543788
2029-05_2029-06,2029-05,HH_M/HH_M1,year,2025,725,0.9899157528338458,0.13791225541652788
2029-05_2029-06,2029-05,HH_M/HH_M1,year,2026,147,0.9254844482819381,0.06666970876323593
2029-05_2029-06,2029-05,HH_M/HH_M1,days_to_expiry,"(730, 1095]",1366,0.9920729399039024,0.06526163843964644
2029-05_2029-06,2029-05,HH_M/HH_M1,days_to_expiry,"(365, 730]",2401,0.9901375488129753,0.206649772673968
2029-05_2029-06,2029-05,HH_M/HH_M1,days_to_expiry,"(180, 365]",1235,0.9892937420598098,0.24309483774630528
2029-05_2029-06,2029-05,HH_M/HH_M1,days_to_expiry,"(90, 180]",584,0.9938788546709442,0.17243002051804798
2029-05_2029-06,2029-05,HH_M/HH_M1,days_to_expiry,"(60, 90]",195,0.9883725166023278,0.07813007810277774
2029-05_2029-06,2029-05,HH_M/HH_M1,days_to_expiry,"(30, 60]",190,0.9926838155555652,0.09263698428896774
2029-05_2029-06,2029-05,HH_M/HH_M1,days_to_expiry,"(0, 30]",187,0.9750325377393815,0.11581797465848417
2029-05_2029-06,2029-05,HH_M/HH_M1,days_to_expiry,nan,48,0.8054379212931686,0.025978693571802675
2029-05_2029-06,2029-05,HH_M/HH_M1,month_pair,Oct/Nov,518,0.9861744592686905,0.09395685961089426
2029-05_2029-06,2029-05,HH_M/HH_M1,month_pair,Nov/Dec,518,0.9882187413638324,0.08410471149177609
2029-05_2029-06,2029-05,HH_M/HH_M1,month_pair,Dec/Jan,518,0.9941447050287914,0.07629654973676912
2029-05_2029-06,2029-05,HH_M/HH_M1,month_pair,Jan/Feb,518,0.993123132853289,0.08983739371987377
2029-05_2029-06,2029-05,HH_M/HH_M1,month_pair,Feb/Mar,517,0.934773305326126,0.11360869600508369
2029-05_2029-06,2029-05,HH_M/HH_M1,month_pair,Mar/Apr,517,0.9580117769476915,0.08749540259646536
2029-05_2029-06,2029-05,HH_M/HH_M1,month_pair,Apr/May,517,0.995126794160431,0.08432973279531414
2029-05_2029-06,2029-05,HH_M/HH_M1,month_pair,May/Jun,517,0.9941235078411588,0.07556945751186854
2029-05_2029-06,2029-05,HH_M/HH_M1,month_pair,Jun/Jul,517,0.9910403308570803,0.0744263963964888
2029-05_2029-06,2029-05,HH_M/HH_M1,month_pair,Jul/Aug,516,0.9967895129700478,0.07339180791947321
2029-05_2029-06,2029-05,HH_M/HH_M1,month_pair,Aug/Sep,516,0.9963110442866244,0.07205495778647074
2029-05_2029-06,2029-05,HH_M/HH_M1,month_pair,Sep/Oct,517,0.9976603984701443,0.07492803442952232
2029-05_2029-06,2029-05,HH_M/HH_M1,pooled,all,6206,0.9822029266861765,1.0
2029-05_2029-06,2029-05,Brent_M/Brent_M1,year,2020,233,0.9997910272272997,0.024596510493954074
2029-05_2029-06,2029-05,Brent_M/Brent_M1,year,2021,831,0.9998305961136513,0.12324794830583714
2029-05_2029-06,2029-05,Brent_M/Brent_M1,year,2022,1405,0.9996425891982905,0.33635623851279
2029-05_2029-06,2029-05,Brent_M/Brent_M1,year,2023,1544,0.9997437921704546,0.20981525732359768
2029-05_2029-06,2029-05,Brent_M/Brent_M1,year,2024,1321,0.9998308055350621,0.11831145536611437
2029-05_2029-06,2029-05,Brent_M/Brent_M1,year,2025,725,0.9996742661709913,0.11597353046851172
2029-05_2029-06,2029-05,Brent_M/Brent_M1,year,2026,147,0.9927280910032954,0.07169905952919495
2029-05_2029-06,2029-05,Brent_M/Brent_M1,days_to_expiry,"(730, 1095]",1366,0.9997669396176875,0.14301305788542384
2029-05_2029-06,2029-05,Brent_M/Brent_M1,days_to_expiry,"(365, 730]",2401,0.9998418618064007,0.338058983847583
2029-05_2029-06,2029-05,Brent_M/Brent_M1,days_to_expiry,"(180, 365]",1235,0.9997956512601147,0.2277903509463012
2029-05_2029-06,2029-05,Brent_M/Brent_M1,days_to_expiry,"(90, 180]",584,0.9993267561647361,0.12512208866332783
2029-05_2029-06,2029-05,Brent_M/Brent_M1,days_to_expiry,"(60, 90]",195,0.9981173994201753,0.04534540896058299
2029-05_2029-06,2029-05,Brent_M/Brent_M1,days_to_expiry,"(30, 60]",190,0.9961065763127122,0.048501461840008114
2029-05_2029-06,2029-05,Brent_M/Brent_M1,days_to_expiry,"(0, 30]",187,0.9940436782836023,0.05745861009573343
2029-05_2029-06,2029-05,Brent_M/Brent_M1,days_to_expiry,nan,48,0.9975875550096827,0.014710037761039558
2029-05_2029-06,2029-05,Brent_M/Brent_M1,month_pair,Oct/Nov,518,0.9994904763834337,0.08450841913981419
2029-05_2029-06,2029-05,Brent_M/Brent_M1,month_pair,Nov/Dec,518,0.9996173446061939,0.08141470990313765
2029-05_2029-06,2029-05,Brent_M/Brent_M1,month_pair,Dec/Jan,518,0.9997113353401575,0.09289547030411897
2029-05_2029-06,2029-05,Brent_M/Brent_M1,month_pair,Jan/Feb,518,0.9996958131775084,0.08418504326129715
2029-05_2029-06,2029-05,Brent_M/Brent_M1,month_pair,Feb/Mar,517,0.9997177580541247,0.0844483765925641
2029-05_2029-06,2029-05,Brent_M/Brent_M1,month_pair,Mar/Apr,517,0.9997087187428754,0.07913089353257345
2029-05_2029-06,2029-05,Brent_M/Brent_M1,month_pair,Apr/May,517,0.9982962070246333,0.08790184656319913
2029-05_2029-06,2029-05,Brent_M/Brent_M1,month_pair,May/Jun,517,0.9973092700792787,0.08194387927168838
2029-05_2029-06,2029-05,Brent_M/Brent_M1,month_pair,Jun/Jul,517,0.997917017138894,0.07501684806591118
2029-05_2029-06,2029-05,Brent_M/Brent_M1,month_pair,Jul/Aug,516,0.9985991237172758,0.08779548021104132
2029-05_2029-06,2029-05,Brent_M/Brent_M1,month_pair,Aug/Sep,516,0.9988721029487615,0.08318774268027276
2029-05_2029-06,2029-05,Brent_M/Brent_M1,month_pair,Sep/Oct,517,0.9989943780513306,0.0775712904743817
2029-05_2029-06,2029-05,Brent_M/Brent_M1,pooled,all,6206,0.9989780540254932,1.0
2029-05_2029-06,2029-05,TTF_M/HH_M,year,2020,233,-0.07315078521949082,0.0029791381804636433
2029-05_2029-06,2029-05,TTF_M/HH_M,year,2021,831,0.1993662735387305,0.0983584930961492
2029-05_2029-06,2029-05,TTF_M/HH_M,year,2022,1405,0.12346303396037901,0.5066767723356664
2029-05_2029-06,2029-05,TTF_M/HH_M,year,2023,1544,0.15941555149673653,0.18570168826640052
2029-05_2029-06,2029-05,TTF_M/HH_M,year,2024,1321,0.2932973049993367,0.08345589762114809
2029-05_2029-06,2029-05,TTF_M/HH_M,year,2025,725,0.06381045302677259,0.06923972969185795
2029-05_2029-06,2029-05,TTF_M/HH_M,year,2026,147,0.33198477799653797,0.05358828080831427
2029-05_2029-06,2029-05,TTF_M/HH_M,days_to_expiry,"(730, 1095]",1366,0.13260141539343415,0.12643713513247376
2029-05_2029-06,2029-05,TTF_M/HH_M,days_to_expiry,"(365, 730]",2401,0.15862736029297245,0.32646610806254545
2029-05_2029-06,2029-05,TTF_M/HH_M,days_to_expiry,"(180, 365]",1235,0.1364621827809343,0.2517937953172907
2029-05_2029-06,2029-05,TTF_M/HH_M,days_to_expiry,"(90, 180]",584,0.14040996380189355,0.1259801884649482
2029-05_2029-06,2029-05,TTF_M/HH_M,days_to_expiry,"(60, 90]",195,0.23594936792863225,0.04291693333712702
2029-05_2029-06,2029-05,TTF_M/HH_M,days_to_expiry,"(30, 60]",190,0.2622269035886683,0.04791858059428006
2029-05_2029-06,2029-05,TTF_M/HH_M,days_to_expiry,"(0, 30]",187,0.30790716490322334,0.06398366824895421
2029-05_2029-06,2029-05,TTF_M/HH_M,days_to_expiry,nan,48,0.24307791770244136,0.01450359084238073
2029-05_2029-06,2029-05,TTF_M/HH_M,month_pair,Oct/Nov,518,0.17379159919739465,0.08804583386331402
2029-05_2029-06,2029-05,TTF_M/HH_M,month_pair,Nov/Dec,518,0.05529915261228015,0.08980435602526977
2029-05_2029-06,2029-05,TTF_M/HH_M,month_pair,Dec/Jan,518,0.1371163231705806,0.09201495521475637
2029-05_2029-06,2029-05,TTF_M/HH_M,month_pair,Jan/Feb,518,0.13654692250807768,0.10157033793443514
2029-05_2029-06,2029-05,TTF_M/HH_M,month_pair,Feb/Mar,517,0.20358387941696987,0.10976113916737917
2029-05_2029-06,2029-05,TTF_M/HH_M,month_pair,Mar/Apr,517,0.17382891102223577,0.10099359728281213
2029-05_2029-06,2029-05,TTF_M/HH_M,month_pair,Apr/May,517,0.2588656545574404,0.07441143695204305
2029-05_2029-06,2029-05,TTF_M/HH_M,month_pair,May/Jun,517,0.2658411431353229,0.06574871061025114
2029-05_2029-06,2029-05,TTF_M/HH_M,month_pair,Jun/Jul,517,0.12850235827985076,0.06485990175818178
2029-05_2029-06,2029-05,TTF_M/HH_M,month_pair,Jul/Aug,516,0.12473163479744577,0.07059881998817591
2029-05_2029-06,2029-05,TTF_M/HH_M,month_pair,Aug/Sep,516,0.1255207114724732,0.07512205292668858
2029-05_2029-06,2029-05,TTF_M/HH_M,month_pair,Sep/Oct,517,0.25553269715667115,0.067068858276693
2029-05_2029-06,2029-05,TTF_M/HH_M,pooled,all,6206,0.16828976887587124,1.0
2029-05_2029-06,2029-05,TTF_M/Brent_M,year,2020,233,0.6147488397493478,0.00569769402959496
2029-05_2029-06,2029-05,TTF_M/Brent_M,year,2021,831,0.10062407964256928,0.1194129443367531
2029-05_2029-06,2029-05,TTF_M/Brent_M,year,2022,1405,0.08315235220471237,0.5058073486025977
2029-05_2029-06,2029-05,TTF_M/Brent_M,year,2023,1544,0.14342278939814893,0.188032994757008
2029-05_2029-06,2029-05,TTF_M/Brent_M,year,2024,1321,0.0213455244800154,0.07395528541048328
2029-05_2029-06,2029-05,TTF_M/Brent_M,year,2025,725,0.5076001870113045,0.05622682795834544
2029-05_2029-06,2029-05,TTF_M/Brent_M,year,2026,147,0.5943554766607196,0.050866904905217614
2029-05_2029-06,2029-05,TTF_M/Brent_M,days_to_expiry,"(730, 1095]",1366,0.20451198445085425,0.145914933383911
2029-05_2029-06,2029-05,TTF_M/Brent_M,days_to_expiry,"(365, 730]",2401,0.1560175438950644,0.36215609642124635
2029-05_2029-06,2029-05,TTF_M/Brent_M,days_to_expiry,"(180, 365]",1235,0.12477300972528965,0.2526898475984298
2029-05_2029-06,2029-05,TTF_M/Brent_M,days_to_expiry,"(90, 180]",584,0.14721514429843868,0.11339738680454761
2029-05_2029-06,2029-05,TTF_M/Brent_M,days_to_expiry,"(60, 90]",195,0.17237282164329326,0.03302160970223653
2029-05_2029-06,2029-05,TTF_M/Brent_M,days_to_expiry,"(30, 60]",190,0.24151956998032847,0.03594718784810588
2029-05_2029-06,2029-05,TTF_M/Brent_M,days_to_expiry,"(0, 30]",187,0.2940359863698757,0.0477161808444859
2029-05_2029-06,2029-05,TTF_M/Brent_M,days_to_expiry,nan,48,0.1011019132851121,0.009156757397036943
2029-05_2029-06,2029-05,TTF_M/Brent_M,month_pair,Oct/Nov,518,0.1661955173416597,0.08558109523428424
2029-05_2029-06,2029-05,TTF_M/Brent_M,month_pair,Nov/Dec,518,0.09425012776803035,0.08983206753261905
2029-05_2029-06,2029-05,TTF_M/Brent_M,month_pair,Dec/Jan,518,0.12343808532171717,0.09685174103948653
2029-05_2029-06,2029-05,TTF_M/Brent_M,month_pair,Jan/Feb,518,0.16331815275467726,0.10372554516081903
2029-05_2029-06,2029-05,TTF_M/Brent_M,month_pair,Feb/Mar,517,0.15673393515326992,0.10280795949773475
2029-05_2029-06,2029-05,TTF_M/Brent_M,month_pair,Mar/Apr,517,0.11479931491691112,0.10034805103940578
2029-05_2029-06,2029-05,TTF_M/Brent_M,month_pair,Apr/May,517,0.19960881888701665,0.07411477054526426
2029-05_2029-06,2029-05,TTF_M/Brent_M,month_pair,May/Jun,517,0.2645938355769033,0.06533216624765083
2029-05_2029-06,2029-05,TTF_M/Brent_M,month_pair,Jun/Jul,517,0.1207842743246319,0.06348824742613741
2029-05_2029-06,2029-05,TTF_M/Brent_M,month_pair,Jul/Aug,516,0.19654101618236197,0.07276947098131857
2029-05_2029-06,2029-05,TTF_M/Brent_M,month_pair,Aug/Sep,516,0.21203913572708552,0.07804736062885939
2029-05_2029-06,2029-05,TTF_M/Brent_M,month_pair,Sep/Oct,517,0.2157509849800106,0.06710152466642014
2029-05_2029-06,2029-05,TTF_M/Brent_M,pooled,all,6206,0.16568319542833607,1.0
2029-05_2029-06,2029-05,HH_M/Brent_M,year,2020,233,0.00886380499099848,0.00954942229364511
2029-05_2029-06,2029-05,HH_M/Brent_M,year,2021,831,0.10599709909956317,0.05986286009502292
2029-05_2029-06,2029-05,HH_M/Brent_M,year,2022,1405,0.344614408090215,0.39941374462659973
2029-05_2029-06,2029-05,HH_M/Brent_M,year,2023,1544,0.22791615029163237,0.19449339471287036
2029-05_2029-06,2029-05,HH_M/Brent_M,year,2024,1321,0.037922735274137115,0.1291301550105062
2029-05_2029-06,2029-05,HH_M/Brent_M,year,2025,725,0.19205368192379157,0.13198423334984585
2029-05_2029-06,2029-05,HH_M/Brent_M,year,2026,147,0.141717921103914,0.07556618991150965
2029-05_2029-06,2029-05,HH_M/Brent_M,days_to_expiry,"(730, 1095]",1366,0.23408411804934334,0.08667386719967649
2029-05_2029-06,2029-05,HH_M/Brent_M,days_to_expiry,"(365, 730]",2401,0.30194070638895226,0.24181949390774107
2029-05_2029-06,2029-05,HH_M/Brent_M,days_to_expiry,"(180, 365]",1235,0.24818303530028918,0.23366746305565933
2029-05_2029-06,2029-05,HH_M/Brent_M,days_to_expiry,"(90, 180]",584,0.23250980613104702,0.15740280977986348
2029-05_2029-06,2029-05,HH_M/Brent_M,days_to_expiry,"(60, 90]",195,0.1463190032498796,0.06978713994645314
2029-05_2029-06,2029-05,HH_M/Brent_M,days_to_expiry,"(30, 60]",190,0.12421537141307123,0.07960267514856625
2029-05_2029-06,2029-05,HH_M/Brent_M,days_to_expiry,"(0, 30]",187,0.15106714738603924,0.10251939754585489
2029-05_2029-06,2029-05,HH_M/Brent_M,days_to_expiry,nan,48,0.10479773466202046,0.0285271534161852
2029-05_2029-06,2029-05,HH_M/Brent_M,month_pair,Oct/Nov,518,0.27946873950362505,0.09184755213027707
2029-05_2029-06,2029-05,HH_M/Brent_M,month_pair,Nov/Dec,518,0.22232376059919348,0.08405249437906578
2029-05_2029-06,2029-05,HH_M/Brent_M,month_pair,Dec/Jan,518,0.22542698708845385,0.07997166717079963
2029-05_2029-06,2029-05,HH_M/Brent_M,month_pair,Jan/Feb,518,0.21926728868769055,0.08480175374959607
2029-05_2029-06,2029-05,HH_M/Brent_M,month_pair,Feb/Mar,517,0.2159819883968417,0.11094788366821516
2029-05_2029-06,2029-05,HH_M/Brent_M,month_pair,Mar/Apr,517,0.22043320328712832,0.08845245666914447
2029-05_2029-06,2029-05,HH_M/Brent_M,month_pair,Apr/May,517,0.235826920290326,0.0838992433838036
2029-05_2029-06,2029-05,HH_M/Brent_M,month_pair,May/Jun,517,0.279556487872521,0.0776492530058562
2029-05_2029-06,2029-05,HH_M/Brent_M,month_pair,Jun/Jul,517,0.19970202379830138,0.07518892194633787
2029-05_2029-06,2029-05,HH_M/Brent_M,month_pair,Jul/Aug,516,0.23614966898157894,0.07616128213536072
2029-05_2029-06,2029-05,HH_M/Brent_M,month_pair,Aug/Sep,516,0.16213926959818867,0.07298445389487711
2029-05_2029-06,2029-05,HH_M/Brent_M,month_pair,Sep/Oct,517,0.20712761257603718,0.07404303786666615
2029-05_2029-06,2029-05,HH_M/Brent_M,pooled,all,6206,0.22502459357379864,1.0
2029-06_2029-07,2029-06,TTF_M/TTF_M1,year,2020,284,0.9861670815950093,0.003967531440711104
2029-06_2029-07,2029-06,TTF_M/TTF_M1,year,2021,885,0.9547017731813306,0.11343805926206312
2029-06_2029-07,2029-06,TTF_M/TTF_M1,year,2022,1458,0.986540411846395,0.5396945330027285
2029-06_2029-07,2029-06,TTF_M/TTF_M1,year,2023,1597,0.9888459944309179,0.18344249661955134
2029-06_2029-07,2029-06,TTF_M/TTF_M1,year,2024,1325,0.9955556710806027,0.0664815947150272
2029-06_2029-07,2029-06,TTF_M/TTF_M1,year,2025,725,0.9943391031392965,0.047077094838736115
2029-06_2029-07,2029-06,TTF_M/TTF_M1,year,2026,147,0.995076183987661,0.04589869012118257
2029-06_2029-07,2029-06,TTF_M/TTF_M1,days_to_expiry,"(730, 1095]",1581,0.9822106416999805,0.16284685830532686
2029-06_2029-07,2029-06,TTF_M/TTF_M1,days_to_expiry,"(365, 730]",2401,0.9778694599072129,0.35719375948555726
2029-06_2029-07,2029-06,TTF_M/TTF_M1,days_to_expiry,"(180, 365]",1235,0.9901451528152165,0.2554412907215768
2029-06_2029-07,2029-06,TTF_M/TTF_M1,days_to_expiry,"(90, 180]",584,0.9969903309595645,0.11095122378352595
2029-06_2029-07,2029-06,TTF_M/TTF_M1,days_to_expiry,"(60, 90]",195,0.9953435015713061,0.03039383245703262
2029-06_2029-07,2029-06,TTF_M/TTF_M1,days_to_expiry,"(30, 60]",190,0.9925496960334068,0.03241986729871812
2029-06_2029-07,2029-06,TTF_M/TTF_M1,days_to_expiry,"(0, 30]",187,0.9854042182959604,0.04278323515472752
2029-06_2029-07,2029-06,TTF_M/TTF_M1,days_to_expiry,nan,48,0.9859623630705328,0.007969932793534936
2029-06_2029-07,2029-06,TTF_M/TTF_M1,month_pair,Oct/Nov,537,0.9909781384682235,0.08342893641783147
2029-06_2029-07,2029-06,TTF_M/TTF_M1,month_pair,Nov/Dec,538,0.9957661832538507,0.09272658381074829
2029-06_2029-07,2029-06,TTF_M/TTF_M1,month_pair,Dec/Jan,537,0.9959816162411493,0.09837374040093304
2029-06_2029-07,2029-06,TTF_M/TTF_M1,month_pair,Jan/Feb,537,0.9965144954322929,0.10765651019447908
2029-06_2029-07,2029-06,TTF_M/TTF_M1,month_pair,Feb/Mar,534,0.9970959796167836,0.10744598877139759
2029-06_2029-07,2029-06,TTF_M/TTF_M1,month_pair,Mar/Apr,534,0.9068954479014971,0.09360843520671216
2029-06_2029-07,2029-06,TTF_M/TTF_M1,month_pair,Apr/May,536,0.9787035821777416,0.07502736778884744
2029-06_2029-07,2029-06,TTF_M/TTF_M1,month_pair,May/Jun,534,0.9947631671641002,0.06507935871320987
2029-06_2029-07,2029-06,TTF_M/TTF_M1,month_pair,Jun/Jul,535,0.9927129834219739,0.06340267515486366
2029-06_2029-07,2029-06,TTF_M/TTF_M1,month_pair,Jul/Aug,533,0.9982139603182003,0.07055719222868238
2029-06_2029-07,2029-06,TTF_M/TTF_M1,month_pair,Aug/Sep,533,0.9984401667762963,0.0771807858831768
2029-06_2029-07,2029-06,TTF_M/TTF_M1,month_pair,Sep/Oct,533,0.9916804213393449,0.06551242542911818
2029-06_2029-07,2029-06,TTF_M/TTF_M1,pooled,all,6421,0.9851909102409336,1.0
2029-06_2029-07,2029-06,HH_M/HH_M1,year,2020,284,0.9795441515392939,0.0032932281416403627
2029-06_2029-07,2029-06,HH_M/HH_M1,year,2021,885,0.9873777374994234,0.03341909833802136
2029-06_2029-07,2029-06,HH_M/HH_M1,year,2022,1458,0.990318037438235,0.44340147335323166
2029-06_2029-07,2029-06,HH_M/HH_M1,year,2023,1597,0.9869457260093133,0.19022020391183234
2029-06_2029-07,2029-06,HH_M/HH_M1,year,2024,1325,0.9740351792529451,0.12686870936073874
2029-06_2029-07,2029-06,HH_M/HH_M1,year,2025,725,0.9899157528338458,0.13670917346068054
2029-06_2029-07,2029-06,HH_M/HH_M1,year,2026,147,0.9254844482819381,0.06608811343385497
2029-06_2029-07,2029-06,HH_M/HH_M1,days_to_expiry,"(730, 1095]",1581,0.9918290112016097,0.0734158583299318
2029-06_2029-07,2029-06,HH_M/HH_M1,days_to_expiry,"(365, 730]",2401,0.9901375488129753,0.20484705679543258
2029-06_2029-07,2029-06,HH_M/HH_M1,days_to_expiry,"(180, 365]",1235,0.9892937420598098,0.24097419218098612
2029-06_2029-07,2029-06,HH_M/HH_M1,days_to_expiry,"(90, 180]",584,0.9938788546709442,0.17092582173814178
2029-06_2029-07,2029-06,HH_M/HH_M1,days_to_expiry,"(60, 90]",195,0.9883725166023278,0.07744850787618328
2029-06_2029-07,2029-06,HH_M/HH_M1,days_to_expiry,"(30, 60]",190,0.9926838155555652,0.09182886260387481
2029-06_2029-07,2029-06,HH_M/HH_M1,days_to_expiry,"(0, 30]",187,0.9750325377393815,0.11480763286504767
2029-06_2029-07,2029-06,HH_M/HH_M1,days_to_expiry,nan,48,0.8054379212931686,0.025752067610401875
2029-06_2029-07,2029-06,HH_M/HH_M1,month_pair,Oct/Nov,537,0.9861817787457988,0.0938196417503537
2029-06_2029-07,2029-06,HH_M/HH_M1,month_pair,Nov/Dec,538,0.9881954666348108,0.0842099854653226
2029-06_2029-07,2029-06,HH_M/HH_M1,month_pair,Dec/Jan,537,0.9942321610381436,0.07735050853524486
2029-06_2029-07,2029-06,HH_M/HH_M1,month_pair,Jan/Feb,537,0.9931154528115772,0.08976777973320921
2029-06_2029-07,2029-06,HH_M/HH_M1,month_pair,Feb/Mar,534,0.9350691059658445,0.11403200146976206
2029-06_2029-07,2029-06,HH_M/HH_M1,month_pair,Mar/Apr,534,0.9579266286795688,0.08690671646706591
2029-06_2029-07,2029-06,HH_M/HH_M1,month_pair,Apr/May,536,0.9950555535085086,0.08397632818628245
2029-06_2029-07,2029-06,HH_M/HH_M1,month_pair,May/Jun,534,0.9941258507944906,0.0755515411973956
2029-06_2029-07,2029-06,HH_M/HH_M1,month_pair,Jun/Jul,535,0.991062747715486,0.0743700994921548
2029-06_2029-07,2029-06,HH_M/HH_M1,month_pair,Jul/Aug,533,0.9967935199751037,0.07308274548297619
2029-06_2029-07,2029-06,HH_M/HH_M1,month_pair,Aug/Sep,533,0.9962947149013124,0.07202532419800713
2029-06_2029-07,2029-06,HH_M/HH_M1,month_pair,Sep/Oct,533,0.9976351205066647,0.07490732802222541
2029-06_2029-07,2029-06,HH_M/HH_M1,pooled,all,6421,0.9822537025226935,1.0
2029-06_2029-07,2029-06,Brent_M/Brent_M1,year,2020,284,0.9997911815461914,0.03008824195517297
2029-06_2029-07,2029-06,Brent_M/Brent_M1,year,2021,885,0.9998276928264601,0.12592211101120632
2029-06_2029-07,2029-06,Brent_M/Brent_M1,year,2022,1458,0.9996432396456948,0.3354035240867919
2029-06_2029-07,2029-06,Brent_M/Brent_M1,year,2023,1597,0.9997427511609445,0.20920282397153966
2029-06_2029-07,2029-06,Brent_M/Brent_M1,year,2024,1325,0.999830738746056,0.11579026330972392
2029-06_2029-07,2029-06,Brent_M/Brent_M1,year,2025,725,0.9996742661709913,0.11345254262131278
2029-06_2029-07,2029-06,Brent_M/Brent_M1,year,2026,147,0.9927280910032954,0.07014049304425232
2029-06_2029-07,2029-06,Brent_M/Brent_M1,days_to_expiry,"(730, 1095]",1581,0.9997639584560892,0.16164190929273364
2029-06_2029-07,2029-06,Brent_M/Brent_M1,days_to_expiry,"(365, 730]",2401,0.9998418618064007,0.3307103881251515
2029-06_2029-07,2029-06,Brent_M/Brent_M1,days_to_expiry,"(180, 365]",1235,0.9997956512601147,0.22283873220946604
2029-06_2029-07,2029-06,Brent_M/Brent_M1,days_to_expiry,"(90, 180]",584,0.9993267561647361,0.12240223298882942
2029-06_2029-07,2029-06,Brent_M/Brent_M1,days_to_expiry,"(60, 90]",195,0.9981173994201753,0.044359707960931756
2029-06_2029-07,2029-06,Brent_M/Brent_M1,days_to_expiry,"(30, 60]",190,0.9961065763127122,0.04744715578089197
2029-06_2029-07,2029-06,Brent_M/Brent_M1,days_to_expiry,"(0, 30]",187,0.9940436782836023,0.05620959700470215
2029-06_2029-07,2029-06,Brent_M/Brent_M1,days_to_expiry,nan,48,0.9975875550096827,0.01439027663729342
2029-06_2029-07,2029-06,Brent_M/Brent_M1,month_pair,Oct/Nov,537,0.9994890321353517,0.08387237459334122
2029-06_2029-07,2029-06,Brent_M/Brent_M1,month_pair,Nov/Dec,538,0.9996339761692217,0.08519191255062046
2029-06_2029-07,2029-06,Brent_M/Brent_M1,month_pair,Dec/Jan,537,0.9997101682392876,0.09291677399871573
2029-06_2029-07,2029-06,Brent_M/Brent_M1,month_pair,Jan/Feb,537,0.9996969884578565,0.08434577914525715
2029-06_2029-07,2029-06,Brent_M/Brent_M1,month_pair,Feb/Mar,534,0.9997149878547863,0.08357260452700094
2029-06_2029-07,2029-06,Brent_M/Brent_M1,month_pair,Mar/Apr,534,0.999707477915094,0.07869221151349046
2029-06_2029-07,2029-06,Brent_M/Brent_M1,month_pair,Apr/May,536,0.9982991452851264,0.08640580109032546
2029-06_2029-07,2029-06,Brent_M/Brent_M1,month_pair,May/Jun,534,0.9973601397889122,0.08201855469958982
2029-06_2029-07,2029-06,Brent_M/Brent_M1,month_pair,Jun/Jul,535,0.9979546640865584,0.07543790698881134
2029-06_2029-07,2029-06,Brent_M/Brent_M1,month_pair,Jul/Aug,533,0.9986139133717699,0.08709051137811305
2029-06_2029-07,2029-06,Brent_M/Brent_M1,month_pair,Aug/Sep,533,0.9988895121691386,0.08348172310063307
2029-06_2029-07,2029-06,Brent_M/Brent_M1,month_pair,Sep/Oct,533,0.9989977896483002,0.0769738464141013
2029-06_2029-07,2029-06,Brent_M/Brent_M1,pooled,all,6421,0.9989923356624332,1.0
2029-06_2029-07,2029-06,TTF_M/HH_M,year,2020,284,-0.028220528898514816,0.0037943063033003357
2029-06_2029-07,2029-06,TTF_M/HH_M,year,2021,885,0.2000550671889763,0.09795814969755282
2029-06_2029-07,2029-06,TTF_M/HH_M,year,2022,1458,0.12283409138669746,0.5087543897907831
2029-06_2029-07,2029-06,TTF_M/HH_M,year,2023,1597,0.15826887516571395,0.18628206303442232
2029-06_2029-07,2029-06,TTF_M/HH_M,year,2024,1325,0.2931808696947535,0.08224676999239137
2029-06_2029-07,2029-06,TTF_M/HH_M,year,2025,725,0.06381045302677259,0.06818914404673083
2029-06_2029-07,2029-06,TTF_M/HH_M,year,2026,147,0.33198477799653797,0.0527751771348192
2029-06_2029-07,2029-06,TTF_M/HH_M,days_to_expiry,"(730, 1095]",1581,0.13090849445059544,0.1396918461203742
2029-06_2029-07,2029-06,TTF_M/HH_M,days_to_expiry,"(365, 730]",2401,0.15862736029297245,0.3215125848717789
2029-06_2029-07,2029-06,TTF_M/HH_M,days_to_expiry,"(180, 365]",1235,0.1364621827809343,0.24797328723515807
2029-06_2029-07,2029-06,TTF_M/HH_M,days_to_expiry,"(90, 180]",584,0.14040996380189355,0.12406867063897313
2029-06_2029-07,2029-06,TTF_M/HH_M,days_to_expiry,"(60, 90]",195,0.23594936792863225,0.042265747749061895
2029-06_2029-07,2029-06,TTF_M/HH_M,days_to_expiry,"(30, 60]",190,0.2622269035886683,0.04719150420141631
2029-06_2029-07,2029-06,TTF_M/HH_M,days_to_expiry,"(0, 30]",187,0.30790716490322334,0.06301283367631677
2029-06_2029-07,2029-06,TTF_M/HH_M,days_to_expiry,nan,48,0.24307791770244136,0.014283525506920676
2029-06_2029-07,2029-06,TTF_M/HH_M,month_pair,Oct/Nov,537,0.17310575565507064,0.08756905344699788
2029-06_2029-07,2029-06,TTF_M/HH_M,month_pair,Nov/Dec,538,0.05890526278770232,0.09057876835664323
2029-06_2029-07,2029-06,TTF_M/HH_M,month_pair,Dec/Jan,537,0.13236260963447938,0.09232939749413673
2029-06_2029-07,2029-06,TTF_M/HH_M,month_pair,Jan/Feb,537,0.13801215211758397,0.1006351284052138
2029-06_2029-07,2029-06,TTF_M/HH_M,month_pair,Feb/Mar,534,0.2008842660135219,0.10919659292490802
2029-06_2029-07,2029-06,TTF_M/HH_M,month_pair,Mar/Apr,534,0.1738381566778021,0.1011268727714357
2029-06_2029-07,2029-06,TTF_M/HH_M,month_pair,Apr/May,536,0.26098018956099395,0.0765935785318105
2029-06_2029-07,2029-06,TTF_M/HH_M,month_pair,May/Jun,534,0.2587574540397997,0.06591355867073197
2029-06_2029-07,2029-06,TTF_M/HH_M,month_pair,Jun/Jul,535,0.1304044211571033,0.06486124127734372
2029-06_2029-07,2029-06,TTF_M/HH_M,month_pair,Jul/Aug,533,0.12361375035832609,0.06982157182948008
2029-06_2029-07,2029-06,TTF_M/HH_M,month_pair,Aug/Sep,533,0.12317217889995533,0.07454443406578572
2029-06_2029-07,2029-06,TTF_M/HH_M,month_pair,Sep/Oct,533,0.2562261657474813,0.06682980222551264
2029-06_2029-07,2029-06,TTF_M/HH_M,pooled,all,6421,0.16769882433477692,1.0
2029-06_2029-07,2029-06,TTF_M/Brent_M,year,2020,284,0.6084422283805028,0.007205893765110968
2029-06_2029-07,2029-06,TTF_M/Brent_M,year,2021,885,0.10718801255004128,0.11895130388990273
2029-06_2029-07,2029-06,TTF_M/Brent_M,year,2022,1458,0.08553630473306906,0.5074753598711523
2029-06_2029-07,2029-06,TTF_M/Brent_M,year,2023,1597,0.14448359722463816,0.1884991897647649
2029-06_2029-07,2029-06,TTF_M/Brent_M,year,2024,1325,0.021519039689067373,0.07268533227184558
2029-06_2029-07,2029-06,TTF_M/Brent_M,year,2025,725,0.5076001870113045,0.055223604719378365
2029-06_2029-07,2029-06,TTF_M/Brent_M,year,2026,147,0.5943554766607196,0.04995931571784521
2029-06_2029-07,2029-06,TTF_M/Brent_M,days_to_expiry,"(730, 1095]",1581,0.21267034580096186,0.16115388635345748
2029-06_2029-07,2029-06,TTF_M/Brent_M,days_to_expiry,"(365, 730]",2401,0.1560175438950644,0.35569435164111124
2029-06_2029-07,2029-06,TTF_M/Brent_M,days_to_expiry,"(180, 365]",1235,0.12477300972528965,0.24818124669443428
2029-06_2029-07,2029-06,TTF_M/Brent_M,days_to_expiry,"(90, 180]",584,0.14721514429843868,0.11137410187435842
2029-06_2029-07,2029-06,TTF_M/Brent_M,days_to_expiry,"(60, 90]",195,0.17237282164329326,0.03243242394439996
2029-06_2029-07,2029-06,TTF_M/Brent_M,days_to_expiry,"(30, 60]",190,0.24151956998032847,0.03530580266714829
2029-06_2029-07,2029-06,TTF_M/Brent_M,days_to_expiry,"(0, 30]",187,0.2940359863698757,0.04686480823044822
2029-06_2029-07,2029-06,TTF_M/Brent_M,days_to_expiry,nan,48,0.1011019132851121,0.008993378594642176
2029-06_2029-07,2029-06,TTF_M/Brent_M,month_pair,Oct/Nov,537,0.16850376267319866,0.08499221186479271
2029-06_2029-07,2029-06,TTF_M/Brent_M,month_pair,Nov/Dec,538,0.11516449657599684,0.09114101614691039
2029-06_2029-07,2029-06,TTF_M/Brent_M,month_pair,Dec/Jan,537,0.12276237638619163,0.09688024511635272
2029-06_2029-07,2029-06,TTF_M/Brent_M,month_pair,Jan/Feb,537,0.1644231613535547,0.10264232601305673
2029-06_2029-07,2029-06,TTF_M/Brent_M,month_pair,Feb/Mar,534,0.16057262923851282,0.10203811556052725
2029-06_2029-07,2029-06,TTF_M/Brent_M,month_pair,Mar/Apr,534,0.11441317701899327,0.10057576116841682
2029-06_2029-07,2029-06,TTF_M/Brent_M,month_pair,Apr/May,536,0.19148807477472884,0.07653222424621987
2029-06_2029-07,2029-06,TTF_M/Brent_M,month_pair,May/Jun,534,0.26884811591508545,0.06556388771871409
2029-06_2029-07,2029-06,TTF_M/Brent_M,month_pair,Jun/Jul,535,0.12256853712503173,0.06358121608916893
2029-06_2029-07,2029-06,TTF_M/Brent_M,month_pair,Jul/Aug,533,0.1971433222710704,0.0718745598955322
2029-06_2029-07,2029-06,TTF_M/Brent_M,month_pair,Aug/Sep,533,0.21243067693716008,0.07741237189731763
2029-06_2029-07,2029-06,TTF_M/Brent_M,month_pair,Sep/Oct,533,0.21524651918421742,0.06676606428299067
2029-06_2029-07,2029-06,TTF_M/Brent_M,pooled,all,6421,0.16778135433048885,1.0
2029-06_2029-07,2029-06,HH_M/Brent_M,year,2020,284,0.04278797013741089,0.011633428602608627
2029-06_2029-07,2029-06,HH_M/Brent_M,year,2021,885,0.10481420318581627,0.06141238871619748
2029-06_2029-07,2029-06,HH_M/Brent_M,year,2022,1458,0.34420816220845235,0.3996432865127564
2029-06_2029-07,2029-06,HH_M/Brent_M,year,2023,1597,0.2296151154852835,0.19473121043083774
2029-06_2029-07,2029-06,HH_M/Brent_M,year,2024,1325,0.03774102737441898,0.12760159675006888
2029-06_2029-07,2029-06,HH_M/Brent_M,year,2025,725,0.19205368192379157,0.1303484498052238
2029-06_2029-07,2029-06,HH_M/Brent_M,year,2026,147,0.141717921103914,0.07462963918230714
2029-06_2029-07,2029-06,HH_M/Brent_M,days_to_expiry,"(730, 1095]",1581,0.2372367056101798,0.09799343030952151
2029-06_2029-07,2029-06,HH_M/Brent_M,days_to_expiry,"(365, 730]",2401,0.30194070638895226,0.23882243631333427
2029-06_2029-07,2029-06,HH_M/Brent_M,days_to_expiry,"(180, 365]",1235,0.24818303530028918,0.23077143993775504
2029-06_2029-07,2029-06,HH_M/Brent_M,days_to_expiry,"(90, 180]",584,0.23250980613104702,0.15545199399239976
2029-06_2029-07,2029-06,HH_M/Brent_M,days_to_expiry,"(60, 90]",195,0.1463190032498796,0.06892221349082071
2029-06_2029-07,2029-06,HH_M/Brent_M,days_to_expiry,"(30, 60]",190,0.12421537141307123,0.07861609710957602
2029-06_2029-07,2029-06,HH_M/Brent_M,days_to_expiry,"(0, 30]",187,0.15106714738603924,0.10124879469236434
2029-06_2029-07,2029-06,HH_M/Brent_M,days_to_expiry,nan,48,0.10479773466202046,0.028173594154228408
2029-06_2029-07,2029-06,HH_M/Brent_M,month_pair,Oct/Nov,537,0.27738178447047923,0.09156886101179304
2029-06_2029-07,2029-06,HH_M/Brent_M,month_pair,Nov/Dec,538,0.225296321211795,0.08532783248789812
2029-06_2029-07,2029-06,HH_M/Brent_M,month_pair,Dec/Jan,537,0.2250630970251345,0.08076513940719192
2029-06_2029-07,2029-06,HH_M/Brent_M,month_pair,Jan/Feb,537,0.21869865391635876,0.08480639251920002
2029-06_2029-07,2029-06,HH_M/Brent_M,month_pair,Feb/Mar,534,0.22099495427781107,0.11066894977490808
2029-06_2029-07,2029-06,HH_M/Brent_M,month_pair,Mar/Apr,534,0.21968074776414187,0.08787810436111149
2029-06_2029-07,2029-06,HH_M/Brent_M,month_pair,Apr/May,536,0.2345222473469187,0.08323688920415727
2029-06_2029-07,2029-06,HH_M/Brent_M,month_pair,May/Jun,534,0.27915257260384346,0.07767965909578584
2029-06_2029-07,2029-06,HH_M/Brent_M,month_pair,Jun/Jul,535,0.20079428098457583,0.07528546013489332
2029-06_2029-07,2029-06,HH_M/Brent_M,month_pair,Jul/Aug,533,0.2313179113369592,0.07580418091337095
2029-06_2029-07,2029-06,HH_M/Brent_M,month_pair,Aug/Sep,533,0.16118087386093582,0.07310141614177905
2029-06_2029-07,2029-06,HH_M/Brent_M,month_pair,Sep/Oct,533,0.2105156687331877,0.0738771149479109
2029-06_2029-07,2029-06,HH_M/Brent_M,pooled,all,6421,0.22515651098978642,1.0
2029-07_2029-08,2029-07,TTF_M/TTF_M1,year,2020,330,0.9878257712417668,0.004929826605536097
2029-07_2029-08,2029-07,TTF_M/TTF_M1,year,2021,935,0.9550054417519342,0.11301648951528265
2029-07_2029-08,2029-07,TTF_M/TTF_M1,year,2022,1505,0.9864211110663249,0.5406701245123436
2029-07_2029-08,2029-07,TTF_M/TTF_M1,year,2023,1644,0.9887304732178375,0.18382609966959734
2029-07_2029-08,2029-07,TTF_M/TTF_M1,year,2024,1326,0.9955624074590642,0.06574435155929594
2029-07_2029-08,2029-07,TTF_M/TTF_M1,year,2025,725,0.9943391031392965,0.04648838835953321
2029-07_2029-08,2029-07,TTF_M/TTF_M1,year,2026,147,0.995076183987661,0.045324719778411265
2029-07_2029-08,2029-07,TTF_M/TTF_M1,days_to_expiry,"(730, 1095]",1772,0.9821685874970477,0.17331559008006697
2029-07_2029-08,2029-07,TTF_M/TTF_M1,days_to_expiry,"(365, 730]",2401,0.9778694599072129,0.352726995313717
2029-07_2029-08,2029-07,TTF_M/TTF_M1,days_to_expiry,"(180, 365]",1235,0.9901451528152165,0.25224695718381546
2029-07_2029-08,2029-07,TTF_M/TTF_M1,days_to_expiry,"(90, 180]",584,0.9969903309595645,0.10956376127037383
2029-07_2029-08,2029-07,TTF_M/TTF_M1,days_to_expiry,"(60, 90]",195,0.9953435015713061,0.030013752799259434
2029-07_2029-08,2029-07,TTF_M/TTF_M1,days_to_expiry,"(30, 60]",190,0.9925496960334068,0.03201445175642451
2029-07_2029-08,2029-07,TTF_M/TTF_M1,days_to_expiry,"(0, 30]",187,0.9854042182959604,0.04224822406657249
2029-07_2029-08,2029-07,TTF_M/TTF_M1,days_to_expiry,nan,48,0.9859623630705328,0.007870267529770505
2029-07_2029-08,2029-07,TTF_M/TTF_M1,month_pair,Oct/Nov,550,0.9909818633167967,0.0832091444899758
2029-07_2029-08,2029-07,TTF_M/TTF_M1,month_pair,Nov/Dec,554,0.9958023357444029,0.09255207242095634
2029-07_2029-08,2029-07,TTF_M/TTF_M1,month_pair,Dec/Jan,554,0.9953444502482587,0.09900439719953391
2029-07_2029-08,2029-07,TTF_M/TTF_M1,month_pair,Jan/Feb,553,0.9965201049256445,0.10729389608584149
2029-07_2029-08,2029-07,TTF_M/TTF_M1,month_pair,Feb/Mar,550,0.9970562498140043,0.10678786274965348
2029-07_2029-08,2029-07,TTF_M/TTF_M1,month_pair,Mar/Apr,550,0.906753857336826,0.09307215628894568
2029-07_2029-08,2029-07,TTF_M/TTF_M1,month_pair,Apr/May,552,0.9787952326273399,0.0748920772574876
2029-07_2029-08,2029-07,TTF_M/TTF_M1,month_pair,May/Jun,551,0.9948297019038644,0.06764239942693095
2029-07_2029-08,2029-07,TTF_M/TTF_M1,month_pair,Jun/Jul,550,0.9922116858207038,0.06322615138938742
2029-07_2029-08,2029-07,TTF_M/TTF_M1,month_pair,Jul/Aug,550,0.9982174130960374,0.07043928033424711
2029-07_2029-08,2029-07,TTF_M/TTF_M1,month_pair,Aug/Sep,549,0.9983077009016348,0.07655364264584145
2029-07_2029-08,2029-07,TTF_M/TTF_M1,month_pair,Sep/Oct,549,0.9915702898948653,0.06532691971119899
2029-07_2029-08,2029-07,TTF_M/TTF_M1,pooled,all,6612,0.9851462762254192,1.0
2029-07_2029-08,2029-07,HH_M/HH_M1,year,2020,330,0.9799578052512864,0.0035551169071404466
2029-07_2029-08,2029-07,HH_M/HH_M1,year,2021,935,0.9871670461541621,0.03399895568073609
2029-07_2029-08,2029-07,HH_M/HH_M1,year,2022,1505,0.9903148468127831,0.4446312946173967
2029-07_2029-08,2029-07,HH_M/HH_M1,year,2023,1644,0.9869203308164206,0.19042853592642786
2029-07_2029-08,2029-07,HH_M/HH_M1,year,2024,1326,0.974033597299965,0.12599136951791132
2029-07_2029-08,2029-07,HH_M/HH_M1,year,2025,725,0.9899157528338458,0.13576368371105887
2029-07_2029-08,2029-07,HH_M/HH_M1,year,2026,147,0.9254844482819381,0.06563104363932859
2029-07_2029-08,2029-07,HH_M/HH_M1,days_to_expiry,"(730, 1095]",1772,0.991555873734874,0.07982417597192973
2029-07_2029-08,2029-07,HH_M/HH_M1,days_to_expiry,"(365, 730]",2401,0.9901375488129753,0.2034303209061182
2029-07_2029-08,2029-07,HH_M/HH_M1,days_to_expiry,"(180, 365]",1235,0.9892937420598098,0.23930759861697767
2029-07_2029-08,2029-07,HH_M/HH_M1,days_to_expiry,"(90, 180]",584,0.9938788546709442,0.16974368736991993
2029-07_2029-08,2029-07,HH_M/HH_M1,days_to_expiry,"(60, 90]",195,0.9883725166023278,0.07691286883699704
2029-07_2029-08,2029-07,HH_M/HH_M1,days_to_expiry,"(30, 60]",190,0.9926838155555652,0.09119376807354067
2029-07_2029-08,2029-07,HH_M/HH_M1,days_to_expiry,"(0, 30]",187,0.9750325377393815,0.11401361562901009
2029-07_2029-08,2029-07,HH_M/HH_M1,days_to_expiry,nan,48,0.8054379212931686,0.02557396459550652
2029-07_2029-08,2029-07,HH_M/HH_M1,month_pair,Oct/Nov,550,0.9861776271438789,0.09342555986650189
2029-07_2029-08,2029-07,HH_M/HH_M1,month_pair,Nov/Dec,554,0.98817715907937,0.08399683123036415
2029-07_2029-08,2029-07,HH_M/HH_M1,month_pair,Dec/Jan,554,0.9942180296389288,0.07736250219738228
2029-07_2029-08,2029-07,HH_M/HH_M1,month_pair,Jan/Feb,553,0.9931469376485857,0.08999432228714563
2029-07_2029-08,2029-07,HH_M/HH_M1,month_pair,Feb/Mar,550,0.935230846396884,0.11382460422813165
2029-07_2029-08,2029-07,HH_M/HH_M1,month_pair,Mar/Apr,550,0.9578429768518786,0.08798446142660658
2029-07_2029-08,2029-07,HH_M/HH_M1,month_pair,Apr/May,552,0.9950612908458866,0.08378217280452833
2029-07_2029-08,2029-07,HH_M/HH_M1,month_pair,May/Jun,551,0.9941075127588433,0.07542542793342948
2029-07_2029-08,2029-07,HH_M/HH_M1,month_pair,Jun/Jul,550,0.9911041617752762,0.07472115976049484
2029-07_2029-08,2029-07,HH_M/HH_M1,month_pair,Jul/Aug,550,0.9967731287930488,0.07289815739944518
2029-07_2029-08,2029-07,HH_M/HH_M1,month_pair,Aug/Sep,549,0.9962952181279083,0.07186828765277217
2029-07_2029-08,2029-07,HH_M/HH_M1,month_pair,Sep/Oct,549,0.997598557104769,0.07471651321319774
2029-07_2029-08,2029-07,HH_M/HH_M1,pooled,all,6612,0.9822735178193345,1.0
2029-07_2029-08,2029-07,Brent_M/Brent_M1,year,2020,330,0.9998095530213288,0.03778478746612697
2029-07_2029-08,2029-07,Brent_M/Brent_M1,year,2021,935,0.9998260212626268,0.12762214707431666
2029-07_2029-08,2029-07,Brent_M/Brent_M1,year,2022,1505,0.9996444278258477,0.33410628015869165
2029-07_2029-08,2029-07,Brent_M/Brent_M1,year,2023,1644,0.9997423879267732,0.2076491365261525
2029-07_2029-08,2029-07,Brent_M/Brent_M1,year,2024,1326,0.9998308447569975,0.11331761903234905
2029-07_2029-08,2029-07,Brent_M/Brent_M1,year,2025,725,0.9996742661709913,0.11093560140715533
2029-07_2029-08,2029-07,Brent_M/Brent_M1,year,2026,147,0.9927280910032954,0.06858442833520773
2029-07_2029-08,2029-07,Brent_M/Brent_M1,days_to_expiry,"(730, 1095]",1772,0.9997675277427854,0.1802408580863861
2029-07_2029-08,2029-07,Brent_M/Brent_M1,days_to_expiry,"(365, 730]",2401,0.9998418618064007,0.3233735882034384
2029-07_2029-08,2029-07,Brent_M/Brent_M1,days_to_expiry,"(180, 365]",1235,0.9997956512601147,0.21789506169975603
2029-07_2029-08,2029-07,Brent_M/Brent_M1,days_to_expiry,"(90, 180]",584,0.9993267561647361,0.11968674316553995
2029-07_2029-08,2029-07,Brent_M/Brent_M1,days_to_expiry,"(60, 90]",195,0.9981173994201753,0.04337558918637479
2029-07_2029-08,2029-07,Brent_M/Brent_M1,days_to_expiry,"(30, 60]",190,0.9961065763127122,0.046394542070169874
2029-07_2029-08,2029-07,Brent_M/Brent_M1,days_to_expiry,"(0, 30]",187,0.9940436782836023,0.05496258880141716
2029-07_2029-08,2029-07,Brent_M/Brent_M1,days_to_expiry,nan,48,0.9975875550096827,0.01407102878691755
2029-07_2029-08,2029-07,Brent_M/Brent_M1,month_pair,Oct/Nov,550,0.9994907344189465,0.08285901974536371
2029-07_2029-08,2029-07,Brent_M/Brent_M1,month_pair,Nov/Dec,554,0.9996354368762255,0.08437732210927132
2029-07_2029-08,2029-07,Brent_M/Brent_M1,month_pair,Dec/Jan,554,0.9997261971202919,0.09834688999588254
2029-07_2029-08,2029-07,Brent_M/Brent_M1,month_pair,Jan/Feb,553,0.999695681623427,0.08447065734347259
2029-07_2029-08,2029-07,Brent_M/Brent_M1,month_pair,Feb/Mar,550,0.9997141742219965,0.08302514389460368
2029-07_2029-08,2029-07,Brent_M/Brent_M1,month_pair,Mar/Apr,550,0.9997098237580174,0.07885767109492715
2029-07_2029-08,2029-07,Brent_M/Brent_M1,month_pair,Apr/May,552,0.9983108643579139,0.08537457901156945
2029-07_2029-08,2029-07,Brent_M/Brent_M1,month_pair,May/Jun,551,0.9973665120503407,0.0805830405767816
2029-07_2029-08,2029-07,Brent_M/Brent_M1,month_pair,Jun/Jul,550,0.9979757929253905,0.07482075949621286
2029-07_2029-08,2029-07,Brent_M/Brent_M1,month_pair,Jul/Aug,550,0.9986349478305194,0.08716847442564146
2029-07_2029-08,2029-07,Brent_M/Brent_M1,month_pair,Aug/Sep,549,0.9989045092388595,0.08326988819841574
2029-07_2029-08,2029-07,Brent_M/Brent_M1,month_pair,Sep/Oct,549,0.9990037938609324,0.07684655410785775
2029-07_2029-08,2029-07,Brent_M/Brent_M1,pooled,all,6612,0.9990080841539333,1.0
2029-07_2029-08,2029-07,TTF_M/HH_M,year,2020,330,0.009265656159893778,0.004575492581367917
2029-07_2029-08,2029-07,TTF_M/HH_M,year,2021,935,0.19953839227431447,0.09781858036628636
2029-07_2029-08,2029-07,TTF_M/HH_M,year,2022,1505,0.12451380278860412,0.5099870186346015
2029-07_2029-08,2029-07,TTF_M/HH_M,year,2023,1644,0.15713314145749827,0.1865590496099268
2029-07_2029-08,2029-07,TTF_M/HH_M,year,2024,1326,0.29288136307486434,0.08141995340339693
2029-07_2029-08,2029-07,TTF_M/HH_M,year,2025,725,0.06381045302677259,0.06744255383465586
2029-07_2029-08,2029-07,TTF_M/HH_M,year,2026,147,0.33198477799653797,0.05219735156976478
2029-07_2029-08,2029-07,TTF_M/HH_M,days_to_expiry,"(730, 1095]",1772,0.1386075420098142,0.14911119953848814
2029-07_2029-08,2029-07,TTF_M/HH_M,days_to_expiry,"(365, 730]",2401,0.15862736029297245,0.3179924035836886
2029-07_2029-08,2029-07,TTF_M/HH_M,days_to_expiry,"(180, 365]",1235,0.1364621827809343,0.24525827399230296
2029-07_2029-08,2029-07,TTF_M/HH_M,days_to_expiry,"(90, 180]",584,0.14040996380189355,0.12271026591899697
2029-07_2029-08,2029-07,TTF_M/HH_M,days_to_expiry,"(60, 90]",195,0.23594936792863225,0.041802987964984606
2029-07_2029-08,2029-07,TTF_M/HH_M,days_to_expiry,"(30, 60]",190,0.2622269035886683,0.046674813229232705
2029-07_2029-08,2029-07,TTF_M/HH_M,days_to_expiry,"(0, 30]",187,0.30790716490322334,0.06232291792043623
2029-07_2029-08,2029-07,TTF_M/HH_M,days_to_expiry,nan,48,0.24307791770244136,0.01412713785186986
2029-07_2029-08,2029-07,TTF_M/HH_M,month_pair,Oct/Nov,550,0.17348647245628857,0.08732293594706628
2029-07_2029-08,2029-07,TTF_M/HH_M,month_pair,Nov/Dec,554,0.057803714353121885,0.0904291815984907
2029-07_2029-08,2029-07,TTF_M/HH_M,month_pair,Dec/Jan,554,0.13523281589590025,0.09285325249548444
2029-07_2029-08,2029-07,TTF_M/HH_M,month_pair,Jan/Feb,553,0.14101801587303758,0.10042532879206591
2029-07_2029-08,2029-07,TTF_M/HH_M,month_pair,Feb/Mar,550,0.2026773661923777,0.10862335776687894
2029-07_2029-08,2029-07,TTF_M/HH_M,month_pair,Mar/Apr,550,0.17333128891659785,0.10078101666812786
2029-07_2029-08,2029-07,TTF_M/HH_M,month_pair,Apr/May,552,0.2571838583498593,0.07639212690066903
2029-07_2029-08,2029-07,TTF_M/HH_M,month_pair,May/Jun,551,0.2623266057939934,0.06784826716022326
2029-07_2029-08,2029-07,TTF_M/HH_M,month_pair,Jun/Jul,550,0.1277000033818513,0.0648761282027537
2029-07_2029-08,2029-07,TTF_M/HH_M,month_pair,Jul/Aug,550,0.12533256976608934,0.06970877077138804
2029-07_2029-08,2029-07,TTF_M/HH_M,month_pair,Aug/Sep,549,0.12446796093525246,0.07405979608675364
2029-07_2029-08,2029-07,TTF_M/HH_M,month_pair,Sep/Oct,549,0.25385330823282115,0.06667983761009832
2029-07_2029-08,2029-07,TTF_M/HH_M,pooled,all,6612,0.16821263239315487,1.0
2029-07_2029-08,2029-07,TTF_M/Brent_M,year,2020,330,0.6328404288177695,0.009023310751546313
2029-07_2029-08,2029-07,TTF_M/Brent_M,year,2021,935,0.10600005116593543,0.11876108177057537
2029-07_2029-08,2029-07,TTF_M/Brent_M,year,2022,1505,0.08664858151960206,0.5080792604920397
2029-07_2029-08,2029-07,TTF_M/Brent_M,year,2023,1644,0.14410745650802467,0.18858610910096935
2029-07_2029-08,2029-07,TTF_M/Brent_M,year,2024,1326,0.02265741674456452,0.0717948743505075
2029-07_2029-08,2029-07,TTF_M/Brent_M,year,2025,725,0.5076001870113045,0.05447410244476618
2029-07_2029-08,2029-07,TTF_M/Brent_M,year,2026,147,0.5943554766607196,0.049281261089595754
2029-07_2029-08,2029-07,TTF_M/Brent_M,days_to_expiry,"(730, 1095]",1772,0.21390004916063654,0.1725388199053785
2029-07_2029-08,2029-07,TTF_M/Brent_M,days_to_expiry,"(365, 730]",2401,0.1560175438950644,0.35086681952008386
2029-07_2029-08,2029-07,TTF_M/Brent_M,days_to_expiry,"(180, 365]",1235,0.12477300972528965,0.24481289705737605
2029-07_2029-08,2029-07,TTF_M/Brent_M,days_to_expiry,"(90, 180]",584,0.14721514429843868,0.10986251741492475
2029-07_2029-08,2029-07,TTF_M/Brent_M,days_to_expiry,"(60, 90]",195,0.17237282164329326,0.03199224667525866
2029-07_2029-08,2029-07,TTF_M/Brent_M,days_to_expiry,"(30, 60]",190,0.24151956998032847,0.03482662751115289
2029-07_2029-08,2029-07,TTF_M/Brent_M,days_to_expiry,"(0, 30]",187,0.2940359863698757,0.04622875267872399
2029-07_2029-08,2029-07,TTF_M/Brent_M,days_to_expiry,nan,48,0.1011019132851121,0.008871319237101405
2029-07_2029-08,2029-07,TTF_M/Brent_M,month_pair,Oct/Nov,550,0.16941972484088533,0.08468614819162211
2029-07_2029-08,2029-07,TTF_M/Brent_M,month_pair,Nov/Dec,554,0.11595882653742434,0.09089789211313944
2029-07_2029-08,2029-07,TTF_M/Brent_M,month_pair,Dec/Jan,554,0.14560950978189416,0.09811331957001622
2029-07_2029-08,2029-07,TTF_M/Brent_M,month_pair,Jan/Feb,553,0.16182205831964583,0.10230406632846666
2029-07_2029-08,2029-07,TTF_M/Brent_M,month_pair,Feb/Mar,550,0.16048981161014314,0.10138931684702152
2029-07_2029-08,2029-07,TTF_M/Brent_M,month_pair,Mar/Apr,550,0.11726024456340114,0.09994949009175645
2029-07_2029-08,2029-07,TTF_M/Brent_M,month_pair,Apr/May,552,0.19073896001837,0.07623647681432906
2029-07_2029-08,2029-07,TTF_M/Brent_M,month_pair,May/Jun,551,0.25737774327815427,0.06765749471782032
2029-07_2029-08,2029-07,TTF_M/Brent_M,month_pair,Jun/Jul,550,0.11786430825425083,0.0634556836919193
2029-07_2029-08,2029-07,TTF_M/Brent_M,month_pair,Jul/Aug,550,0.1971467593684178,0.07181466625828395
2029-07_2029-08,2029-07,TTF_M/Brent_M,month_pair,Aug/Sep,549,0.2102299596052922,0.07686155416634555
2029-07_2029-08,2029-07,TTF_M/Brent_M,month_pair,Sep/Oct,549,0.21437011368231912,0.06663389120927958
2029-07_2029-08,2029-07,TTF_M/Brent_M,pooled,all,6612,0.1687408195037995,1.0
2029-07_2029-08,2029-07,HH_M/Brent_M,year,2020,330,0.07495359055585331,0.01434154522570082
2029-07_2029-08,2029-07,HH_M/Brent_M,year,2021,935,0.1019314737755003,0.0626408433655107
2029-07_2029-08,2029-07,HH_M/Brent_M,year,2022,1505,0.34423171274680114,0.3996901786282872
2029-07_2029-08,2029-07,HH_M/Brent_M,year,2023,1644,0.22938697257164908,0.19448652427397506
2029-07_2029-08,2029-07,HH_M/Brent_M,year,2024,1326,0.03768077241231375,0.12618597186869615
2029-07_2029-08,2029-07,HH_M/Brent_M,year,2025,725,0.19205368192379157,0.1288711245508972
2029-07_2029-08,2029-07,HH_M/Brent_M,year,2026,147,0.141717921103914,0.07378381208693276
2029-07_2029-08,2029-07,HH_M/Brent_M,days_to_expiry,"(730, 1095]",1772,0.2367593256172002,0.10821646776768425
2029-07_2029-08,2029-07,HH_M/Brent_M,days_to_expiry,"(365, 730]",2401,0.30194070638895226,0.23611570357510295
2029-07_2029-08,2029-07,HH_M/Brent_M,days_to_expiry,"(180, 365]",1235,0.24818303530028918,0.22815595447009662
2029-07_2029-08,2029-07,HH_M/Brent_M,days_to_expiry,"(90, 180]",584,0.23250980613104702,0.15369015365671823
2029-07_2029-08,2029-07,HH_M/Brent_M,days_to_expiry,"(60, 90]",195,0.1463190032498796,0.06814107242833606
2029-07_2029-08,2029-07,HH_M/Brent_M,days_to_expiry,"(30, 60]",190,0.12421537141307123,0.07772508884802694
2029-07_2029-08,2029-07,HH_M/Brent_M,days_to_expiry,"(0, 30]",187,0.15106714738603924,0.10010127508938732
2029-07_2029-08,2029-07,HH_M/Brent_M,days_to_expiry,nan,48,0.10479773466202046,0.027854284164647525
2029-07_2029-08,2029-07,HH_M/Brent_M,month_pair,Oct/Nov,550,0.27779460551444485,0.09097748689412444
2029-07_2029-08,2029-07,HH_M/Brent_M,month_pair,Nov/Dec,554,0.22685719642471422,0.08495830594981715
2029-07_2029-08,2029-07,HH_M/Brent_M,month_pair,Dec/Jan,554,0.22449102931954049,0.08260432639711741
2029-07_2029-08,2029-07,HH_M/Brent_M,month_pair,Jan/Feb,553,0.21755514435734633,0.08501432975339505
2029-07_2029-08,2029-07,HH_M/Brent_M,month_pair,Feb/Mar,550,0.21989109138589788,0.11017588433827456
2029-07_2029-08,2029-07,HH_M/Brent_M,month_pair,Mar/Apr,550,0.22236844004927128,0.08843512446963354
2029-07_2029-08,2029-07,HH_M/Brent_M,month_pair,Apr/May,552,0.23443054165660054,0.08281343436362867
2029-07_2029-08,2029-07,HH_M/Brent_M,month_pair,May/Jun,551,0.27639727676983983,0.07715659659338846
2029-07_2029-08,2029-07,HH_M/Brent_M,month_pair,Jun/Jul,550,0.20473926846777868,0.07532749921351924
2029-07_2029-08,2029-07,HH_M/Brent_M,month_pair,Jul/Aug,550,0.2302412235910335,0.07577703274984088
2029-07_2029-08,2029-07,HH_M/Brent_M,month_pair,Aug/Sep,549,0.15603743344981527,0.0730052342046847
2029-07_2029-08,2029-07,HH_M/Brent_M,month_pair,Sep/Oct,549,0.21062296550642748,0.07375474507257582
2029-07_2029-08,2029-07,HH_M/Brent_M,pooled,all,6612,0.22473989439739558,1.0
2029-08_2029-09,2029-08,TTF_M/TTF_M1,year,2019,3,,1.2835591620764778e-05
2029-08_2029-09,2029-08,TTF_M/TTF_M1,year,2020,384,0.9885553332159391,0.005770875002947276
2029-08_2029-09,2029-08,TTF_M/TTF_M1,year,2021,986,0.9551138944526427,0.11190662015638535
2029-08_2029-09,2029-08,TTF_M/TTF_M1,year,2022,1559,0.9865676742626356,0.5441146633907155
2029-08_2029-09,2029-08,TTF_M/TTF_M1,year,2023,1694,0.9884449725993373,0.1833630361139439
2029-08_2029-09,2029-08,TTF_M/TTF_M1,year,2024,1326,0.9955624074590642,0.06460708030615427
2029-08_2029-09,2029-08,TTF_M/TTF_M1,year,2025,725,0.9943391031392965,0.04568421421480081
2029-08_2029-09,2029-08,TTF_M/TTF_M1,year,2026,147,0.995076183987661,0.044540675223432295
2029-08_2029-09,2029-08,TTF_M/TTF_M1,days_to_expiry,"(730, 1095]",1984,0.9827369208965042,0.18761589714103735
2029-08_2029-09,2029-08,TTF_M/TTF_M1,days_to_expiry,"(365, 730]",2401,0.9778694599072129,0.34662538715327257
2029-08_2029-09,2029-08,TTF_M/TTF_M1,days_to_expiry,"(180, 365]",1235,0.9901451528152165,0.24788349163440052
2029-08_2029-09,2029-08,TTF_M/TTF_M1,days_to_expiry,"(90, 180]",584,0.9969903309595645,0.10766848489873769
2029-08_2029-09,2029-08,TTF_M/TTF_M1,days_to_expiry,"(60, 90]",195,0.9953435015713061,0.02949456328034369
2029-08_2029-09,2029-08,TTF_M/TTF_M1,days_to_expiry,"(30, 60]",190,0.9925496960334068,0.03146065337216583
2029-08_2029-09,2029-08,TTF_M/TTF_M1,days_to_expiry,"(0, 30]",187,0.9854042182959604,0.04151739792580713
2029-08_2029-09,2029-08,TTF_M/TTF_M1,days_to_expiry,nan,48,0.9859623630705328,0.007734124594235283
2029-08_2029-09,2029-08,TTF_M/TTF_M1,month_pair,Oct/Nov,567,0.9910086672425538,0.08215505338156837
2029-08_2029-09,2029-08,TTF_M/TTF_M1,month_pair,Nov/Dec,569,0.995752816875349,0.09153655849211036
2029-08_2029-09,2029-08,TTF_M/TTF_M1,month_pair,Dec/Jan,570,0.9953358390277928,0.0980328433444454
2029-08_2029-09,2029-08,TTF_M/TTF_M1,month_pair,Jan/Feb,570,0.9965053978860546,0.10699723366409128
2029-08_2029-09,2029-08,TTF_M/TTF_M1,month_pair,Feb/Mar,569,0.9969300739703684,0.1061321059527361
2029-08_2029-09,2029-08,TTF_M/TTF_M1,month_pair,Mar/Apr,569,0.9063168465460542,0.09196396805618796
2029-08_2029-09,2029-08,TTF_M/TTF_M1,month_pair,Apr/May,569,0.9789864273341147,0.07461506464748116
2029-08_2029-09,2029-08,TTF_M/TTF_M1,month_pair,May/Jun,568,0.994882464122102,0.06760731417304727
2029-08_2029-09,2029-08,TTF_M/TTF_M1,month_pair,Jun/Jul,569,0.9924751288266864,0.06800634999169457
2029-08_2029-09,2029-08,TTF_M/TTF_M1,month_pair,Jul/Aug,568,0.9982847401375619,0.07227160680010004
2029-08_2029-09,2029-08,TTF_M/TTF_M1,month_pair,Aug/Sep,568,0.9982650660760372,0.07626191284191165
2029-08_2029-09,2029-08,TTF_M/TTF_M1,month_pair,Sep/Oct,568,0.9910008264457744,0.06441998865462593
2029-08_2029-09,2029-08,TTF_M/TTF_M1,pooled,all,6824,0.9851898147137924,1.0
2029-08_2029-09,2029-08,HH_M/HH_M1,year,2019,3,,1.5360201463578095e-05
2029-08_2029-09,2029-08,HH_M/HH_M1,year,2020,384,0.9800462753265905,0.003970186075366168
2029-08_2029-09,2029-08,HH_M/HH_M1,year,2021,986,0.9872886914374573,0.03496784649757504
2029-08_2029-09,2029-08,HH_M/HH_M1,year,2022,1559,0.9903594372400043,0.4459890882921552
2029-08_2029-09,2029-08,HH_M/HH_M1,year,2023,1694,0.9869538732801015,0.19037668993951692
2029-08_2029-09,2029-08,HH_M/HH_M1,year,2024,1326,0.974033597299965,0.12495027336976755
2029-08_2029-09,2029-08,HH_M/HH_M1,year,2025,725,0.9899157528338458,0.13464183664557955
2029-08_2029-09,2029-08,HH_M/HH_M1,year,2026,147,0.9254844482819381,0.06508871897857596
2029-08_2029-09,2029-08,HH_M/HH_M1,days_to_expiry,"(730, 1095]",1984,0.9917347173220331,0.08742780397975489
2029-08_2029-09,2029-08,HH_M/HH_M1,days_to_expiry,"(365, 730]",2401,0.9901375488129753,0.20174932859433214
2029-08_2029-09,2029-08,HH_M/HH_M1,days_to_expiry,"(180, 365]",1235,0.9892937420598098,0.23733014396992547
2029-08_2029-09,2029-08,HH_M/HH_M1,days_to_expiry,"(90, 180]",584,0.9938788546709442,0.16834105558832463
2029-08_2029-09,2029-08,HH_M/HH_M1,days_to_expiry,"(60, 90]",195,0.9883725166023278,0.07627731981649448
2029-08_2029-09,2029-08,HH_M/HH_M1,days_to_expiry,"(30, 60]",190,0.9926838155555652,0.0904402126432016
2029-08_2029-09,2029-08,HH_M/HH_M1,days_to_expiry,"(0, 30]",187,0.9750325377393815,0.11307149446212786
2029-08_2029-09,2029-08,HH_M/HH_M1,days_to_expiry,nan,48,0.8054379212931686,0.0253626409458389
2029-08_2029-09,2029-08,HH_M/HH_M1,month_pair,Oct/Nov,567,0.9861156292381045,0.09277968910047174
2029-08_2029-09,2029-08,HH_M/HH_M1,month_pair,Nov/Dec,569,0.9881731334539894,0.0836341567074862
2029-08_2029-09,2029-08,HH_M/HH_M1,month_pair,Dec/Jan,570,0.9942009602525591,0.07700524797705773
2029-08_2029-09,2029-08,HH_M/HH_M1,month_pair,Jan/Feb,570,0.9931470772350514,0.09010797954953642
2029-08_2029-09,2029-08,HH_M/HH_M1,month_pair,Feb/Mar,569,0.9355812928244741,0.11403277029305232
2029-08_2029-09,2029-08,HH_M/HH_M1,month_pair,Mar/Apr,569,0.9580295205074885,0.08800577069617073
2029-08_2029-09,2029-08,HH_M/HH_M1,month_pair,Apr/May,569,0.9951294856508752,0.0851941431537139
2029-08_2029-09,2029-08,HH_M/HH_M1,month_pair,May/Jun,568,0.9941103495500967,0.07511434438248249
2029-08_2029-09,2029-08,HH_M/HH_M1,month_pair,Jun/Jul,569,0.9911060783070421,0.07450309013319335
2029-08_2029-09,2029-08,HH_M/HH_M1,month_pair,Jul/Aug,568,0.9967836866589952,0.07322327689769699
2029-08_2029-09,2029-08,HH_M/HH_M1,month_pair,Aug/Sep,568,0.9962976631004431,0.07186401318721883
2029-08_2029-09,2029-08,HH_M/HH_M1,month_pair,Sep/Oct,568,0.9975787443931963,0.07453551792191922
2029-08_2029-09,2029-08,HH_M/HH_M1,pooled,all,6824,0.9823451364236838,1.0
2029-08_2029-09,2029-08,Brent_M/Brent_M1,year,2019,3,,1.90498332480283e-05
2029-08_2029-09,2029-08,Brent_M/Brent_M1,year,2020,384,0.9998011618499892,0.044461819419532735
2029-08_2029-09,2029-08,Brent_M/Brent_M1,year,2021,986,0.9998274337349404,0.13059006526655145
2029-08_2029-09,2029-08,Brent_M/Brent_M1,year,2022,1559,0.9996462496611894,0.33325127101081237
2029-08_2029-09,2029-08,Brent_M/Brent_M1,year,2023,1694,0.9997407184269863,0.20553116371895322
2029-08_2029-09,2029-08,Brent_M/Brent_M1,year,2024,1326,0.9998308447569975,0.11072843613686695
2029-08_2029-09,2029-08,Brent_M/Brent_M1,year,2025,725,0.9996742661709913,0.10840084499313793
2029-08_2029-09,2029-08,Brent_M/Brent_M1,year,2026,147,0.9927280910032954,0.06701734962089725
2029-08_2029-09,2029-08,Brent_M/Brent_M1,days_to_expiry,"(730, 1095]",1984,0.9997676310679579,0.19897145238215844
2029-08_2029-09,2029-08,Brent_M/Brent_M1,days_to_expiry,"(365, 730]",2401,0.9998418618064007,0.31598485756669603
2029-08_2029-09,2029-08,Brent_M/Brent_M1,days_to_expiry,"(180, 365]",1235,0.9997956512601147,0.21291639932067824
2029-08_2029-09,2029-08,Brent_M/Brent_M1,days_to_expiry,"(90, 180]",584,0.9993267561647361,0.11695203279246276
2029-08_2029-09,2029-08,Brent_M/Brent_M1,days_to_expiry,"(60, 90]",195,0.9981173994201753,0.04238450470576318
2029-08_2029-09,2029-08,Brent_M/Brent_M1,days_to_expiry,"(30, 60]",190,0.9961065763127122,0.04533447783834449
2029-08_2029-09,2029-08,Brent_M/Brent_M1,days_to_expiry,"(0, 30]",187,0.9940436782836023,0.05370675413041671
2029-08_2029-09,2029-08,Brent_M/Brent_M1,days_to_expiry,nan,48,0.9975875550096827,0.013749521263480063
2029-08_2029-09,2029-08,Brent_M/Brent_M1,month_pair,Oct/Nov,567,0.9995002493898608,0.08328159944777519
2029-08_2029-09,2029-08,Brent_M/Brent_M1,month_pair,Nov/Dec,569,0.9996379413270257,0.08337890659492958
2029-08_2029-09,2029-08,Brent_M/Brent_M1,month_pair,Dec/Jan,570,0.9997261313131489,0.09720426120979854
2029-08_2029-09,2029-08,Brent_M/Brent_M1,month_pair,Jan/Feb,570,0.9997027757054101,0.08933874349585255
2029-08_2029-09,2029-08,Brent_M/Brent_M1,month_pair,Feb/Mar,569,0.9997118429896287,0.08315239403369258
2029-08_2029-09,2029-08,Brent_M/Brent_M1,month_pair,Mar/Apr,569,0.9997076876152622,0.07855772689423172
2029-08_2029-09,2029-08,Brent_M/Brent_M1,month_pair,Apr/May,569,0.9983294701928528,0.08472780556059475
2029-08_2029-09,2029-08,Brent_M/Brent_M1,month_pair,May/Jun,568,0.997395263654048,0.08000678990758099
2029-08_2029-09,2029-08,Brent_M/Brent_M1,month_pair,Jun/Jul,569,0.9979925754385249,0.07399270453471585
2029-08_2029-09,2029-08,Brent_M/Brent_M1,month_pair,Jul/Aug,568,0.998651217469756,0.08658485240560918
2029-08_2029-09,2029-08,Brent_M/Brent_M1,month_pair,Aug/Sep,568,0.9989127646974256,0.0828741815550755
2029-08_2029-09,2029-08,Brent_M/Brent_M1,month_pair,Sep/Oct,568,0.9990170473527268,0.07690003436014353
2029-08_2029-09,2029-08,Brent_M/Brent_M1,pooled,all,6824,0.9990229312778941,1.0
2029-08_2029-09,2029-08,TTF_M/HH_M,year,2019,3,,1.411444721007486e-05
2029-08_2029-09,2029-08,TTF_M/HH_M,year,2020,384,0.02903149387179797,0.005307163968602978
2029-08_2029-09,2029-08,TTF_M/HH_M,year,2021,986,0.1980326070916643,0.09731658200821607
2029-08_2029-09,2029-08,TTF_M/HH_M,year,2022,1559,0.12439976750219175,0.5130053977478942
2029-08_2029-09,2029-08,TTF_M/HH_M,year,2023,1694,0.15391938785535075,0.18618051970749178
2029-08_2029-09,2029-08,TTF_M/HH_M,year,2024,1326,0.29288136307486434,0.08025221377551217
2029-08_2029-09,2029-08,TTF_M/HH_M,year,2025,725,0.06381045302677259,0.06647528058741775
2029-08_2029-09,2029-08,TTF_M/HH_M,year,2026,147,0.33198477799653797,0.051448727757655056
2029-08_2029-09,2029-08,TTF_M/HH_M,days_to_expiry,"(730, 1095]",1984,0.1347840928144634,0.16131479988076952
2029-08_2029-09,2029-08,TTF_M/HH_M,days_to_expiry,"(365, 730]",2401,0.15862736029297245,0.31343169929058706
2029-08_2029-09,2029-08,TTF_M/HH_M,days_to_expiry,"(180, 365]",1235,0.1364621827809343,0.24174073567846405
2029-08_2029-09,2029-08,TTF_M/HH_M,days_to_expiry,"(90, 180]",584,0.14040996380189355,0.12095033319646227
2029-08_2029-09,2029-08,TTF_M/HH_M,days_to_expiry,"(60, 90]",195,0.23594936792863225,0.041203441986754345
2029-08_2029-09,2029-08,TTF_M/HH_M,days_to_expiry,"(30, 60]",190,0.2622269035886683,0.04600539465609925
2029-08_2029-09,2029-08,TTF_M/HH_M,days_to_expiry,"(0, 30]",187,0.30790716490322334,0.06142907141305091
2029-08_2029-09,2029-08,TTF_M/HH_M,days_to_expiry,nan,48,0.24307791770244136,0.013924523897812614
2029-08_2029-09,2029-08,TTF_M/HH_M,month_pair,Oct/Nov,567,0.17417176524317693,0.08639320273386827
2029-08_2029-09,2029-08,TTF_M/HH_M,month_pair,Nov/Dec,569,0.0601849152282297,0.0896628802793509
2029-08_2029-09,2029-08,TTF_M/HH_M,month_pair,Dec/Jan,570,0.13443676377929167,0.09213291467187887
2029-08_2029-09,2029-08,TTF_M/HH_M,month_pair,Jan/Feb,570,0.14087576105749208,0.10032729090011817
2029-08_2029-09,2029-08,TTF_M/HH_M,month_pair,Feb/Mar,569,0.20646612309221152,0.10811542902481218
2029-08_2029-09,2029-08,TTF_M/HH_M,month_pair,Mar/Apr,569,0.17333376563484776,0.09984253402770951
2029-08_2029-09,2029-08,TTF_M/HH_M,month_pair,Apr/May,569,0.25755073488769475,0.07645369320259746
2029-08_2029-09,2029-08,TTF_M/HH_M,month_pair,May/Jun,568,0.2578385381373815,0.06778412137736842
2029-08_2029-09,2029-08,TTF_M/HH_M,month_pair,Jun/Jul,569,0.12408415694165903,0.06813675988022519
2029-08_2029-09,2029-08,TTF_M/HH_M,month_pair,Jul/Aug,568,0.11498546685523679,0.07124863777692905
2029-08_2029-09,2029-08,TTF_M/HH_M,month_pair,Aug/Sep,568,0.1239179140838149,0.07392396479629817
2029-08_2029-09,2029-08,TTF_M/HH_M,month_pair,Sep/Oct,568,0.2516892627358445,0.06597857132884383
2029-08_2029-09,2029-08,TTF_M/HH_M,pooled,all,6824,0.16729693748841304,1.0
2029-08_2029-09,2029-08,TTF_M/Brent_M,year,2019,3,,1.4758878080716057e-05
2029-08_2029-09,2029-08,TTF_M/Brent_M,year,2020,384,0.638668088132757,0.010608261092690412
2029-08_2029-09,2029-08,TTF_M/Brent_M,year,2021,986,0.10557150740780301,0.11818779505170172
2029-08_2029-09,2029-08,TTF_M/Brent_M,year,2022,1559,0.09042209166567941,0.5107391819529519
2029-08_2029-09,2029-08,TTF_M/Brent_M,year,2023,1694,0.14333101891588101,0.18790922608221974
2029-08_2029-09,2029-08,TTF_M/Brent_M,year,2024,1326,0.02265741674456452,0.07056409350489995
2029-08_2029-09,2029-08,TTF_M/Brent_M,year,2025,725,0.5076001870113045,0.05354025190909478
2029-08_2029-09,2029-08,TTF_M/Brent_M,year,2026,147,0.5943554766607196,0.048436431528360774
2029-08_2029-09,2029-08,TTF_M/Brent_M,days_to_expiry,"(730, 1095]",1984,0.21728914875937616,0.1867240020671617
2029-08_2029-09,2029-08,TTF_M/Brent_M,days_to_expiry,"(365, 730]",2401,0.1560175438950644,0.34485190320842224
2029-08_2029-09,2029-08,TTF_M/Brent_M,days_to_expiry,"(180, 365]",1235,0.12477300972528965,0.24061606508041772
2029-08_2029-09,2029-08,TTF_M/Brent_M,days_to_expiry,"(90, 180]",584,0.14721514429843868,0.10797914226721742
2029-08_2029-09,2029-08,TTF_M/Brent_M,days_to_expiry,"(60, 90]",195,0.17237282164329326,0.0314438030047032
2029-08_2029-09,2029-08,TTF_M/Brent_M,days_to_expiry,"(30, 60]",190,0.24151956998032847,0.0342295939980281
2029-08_2029-09,2029-08,TTF_M/Brent_M,days_to_expiry,"(0, 30]",187,0.2940359863698757,0.04543625232507025
2029-08_2029-09,2029-08,TTF_M/Brent_M,days_to_expiry,nan,48,0.1011019132851121,0.008719238048979411
2029-08_2029-09,2029-08,TTF_M/Brent_M,month_pair,Oct/Nov,567,0.16706770639556429,0.08386485392117984
2029-08_2029-09,2029-08,TTF_M/Brent_M,month_pair,Nov/Dec,569,0.11699740644412737,0.08997119180040981
2029-08_2029-09,2029-08,TTF_M/Brent_M,month_pair,Dec/Jan,570,0.14742766839082982,0.09719460667659857
2029-08_2029-09,2029-08,TTF_M/Brent_M,month_pair,Jan/Feb,570,0.17796523625046023,0.1027170942468505
2029-08_2029-09,2029-08,TTF_M/Brent_M,month_pair,Feb/Mar,569,0.1616372047407569,0.10083472664423894
2029-08_2029-09,2029-08,TTF_M/Brent_M,month_pair,Mar/Apr,569,0.1159627225377507,0.09880460484147048
2029-08_2029-09,2029-08,TTF_M/Brent_M,month_pair,Apr/May,569,0.1925861187939877,0.07589083940446756
2029-08_2029-09,2029-08,TTF_M/Brent_M,month_pair,May/Jun,568,0.2568909057984286,0.06761408926253962
2029-08_2029-09,2029-08,TTF_M/Brent_M,month_pair,Jun/Jul,569,0.11703365229771172,0.06714492362629053
2029-08_2029-09,2029-08,TTF_M/Brent_M,month_pair,Jul/Aug,568,0.19738705433000742,0.0734195926780975
2029-08_2029-09,2029-08,TTF_M/Brent_M,month_pair,Aug/Sep,568,0.2090882682350846,0.07664148881253467
2029-08_2029-09,2029-08,TTF_M/Brent_M,month_pair,Sep/Oct,568,0.21137973198415747,0.06590198808532191
2029-08_2029-09,2029-08,TTF_M/Brent_M,pooled,all,6824,0.17019555601549657,1.0
2029-08_2029-09,2029-08,HH_M/Brent_M,year,2019,3,,1.5936079058168115e-05
2029-08_2029-09,2029-08,HH_M/Brent_M,year,2020,384,0.08751664455674035,0.016852743401664327
2029-08_2029-09,2029-08,HH_M/Brent_M,year,2021,986,0.10973898601375316,0.06451733600532888
2029-08_2029-09,2029-08,HH_M/Brent_M,year,2022,1559,0.34414935648805867,0.4000026428825085
2029-08_2029-09,2029-08,HH_M/Brent_M,year,2023,1694,0.22875182758179458,0.19388457977094273
2029-08_2029-09,2029-08,HH_M/Brent_M,year,2024,1326,0.03768077241231375,0.12460725225227967
2029-08_2029-09,2029-08,HH_M/Brent_M,year,2025,725,0.19205368192379157,0.12725881084197038
2029-08_2029-09,2029-08,HH_M/Brent_M,year,2026,147,0.141717921103914,0.07286069876624736
2029-08_2029-09,2029-08,HH_M/Brent_M,days_to_expiry,"(730, 1095]",1984,0.23946695419285255,0.1193736204613078
2029-08_2029-09,2029-08,HH_M/Brent_M,days_to_expiry,"(365, 730]",2401,0.30194070638895226,0.23316164705473263
2029-08_2029-09,2029-08,HH_M/Brent_M,days_to_expiry,"(180, 365]",1235,0.24818303530028918,0.22530148280743853
2029-08_2029-09,2029-08,HH_M/Brent_M,days_to_expiry,"(90, 180]",584,0.23250980613104702,0.15176732771311496
2029-08_2029-09,2029-08,HH_M/Brent_M,days_to_expiry,"(60, 90]",195,0.1463190032498796,0.06728855573307133
2029-08_2029-09,2029-08,HH_M/Brent_M,days_to_expiry,"(30, 60]",190,0.12421537141307123,0.07675266599757113
2029-08_2029-09,2029-08,HH_M/Brent_M,days_to_expiry,"(0, 30]",187,0.15106714738603924,0.0988489025453429
2029-08_2029-09,2029-08,HH_M/Brent_M,days_to_expiry,nan,48,0.10479773466202046,0.027505797687420678
2029-08_2029-09,2029-08,HH_M/Brent_M,month_pair,Oct/Nov,567,0.2745093080509564,0.09065012750562401
2029-08_2029-09,2029-08,HH_M/Brent_M,month_pair,Nov/Dec,569,0.22909629240420912,0.08442151690434588
2029-08_2029-09,2029-08,HH_M/Brent_M,month_pair,Dec/Jan,570,0.22491728743788159,0.08210112115693675
2029-08_2029-09,2029-08,HH_M/Brent_M,month_pair,Jan/Feb,570,0.21214415225672306,0.08668227880266692
2029-08_2029-09,2029-08,HH_M/Brent_M,month_pair,Feb/Mar,569,0.2224913464889979,0.1101247663301394
2029-08_2029-09,2029-08,HH_M/Brent_M,month_pair,Mar/Apr,569,0.2224249330136471,0.08831302875698109
2029-08_2029-09,2029-08,HH_M/Brent_M,month_pair,Apr/May,569,0.24088701885968997,0.083515899337774
2029-08_2029-09,2029-08,HH_M/Brent_M,month_pair,May/Jun,568,0.2750622828075612,0.07678675122803313
2029-08_2029-09,2029-08,HH_M/Brent_M,month_pair,Jun/Jul,569,0.20124132957266258,0.07492258754645537
2029-08_2029-09,2029-08,HH_M/Brent_M,month_pair,Jul/Aug,568,0.23087631359515912,0.07586067287726406
2029-08_2029-09,2029-08,HH_M/Brent_M,month_pair,Aug/Sep,568,0.15843991700042817,0.07293320152739942
2029-08_2029-09,2029-08,HH_M/Brent_M,month_pair,Sep/Oct,568,0.20907922675011226,0.07368804802638
2029-08_2029-09,2029-08,HH_M/Brent_M,pooled,all,6824,0.2247544772715874,1.0
2029-09_2029-10,2029-09,TTF_M/TTF_M1,year,2019,12,0.9969758806396488,0.00010896586846981566
2029-09_2029-10,2029-09,TTF_M/TTF_M1,year,2020,437,0.9886583775445428,0.006520367360128776
2029-09_2029-10,2029-09,TTF_M/TTF_M1,year,2021,1037,0.9552815250596269,0.11041306803603912
2029-09_2029-10,2029-09,TTF_M/TTF_M1,year,2022,1609,0.9867742436808006,0.5485912981569928
2029-09_2029-10,2029-09,TTF_M/TTF_M1,year,2023,1734,0.9882368980916283,0.18254326049780023
2029-09_2029-10,2029-09,TTF_M/TTF_M1,year,2024,1326,0.9955624074590642,0.0633515375345497
2029-09_2029-10,2029-09,TTF_M/TTF_M1,year,2025,725,0.9943391031392965,0.04479640927667294
2029-09_2029-10,2029-09,TTF_M/TTF_M1,year,2026,147,0.995076183987661,0.04367509326934669
2029-09_2029-10,2029-09,TTF_M/TTF_M1,days_to_expiry,"(730, 1095]",2187,0.9834899934267308,0.20340337713978704
2029-09_2029-10,2029-09,TTF_M/TTF_M1,days_to_expiry,"(365, 730]",2401,0.9778694599072129,0.3398892369166015
2029-09_2029-10,2029-09,TTF_M/TTF_M1,days_to_expiry,"(180, 365]",1235,0.9901451528152165,0.24306624366952034
2029-09_2029-10,2029-09,TTF_M/TTF_M1,days_to_expiry,"(90, 180]",584,0.9969903309595645,0.10557610760349953
2029-09_2029-10,2029-09,TTF_M/TTF_M1,days_to_expiry,"(60, 90]",195,0.9953435015713061,0.02892138019340049
2029-09_2029-10,2029-09,TTF_M/TTF_M1,days_to_expiry,"(30, 60]",190,0.9925496960334068,0.030849262240664463
2029-09_2029-10,2029-09,TTF_M/TTF_M1,days_to_expiry,"(0, 30]",187,0.9854042182959604,0.04071056888145838
2029-09_2029-10,2029-09,TTF_M/TTF_M1,days_to_expiry,nan,48,0.9859623630705328,0.007583823355068215
2029-09_2029-10,2029-09,TTF_M/TTF_M1,month_pair,Oct/Nov,586,0.9910195000013047,0.08084265169705951
2029-09_2029-10,2029-09,TTF_M/TTF_M1,month_pair,Nov/Dec,586,0.995762524235049,0.09014039207647266
2029-09_2029-10,2029-09,TTF_M/TTF_M1,month_pair,Dec/Jan,586,0.995166850853672,0.09669458256056998
2029-09_2029-10,2029-09,TTF_M/TTF_M1,month_pair,Jan/Feb,586,0.9965200168356488,0.1056453457386948
2029-09_2029-10,2029-09,TTF_M/TTF_M1,month_pair,Feb/Mar,586,0.9969026988359816,0.10525578740832679
2029-09_2029-10,2029-09,TTF_M/TTF_M1,month_pair,Mar/Apr,586,0.9070647995906349,0.09170544880192462
2029-09_2029-10,2029-09,TTF_M/TTF_M1,month_pair,Apr/May,586,0.9791812475344182,0.07391933318980375
2029-09_2029-10,2029-09,TTF_M/TTF_M1,month_pair,May/Jun,585,0.9949330003759269,0.06729055292842279
2029-09_2029-10,2029-09,TTF_M/TTF_M1,month_pair,Jun/Jul,585,0.9921017279949427,0.06798698892363773
2029-09_2029-10,2029-09,TTF_M/TTF_M1,month_pair,Jul/Aug,585,0.9982303659439768,0.07465424109113682
2029-09_2029-10,2029-09,TTF_M/TTF_M1,month_pair,Aug/Sep,585,0.9984079903046563,0.0820667809806093
2029-09_2029-10,2029-09,TTF_M/TTF_M1,month_pair,Sep/Oct,585,0.990804621849721,0.06379789460334118
2029-09_2029-10,2029-09,TTF_M/TTF_M1,pooled,all,7027,0.985292134987518,1.0
2029-09_2029-10,2029-09,HH_M/HH_M1,year,2019,12,0.9905067168881831,6.186233233311597e-05
2029-09_2029-10,2029-09,HH_M/HH_M1,year,2020,437,0.9810179147773233,0.004354892918929841
2029-09_2029-10,2029-09,HH_M/HH_M1,year,2021,1037,0.9872366982801714,0.03579087905487092
2029-09_2029-10,2029-09,HH_M/HH_M1,year,2022,1609,0.9903796508196497,0.44741584205453866
2029-09_2029-10,2029-09,HH_M/HH_M1,year,2023,1734,0.9868984004353644,0.19020407283173082
2029-09_2029-10,2029-09,HH_M/HH_M1,year,2024,1326,0.974033597299965,0.12398494831171773
2029-09_2029-10,2029-09,HH_M/HH_M1,year,2025,725,0.9899157528338458,0.13360163773067843
2029-09_2029-10,2029-09,HH_M/HH_M1,year,2026,147,0.9254844482819381,0.06458586476520067
2029-09_2029-10,2029-09,HH_M/HH_M1,days_to_expiry,"(730, 1095]",2187,0.9916603804295726,0.09447803912002525
2029-09_2029-10,2029-09,HH_M/HH_M1,days_to_expiry,"(365, 730]",2401,0.9901375488129753,0.20019067908453475
2029-09_2029-10,2029-09,HH_M/HH_M1,days_to_expiry,"(180, 365]",1235,0.9892937420598098,0.23549660868563874
2029-09_2029-10,2029-09,HH_M/HH_M1,days_to_expiry,"(90, 180]",584,0.9938788546709442,0.1670405074992695
2029-09_2029-10,2029-09,HH_M/HH_M1,days_to_expiry,"(60, 90]",195,0.9883725166023278,0.07568802612233952
2029-09_2029-10,2029-09,HH_M/HH_M1,days_to_expiry,"(30, 60]",190,0.9926838155555652,0.089741501058462
2029-09_2029-10,2029-09,HH_M/HH_M1,days_to_expiry,"(0, 30]",187,0.9750325377393815,0.11219794097551467
2029-09_2029-10,2029-09,HH_M/HH_M1,days_to_expiry,nan,48,0.8054379212931686,0.025166697454215757
2029-09_2029-10,2029-09,HH_M/HH_M1,month_pair,Oct/Nov,586,0.9860736899194327,0.09240352506536581
2029-09_2029-10,2029-09,HH_M/HH_M1,month_pair,Nov/Dec,586,0.9881467865449258,0.08326572083606726
2029-09_2029-10,2029-09,HH_M/HH_M1,month_pair,Dec/Jan,586,0.9941312575141581,0.07665988042975687
2029-09_2029-10,2029-09,HH_M/HH_M1,month_pair,Jan/Feb,586,0.9931133351955157,0.08972658844255883
2029-09_2029-10,2029-09,HH_M/HH_M1,month_pair,Feb/Mar,586,0.9357993601195956,0.11390177579574598
2029-09_2029-10,2029-09,HH_M/HH_M1,month_pair,Mar/Apr,586,0.9579950470555703,0.08828998190894725
2029-09_2029-10,2029-09,HH_M/HH_M1,month_pair,Apr/May,586,0.9951059485998013,0.08514213362053974
2029-09_2029-10,2029-09,HH_M/HH_M1,month_pair,May/Jun,585,0.9941127192908311,0.07657698625202738
2029-09_2029-10,2029-09,HH_M/HH_M1,month_pair,Jun/Jul,585,0.9911467166646354,0.07457854667012002
2029-09_2029-10,2029-09,HH_M/HH_M1,month_pair,Jul/Aug,585,0.9967840146038773,0.07292730011900803
2029-09_2029-10,2029-09,HH_M/HH_M1,month_pair,Aug/Sep,585,0.9963337656543011,0.07221531765086174
2029-09_2029-10,2029-09,HH_M/HH_M1,month_pair,Sep/Oct,585,0.9975818230475961,0.07431224320900123
2029-09_2029-10,2029-09,HH_M/HH_M1,pooled,all,7027,0.9823839351711889,1.0
2029-09_2029-10,2029-09,Brent_M/Brent_M1,year,2019,12,0.9998126889181729,8.785146533518763e-05
2029-09_2029-10,2029-09,Brent_M/Brent_M1,year,2020,437,0.9997928008750374,0.051077734105478625
2029-09_2029-10,2029-09,Brent_M/Brent_M1,year,2021,1037,0.9998261833648479,0.13218693285489436
2029-09_2029-10,2029-09,Brent_M/Brent_M1,year,2022,1609,0.9996456596782055,0.33214221420489287
2029-09_2029-10,2029-09,Brent_M/Brent_M1,year,2023,1734,0.9997401619428008,0.20395971444541308
2029-09_2029-10,2029-09,Brent_M/Brent_M1,year,2024,1326,0.9998308447569975,0.10856102082665414
2029-09_2029-10,2029-09,Brent_M/Brent_M1,year,2025,725,0.9996742661709913,0.10627899030724929
2029-09_2029-10,2029-09,Brent_M/Brent_M1,year,2026,147,0.9927280910032954,0.06570554179008246
2029-09_2029-10,2029-09,Brent_M/Brent_M1,days_to_expiry,"(730, 1095]",2187,0.999763103703567,0.214650907439922
2029-09_2029-10,2029-09,Brent_M/Brent_M1,days_to_expiry,"(365, 730]",2401,0.9998418618064007,0.3097997217336664
2029-09_2029-10,2029-09,Brent_M/Brent_M1,days_to_expiry,"(180, 365]",1235,0.9997956512601147,0.20874874122142895
2029-09_2029-10,2029-09,Brent_M/Brent_M1,days_to_expiry,"(90, 180]",584,0.9993267561647361,0.11466279585136144
2029-09_2029-10,2029-09,Brent_M/Brent_M1,days_to_expiry,"(60, 90]",195,0.9981173994201753,0.04155486394120377
2029-09_2029-10,2029-09,Brent_M/Brent_M1,days_to_expiry,"(30, 60]",190,0.9961065763127122,0.044447093849412526
2029-09_2029-10,2029-09,Brent_M/Brent_M1,days_to_expiry,"(0, 30]",187,0.9940436782836023,0.05265548992742356
2029-09_2029-10,2029-09,Brent_M/Brent_M1,days_to_expiry,nan,48,0.9975875550096827,0.013480386035581354
2029-09_2029-10,2029-09,Brent_M/Brent_M1,month_pair,Oct/Nov,586,0.999501681431859,0.08265791207847337
2029-09_2029-10,2029-09,Brent_M/Brent_M1,month_pair,Nov/Dec,586,0.9996413659247793,0.08318053922494635
2029-09_2029-10,2029-09,Brent_M/Brent_M1,month_pair,Dec/Jan,586,0.9997272132140415,0.09624611894617993
2029-09_2029-10,2029-09,Brent_M/Brent_M1,month_pair,Jan/Feb,586,0.9997009364418818,0.08879523694288566
2029-09_2029-10,2029-09,Brent_M/Brent_M1,month_pair,Feb/Mar,586,0.9997044585077842,0.0862902580516027
2029-09_2029-10,2029-09,Brent_M/Brent_M1,month_pair,Mar/Apr,586,0.9997071036713668,0.07895185463038729
2029-09_2029-10,2029-09,Brent_M/Brent_M1,month_pair,Apr/May,586,0.9983426951703965,0.08432566830040404
2029-09_2029-10,2029-09,Brent_M/Brent_M1,month_pair,May/Jun,585,0.9974255192747146,0.07961953984952512
2029-09_2029-10,2029-09,Brent_M/Brent_M1,month_pair,Jun/Jul,585,0.9980318361891685,0.07437717074594692
2029-09_2029-10,2029-09,Brent_M/Brent_M1,month_pair,Jul/Aug,585,0.9986523767336251,0.08531302367711997
2029-09_2029-10,2029-09,Brent_M/Brent_M1,month_pair,Aug/Sep,585,0.9989325196705707,0.08315320761568203
2029-09_2029-10,2029-09,Brent_M/Brent_M1,month_pair,Sep/Oct,585,0.9990254230151103,0.07708946993684666
2029-09_2029-10,2029-09,Brent_M/Brent_M1,pooled,all,7027,0.999034262858916,1.0
2029-09_2029-10,2029-09,TTF_M/HH_M,year,2019,12,-0.016851761478120002,9.479031144195018e-05
2029-09_2029-10,2029-09,TTF_M/HH_M,year,2020,437,0.024154231177000086,0.005960660379629306
2029-09_2029-10,2029-09,TTF_M/HH_M,year,2021,1037,0.19787945626657236,0.09648947224983326
2029-09_2029-10,2029-09,TTF_M/HH_M,year,2022,1609,0.12191910306461196,0.5169332778413409
2029-09_2029-10,2029-09,TTF_M/HH_M,year,2023,1734,0.1506284966969891,0.18559376400956884
2029-09_2029-10,2029-09,TTF_M/HH_M,year,2024,1326,0.29288136307486434,0.0789368481494681
2029-09_2029-10,2029-09,TTF_M/HH_M,year,2025,725,0.06381045302677259,0.06538572436270206
2029-09_2029-10,2029-09,TTF_M/HH_M,year,2026,147,0.33198477799653797,0.050605462696015485
2029-09_2029-10,2029-09,TTF_M/HH_M,days_to_expiry,"(730, 1095]",2187,0.12276876999325413,0.1750611830820432
2029-09_2029-10,2029-09,TTF_M/HH_M,days_to_expiry,"(365, 730]",2401,0.15862736029297245,0.3082944293766047
2029-09_2029-10,2029-09,TTF_M/HH_M,days_to_expiry,"(180, 365]",1235,0.1364621827809343,0.2377785091034373
2029-09_2029-10,2029-09,TTF_M/HH_M,days_to_expiry,"(90, 180]",584,0.14040996380189355,0.11896790924501546
2029-09_2029-10,2029-09,TTF_M/HH_M,days_to_expiry,"(60, 90]",195,0.23594936792863225,0.04052810122399752
2029-09_2029-10,2029-09,TTF_M/HH_M,days_to_expiry,"(30, 60]",190,0.2622269035886683,0.04525134798378564
2029-09_2029-10,2029-09,TTF_M/HH_M,days_to_expiry,"(0, 30]",187,0.30790716490322334,0.06042222455892475
2029-09_2029-10,2029-09,TTF_M/HH_M,days_to_expiry,nan,48,0.24307791770244136,0.0136962954261913
2029-09_2029-10,2029-09,TTF_M/HH_M,month_pair,Oct/Nov,586,0.17356351120461572,0.08526317434259548
2029-09_2029-10,2029-09,TTF_M/HH_M,month_pair,Nov/Dec,586,0.05943464446188922,0.08854519717440691
2029-09_2029-10,2029-09,TTF_M/HH_M,month_pair,Dec/Jan,586,0.13626671361352993,0.09114905944549156
2029-09_2029-10,2029-09,TTF_M/HH_M,month_pair,Jan/Feb,586,0.14000935320010996,0.0992726929751965
2029-09_2029-10,2029-09,TTF_M/HH_M,month_pair,Feb/Mar,586,0.204421503595856,0.10732822650963099
2029-09_2029-10,2029-09,TTF_M/HH_M,month_pair,Mar/Apr,586,0.17307407753253493,0.09971121256377395
2029-09_2029-10,2029-09,TTF_M/HH_M,month_pair,Apr/May,586,0.2583808470078175,0.07587690396073983
2029-09_2029-10,2029-09,TTF_M/HH_M,month_pair,May/Jun,585,0.2549387618837635,0.06784161562472733
2029-09_2029-10,2029-09,TTF_M/HH_M,month_pair,Jun/Jul,585,0.11951959833051119,0.06819834910466267
2029-09_2029-10,2029-09,TTF_M/HH_M,month_pair,Jul/Aug,585,0.11953671515250996,0.07284624718592148
2029-09_2029-10,2029-09,TTF_M/HH_M,month_pair,Aug/Sep,585,0.10335337975481076,0.07847036643982025
2029-09_2029-10,2029-09,TTF_M/HH_M,month_pair,Sep/Oct,585,0.25061056125639897,0.0654969546730329
2029-09_2029-10,2029-09,TTF_M/HH_M,pooled,all,7027,0.16509523693378592,1.0
2029-09_2029-10,2029-09,TTF_M/Brent_M,year,2019,12,0.7029358855368556,0.00010422419122160967
2029-09_2029-10,2029-09,TTF_M/Brent_M,year,2020,437,0.6486169706335765,0.012080065246267755
2029-09_2029-10,2029-09,TTF_M/Brent_M,year,2021,1037,0.10666409199344418,0.1170428910607924
2029-09_2029-10,2029-09,TTF_M/Brent_M,year,2022,1609,0.09144220332426443,0.5144274804811756
2029-09_2029-10,2029-09,TTF_M/Brent_M,year,2023,1734,0.14337469246161558,0.1871151665510436
2029-09_2029-10,2029-09,TTF_M/Brent_M,year,2024,1326,0.02265741674456452,0.06921015382918833
2029-09_2029-10,2029-09,TTF_M/Brent_M,year,2025,725,0.5076001870113045,0.05251295505446595
2029-09_2029-10,2029-09,TTF_M/Brent_M,year,2026,147,0.5943554766607196,0.04750706358584504
2029-09_2029-10,2029-09,TTF_M/Brent_M,days_to_expiry,"(730, 1095]",2187,0.2168499572091884,0.20232863306591153
2029-09_2029-10,2029-09,TTF_M/Brent_M,days_to_expiry,"(365, 730]",2401,0.1560175438950644,0.33823510065619894
2029-09_2029-10,2029-09,TTF_M/Brent_M,days_to_expiry,"(180, 365]",1235,0.12477300972528965,0.23599927457203596
2029-09_2029-10,2029-09,TTF_M/Brent_M,days_to_expiry,"(90, 180]",584,0.14721514429843868,0.10590730604565889
2029-09_2029-10,2029-09,TTF_M/Brent_M,days_to_expiry,"(60, 90]",195,0.17237282164329326,0.030840478986371253
2029-09_2029-10,2029-09,TTF_M/Brent_M,days_to_expiry,"(30, 60]",190,0.24151956998032847,0.03357281796512671
2029-09_2029-10,2029-09,TTF_M/Brent_M,days_to_expiry,"(0, 30]",187,0.2940359863698757,0.044564449943958605
2029-09_2029-10,2029-09,TTF_M/Brent_M,days_to_expiry,nan,48,0.1011019132851121,0.008551938764738372
2029-09_2029-10,2029-09,TTF_M/Brent_M,month_pair,Oct/Nov,586,0.16916260879130685,0.08262131322449019
2029-09_2029-10,2029-09,TTF_M/Brent_M,month_pair,Nov/Dec,586,0.11889027204914508,0.08874776763656982
2029-09_2029-10,2029-09,TTF_M/Brent_M,month_pair,Dec/Jan,586,0.14852650228979378,0.09598513652714792
2029-09_2029-10,2029-09,TTF_M/Brent_M,month_pair,Jan/Feb,586,0.17927881317021113,0.10149806220723208
2029-09_2029-10,2029-09,TTF_M/Brent_M,month_pair,Feb/Mar,586,0.17124832406456134,0.10044347558552791
2029-09_2029-10,2029-09,TTF_M/Brent_M,month_pair,Mar/Apr,586,0.11314723305087575,0.09864631419237875
2029-09_2029-10,2029-09,TTF_M/Brent_M,month_pair,Apr/May,586,0.19230514928249237,0.0752149027563237
2029-09_2029-10,2029-09,TTF_M/Brent_M,month_pair,May/Jun,585,0.25572100235954137,0.067281244783166
2029-09_2029-10,2029-09,TTF_M/Brent_M,month_pair,Jun/Jul,585,0.11377785046075244,0.06726578703040943
2029-09_2029-10,2029-09,TTF_M/Brent_M,month_pair,Jul/Aug,585,0.18692813061099778,0.07513337714580848
2029-09_2029-10,2029-09,TTF_M/Brent_M,month_pair,Aug/Sep,585,0.21522298712720214,0.08171985714576017
2029-09_2029-10,2029-09,TTF_M/Brent_M,month_pair,Sep/Oct,585,0.2120575380749939,0.06544276176518579
2029-09_2029-10,2029-09,TTF_M/Brent_M,pooled,all,7027,0.1709874684283603,1.0
2029-09_2029-10,2029-09,HH_M/Brent_M,year,2019,12,0.20693556576783254,6.56026063523193e-05
2029-09_2029-10,2029-09,HH_M/Brent_M,year,2020,437,0.07919636343894337,0.01934706878720001
2029-09_2029-10,2029-09,HH_M/Brent_M,year,2021,1037,0.10893365057188399,0.0658239858994777
2029-09_2029-10,2029-09,HH_M/Brent_M,year,2022,1609,0.34491797597735374,0.4003585133812904
2029-09_2029-10,2029-09,HH_M/Brent_M,year,2023,1734,0.22789582214333073,0.1932791358296285
2029-09_2029-10,2029-09,HH_M/Brent_M,year,2024,1326,0.03768077241231375,0.12322541593088941
2029-09_2029-10,2029-09,HH_M/Brent_M,year,2025,725,0.19205368192379157,0.12584756997227894
2029-09_2029-10,2029-09,HH_M/Brent_M,year,2026,147,0.141717921103914,0.07205270759288261
2029-09_2029-10,2029-09,HH_M/Brent_M,days_to_expiry,"(730, 1095]",2187,0.23794144122394942,0.1291393563621145
2029-09_2029-10,2029-09,HH_M/Brent_M,days_to_expiry,"(365, 730]",2401,0.30194070638895226,0.23057599311540092
2029-09_2029-10,2029-09,HH_M/Brent_M,days_to_expiry,"(180, 365]",1235,0.24818303530028918,0.22280299442430587
2029-09_2029-10,2029-09,HH_M/Brent_M,days_to_expiry,"(90, 180]",584,0.23250980613104702,0.1500842988199834
2029-09_2029-10,2029-09,HH_M/Brent_M,days_to_expiry,"(60, 90]",195,0.1463190032498796,0.06654235702757705
2029-09_2029-10,2029-09,HH_M/Brent_M,days_to_expiry,"(30, 60]",190,0.12421537141307123,0.07590151472248924
2029-09_2029-10,2029-09,HH_M/Brent_M,days_to_expiry,"(0, 30]",187,0.15106714738603924,0.09775271431072734
2029-09_2029-10,2029-09,HH_M/Brent_M,days_to_expiry,nan,48,0.10479773466202046,0.027200771217401595
2029-09_2029-10,2029-09,HH_M/Brent_M,month_pair,Oct/Nov,586,0.2731078423655905,0.09018486652326176
2029-09_2029-10,2029-09,HH_M/Brent_M,month_pair,Nov/Dec,586,0.22344821221662164,0.08413866090691957
2029-09_2029-10,2029-09,HH_M/Brent_M,month_pair,Dec/Jan,586,0.22464109100131016,0.08165302782525165
2029-09_2029-10,2029-09,HH_M/Brent_M,month_pair,Jan/Feb,586,0.21141088025034502,0.086283154830284
2029-09_2029-10,2029-09,HH_M/Brent_M,month_pair,Feb/Mar,586,0.21572074606376448,0.1108927245036829
2029-09_2029-10,2029-09,HH_M/Brent_M,month_pair,Mar/Apr,586,0.2209974361185862,0.08850131800919567
2029-09_2029-10,2029-09,HH_M/Brent_M,month_pair,Apr/May,586,0.2402124746534236,0.08336855309791882
2029-09_2029-10,2029-09,HH_M/Brent_M,month_pair,May/Jun,585,0.2819968024405232,0.07762523523636752
2029-09_2029-10,2029-09,HH_M/Brent_M,month_pair,Jun/Jul,585,0.20884299521380537,0.07508804815497805
2029-09_2029-10,2029-09,HH_M/Brent_M,month_pair,Jul/Aug,585,0.2281407015597287,0.07532623231574223
2029-09_2029-10,2029-09,HH_M/Brent_M,month_pair,Aug/Sep,585,0.1621649776694399,0.07329920220018261
2029-09_2029-10,2029-09,HH_M/Brent_M,month_pair,Sep/Oct,585,0.2077025129336224,0.07363897639621511
2029-09_2029-10,2029-09,HH_M/Brent_M,pooled,all,7027,0.22435417541637975,1.0
2029-10_2029-11,2029-10,TTF_M/TTF_M1,year,2019,24,0.9810777020928091,0.00020266082854504007
2029-10_2029-11,2029-10,TTF_M/TTF_M1,year,2020,485,0.986867593216793,0.007313130291597135
2029-10_2029-11,2029-10,TTF_M/TTF_M1,year,2021,1084,0.9554271978031128,0.10963839905501803
2029-10_2029-11,2029-10,TTF_M/TTF_M1,year,2022,1657,0.9867361628817608,0.5510277862978861
2029-10_2029-11,2029-10,TTF_M/TTF_M1,year,2023,1770,0.9882229246235693,0.18208067260920954
2029-10_2029-11,2029-10,TTF_M/TTF_M1,year,2024,1326,0.9955624074590642,0.06248123737975108
2029-10_2029-11,2029-10,TTF_M/TTF_M1,year,2025,725,0.9943391031392965,0.044181012658924726
2029-10_2029-11,2029-10,TTF_M/TTF_M1,year,2026,147,0.995076183987661,0.04307510087906844
2029-10_2029-11,2029-10,TTF_M/TTF_M1,days_to_expiry,"(730, 1095]",2378,0.9835129737272895,0.21434672896939663
2029-10_2029-11,2029-10,TTF_M/TTF_M1,days_to_expiry,"(365, 730]",2401,0.9778694599072129,0.33521996341488763
2029-10_2029-11,2029-10,TTF_M/TTF_M1,days_to_expiry,"(180, 365]",1235,0.9901451528152165,0.23972708888773567
2029-10_2029-11,2029-10,TTF_M/TTF_M1,days_to_expiry,"(90, 180]",584,0.9969903309595645,0.1041257418133993
2029-10_2029-11,2029-10,TTF_M/TTF_M1,days_to_expiry,"(60, 90]",195,0.9953435015713061,0.028524068894592955
2029-10_2029-11,2029-10,TTF_M/TTF_M1,days_to_expiry,"(30, 60]",190,0.9925496960334068,0.030425466406367126
2029-10_2029-11,2029-10,TTF_M/TTF_M1,days_to_expiry,"(0, 30]",187,0.9854042182959604,0.04015130203840583
2029-10_2029-11,2029-10,TTF_M/TTF_M1,days_to_expiry,nan,48,0.9859623630705328,0.007479639575214699
2029-10_2029-11,2029-10,TTF_M/TTF_M1,month_pair,Oct/Nov,602,0.9910780256018291,0.0803643974535021
2029-10_2029-11,2029-10,TTF_M/TTF_M1,month_pair,Nov/Dec,602,0.9957575233881544,0.08917547908603499
2029-10_2029-11,2029-10,TTF_M/TTF_M1,month_pair,Dec/Jan,602,0.9948643338915779,0.09574778345846355
2029-10_2029-11,2029-10,TTF_M/TTF_M1,month_pair,Jan/Feb,601,0.9965400175109819,0.10485426103463048
2029-10_2029-11,2029-10,TTF_M/TTF_M1,month_pair,Feb/Mar,602,0.9968061657634489,0.10432848000302382
2029-10_2029-11,2029-10,TTF_M/TTF_M1,month_pair,Mar/Apr,602,0.9076706346272713,0.09263465959902639
2029-10_2029-11,2029-10,TTF_M/TTF_M1,month_pair,Apr/May,602,0.9793327010200976,0.07388569253715405
2029-10_2029-11,2029-10,TTF_M/TTF_M1,month_pair,May/Jun,601,0.9949657470790569,0.06708914688718291
2029-10_2029-11,2029-10,TTF_M/TTF_M1,month_pair,Jun/Jul,601,0.9916025348390141,0.0678368804648616
2029-10_2029-11,2029-10,TTF_M/TTF_M1,month_pair,Jul/Aug,601,0.9982451184321444,0.0746051059540927
2029-10_2029-11,2029-10,TTF_M/TTF_M1,month_pair,Aug/Sep,601,0.9984703437218323,0.08515883554610743
2029-10_2029-11,2029-10,TTF_M/TTF_M1,month_pair,Sep/Oct,601,0.9907522205831923,0.06431927797591988
2029-10_2029-11,2029-10,TTF_M/TTF_M1,pooled,all,7218,0.9852665116796377,1.0
2029-10_2029-11,2029-10,HH_M/HH_M1,year,2019,24,0.9901022407995245,0.00011398969678127293
2029-10_2029-11,2029-10,HH_M/HH_M1,year,2020,485,0.9802964142722101,0.0046856330738930686
2029-10_2029-11,2029-10,HH_M/HH_M1,year,2021,1084,0.9871462827693701,0.03623682444140751
2029-10_2029-11,2029-10,HH_M/HH_M1,year,2022,1657,0.9903987857855461,0.4487982037006175
2029-10_2029-11,2029-10,HH_M/HH_M1,year,2023,1770,0.9867525224159693,0.19014137974564027
2029-10_2029-11,2029-10,HH_M/HH_M1,year,2024,1326,0.974033597299965,0.12315812602186926
2029-10_2029-11,2029-10,HH_M/HH_M1,year,2025,725,0.9899157528338458,0.1327106843243161
2029-10_2029-11,2029-10,HH_M/HH_M1,year,2026,147,0.9254844482819381,0.06415515899547491
2029-10_2029-11,2029-10,HH_M/HH_M1,days_to_expiry,"(730, 1095]",2378,0.9913814002454998,0.10051672164881456
2029-10_2029-11,2029-10,HH_M/HH_M1,days_to_expiry,"(365, 730]",2401,0.9901375488129753,0.1988556612622839
2029-10_2029-11,2029-10,HH_M/HH_M1,days_to_expiry,"(180, 365]",1235,0.9892937420598098,0.23392614511004836
2029-10_2029-11,2029-10,HH_M/HH_M1,days_to_expiry,"(90, 180]",584,0.9938788546709442,0.16592655925967545
2029-10_2029-11,2029-10,HH_M/HH_M1,days_to_expiry,"(60, 90]",195,0.9883725166023278,0.07518328302307843
2029-10_2029-11,2029-10,HH_M/HH_M1,days_to_expiry,"(30, 60]",190,0.9926838155555652,0.08914303911279868
2029-10_2029-11,2029-10,HH_M/HH_M1,days_to_expiry,"(0, 30]",187,0.9750325377393815,0.11144972306893115
2029-10_2029-11,2029-10,HH_M/HH_M1,days_to_expiry,nan,48,0.8054379212931686,0.024998867514369326
2029-10_2029-11,2029-10,HH_M/HH_M1,month_pair,Oct/Nov,602,0.9860800092977313,0.09212133575719021
2029-10_2029-11,2029-10,HH_M/HH_M1,month_pair,Nov/Dec,602,0.9881344260007936,0.08287579752582777
2029-10_2029-11,2029-10,HH_M/HH_M1,month_pair,Dec/Jan,602,0.9940602884066536,0.0763761160600853
2029-10_2029-11,2029-10,HH_M/HH_M1,month_pair,Jan/Feb,601,0.993119797498535,0.08938513001487128
2029-10_2029-11,2029-10,HH_M/HH_M1,month_pair,Feb/Mar,602,0.9358019778545181,0.11353292191442714
2029-10_2029-11,2029-10,HH_M/HH_M1,month_pair,Mar/Apr,602,0.9576754009758783,0.08844846612549341
2029-10_2029-11,2029-10,HH_M/HH_M1,month_pair,Apr/May,602,0.9950511744692022,0.08584248378443281
2029-10_2029-11,2029-10,HH_M/HH_M1,month_pair,May/Jun,601,0.9941316153424359,0.07665419706289557
2029-10_2029-11,2029-10,HH_M/HH_M1,month_pair,Jun/Jul,601,0.991273306589379,0.07539309331365547
2029-10_2029-11,2029-10,HH_M/HH_M1,month_pair,Jul/Aug,601,0.9968008989565744,0.07302269999414354
2029-10_2029-11,2029-10,HH_M/HH_M1,month_pair,Aug/Sep,601,0.9963164001807391,0.0719777401153628
2029-10_2029-11,2029-10,HH_M/HH_M1,month_pair,Sep/Oct,601,0.9975803038761549,0.07437001833161459
2029-10_2029-11,2029-10,HH_M/HH_M1,pooled,all,7218,0.9823940678344962,1.0
2029-10_2029-11,2029-10,Brent_M/Brent_M1,year,2019,24,0.9995402890744575,0.00025380074809392593
2029-10_2029-11,2029-10,Brent_M/Brent_M1,year,2020,485,0.9998029078572578,0.05866295449366964
2029-10_2029-11,2029-10,Brent_M/Brent_M1,year,2021,1084,0.9998265914982352,0.1340017240180937
2029-10_2029-11,2029-10,Brent_M/Brent_M1,year,2022,1657,0.9996494362087757,0.33152411770498574
2029-10_2029-11,2029-10,Brent_M/Brent_M1,year,2023,1770,0.9997397534017872,0.2013103600988373
2029-10_2029-11,2029-10,Brent_M/Brent_M1,year,2024,1326,0.9998308447569975,0.10612372439895706
2029-10_2029-11,2029-10,Brent_M/Brent_M1,year,2025,725,0.9996742661709913,0.10389292759852876
2029-10_2029-11,2029-10,Brent_M/Brent_M1,year,2026,147,0.9927280910032954,0.06423039093883375
2029-10_2029-11,2029-10,Brent_M/Brent_M1,days_to_expiry,"(730, 1095]",2378,0.9997697640981378,0.23228272890969437
2029-10_2029-11,2029-10,Brent_M/Brent_M1,days_to_expiry,"(365, 730]",2401,0.9998418618064007,0.30284442830207015
2029-10_2029-11,2029-10,Brent_M/Brent_M1,days_to_expiry,"(180, 365]",1235,0.9997956512601147,0.2040621367901971
2029-10_2029-11,2029-10,Brent_M/Brent_M1,days_to_expiry,"(90, 180]",584,0.9993267561647361,0.11208850886888616
2029-10_2029-11,2029-10,Brent_M/Brent_M1,days_to_expiry,"(60, 90]",195,0.9981173994201753,0.04062191838978844
2029-10_2029-11,2029-10,Brent_M/Brent_M1,days_to_expiry,"(30, 60]",190,0.9961065763127122,0.04344921503217417
2029-10_2029-11,2029-10,Brent_M/Brent_M1,days_to_expiry,"(0, 30]",187,0.9940436782836023,0.0514733249429613
2029-10_2029-11,2029-10,Brent_M/Brent_M1,days_to_expiry,nan,48,0.9975875550096827,0.013177738764228198
2029-10_2029-11,2029-10,Brent_M/Brent_M1,month_pair,Oct/Nov,602,0.9995004369952142,0.08169136434878183
2029-10_2029-11,2029-10,Brent_M/Brent_M1,month_pair,Nov/Dec,602,0.9996428410909624,0.08271478726175574
2029-10_2029-11,2029-10,Brent_M/Brent_M1,month_pair,Dec/Jan,602,0.9997268413498562,0.09594503971846353
2029-10_2029-11,2029-10,Brent_M/Brent_M1,month_pair,Jan/Feb,601,0.9997018115242038,0.08761642756187503
2029-10_2029-11,2029-10,Brent_M/Brent_M1,month_pair,Feb/Mar,602,0.9997037547139966,0.08561193075887999
2029-10_2029-11,2029-10,Brent_M/Brent_M1,month_pair,Mar/Apr,602,0.9997242062731165,0.08381364712967382
2029-10_2029-11,2029-10,Brent_M/Brent_M1,month_pair,Apr/May,602,0.9983846286075743,0.08509851250051823
2029-10_2029-11,2029-10,Brent_M/Brent_M1,month_pair,May/Jun,601,0.9974476437980734,0.07881309417259691
2029-10_2029-11,2029-10,Brent_M/Brent_M1,month_pair,Jun/Jul,601,0.9980520583190441,0.07391216772349503
2029-10_2029-11,2029-10,Brent_M/Brent_M1,month_pair,Jul/Aug,601,0.9986770822024513,0.08531817791600955
2029-10_2029-11,2029-10,Brent_M/Brent_M1,month_pair,Aug/Sep,601,0.9989450740025453,0.08251981128808664
2029-10_2029-11,2029-10,Brent_M/Brent_M1,month_pair,Sep/Oct,601,0.999037379369591,0.07694503961986363
2029-10_2029-11,2029-10,Brent_M/Brent_M1,pooled,all,7218,0.9990501256638229,1.0
2029-10_2029-11,2029-10,TTF_M/HH_M,year,2019,24,0.06531947690639513,0.00018714634953744411
2029-10_2029-11,2029-10,TTF_M/HH_M,year,2020,485,0.038989824583740965,0.0066638941242191125
2029-10_2029-11,2029-10,TTF_M/HH_M,year,2021,1084,0.19800507764006428,0.09609454151312037
2029-10_2029-11,2029-10,TTF_M/HH_M,year,2022,1657,0.12280317875082676,0.5190332825451651
2029-10_2029-11,2029-10,TTF_M/HH_M,year,2023,1770,0.1498173405271789,0.1853323332225483
2029-10_2029-11,2029-10,TTF_M/HH_M,year,2024,1326,0.29288136307486434,0.0780300622570994
2029-10_2029-11,2029-10,TTF_M/HH_M,year,2025,725,0.06381045302677259,0.06463460680728435
2029-10_2029-11,2029-10,TTF_M/HH_M,year,2026,147,0.33198477799653797,0.050024133181025894
2029-10_2029-11,2029-10,TTF_M/HH_M,days_to_expiry,"(730, 1095]",2378,0.12752125004570786,0.18453765571535766
2029-10_2029-11,2029-10,TTF_M/HH_M,days_to_expiry,"(365, 730]",2401,0.15862736029297245,0.30475290161348423
2029-10_2029-11,2029-10,TTF_M/HH_M,days_to_expiry,"(180, 365]",1235,0.1364621827809343,0.23504703194646762
2029-10_2029-11,2029-10,TTF_M/HH_M,days_to_expiry,"(90, 180]",584,0.14040996380189355,0.117601267121888
2029-10_2029-11,2029-10,TTF_M/HH_M,days_to_expiry,"(60, 90]",195,0.23594936792863225,0.04006253525200908
2029-10_2029-11,2029-10,TTF_M/HH_M,days_to_expiry,"(30, 60]",190,0.2622269035886683,0.04473152378350004
2029-10_2029-11,2029-10,TTF_M/HH_M,days_to_expiry,"(0, 30]",187,0.30790716490322334,0.05972812513514461
2029-10_2029-11,2029-10,TTF_M/HH_M,days_to_expiry,nan,48,0.24307791770244136,0.013538959432148728
2029-10_2029-11,2029-10,TTF_M/HH_M,month_pair,Oct/Nov,602,0.17380646102118313,0.08482925949427834
2029-10_2029-11,2029-10,TTF_M/HH_M,month_pair,Nov/Dec,602,0.06017894654503305,0.08777341726805202
2029-10_2029-11,2029-10,TTF_M/HH_M,month_pair,Dec/Jan,602,0.13569609861808915,0.09043506145021278
2029-10_2029-11,2029-10,TTF_M/HH_M,month_pair,Jan/Feb,601,0.14215158709450096,0.09867960041292734
2029-10_2029-11,2029-10,TTF_M/HH_M,month_pair,Feb/Mar,602,0.20414417757167178,0.10655577058446057
2029-10_2029-11,2029-10,TTF_M/HH_M,month_pair,Mar/Apr,602,0.17507500800117293,0.10017136049400745
2029-10_2029-11,2029-10,TTF_M/HH_M,month_pair,Apr/May,602,0.25962187864173814,0.07598081836001337
2029-10_2029-11,2029-10,TTF_M/HH_M,month_pair,May/Jun,601,0.2552292462450583,0.06772559282947054
2029-10_2029-11,2029-10,TTF_M/HH_M,month_pair,Jun/Jul,601,0.11876369758371388,0.06825896658240631
2029-10_2029-11,2029-10,TTF_M/HH_M,month_pair,Jul/Aug,601,0.11589654581387432,0.07288901192260404
2029-10_2029-11,2029-10,TTF_M/HH_M,month_pair,Aug/Sep,601,0.111590519361862,0.08079980845930507
2029-10_2029-11,2029-10,TTF_M/HH_M,month_pair,Sep/Oct,601,0.2432020946861982,0.06590133214226215
2029-10_2029-11,2029-10,TTF_M/HH_M,pooled,all,7218,0.16535009718423638,1.0
2029-10_2029-11,2029-10,TTF_M/Brent_M,year,2019,24,0.5470316976970744,0.00021630250196837852
2029-10_2029-11,2029-10,TTF_M/Brent_M,year,2020,485,0.6549773213254334,0.013802425461823524
2029-10_2029-11,2029-10,TTF_M/Brent_M,year,2021,1084,0.10706254328221114,0.11661583108303991
2029-10_2029-11,2029-10,TTF_M/Brent_M,year,2022,1657,0.09106180088616699,0.5160038326234403
2029-10_2029-11,2029-10,TTF_M/Brent_M,year,2023,1770,0.1401360568649237,0.18654371004458561
2029-10_2029-11,2029-10,TTF_M/Brent_M,year,2024,1326,0.02265741674456452,0.06822360477034585
2029-10_2029-11,2029-10,TTF_M/Brent_M,year,2025,725,0.5076001870113045,0.051764414507743856
2029-10_2029-11,2029-10,TTF_M/Brent_M,year,2026,147,0.5943554766607196,0.0468298790070525
2029-10_2029-11,2029-10,TTF_M/Brent_M,days_to_expiry,"(730, 1095]",2378,0.21212887996186738,0.21369895797888022
2029-10_2029-11,2029-10,TTF_M/Brent_M,days_to_expiry,"(365, 730]",2401,0.1560175438950644,0.33341376300907555
2029-10_2029-11,2029-10,TTF_M/Brent_M,days_to_expiry,"(180, 365]",1235,0.12477300972528965,0.23263524705099958
2029-10_2029-11,2029-10,TTF_M/Brent_M,days_to_expiry,"(90, 180]",584,0.14721514429843868,0.10439766118398508
2029-10_2029-11,2029-10,TTF_M/Brent_M,days_to_expiry,"(60, 90]",195,0.17237282164329326,0.030400866533069285
2029-10_2029-11,2029-10,TTF_M/Brent_M,days_to_expiry,"(30, 60]",190,0.24151956998032847,0.033094257665319704
2029-10_2029-11,2029-10,TTF_M/Brent_M,days_to_expiry,"(0, 30]",187,0.2940359863698757,0.04392921055034952
2029-10_2029-11,2029-10,TTF_M/Brent_M,days_to_expiry,nan,48,0.1011019132851121,0.008430036028321205
2029-10_2029-11,2029-10,TTF_M/Brent_M,month_pair,Oct/Nov,602,0.16529347846578818,0.08208911787676713
2029-10_2029-11,2029-10,TTF_M/Brent_M,month_pair,Nov/Dec,602,0.1174590626058376,0.08789908345767355
2029-10_2029-11,2029-10,TTF_M/Brent_M,month_pair,Dec/Jan,602,0.15038803238431456,0.09516824289465245
2029-10_2029-11,2029-10,TTF_M/Brent_M,month_pair,Jan/Feb,601,0.17847044748185104,0.10071200395801665
2029-10_2029-11,2029-10,TTF_M/Brent_M,month_pair,Feb/Mar,602,0.1726863911216198,0.09960902127467215
2029-10_2029-11,2029-10,TTF_M/Brent_M,month_pair,Mar/Apr,602,0.13103134023367194,0.09975147233772938
2029-10_2029-11,2029-10,TTF_M/Brent_M,month_pair,Apr/May,602,0.18873368778722263,0.07528530223981286
2029-10_2029-11,2029-10,TTF_M/Brent_M,month_pair,May/Jun,601,0.25475097054474805,0.0670520911850398
2029-10_2029-11,2029-10,TTF_M/Brent_M,month_pair,Jun/Jul,601,0.11036190482521405,0.06708028954575326
2029-10_2029-11,2029-10,TTF_M/Brent_M,month_pair,Jul/Aug,601,0.17930266239379594,0.07515952956972724
2029-10_2029-11,2029-10,TTF_M/Brent_M,month_pair,Aug/Sep,601,0.2041978104276386,0.08430817013566025
2029-10_2029-11,2029-10,TTF_M/Brent_M,month_pair,Sep/Oct,601,0.21823451456925372,0.06588567552449533
2029-10_2029-11,2029-10,TTF_M/Brent_M,pooled,all,7218,0.17072732985505046,1.0
2029-10_2029-11,2029-10,HH_M/Brent_M,year,2019,24,0.3895041500886802,0.00015552991667127546
2029-10_2029-11,2029-10,HH_M/Brent_M,year,2020,485,0.10250187130453227,0.02220602260557542
2029-10_2029-11,2029-10,HH_M/Brent_M,year,2021,1084,0.10312275528094521,0.0670659911626552
2029-10_2029-11,2029-10,HH_M/Brent_M,year,2022,1657,0.3454953164549728,0.40072303483196153
2029-10_2029-11,2029-10,HH_M/Brent_M,year,2023,1770,0.22798032193920134,0.1923917032782499
2029-10_2029-11,2029-10,HH_M/Brent_M,year,2024,1326,0.03768077241231375,0.12181790544501957
2029-10_2029-11,2029-10,HH_M/Brent_M,year,2025,725,0.19205368192379157,0.12441010860914128
2029-10_2029-11,2029-10,HH_M/Brent_M,year,2026,147,0.141717921103914,0.07122970415072606
2029-10_2029-11,2029-10,HH_M/Brent_M,days_to_expiry,"(730, 1095]",2378,0.2392104894898451,0.13908653713153604
2029-10_2029-11,2029-10,HH_M/Brent_M,days_to_expiry,"(365, 730]",2401,0.30194070638895226,0.22794229838896723
2029-10_2029-11,2029-10,HH_M/Brent_M,days_to_expiry,"(180, 365]",1235,0.24818303530028918,0.2202580847677518
2029-10_2029-11,2029-10,HH_M/Brent_M,days_to_expiry,"(90, 180]",584,0.23250980613104702,0.1483699996816301
2029-10_2029-11,2029-10,HH_M/Brent_M,days_to_expiry,"(60, 90]",195,0.1463190032498796,0.06578229414149729
2029-10_2029-11,2029-10,HH_M/Brent_M,days_to_expiry,"(30, 60]",190,0.12421537141307123,0.07503454927499402
2029-10_2029-11,2029-10,HH_M/Brent_M,days_to_expiry,"(0, 30]",187,0.15106714738603924,0.09663615917983004
2029-10_2029-11,2029-10,HH_M/Brent_M,days_to_expiry,nan,48,0.10479773466202046,0.026890077433793583
2029-10_2029-11,2029-10,HH_M/Brent_M,month_pair,Oct/Nov,602,0.2714401729377474,0.08966195765589505
2029-10_2029-11,2029-10,HH_M/Brent_M,month_pair,Nov/Dec,602,0.22069211881461118,0.08373769419903482
2029-10_2029-11,2029-10,HH_M/Brent_M,month_pair,Dec/Jan,602,0.21877048741363528,0.08147256075609985
2029-10_2029-11,2029-10,HH_M/Brent_M,month_pair,Jan/Feb,601,0.2126931168153384,0.08572333815370815
2029-10_2029-11,2029-10,HH_M/Brent_M,month_pair,Feb/Mar,602,0.2148181099749511,0.11024809426728646
2029-10_2029-11,2029-10,HH_M/Brent_M,month_pair,Mar/Apr,602,0.218416027682304,0.0900696824578659
2029-10_2029-11,2029-10,HH_M/Brent_M,month_pair,Apr/May,602,0.24190544623047816,0.08405053930295091
2029-10_2029-11,2029-10,HH_M/Brent_M,month_pair,May/Jun,601,0.2805852579329958,0.07742892191476312
2029-10_2029-11,2029-10,HH_M/Brent_M,month_pair,Jun/Jul,601,0.21159934417317694,0.07547816359850631
2029-10_2029-11,2029-10,HH_M/Brent_M,month_pair,Jul/Aug,601,0.23527517398232944,0.07545607832056299
2029-10_2029-11,2029-10,HH_M/Brent_M,month_pair,Aug/Sep,601,0.16106552260784557,0.07301599252439919
2029-10_2029-11,2029-10,HH_M/Brent_M,month_pair,Sep/Oct,601,0.20894122273751356,0.0736569768489274
2029-10_2029-11,2029-10,HH_M/Brent_M,pooled,all,7218,0.22416937499515358,1.0
2029-11_2029-12,2029-11,TTF_M/TTF_M1,year,2019,41,0.9841025441345062,0.00032087258098109514
2029-11_2029-12,2029-11,TTF_M/TTF_M1,year,2020,538,0.986783566509683,0.007901651725171507
2029-11_2029-12,2029-11,TTF_M/TTF_M1,year,2021,1141,0.9556943615103961,0.10895707176370487
2029-11_2029-12,2029-11,TTF_M/TTF_M1,year,2022,1710,0.9868861661429965,0.5540827717816047
2029-11_2029-12,2029-11,TTF_M/TTF_M1,year,2023,1805,0.9881475701280846,0.18106263831240632
2029-11_2029-12,2029-11,TTF_M/TTF_M1,year,2024,1326,0.9955624074590642,0.06162067305436215
2029-11_2029-12,2029-11,TTF_M/TTF_M1,year,2025,725,0.9943391031392965,0.04357250032869118
2029-11_2029-12,2029-11,TTF_M/TTF_M1,year,2026,147,0.995076183987661,0.0424818204530782
2029-11_2029-12,2029-11,TTF_M/TTF_M1,days_to_expiry,"(1095, 1460]",181,0.9924654974323335,0.011646643387028734
2029-11_2029-12,2029-11,TTF_M/TTF_M1,days_to_expiry,"(730, 1095]",2412,0.9836211423106326,0.21352101688154823
2029-11_2029-12,2029-11,TTF_M/TTF_M1,days_to_expiry,"(365, 730]",2401,0.9778694599072129,0.33060292390397483
2029-11_2029-12,2029-11,TTF_M/TTF_M1,days_to_expiry,"(180, 365]",1235,0.9901451528152165,0.23642528839245636
2029-11_2029-12,2029-11,TTF_M/TTF_M1,days_to_expiry,"(90, 180]",584,0.9969903309595645,0.10269160090138993
2029-11_2029-12,2029-11,TTF_M/TTF_M1,days_to_expiry,"(60, 90]",195,0.9953435015713061,0.028131202217570678
2029-11_2029-12,2029-11,TTF_M/TTF_M1,days_to_expiry,"(30, 60]",190,0.9925496960334068,0.030006411469706663
2029-11_2029-12,2029-11,TTF_M/TTF_M1,days_to_expiry,"(0, 30]",187,0.9854042182959604,0.03959829157316549
2029-11_2029-12,2029-11,TTF_M/TTF_M1,days_to_expiry,nan,48,0.9859623630705328,0.007376621273159065
2029-11_2029-12,2029-11,TTF_M/TTF_M1,month_pair,Oct/Nov,620,0.991240214279911,0.08097525379947698
2029-11_2029-12,2029-11,TTF_M/TTF_M1,month_pair,Nov/Dec,622,0.9957709108741302,0.08851181070961753
2029-11_2029-12,2029-11,TTF_M/TTF_M1,month_pair,Dec/Jan,620,0.9947917736074298,0.09475215270283929
2029-11_2029-12,2029-11,TTF_M/TTF_M1,month_pair,Jan/Feb,619,0.9965296696815087,0.10385259871667227
2029-11_2029-12,2029-11,TTF_M/TTF_M1,month_pair,Feb/Mar,618,0.9967939557818166,0.10347708916096811
2029-11_2029-12,2029-11,TTF_M/TTF_M1,month_pair,Mar/Apr,619,0.9079684562034157,0.0920665383533812
2029-11_2029-12,2029-11,TTF_M/TTF_M1,month_pair,Apr/May,621,0.9797146620365171,0.0744147085020316
2029-11_2029-12,2029-11,TTF_M/TTF_M1,month_pair,May/Jun,618,0.9949124870828822,0.0671069924426207
2029-11_2029-12,2029-11,TTF_M/TTF_M1,month_pair,Jun/Jul,619,0.9914470087713217,0.06781142788395214
2029-11_2029-12,2029-11,TTF_M/TTF_M1,month_pair,Jul/Aug,619,0.9982638331319189,0.07448396230891458
2029-11_2029-12,2029-11,TTF_M/TTF_M1,month_pair,Aug/Sep,618,0.998462345390176,0.08443895744134942
2029-11_2029-12,2029-11,TTF_M/TTF_M1,month_pair,Sep/Oct,620,0.9911308243118142,0.06810850797817612
2029-11_2029-12,2029-11,TTF_M/TTF_M1,pooled,all,7433,0.9853645189149013,1.0
2029-11_2029-12,2029-11,HH_M/HH_M1,year,2019,41,0.9923072734967427,0.0001699026166052819
2029-11_2029-12,2029-11,HH_M/HH_M1,year,2020,538,0.9817519420890763,0.005157008428404306
2029-11_2029-12,2029-11,HH_M/HH_M1,year,2021,1141,0.9874382456308282,0.03713277730249222
2029-11_2029-12,2029-11,HH_M/HH_M1,year,2022,1710,0.9904218983677954,0.44929365733434024
2029-11_2029-12,2029-11,HH_M/HH_M1,year,2023,1805,0.9866459832233337,0.19053377268863814
2029-11_2029-12,2029-11,HH_M/HH_M1,year,2024,1326,0.974033597299965,0.12226872629257743
2029-11_2029-12,2029-11,HH_M/HH_M1,year,2025,725,0.9899157528338458,0.1317522997619266
2029-11_2029-12,2029-11,HH_M/HH_M1,year,2026,147,0.9254844482819381,0.06369185557501594
2029-11_2029-12,2029-11,HH_M/HH_M1,days_to_expiry,"(1095, 1460]",181,0.9948042077310288,0.006085835032008171
2029-11_2029-12,2029-11,HH_M/HH_M1,days_to_expiry,"(730, 1095]",2412,0.9911552160961807,0.10092660241006274
2029-11_2029-12,2029-11,HH_M/HH_M1,days_to_expiry,"(365, 730]",2401,0.9901375488129753,0.19741960359392172
2029-11_2029-12,2029-11,HH_M/HH_M1,days_to_expiry,"(180, 365]",1235,0.9892937420598098,0.23223682214894537
2029-11_2029-12,2029-11,HH_M/HH_M1,days_to_expiry,"(90, 180]",584,0.9938788546709442,0.1647283026634223
2029-11_2029-12,2029-11,HH_M/HH_M1,days_to_expiry,"(60, 90]",195,0.9883725166023278,0.07464033881202309
2029-11_2029-12,2029-11,HH_M/HH_M1,days_to_expiry,"(30, 60]",190,0.9926838155555652,0.08849928301309076
2029-11_2029-12,2029-11,HH_M/HH_M1,days_to_expiry,"(0, 30]",187,0.9750325377393815,0.11064487683808191
2029-11_2029-12,2029-11,HH_M/HH_M1,days_to_expiry,nan,48,0.8054379212931686,0.024818335488444098
2029-11_2029-12,2029-11,HH_M/HH_M1,month_pair,Oct/Nov,620,0.9861280667484374,0.09201893801422374
2029-11_2029-12,2029-11,HH_M/HH_M1,month_pair,Nov/Dec,622,0.9881702344102977,0.08281146644539518
2029-11_2029-12,2029-11,HH_M/HH_M1,month_pair,Dec/Jan,620,0.9940668751303244,0.07625288296906257
2029-11_2029-12,2029-11,HH_M/HH_M1,month_pair,Jan/Feb,619,0.9931246120095458,0.08891631589320251
2029-11_2029-12,2029-11,HH_M/HH_M1,month_pair,Feb/Mar,618,0.9358180204993907,0.11304434762338762
2029-11_2029-12,2029-11,HH_M/HH_M1,month_pair,Mar/Apr,619,0.9574393564336504,0.08831592897991845
2029-11_2029-12,2029-11,HH_M/HH_M1,month_pair,Apr/May,621,0.9949951443113223,0.08635222717048445
2029-11_2029-12,2029-11,HH_M/HH_M1,month_pair,May/Jun,618,0.9941652953529913,0.07743639489760516
2029-11_2029-12,2029-11,HH_M/HH_M1,month_pair,Jun/Jul,619,0.9912977022430871,0.07521800763970482
2029-11_2029-12,2029-11,HH_M/HH_M1,month_pair,Jul/Aug,619,0.9968159693433529,0.07376378972221401
2029-11_2029-12,2029-11,HH_M/HH_M1,month_pair,Aug/Sep,618,0.9963245833456015,0.07164185870205363
2029-11_2029-12,2029-11,HH_M/HH_M1,month_pair,Sep/Oct,620,0.9975834267691162,0.074227841942748
2029-11_2029-12,2029-11,HH_M/HH_M1,pooled,all,7433,0.982437234613603,1.0
2029-11_2029-12,2029-11,Brent_M/Brent_M1,year,2019,41,0.9996652455041828,0.0006696780846404952
2029-11_2029-12,2029-11,Brent_M/Brent_M1,year,2020,538,0.9998067460879448,0.06401015091077082
2029-11_2029-12,2029-11,Brent_M/Brent_M1,year,2021,1141,0.9998256490233705,0.13660441926815978
2029-11_2029-12,2029-11,Brent_M/Brent_M1,year,2022,1710,0.9996487269129994,0.3304031138837863
2029-11_2029-12,2029-11,Brent_M/Brent_M1,year,2023,1805,0.999739935982493,0.19918062200254544
2029-11_2029-12,2029-11,Brent_M/Brent_M1,year,2024,1326,0.9998308447569975,0.10414439321281369
2029-11_2029-12,2029-11,Brent_M/Brent_M1,year,2025,725,0.9996742661709913,0.10195520337352479
2029-11_2029-12,2029-11,Brent_M/Brent_M1,year,2026,147,0.9927280910032954,0.06303241926375876
2029-11_2029-12,2029-11,Brent_M/Brent_M1,days_to_expiry,"(1095, 1460]",181,0.9997579799945281,0.015533601201713133
2029-11_2029-12,2029-11,Brent_M/Brent_M1,days_to_expiry,"(730, 1095]",2412,0.9997703919237018,0.2310679498697191
2029-11_2029-12,2029-11,Brent_M/Brent_M1,days_to_expiry,"(365, 730]",2401,0.9998418618064007,0.2971960266380409
2029-11_2029-12,2029-11,Brent_M/Brent_M1,days_to_expiry,"(180, 365]",1235,0.9997956512601147,0.20025614002983594
2029-11_2029-12,2029-11,Brent_M/Brent_M1,days_to_expiry,"(90, 180]",584,0.9993267561647361,0.10999792749823578
2029-11_2029-12,2029-11,Brent_M/Brent_M1,days_to_expiry,"(60, 90]",195,0.9981173994201753,0.039864272252082125
2029-11_2029-12,2029-11,Brent_M/Brent_M1,days_to_expiry,"(30, 60]",190,0.9961065763127122,0.04263883651583672
2029-11_2029-12,2029-11,Brent_M/Brent_M1,days_to_expiry,"(0, 30]",187,0.9940436782836023,0.05051328742174615
2029-11_2029-12,2029-11,Brent_M/Brent_M1,days_to_expiry,nan,48,0.9975875550096827,0.012931958572790217
2029-11_2029-12,2029-11,Brent_M/Brent_M1,month_pair,Oct/Nov,620,0.9995080439437695,0.08249927341259625
2029-11_2029-12,2029-11,Brent_M/Brent_M1,month_pair,Nov/Dec,622,0.9996416901659136,0.08244027008270802
2029-11_2029-12,2029-11,Brent_M/Brent_M1,month_pair,Dec/Jan,620,0.9997278419182938,0.09571053411522108
2029-11_2029-12,2029-11,Brent_M/Brent_M1,month_pair,Jan/Feb,619,0.9997070424361381,0.08859059620693084
2029-11_2029-12,2029-11,Brent_M/Brent_M1,month_pair,Feb/Mar,618,0.9997048104450449,0.0849080264583025
2029-11_2029-12,2029-11,Brent_M/Brent_M1,month_pair,Mar/Apr,619,0.9997239180643243,0.08368993597074473
2029-11_2029-12,2029-11,Brent_M/Brent_M1,month_pair,Apr/May,621,0.9984334940273552,0.08670287719554508
2029-11_2029-12,2029-11,Brent_M/Brent_M1,month_pair,May/Jun,618,0.9974954570579426,0.0793277526847468
2029-11_2029-12,2029-11,Brent_M/Brent_M1,month_pair,Jun/Jul,619,0.9980713079665164,0.07360029576532184
2029-11_2029-12,2029-11,Brent_M/Brent_M1,month_pair,Jul/Aug,619,0.9986874844053154,0.08495243255233444
2029-11_2029-12,2029-11,Brent_M/Brent_M1,month_pair,Aug/Sep,618,0.9989486773839312,0.08175123253834693
2029-11_2029-12,2029-11,Brent_M/Brent_M1,month_pair,Sep/Oct,620,0.9990353362721995,0.07582677301720153
2029-11_2029-12,2029-11,Brent_M/Brent_M1,pooled,all,7433,0.9990612021684585,1.0
2029-11_2029-12,2029-11,TTF_M/HH_M,year,2019,41,0.0703875578832834,0.00028729310446108886
2029-11_2029-12,2029-11,TTF_M/HH_M,year,2020,538,0.05270059283550871,0.0072260430258951165
2029-11_2029-12,2029-11,TTF_M/HH_M,year,2021,1141,0.1973013947289062,0.09584582849802831
2029-11_2029-12,2029-11,TTF_M/HH_M,year,2022,1710,0.12401552336271028,0.5216655609675077
2029-11_2029-12,2029-11,TTF_M/HH_M,year,2023,1805,0.14742562603329482,0.18458633599079394
2029-11_2029-12,2029-11,TTF_M/HH_M,year,2024,1326,0.29288136307486434,0.07709872366393752
2029-11_2029-12,2029-11,TTF_M/HH_M,year,2025,725,0.06381045302677259,0.06386315152412533
2029-11_2029-12,2029-11,TTF_M/HH_M,year,2026,147,0.33198477799653797,0.049427063225251
2029-11_2029-12,2029-11,TTF_M/HH_M,days_to_expiry,"(1095, 1460]",181,0.21892237591730052,0.010134423418288812
2029-11_2029-12,2029-11,TTF_M/HH_M,days_to_expiry,"(730, 1095]",2412,0.12606776438932696,0.1841362958181536
2029-11_2029-12,2029-11,TTF_M/HH_M,days_to_expiry,"(365, 730]",2401,0.15862736029297245,0.3011154812342012
2029-11_2029-12,2029-11,TTF_M/HH_M,days_to_expiry,"(180, 365]",1235,0.1364621827809343,0.23224159560914137
2029-11_2029-12,2029-11,TTF_M/HH_M,days_to_expiry,"(90, 180]",584,0.14040996380189355,0.11619762094364357
2029-11_2029-12,2029-11,TTF_M/HH_M,days_to_expiry,"(60, 90]",195,0.23594936792863225,0.03958436332517957
2029-11_2029-12,2029-11,TTF_M/HH_M,days_to_expiry,"(30, 60]",190,0.2622269035886683,0.04419762449871866
2029-11_2029-12,2029-11,TTF_M/HH_M,days_to_expiry,"(0, 30]",187,0.30790716490322334,0.05901523184214329
2029-11_2029-12,2029-11,TTF_M/HH_M,days_to_expiry,nan,48,0.24307791770244136,0.013377363310530027
2029-11_2029-12,2029-11,TTF_M/HH_M,month_pair,Oct/Nov,620,0.1707363059428476,0.08527514456307603
2029-11_2029-12,2029-11,TTF_M/HH_M,month_pair,Nov/Dec,622,0.06085728268665888,0.08727629588535932
2029-11_2029-12,2029-11,TTF_M/HH_M,month_pair,Dec/Jan,620,0.13531428909131712,0.08969112115324146
2029-11_2029-12,2029-11,TTF_M/HH_M,month_pair,Jan/Feb,619,0.1404359832044572,0.09785532043545114
2029-11_2029-12,2029-11,TTF_M/HH_M,month_pair,Feb/Mar,618,0.205372659434755,0.10577392778087431
2029-11_2029-12,2029-11,TTF_M/HH_M,month_pair,Mar/Apr,619,0.17261776696383832,0.09964718249462107
2029-11_2029-12,2029-11,TTF_M/HH_M,month_pair,Apr/May,621,0.25779402906855475,0.07649509322159395
2029-11_2029-12,2029-11,TTF_M/HH_M,month_pair,May/Jun,618,0.2574324282316119,0.06790132559020866
2029-11_2029-12,2029-11,TTF_M/HH_M,month_pair,Jun/Jul,619,0.11958497985314456,0.06826943751425553
2029-11_2029-12,2029-11,TTF_M/HH_M,month_pair,Jul/Aug,619,0.1165833410283068,0.07298317209225712
2029-11_2029-12,2029-11,TTF_M/HH_M,month_pair,Aug/Sep,618,0.11243376930876627,0.08022290132520345
2029-11_2029-12,2029-11,TTF_M/HH_M,month_pair,Sep/Oct,620,0.24614328436177174,0.068609077943858
2029-11_2029-12,2029-11,TTF_M/HH_M,pooled,all,7433,0.16545511171933167,1.0
2029-11_2029-12,2029-11,TTF_M/Brent_M,year,2019,41,0.3825227930447665,0.0003695185232429958
2029-11_2029-12,2029-11,TTF_M/Brent_M,year,2020,538,0.6613244959141005,0.015026037235196597
2029-11_2029-12,2029-11,TTF_M/Brent_M,year,2021,1141,0.1085411938522345,0.11634426543830678
2029-11_2029-12,2029-11,TTF_M/Brent_M,year,2022,1710,0.09207562937284589,0.5184280075827804
2029-11_2029-12,2029-11,TTF_M/Brent_M,year,2023,1805,0.13875700912180514,0.1853685543253952
2029-11_2029-12,2029-11,TTF_M/Brent_M,year,2024,1326,0.02265741674456452,0.06726077305549369
2029-11_2029-12,2029-11,TTF_M/Brent_M,year,2025,725,0.5076001870113045,0.05103386941038963
2029-11_2029-12,2029-11,TTF_M/Brent_M,year,2026,147,0.5943554766607196,0.04616897442919476
2029-11_2029-12,2029-11,TTF_M/Brent_M,days_to_expiry,"(1095, 1460]",181,0.2197162285788183,0.011938116458628628
2029-11_2029-12,2029-11,TTF_M/Brent_M,days_to_expiry,"(730, 1095]",2412,0.21116646811972192,0.21285781570136814
2029-11_2029-12,2029-11,TTF_M/Brent_M,days_to_expiry,"(365, 730]",2401,0.1560175438950644,0.3287083337624979
2029-11_2029-12,2029-11,TTF_M/Brent_M,days_to_expiry,"(180, 365]",1235,0.12477300972528965,0.22935209315423383
2029-11_2029-12,2029-11,TTF_M/Brent_M,days_to_expiry,"(90, 180]",584,0.14721514429843868,0.10292430926300858
2029-11_2029-12,2029-11,TTF_M/Brent_M,days_to_expiry,"(60, 90]",195,0.17237282164329326,0.029971822677125903
2029-11_2029-12,2029-11,TTF_M/Brent_M,days_to_expiry,"(30, 60]",190,0.24151956998032847,0.03262720229691869
2029-11_2029-12,2029-11,TTF_M/Brent_M,days_to_expiry,"(0, 30]",187,0.2940359863698757,0.0433092427654652
2029-11_2029-12,2029-11,TTF_M/Brent_M,days_to_expiry,nan,48,0.1011019132851121,0.00831106392075321
2029-11_2029-12,2029-11,TTF_M/Brent_M,month_pair,Oct/Nov,620,0.1749357528631036,0.08273284583504138
2029-11_2029-12,2029-11,TTF_M/Brent_M,month_pair,Nov/Dec,622,0.11923502774639928,0.0873002622227337
2029-11_2029-12,2029-11,TTF_M/Brent_M,month_pair,Dec/Jan,620,0.1473195426752723,0.09429833227495361
2029-11_2029-12,2029-11,TTF_M/Brent_M,month_pair,Jan/Feb,619,0.17643751126546525,0.09997873882090214
2029-11_2029-12,2029-11,TTF_M/Brent_M,month_pair,Feb/Mar,618,0.17380958701866553,0.09880038065335721
2029-11_2029-12,2029-11,TTF_M/Brent_M,month_pair,Mar/Apr,619,0.13209936073238368,0.09917746580909018
2029-11_2029-12,2029-11,TTF_M/Brent_M,month_pair,Apr/May,621,0.19775821192272566,0.07596612954837714
2029-11_2029-12,2029-11,TTF_M/Brent_M,month_pair,May/Jun,618,0.2533497979599259,0.06715063359123831
2029-11_2029-12,2029-11,TTF_M/Brent_M,month_pair,Jun/Jul,619,0.11244657440308521,0.06711012493014938
2029-11_2029-12,2029-11,TTF_M/Brent_M,month_pair,Jul/Aug,619,0.17591210029860843,0.07503422181344918
2029-11_2029-12,2029-11,TTF_M/Brent_M,month_pair,Aug/Sep,618,0.2057267902182524,0.08360965259394446
2029-11_2029-12,2029-11,TTF_M/Brent_M,month_pair,Sep/Oct,620,0.205065481848006,0.06884121190676333
2029-11_2029-12,2029-11,TTF_M/Brent_M,pooled,all,7433,0.17123258392182125,1.0
2029-11_2029-12,2029-11,HH_M/Brent_M,year,2019,41,0.1899542495342841,0.00032766052035044407
2029-11_2029-12,2029-11,HH_M/Brent_M,year,2020,538,0.12246072969736452,0.02440641340018867
2029-11_2029-12,2029-11,HH_M/Brent_M,year,2021,1141,0.10118127396509266,0.06877252889908607
2029-11_2029-12,2029-11,HH_M/Brent_M,year,2022,1710,0.34624997127620116,0.4004590246046612
2029-11_2029-12,2029-11,HH_M/Brent_M,year,2023,1805,0.22779288702429834,0.19194037821765247
2029-11_2029-12,2029-11,HH_M/Brent_M,year,2024,1326,0.03768077241231375,0.12052714522714603
2029-11_2029-12,2029-11,HH_M/Brent_M,year,2025,725,0.19205368192379157,0.12309188188124467
2029-11_2029-12,2029-11,HH_M/Brent_M,year,2026,147,0.141717921103914,0.07047496724967045
2029-11_2029-12,2029-11,HH_M/Brent_M,days_to_expiry,"(1095, 1460]",181,0.2859780640602479,0.008915100324739307
2029-11_2029-12,2029-11,HH_M/Brent_M,days_to_expiry,"(730, 1095]",2412,0.23747250300186062,0.13929351820232588
2029-11_2029-12,2029-11,HH_M/Brent_M,days_to_expiry,"(365, 730]",2401,0.30194070638895226,0.22552706353776608
2029-11_2029-12,2029-11,HH_M/Brent_M,days_to_expiry,"(180, 365]",1235,0.24818303530028918,0.21792427043688936
2029-11_2029-12,2029-11,HH_M/Brent_M,days_to_expiry,"(90, 180]",584,0.23250980613104702,0.146797898335647
2029-11_2029-12,2029-11,HH_M/Brent_M,days_to_expiry,"(60, 90]",195,0.1463190032498796,0.0650852769993283
2029-11_2029-12,2029-11,HH_M/Brent_M,days_to_expiry,"(30, 60]",190,0.12421537141307123,0.07423949693177387
2029-11_2029-12,2029-11,HH_M/Brent_M,days_to_expiry,"(0, 30]",187,0.15106714738603924,0.09561222013390944
2029-11_2029-12,2029-11,HH_M/Brent_M,days_to_expiry,nan,48,0.10479773466202046,0.02660515509762072
2029-11_2029-12,2029-11,HH_M/Brent_M,month_pair,Oct/Nov,620,0.27324325978753816,0.08983564292992259
2029-11_2029-12,2029-11,HH_M/Brent_M,month_pair,Nov/Dec,622,0.223006111757648,0.08362223451216697
2029-11_2029-12,2029-11,HH_M/Brent_M,month_pair,Dec/Jan,620,0.21675651790744146,0.08139001852691587
2029-11_2029-12,2029-11,HH_M/Brent_M,month_pair,Jan/Feb,619,0.20574832464444648,0.08578793545979982
2029-11_2029-12,2029-11,HH_M/Brent_M,month_pair,Feb/Mar,618,0.21574749840840204,0.10955411047918176
2029-11_2029-12,2029-11,HH_M/Brent_M,month_pair,Mar/Apr,619,0.21951479225268292,0.08986306210045801
2029-11_2029-12,2029-11,HH_M/Brent_M,month_pair,Apr/May,621,0.23590819942436178,0.08492216269683975
2029-11_2029-12,2029-11,HH_M/Brent_M,month_pair,May/Jun,618,0.2859102419235332,0.07807709417077095
2029-11_2029-12,2029-11,HH_M/Brent_M,month_pair,Jun/Jul,619,0.2135400946197512,0.07526089119851856
2029-11_2029-12,2029-11,HH_M/Brent_M,month_pair,Jul/Aug,619,0.236693747989041,0.07585036813207532
2029-11_2029-12,2029-11,HH_M/Brent_M,month_pair,Aug/Sep,618,0.16182118572202003,0.0726080969988101
2029-11_2029-12,2029-11,HH_M/Brent_M,month_pair,Sep/Oct,620,0.2070673447054859,0.07322838279454023
2029-11_2029-12,2029-11,HH_M/Brent_M,pooled,all,7433,0.22417426981760435,1.0
2029-12_2030-01,2029-12,TTF_M/TTF_M1,year,2019,64,0.9854556029757229,0.00044011935165975816
2029-12_2030-01,2029-12,TTF_M/TTF_M1,year,2020,590,0.9870478994473975,0.008458294284798851
2029-12_2030-01,2029-12,TTF_M/TTF_M1,year,2021,1189,0.9559459373009607,0.10767295413772719
2029-12_2030-01,2029-12,TTF_M/TTF_M1,year,2022,1762,0.9871417408290497,0.5587202588585782
2029-12_2030-01,2029-12,TTF_M/TTF_M1,year,2023,1835,0.9877057340066929,0.17970870680161352
2029-12_2030-01,2029-12,TTF_M/TTF_M1,year,2024,1326,0.9955624074590642,0.060504333295225976
2029-12_2030-01,2029-12,TTF_M/TTF_M1,year,2025,725,0.9943391031392965,0.04278312702082453
2029-12_2030-01,2029-12,TTF_M/TTF_M1,year,2026,147,0.995076183987661,0.0417122062495719
2029-12_2030-01,2029-12,TTF_M/TTF_M1,days_to_expiry,"(1095, 1460]",386,0.9916176049022095,0.029551967905139233
2029-12_2030-01,2029-12,TTF_M/TTF_M1,days_to_expiry,"(730, 1095]",2412,0.9836211423106326,0.20965280206432654
2029-12_2030-01,2029-12,TTF_M/TTF_M1,days_to_expiry,"(365, 730]",2401,0.9778694599072129,0.32461361593073856
2029-12_2030-01,2029-12,TTF_M/TTF_M1,days_to_expiry,"(180, 365]",1235,0.9901451528152165,0.23214213249013615
2029-12_2030-01,2029-12,TTF_M/TTF_M1,days_to_expiry,"(90, 180]",584,0.9969903309595645,0.10083120711902359
2029-12_2030-01,2029-12,TTF_M/TTF_M1,days_to_expiry,"(60, 90]",195,0.9953435015713061,0.02762156838932494
2029-12_2030-01,2029-12,TTF_M/TTF_M1,days_to_expiry,"(30, 60]",190,0.9925496960334068,0.029462805752789523
2029-12_2030-01,2029-12,TTF_M/TTF_M1,days_to_expiry,"(0, 30]",187,0.9854042182959604,0.0388809162981828
2029-12_2030-01,2029-12,TTF_M/TTF_M1,days_to_expiry,nan,48,0.9859623630705328,0.00724298405033853
2029-12_2030-01,2029-12,TTF_M/TTF_M1,month_pair,Oct/Nov,638,0.9915588179166289,0.08306907369961061
2029-12_2030-01,2029-12,TTF_M/TTF_M1,month_pair,Nov/Dec,638,0.9960487326999206,0.09371392912488993
2029-12_2030-01,2029-12,TTF_M/TTF_M1,month_pair,Dec/Jan,638,0.9947250037082406,0.09345967131002637
2029-12_2030-01,2029-12,TTF_M/TTF_M1,month_pair,Jan/Feb,637,0.9965294449201437,0.1020866319230552
2029-12_2030-01,2029-12,TTF_M/TTF_M1,month_pair,Feb/Mar,634,0.9967636700210701,0.10207444501920857
2029-12_2030-01,2029-12,TTF_M/TTF_M1,month_pair,Mar/Apr,634,0.9076213795470702,0.09087948969658066
2029-12_2030-01,2029-12,TTF_M/TTF_M1,month_pair,Apr/May,637,0.9797612482379444,0.07369729037271686
2029-12_2030-01,2029-12,TTF_M/TTF_M1,month_pair,May/Jun,637,0.9950188141439967,0.06743477182330024
2029-12_2030-01,2029-12,TTF_M/TTF_M1,month_pair,Jun/Jul,637,0.9913503062772845,0.06799238721141695
2029-12_2030-01,2029-12,TTF_M/TTF_M1,month_pair,Jul/Aug,637,0.9981028382528971,0.07415618376412175
2029-12_2030-01,2029-12,TTF_M/TTF_M1,month_pair,Aug/Sep,634,0.9984757196350266,0.08396284451384507
2029-12_2030-01,2029-12,TTF_M/TTF_M1,month_pair,Sep/Oct,637,0.9909688516976839,0.06747328154122768
2029-12_2030-01,2029-12,TTF_M/TTF_M1,pooled,all,7638,0.9854630152091203,1.0
2029-12_2030-01,2029-12,HH_M/HH_M1,year,2019,64,0.996457992795657,0.00043034632468773375
2029-12_2030-01,2029-12,HH_M/HH_M1,year,2020,590,0.9824152877234336,0.005422097341591072
2029-12_2030-01,2029-12,HH_M/HH_M1,year,2021,1189,0.9874646693252439,0.0376558301685911
2029-12_2030-01,2029-12,HH_M/HH_M1,year,2022,1762,0.9904696541137875,0.45046483604188264
2029-12_2030-01,2029-12,HH_M/HH_M1,year,2023,1835,0.9866783886973961,0.1905410760618714
2029-12_2030-01,2029-12,HH_M/HH_M1,year,2024,1326,0.974033597299965,0.12141166090219145
2029-12_2030-01,2029-12,HH_M/HH_M1,year,2025,725,0.9899157528338458,0.13082875749847403
2029-12_2030-01,2029-12,HH_M/HH_M1,year,2026,147,0.9254844482819381,0.06324539566071058
2029-12_2030-01,2029-12,HH_M/HH_M1,days_to_expiry,"(1095, 1460]",386,0.9949802979135024,0.013052861332503232
2029-12_2030-01,2029-12,HH_M/HH_M1,days_to_expiry,"(730, 1095]",2412,0.9911552160961807,0.10021913860866578
2029-12_2030-01,2029-12,HH_M/HH_M1,days_to_expiry,"(365, 730]",2401,0.9901375488129753,0.19603575414398805
2029-12_2030-01,2029-12,HH_M/HH_M1,days_to_expiry,"(180, 365]",1235,0.9892937420598098,0.2306089149262857
2029-12_2030-01,2029-12,HH_M/HH_M1,days_to_expiry,"(90, 180]",584,0.9938788546709442,0.16357360897100573
2029-12_2030-01,2029-12,HH_M/HH_M1,days_to_expiry,"(60, 90]",195,0.9883725166023278,0.07411713346702432
2029-12_2030-01,2029-12,HH_M/HH_M1,days_to_expiry,"(30, 60]",190,0.9926838155555652,0.08787893081965258
2029-12_2030-01,2029-12,HH_M/HH_M1,days_to_expiry,"(0, 30]",187,0.9750325377393815,0.10986929098357222
2029-12_2030-01,2029-12,HH_M/HH_M1,days_to_expiry,nan,48,0.8054379212931686,0.02464436674730228
2029-12_2030-01,2029-12,HH_M/HH_M1,month_pair,Oct/Nov,638,0.9861757886549655,0.09180637615304423
2029-12_2030-01,2029-12,HH_M/HH_M1,month_pair,Nov/Dec,638,0.9882611730095673,0.08297442394627116
2029-12_2030-01,2029-12,HH_M/HH_M1,month_pair,Dec/Jan,638,0.994078470260394,0.07605186158368817
2029-12_2030-01,2029-12,HH_M/HH_M1,month_pair,Jan/Feb,637,0.993122871528012,0.0886093982048307
2029-12_2030-01,2029-12,HH_M/HH_M1,month_pair,Feb/Mar,634,0.9358118053237008,0.11234177915990395
2029-12_2030-01,2029-12,HH_M/HH_M1,month_pair,Mar/Apr,634,0.9574042977707091,0.08794948805325842
2029-12_2030-01,2029-12,HH_M/HH_M1,month_pair,Apr/May,637,0.9949736032205239,0.08609180306797108
2029-12_2030-01,2029-12,HH_M/HH_M1,month_pair,May/Jun,637,0.9941773495441842,0.07780458082101514
2029-12_2030-01,2029-12,HH_M/HH_M1,month_pair,Jun/Jul,637,0.9913956710963416,0.07615082709495316
2029-12_2030-01,2029-12,HH_M/HH_M1,month_pair,Jul/Aug,637,0.9968063878690709,0.07363978329142519
2029-12_2030-01,2029-12,HH_M/HH_M1,month_pair,Aug/Sep,634,0.9963739178639643,0.07246044810875166
2029-12_2030-01,2029-12,HH_M/HH_M1,month_pair,Sep/Oct,637,0.9975831089776196,0.07411923051488703
2029-12_2030-01,2029-12,HH_M/HH_M1,pooled,all,7638,0.9825118073020436,1.0
2029-12_2030-01,2029-12,Brent_M/Brent_M1,year,2019,64,0.999742938608598,0.0012555400133783506
2029-12_2030-01,2029-12,Brent_M/Brent_M1,year,2020,590,0.9998095044291883,0.07045762844792751
2029-12_2030-01,2029-12,Brent_M/Brent_M1,year,2021,1189,0.9998238972081971,0.13757809039749658
2029-12_2030-01,2029-12,Brent_M/Brent_M1,year,2022,1762,0.9996480661349737,0.3295027497238862
2029-12_2030-01,2029-12,Brent_M/Brent_M1,year,2023,1835,0.9997388771382558,0.19679054006490282
2029-12_2030-01,2029-12,Brent_M/Brent_M1,year,2024,1326,0.9998308447569975,0.10231925269168561
2029-12_2030-01,2029-12,Brent_M/Brent_M1,year,2025,725,0.9996742661709913,0.1001684286151696
2029-12_2030-01,2029-12,Brent_M/Brent_M1,year,2026,147,0.9927280910032954,0.06192777004555326
2029-12_2030-01,2029-12,Brent_M/Brent_M1,days_to_expiry,"(1095, 1460]",386,0.9997560685789245,0.032786469653921915
2029-12_2030-01,2029-12,Brent_M/Brent_M1,days_to_expiry,"(730, 1095]",2412,0.9997703919237018,0.22701846179425997
2029-12_2030-01,2029-12,Brent_M/Brent_M1,days_to_expiry,"(365, 730]",2401,0.9998418618064007,0.2919876376484682
2029-12_2030-01,2029-12,Brent_M/Brent_M1,days_to_expiry,"(180, 365]",1235,0.9997956512601147,0.19674663188928457
2029-12_2030-01,2029-12,Brent_M/Brent_M1,days_to_expiry,"(90, 180]",584,0.9993267561647361,0.10807020322500589
2029-12_2030-01,2029-12,Brent_M/Brent_M1,days_to_expiry,"(60, 90]",195,0.9981173994201753,0.039165647041564264
2029-12_2030-01,2029-12,Brent_M/Brent_M1,days_to_expiry,"(30, 60]",190,0.9961065763127122,0.041891586799380216
2029-12_2030-01,2029-12,Brent_M/Brent_M1,days_to_expiry,"(0, 30]",187,0.9940436782836023,0.04962803719478074
2029-12_2030-01,2029-12,Brent_M/Brent_M1,days_to_expiry,nan,48,0.9975875550096827,0.012705324753334201
2029-12_2030-01,2029-12,Brent_M/Brent_M1,month_pair,Oct/Nov,638,0.9995066381379938,0.08139690491126772
2029-12_2030-01,2029-12,Brent_M/Brent_M1,month_pair,Nov/Dec,638,0.9996462013571766,0.0826355809386219
2029-12_2030-01,2029-12,Brent_M/Brent_M1,month_pair,Dec/Jan,638,0.999729214331869,0.095579866558688
2029-12_2030-01,2029-12,Brent_M/Brent_M1,month_pair,Jan/Feb,637,0.9997055180859679,0.08795534742951343
2029-12_2030-01,2029-12,Brent_M/Brent_M1,month_pair,Feb/Mar,634,0.9997044557075631,0.084931602127936
2029-12_2030-01,2029-12,Brent_M/Brent_M1,month_pair,Mar/Apr,634,0.9997239254836601,0.08294899561859574
2029-12_2030-01,2029-12,Brent_M/Brent_M1,month_pair,Apr/May,637,0.998442834403601,0.08611417150316872
2029-12_2030-01,2029-12,Brent_M/Brent_M1,month_pair,May/Jun,637,0.9976127642335159,0.08310289697094617
2029-12_2030-01,2029-12,Brent_M/Brent_M1,month_pair,Jun/Jul,637,0.9980813773652085,0.07326560170454367
2029-12_2030-01,2029-12,Brent_M/Brent_M1,month_pair,Jul/Aug,637,0.9986992712998689,0.08456021238710855
2029-12_2030-01,2029-12,Brent_M/Brent_M1,month_pair,Aug/Sep,634,0.9989646967615212,0.08190687722897796
2029-12_2030-01,2029-12,Brent_M/Brent_M1,month_pair,Sep/Oct,637,0.9990408551173628,0.0756019426206321
2029-12_2030-01,2029-12,Brent_M/Brent_M1,pooled,all,7638,0.9990704400494713,1.0
2029-12_2030-01,2029-12,TTF_M/HH_M,year,2019,64,0.014282230172213388,0.00043312865554040903
2029-12_2030-01,2029-12,TTF_M/HH_M,year,2020,590,0.03820602062730366,0.0077200182711357306
2029-12_2030-01,2029-12,TTF_M/HH_M,year,2021,1189,0.19727782208747324,0.09509977115350289
2029-12_2030-01,2029-12,TTF_M/HH_M,year,2022,1762,0.1221988259353927,0.525686082109142
2029-12_2030-01,2029-12,TTF_M/HH_M,year,2023,1835,0.14567744724595078,0.18355981252128614
2029-12_2030-01,2029-12,TTF_M/HH_M,year,2024,1326,0.29288136307486434,0.07592931787929018
2029-12_2030-01,2029-12,TTF_M/HH_M,year,2025,725,0.06381045302677259,0.0628944981499962
2029-12_2030-01,2029-12,TTF_M/HH_M,year,2026,147,0.33198477799653797,0.04867737126010665
2029-12_2030-01,2029-12,TTF_M/HH_M,days_to_expiry,"(1095, 1460]",386,0.10817946646359759,0.025148349411714545
2029-12_2030-01,2029-12,TTF_M/HH_M,days_to_expiry,"(730, 1095]",2412,0.12606776438932696,0.18134338253424664
2029-12_2030-01,2029-12,TTF_M/HH_M,days_to_expiry,"(365, 730]",2401,0.15862736029297245,0.29654826962721
2029-12_2030-01,2029-12,TTF_M/HH_M,days_to_expiry,"(180, 365]",1235,0.1364621827809343,0.22871903839373456
2029-12_2030-01,2029-12,TTF_M/HH_M,days_to_expiry,"(90, 180]",584,0.14040996380189355,0.11443517711012374
2029-12_2030-01,2029-12,TTF_M/HH_M,days_to_expiry,"(60, 90]",195,0.23594936792863225,0.038983961901469626
2029-12_2030-01,2029-12,TTF_M/HH_M,days_to_expiry,"(30, 60]",190,0.2622269035886683,0.04352725078433967
2029-12_2030-01,2029-12,TTF_M/HH_M,days_to_expiry,"(0, 30]",187,0.30790716490322334,0.058120109974765514
2029-12_2030-01,2029-12,TTF_M/HH_M,days_to_expiry,nan,48,0.24307791770244136,0.01317446026239591
2029-12_2030-01,2029-12,TTF_M/HH_M,month_pair,Oct/Nov,638,0.17313494427084958,0.0867889542047992
2029-12_2030-01,2029-12,TTF_M/HH_M,month_pair,Nov/Dec,638,0.047486470145538674,0.09127713969435917
2029-12_2030-01,2029-12,TTF_M/HH_M,month_pair,Dec/Jan,638,0.13543340156226177,0.08870063135229747
2029-12_2030-01,2029-12,TTF_M/HH_M,month_pair,Jan/Feb,637,0.14011477641180295,0.09652078863135792
2029-12_2030-01,2029-12,TTF_M/HH_M,month_pair,Feb/Mar,634,0.2039955702109158,0.10451212204801773
2029-12_2030-01,2029-12,TTF_M/HH_M,month_pair,Mar/Apr,634,0.17419492081787008,0.0986389725339869
2029-12_2030-01,2029-12,TTF_M/HH_M,month_pair,Apr/May,637,0.2584475380998567,0.0758624317630271
2029-12_2030-01,2029-12,TTF_M/HH_M,month_pair,May/Jun,637,0.25597259647635234,0.06822485480980449
2029-12_2030-01,2029-12,TTF_M/HH_M,month_pair,Jun/Jul,637,0.11654804171336759,0.06859137451572121
2029-12_2030-01,2029-12,TTF_M/HH_M,month_pair,Jul/Aug,637,0.11801998964961836,0.07270494433536645
2029-12_2030-01,2029-12,TTF_M/HH_M,month_pair,Aug/Sep,634,0.11353625534523051,0.08008599679107394
2029-12_2030-01,2029-12,TTF_M/HH_M,month_pair,Sep/Oct,637,0.24255020685886441,0.0680917893201886
2029-12_2030-01,2029-12,TTF_M/HH_M,pooled,all,7638,0.16379519761850458,1.0
2029-12_2030-01,2029-12,TTF_M/Brent_M,year,2019,64,0.3700063585143275,0.0005453431061413521
2029-12_2030-01,2029-12,TTF_M/Brent_M,year,2020,590,0.6496138133941823,0.016326395773038547
2029-12_2030-01,2029-12,TTF_M/Brent_M,year,2021,1189,0.10980879177517815,0.11532789016669334
2029-12_2030-01,2029-12,TTF_M/Brent_M,year,2022,1762,0.09563796354838291,0.5223073666338
2029-12_2030-01,2029-12,TTF_M/Brent_M,year,2023,1835,0.13996834929962315,0.1839264800353741
2029-12_2030-01,2029-12,TTF_M/Brent_M,year,2024,1326,0.02265741674456452,0.06607594754667186
2029-12_2030-01,2029-12,TTF_M/Brent_M,year,2025,725,0.5076001870113045,0.05013488732106061
2029-12_2030-01,2029-12,TTF_M/Brent_M,year,2026,147,0.5943554766607196,0.04535568941722023
2029-12_2030-01,2029-12,TTF_M/Brent_M,days_to_expiry,"(1095, 1460]",386,0.24482515103940897,0.02934322304205282
2029-12_2030-01,2029-12,TTF_M/Brent_M,days_to_expiry,"(730, 1095]",2412,0.21116646811972192,0.20910823985889304
2029-12_2030-01,2029-12,TTF_M/Brent_M,days_to_expiry,"(365, 730]",2401,0.1560175438950644,0.322918004554078
2029-12_2030-01,2029-12,TTF_M/Brent_M,days_to_expiry,"(180, 365]",1235,0.12477300972528965,0.22531196399534623
2029-12_2030-01,2029-12,TTF_M/Brent_M,days_to_expiry,"(90, 180]",584,0.14721514429843868,0.10111125625227277
2029-12_2030-01,2029-12,TTF_M/Brent_M,days_to_expiry,"(60, 90]",195,0.17237282164329326,0.029443856993109082
2029-12_2030-01,2029-12,TTF_M/Brent_M,days_to_expiry,"(30, 60]",190,0.24151956998032847,0.032052461035307185
2029-12_2030-01,2029-12,TTF_M/Brent_M,days_to_expiry,"(0, 30]",187,0.2940359863698757,0.042546333074344876
2029-12_2030-01,2029-12,TTF_M/Brent_M,days_to_expiry,nan,48,0.1011019132851121,0.008164661194596124
2029-12_2030-01,2029-12,TTF_M/Brent_M,month_pair,Oct/Nov,638,0.17135702892147076,0.08437279185600424
2029-12_2030-01,2029-12,TTF_M/Brent_M,month_pair,Nov/Dec,638,0.1295808746920169,0.09177381472887221
2029-12_2030-01,2029-12,TTF_M/Brent_M,month_pair,Dec/Jan,638,0.14695305163256644,0.09316744158982428
2029-12_2030-01,2029-12,TTF_M/Brent_M,month_pair,Jan/Feb,637,0.17523159189879026,0.09842738003493974
2029-12_2030-01,2029-12,TTF_M/Brent_M,month_pair,Feb/Mar,634,0.17240515183179855,0.09761501134874538
2029-12_2030-01,2029-12,TTF_M/Brent_M,month_pair,Mar/Apr,634,0.1318104721675261,0.09803153728850304
2029-12_2030-01,2029-12,TTF_M/Brent_M,month_pair,Apr/May,637,0.19983584309403046,0.07526020031115312
2029-12_2030-01,2029-12,TTF_M/Brent_M,month_pair,May/Jun,637,0.2613642138574647,0.06792532512755801
2029-12_2030-01,2029-12,TTF_M/Brent_M,month_pair,Jun/Jul,637,0.11295895531478907,0.06722758102187505
2029-12_2030-01,2029-12,TTF_M/Brent_M,month_pair,Jul/Aug,637,0.17767878197168857,0.07469462687210389
2029-12_2030-01,2029-12,TTF_M/Brent_M,month_pair,Aug/Sep,634,0.21069789940942268,0.08324646568353142
2029-12_2030-01,2029-12,TTF_M/Brent_M,month_pair,Sep/Oct,637,0.2045510903749063,0.06825782413688962
2029-12_2030-01,2029-12,TTF_M/Brent_M,pooled,all,7638,0.17285041185816824,1.0
2029-12_2030-01,2029-12,HH_M/Brent_M,year,2019,64,0.08190243004730322,0.0006885490007220609
2029-12_2030-01,2029-12,HH_M/Brent_M,year,2020,590,0.10823350874054945,0.026837708942190733
2029-12_2030-01,2029-12,HH_M/Brent_M,year,2021,1189,0.10246239481264181,0.06967186939146351
2029-12_2030-01,2029-12,HH_M/Brent_M,year,2022,1762,0.34512103657361165,0.40072478698853936
2029-12_2030-01,2029-12,HH_M/Brent_M,year,2023,1835,0.2258298232619976,0.19117386234374265
2029-12_2030-01,2029-12,HH_M/Brent_M,year,2024,1326,0.03768077241231375,0.11930275211683229
2029-12_2030-01,2029-12,HH_M/Brent_M,year,2025,725,0.19205368192379157,0.1218414345083569
2029-12_2030-01,2029-12,HH_M/Brent_M,year,2026,147,0.141717921103914,0.0697590367081525
2029-12_2030-01,2029-12,HH_M/Brent_M,days_to_expiry,"(1095, 1460]",386,0.2001536572929957,0.01898318515833805
2029-12_2030-01,2029-12,HH_M/Brent_M,days_to_expiry,"(730, 1095]",2412,0.23747250300186062,0.13787848407306919
2029-12_2030-01,2029-12,HH_M/Brent_M,days_to_expiry,"(365, 730]",2401,0.30194070638895226,0.2232360129842619
2029-12_2030-01,2029-12,HH_M/Brent_M,days_to_expiry,"(180, 365]",1235,0.24818303530028918,0.215710453999188
2029-12_2030-01,2029-12,HH_M/Brent_M,days_to_expiry,"(90, 180]",584,0.23250980613104702,0.14530662983350195
2029-12_2030-01,2029-12,HH_M/Brent_M,days_to_expiry,"(60, 90]",195,0.1463190032498796,0.06442409843585485
2029-12_2030-01,2029-12,HH_M/Brent_M,days_to_expiry,"(30, 60]",190,0.12421537141307123,0.07348532384997462
2029-12_2030-01,2029-12,HH_M/Brent_M,days_to_expiry,"(0, 30]",187,0.15106714738603924,0.09464092903286217
2029-12_2030-01,2029-12,HH_M/Brent_M,days_to_expiry,nan,48,0.10479773466202046,0.026334882632949263
2029-12_2030-01,2029-12,HH_M/Brent_M,month_pair,Oct/Nov,638,0.2718889210698107,0.08931147531708458
2029-12_2030-01,2029-12,HH_M/Brent_M,month_pair,Nov/Dec,638,0.22433950739503514,0.08380688102943956
2029-12_2030-01,2029-12,HH_M/Brent_M,month_pair,Dec/Jan,638,0.2139991828858522,0.08128675453809223
2029-12_2030-01,2029-12,HH_M/Brent_M,month_pair,Jan/Feb,637,0.20546977496185673,0.08541080712396057
2029-12_2030-01,2029-12,HH_M/Brent_M,month_pair,Feb/Mar,634,0.21359151162902792,0.10899281573333118
2029-12_2030-01,2029-12,HH_M/Brent_M,month_pair,Mar/Apr,634,0.21901984033625685,0.08933919367301042
2029-12_2030-01,2029-12,HH_M/Brent_M,month_pair,Apr/May,637,0.23592693861966277,0.08457362737789055
2029-12_2030-01,2029-12,HH_M/Brent_M,month_pair,May/Jun,637,0.27287405001885734,0.07956806723618433
2029-12_2030-01,2029-12,HH_M/Brent_M,month_pair,Jun/Jul,637,0.21334261515841546,0.07571706935852937
2029-12_2030-01,2029-12,HH_M/Brent_M,month_pair,Jul/Aug,637,0.23792686599384277,0.07567843947040144
2029-12_2030-01,2029-12,HH_M/Brent_M,month_pair,Aug/Sep,634,0.16258960777251463,0.07320504282467892
2029-12_2030-01,2029-12,HH_M/Brent_M,month_pair,Sep/Oct,637,0.20726559159522867,0.07310982631739685
2029-12_2030-01,2029-12,HH_M/Brent_M,pooled,all,7638,0.22282476826662306,1.0
2030-01_2030-02,2030-01,TTF_M/TTF_M1,year,2019,88,0.9866846646931131,0.0006454949574489506
2030-01_2030-02,2030-01,TTF_M/TTF_M1,year,2020,638,0.9865544774680922,0.008887088296539728
2030-01_2030-02,2030-01,TTF_M/TTF_M1,year,2021,1239,0.9558612614790952,0.1069594710263491
2030-01_2030-02,2030-01,TTF_M/TTF_M1,year,2022,1810,0.9869071133466348,0.5618178354486427
2030-01_2030-02,2030-01,TTF_M/TTF_M1,year,2023,1859,0.9877644788257961,0.1786835492709589
2030-01_2030-02,2030-01,TTF_M/TTF_M1,year,2024,1326,0.9955624074590642,0.0596726657039302
2030-01_2030-02,2030-01,TTF_M/TTF_M1,year,2025,725,0.9943391031392965,0.042195047816250955
2030-01_2030-02,2030-01,TTF_M/TTF_M1,year,2026,147,0.995076183987661,0.04113884747987942
2030-01_2030-02,2030-01,TTF_M/TTF_M1,days_to_expiry,"(1095, 1460]",580,0.9868387083688284,0.0428913459855809
2030-01_2030-02,2030-01,TTF_M/TTF_M1,days_to_expiry,"(730, 1095]",2412,0.9836211423106326,0.20677100118486777
2030-01_2030-02,2030-01,TTF_M/TTF_M1,days_to_expiry,"(365, 730]",2401,0.9778694599072129,0.32015161115588003
2030-01_2030-02,2030-01,TTF_M/TTF_M1,days_to_expiry,"(180, 365]",1235,0.9901451528152165,0.2289512025574933
2030-01_2030-02,2030-01,TTF_M/TTF_M1,days_to_expiry,"(90, 180]",584,0.9969903309595645,0.09944522296574078
2030-01_2030-02,2030-01,TTF_M/TTF_M1,days_to_expiry,"(60, 90]",195,0.9953435015713061,0.027241893711511835
2030-01_2030-02,2030-01,TTF_M/TTF_M1,days_to_expiry,"(30, 60]",190,0.9925496960334068,0.029057822186179902
2030-01_2030-02,2030-01,TTF_M/TTF_M1,days_to_expiry,"(0, 30]",187,0.9854042182959604,0.03834647527149961
2030-01_2030-02,2030-01,TTF_M/TTF_M1,days_to_expiry,nan,48,0.9859623630705328,0.007143424981245968
2030-01_2030-02,2030-01,TTF_M/TTF_M1,month_pair,Oct/Nov,654,0.9915972916319136,0.08237892118397681
2030-01_2030-02,2030-01,TTF_M/TTF_M1,month_pair,Nov/Dec,654,0.9961887625867428,0.09637712215573518
2030-01_2030-02,2030-01,TTF_M/TTF_M1,month_pair,Dec/Jan,654,0.9947525780088226,0.0954348946684298
2030-01_2030-02,2030-01,TTF_M/TTF_M1,month_pair,Jan/Feb,653,0.9965365065552938,0.10134393618687461
2030-01_2030-02,2030-01,TTF_M/TTF_M1,month_pair,Feb/Mar,651,0.9967573333777945,0.10080915362493842
2030-01_2030-02,2030-01,TTF_M/TTF_M1,month_pair,Mar/Apr,650,0.9048456005804957,0.09036936246775454
2030-01_2030-02,2030-01,TTF_M/TTF_M1,month_pair,Apr/May,651,0.9798315906241631,0.07301563190251595
2030-01_2030-02,2030-01,TTF_M/TTF_M1,month_pair,May/Jun,653,0.9950284714655753,0.06708427455828055
2030-01_2030-02,2030-01,TTF_M/TTF_M1,month_pair,Jun/Jul,653,0.9913855685590071,0.06754906859134206
2030-01_2030-02,2030-01,TTF_M/TTF_M1,month_pair,Jul/Aug,653,0.9981316811891804,0.07454977636744839
2030-01_2030-02,2030-01,TTF_M/TTF_M1,month_pair,Aug/Sep,653,0.9984848319137958,0.08347316220812286
2030-01_2030-02,2030-01,TTF_M/TTF_M1,month_pair,Sep/Oct,653,0.9909849666530114,0.06761469608458089
2030-01_2030-02,2030-01,TTF_M/TTF_M1,pooled,all,7832,0.9853353655833328,1.0
2030-01_2030-02,2030-01,HH_M/HH_M1,year,2019,88,0.9940562076472146,0.0005942206162286624
2030-01_2030-02,2030-01,HH_M/HH_M1,year,2020,638,0.9813014636104678,0.00571109173700563
2030-01_2030-02,2030-01,HH_M/HH_M1,year,2021,1239,0.9875644646863063,0.0382407961336236
2030-01_2030-02,2030-01,HH_M/HH_M1,year,2022,1810,0.9905190227573741,0.4517742340762114
2030-01_2030-02,2030-01,HH_M/HH_M1,year,2023,1859,0.986742046202186,0.19048672978068631
2030-01_2030-02,2030-01,HH_M/HH_M1,year,2024,1326,0.974033597299965,0.12052926576967067
2030-01_2030-02,2030-01,HH_M/HH_M1,year,2025,725,0.9899157528338458,0.12987792083293007
2030-01_2030-02,2030-01,HH_M/HH_M1,year,2026,147,0.9254844482819381,0.06278574105364347
2030-01_2030-02,2030-01,HH_M/HH_M1,days_to_expiry,"(1095, 1460]",580,0.9948392653923411,0.020225791385054655
2030-01_2030-02,2030-01,HH_M/HH_M1,days_to_expiry,"(730, 1095]",2412,0.9911552160961807,0.0994907663960086
2030-01_2030-02,2030-01,HH_M/HH_M1,days_to_expiry,"(365, 730]",2401,0.9901375488129753,0.19461100635640902
2030-01_2030-02,2030-01,HH_M/HH_M1,days_to_expiry,"(180, 365]",1235,0.9892937420598098,0.22893289647357065
2030-01_2030-02,2030-01,HH_M/HH_M1,days_to_expiry,"(90, 180]",584,0.9938788546709442,0.162384789418647
2030-01_2030-02,2030-01,HH_M/HH_M1,days_to_expiry,"(60, 90]",195,0.9883725166023278,0.0735784652919766
2030-01_2030-02,2030-01,HH_M/HH_M1,days_to_expiry,"(30, 60]",190,0.9926838155555652,0.0872402447146263
2030-01_2030-02,2030-01,HH_M/HH_M1,days_to_expiry,"(0, 30]",187,0.9750325377393815,0.10907078343613397
2030-01_2030-02,2030-01,HH_M/HH_M1,days_to_expiry,nan,48,0.8054379212931686,0.024465256527573094
2030-01_2030-02,2030-01,HH_M/HH_M1,month_pair,Oct/Nov,654,0.9862840355556125,0.09198276479632937
2030-01_2030-02,2030-01,HH_M/HH_M1,month_pair,Nov/Dec,654,0.9882763754569627,0.08263154877488575
2030-01_2030-02,2030-01,HH_M/HH_M1,month_pair,Dec/Jan,654,0.9940898191766777,0.07602682510518083
2030-01_2030-02,2030-01,HH_M/HH_M1,month_pair,Jan/Feb,653,0.993096432721619,0.08825696484620289
2030-01_2030-02,2030-01,HH_M/HH_M1,month_pair,Feb/Mar,651,0.93589076804906,0.1118013833917237
2030-01_2030-02,2030-01,HH_M/HH_M1,month_pair,Mar/Apr,650,0.9572424016569183,0.08756327916074504
2030-01_2030-02,2030-01,HH_M/HH_M1,month_pair,Apr/May,651,0.994969879921412,0.08579348384179014
2030-01_2030-02,2030-01,HH_M/HH_M1,month_pair,May/Jun,653,0.9941861703946357,0.0776153917433104
2030-01_2030-02,2030-01,HH_M/HH_M1,month_pair,Jun/Jul,653,0.9914322527228249,0.07610862294717155
2030-01_2030-02,2030-01,HH_M/HH_M1,month_pair,Jul/Aug,653,0.9968550287332494,0.07437169106663823
2030-01_2030-02,2030-01,HH_M/HH_M1,month_pair,Aug/Sep,653,0.9964035765556628,0.07274087151232925
2030-01_2030-02,2030-01,HH_M/HH_M1,month_pair,Sep/Oct,653,0.9976024736006732,0.07510717281369272
2030-01_2030-02,2030-01,HH_M/HH_M1,pooled,all,7832,0.9825846136261653,1.0
2030-01_2030-02,2030-01,Brent_M/Brent_M1,year,2019,88,0.9997461230973775,0.001765937698801956
2030-01_2030-02,2030-01,Brent_M/Brent_M1,year,2020,638,0.9998084020580107,0.07411210928193447
2030-01_2030-02,2030-01,Brent_M/Brent_M1,year,2021,1239,0.9998242525726011,0.14060002172583538
2030-01_2030-02,2030-01,Brent_M/Brent_M1,year,2022,1810,0.9996480149436043,0.3286660347588936
2030-01_2030-02,2030-01,Brent_M/Brent_M1,year,2023,1859,0.9997377121053084,0.1945227305663577
2030-01_2030-02,2030-01,Brent_M/Brent_M1,year,2024,1326,0.9998308447569975,0.10073955533416595
2030-01_2030-02,2030-01,Brent_M/Brent_M1,year,2025,725,0.9996742661709913,0.09862193762908816
2030-01_2030-02,2030-01,Brent_M/Brent_M1,year,2026,147,0.9927280910032954,0.06097167300492276
2030-01_2030-02,2030-01,Brent_M/Brent_M1,days_to_expiry,"(1095, 1460]",580,0.9997611968347803,0.04771918874491192
2030-01_2030-02,2030-01,Brent_M/Brent_M1,days_to_expiry,"(730, 1095]",2412,0.9997703919237018,0.2235135450286422
2030-01_2030-02,2030-01,Brent_M/Brent_M1,days_to_expiry,"(365, 730]",2401,0.9998418618064007,0.28747966786284473
2030-01_2030-02,2030-01,Brent_M/Brent_M1,days_to_expiry,"(180, 365]",1235,0.9997956512601147,0.1937090790698468
2030-01_2030-02,2030-01,Brent_M/Brent_M1,days_to_expiry,"(90, 180]",584,0.9993267561647361,0.10640171748092436
2030-01_2030-02,2030-01,Brent_M/Brent_M1,days_to_expiry,"(60, 90]",195,0.9981173994201753,0.03856097228574352
2030-01_2030-02,2030-01,Brent_M/Brent_M1,days_to_expiry,"(30, 60]",190,0.9961065763127122,0.04124482651499179
2030-01_2030-02,2030-01,Brent_M/Brent_M1,days_to_expiry,"(0, 30]",187,0.9940436782836023,0.04886183457745208
2030-01_2030-02,2030-01,Brent_M/Brent_M1,days_to_expiry,nan,48,0.9975875550096827,0.012509168434642655
2030-01_2030-02,2030-01,Brent_M/Brent_M1,month_pair,Oct/Nov,654,0.9995123510900185,0.08204566823461319
2030-01_2030-02,2030-01,Brent_M/Brent_M1,month_pair,Nov/Dec,654,0.9996470704387996,0.08243212958981051
2030-01_2030-02,2030-01,Brent_M/Brent_M1,month_pair,Dec/Jan,654,0.9997300065610247,0.09536980233300998
2030-01_2030-02,2030-01,Brent_M/Brent_M1,month_pair,Jan/Feb,653,0.9997050839699249,0.08744168857733504
2030-01_2030-02,2030-01,Brent_M/Brent_M1,month_pair,Feb/Mar,651,0.999706036544199,0.08508455495888541
2030-01_2030-02,2030-01,Brent_M/Brent_M1,month_pair,Mar/Apr,650,0.9997229252953962,0.08344244371125727
2030-01_2030-02,2030-01,Brent_M/Brent_M1,month_pair,Apr/May,651,0.9984500798807764,0.0853623378300602
2030-01_2030-02,2030-01,Brent_M/Brent_M1,month_pair,May/Jun,653,0.9976265291109866,0.08263347183694998
2030-01_2030-02,2030-01,Brent_M/Brent_M1,month_pair,Jun/Jul,653,0.9981304664437111,0.07441838378319392
2030-01_2030-02,2030-01,Brent_M/Brent_M1,month_pair,Jul/Aug,653,0.9987058366590831,0.08420490829780554
2030-01_2030-02,2030-01,Brent_M/Brent_M1,month_pair,Aug/Sep,653,0.9989758829855436,0.08214067537993976
2030-01_2030-02,2030-01,Brent_M/Brent_M1,month_pair,Sep/Oct,653,0.9990446023463391,0.07542393546713928
2030-01_2030-02,2030-01,Brent_M/Brent_M1,pooled,all,7832,0.9990790656459033,1.0
2030-01_2030-02,2030-01,TTF_M/HH_M,year,2019,88,0.022477239650622642,0.0006248249690855491
2030-01_2030-02,2030-01,TTF_M/HH_M,year,2020,638,0.05230019267967888,0.008101450687633
2030-01_2030-02,2030-01,TTF_M/HH_M,year,2021,1239,0.19716633918245063,0.09471941086404563
2030-01_2030-02,2030-01,TTF_M/HH_M,year,2022,1810,0.12081181318004552,0.5284850401504999
2030-01_2030-02,2030-01,TTF_M/HH_M,year,2023,1859,0.14344543529990716,0.18277835906414203
2030-01_2030-02,2030-01,TTF_M/HH_M,year,2024,1326,0.29288136307486434,0.07503425942378844
2030-01_2030-02,2030-01,TTF_M/HH_M,year,2025,725,0.06381045302677259,0.06215309477714901
2030-01_2030-02,2030-01,TTF_M/HH_M,year,2026,147,0.33198477799653797,0.04810356006365654
2030-01_2030-02,2030-01,TTF_M/HH_M,days_to_expiry,"(1095, 1460]",580,0.09226998752796615,0.03663994761237284
2030-01_2030-02,2030-01,TTF_M/HH_M,days_to_expiry,"(730, 1095]",2412,0.12606776438932696,0.17920569800842745
2030-01_2030-02,2030-01,TTF_M/HH_M,days_to_expiry,"(365, 730]",2401,0.15862736029297245,0.2930525443447017
2030-01_2030-02,2030-01,TTF_M/HH_M,days_to_expiry,"(180, 365]",1235,0.1364621827809343,0.22602288735529125
2030-01_2030-02,2030-01,TTF_M/HH_M,days_to_expiry,"(90, 180]",584,0.14040996380189355,0.11308620973177735
2030-01_2030-02,2030-01,TTF_M/HH_M,days_to_expiry,"(60, 90]",195,0.23594936792863225,0.03852441708132071
2030-01_2030-02,2030-01,TTF_M/HH_M,days_to_expiry,"(30, 60]",190,0.2622269035886683,0.043014149456059546
2030-01_2030-02,2030-01,TTF_M/HH_M,days_to_expiry,"(0, 30]",187,0.30790716490322334,0.05743498731963636
2030-01_2030-02,2030-01,TTF_M/HH_M,days_to_expiry,nan,48,0.24307791770244136,0.013019159090412834
2030-01_2030-02,2030-01,TTF_M/HH_M,month_pair,Oct/Nov,654,0.16883315078054256,0.0863100390041423
2030-01_2030-02,2030-01,TTF_M/HH_M,month_pair,Nov/Dec,654,0.05461674283767758,0.09330548630964745
2030-01_2030-02,2030-01,TTF_M/HH_M,month_pair,Dec/Jan,654,0.12700177234548077,0.09017111858975975
2030-01_2030-02,2030-01,TTF_M/HH_M,month_pair,Jan/Feb,653,0.14160793479148087,0.0959313520769912
2030-01_2030-02,2030-01,TTF_M/HH_M,month_pair,Feb/Mar,651,0.2032043175418589,0.10343491174334647
2030-01_2030-02,2030-01,TTF_M/HH_M,month_pair,Mar/Apr,650,0.1717959022042235,0.09788718019861542
2030-01_2030-02,2030-01,TTF_M/HH_M,month_pair,Apr/May,651,0.25648730820786964,0.07529616513999629
2030-01_2030-02,2030-01,TTF_M/HH_M,month_pair,May/Jun,653,0.2560995535118932,0.06793720123807706
2030-01_2030-02,2030-01,TTF_M/HH_M,month_pair,Jun/Jul,653,0.11499214770729148,0.0682824000768096
2030-01_2030-02,2030-01,TTF_M/HH_M,month_pair,Jul/Aug,653,0.11580842112785134,0.07318877085404799
2030-01_2030-02,2030-01,TTF_M/HH_M,month_pair,Aug/Sep,653,0.1158876615825141,0.0798264495884891
2030-01_2030-02,2030-01,TTF_M/HH_M,month_pair,Sep/Oct,653,0.24345284074818332,0.06842892518007737
2030-01_2030-02,2030-01,TTF_M/HH_M,pooled,all,7832,0.16277064641906944,1.0
2030-01_2030-02,2030-01,TTF_M/Brent_M,year,2019,88,0.41123576916627214,0.0007877658724620367
2030-01_2030-02,2030-01,TTF_M/Brent_M,year,2020,638,0.6459356968010109,0.017162078626167285
2030-01_2030-02,2030-01,TTF_M/Brent_M,year,2021,1239,0.11382674699779226,0.1150513737595827
2030-01_2030-02,2030-01,TTF_M/Brent_M,year,2022,1810,0.09446583544972396,0.5248256704651246
2030-01_2030-02,2030-01,TTF_M/Brent_M,year,2023,1859,0.1405975820020297,0.1827848016209987
2030-01_2030-02,2030-01,TTF_M/Brent_M,year,2024,1326,0.02265741674456452,0.06518512194881232
2030-01_2030-02,2030-01,TTF_M/Brent_M,year,2025,725,0.5076001870113045,0.04945897660574536
2030-01_2030-02,2030-01,TTF_M/Brent_M,year,2026,147,0.5943554766607196,0.04474421110110697
2030-01_2030-02,2030-01,TTF_M/Brent_M,days_to_expiry,"(1095, 1460]",580,0.22262392502357706,0.042429466005715406
2030-01_2030-02,2030-01,TTF_M/Brent_M,days_to_expiry,"(730, 1095]",2412,0.21116646811972192,0.20628907525049936
2030-01_2030-02,2030-01,TTF_M/Brent_M,days_to_expiry,"(365, 730]",2401,0.1560175438950644,0.31856447448531416
2030-01_2030-02,2030-01,TTF_M/Brent_M,days_to_expiry,"(180, 365]",1235,0.12477300972528965,0.22227434331061388
2030-01_2030-02,2030-01,TTF_M/Brent_M,days_to_expiry,"(90, 180]",584,0.14721514429843868,0.09974809009808877
2030-01_2030-02,2030-01,TTF_M/Brent_M,days_to_expiry,"(60, 90]",195,0.17237282164329326,0.029046899514888275
2030-01_2030-02,2030-01,TTF_M/Brent_M,days_to_expiry,"(30, 60]",190,0.24151956998032847,0.031620334765086404
2030-01_2030-02,2030-01,TTF_M/Brent_M,days_to_expiry,"(0, 30]",187,0.2940359863698757,0.04197273006137388
2030-01_2030-02,2030-01,TTF_M/Brent_M,days_to_expiry,nan,48,0.1011019132851121,0.008054586508419899
2030-01_2030-02,2030-01,TTF_M/Brent_M,month_pair,Oct/Nov,654,0.16658396264840694,0.08388347873205909
2030-01_2030-02,2030-01,TTF_M/Brent_M,month_pair,Nov/Dec,654,0.12288602349562253,0.09409834439781423
2030-01_2030-02,2030-01,TTF_M/Brent_M,month_pair,Dec/Jan,654,0.15206875081966487,0.094771364258411
2030-01_2030-02,2030-01,TTF_M/Brent_M,month_pair,Jan/Feb,653,0.17591167140981626,0.09775286138397347
2030-01_2030-02,2030-01,TTF_M/Brent_M,month_pair,Feb/Mar,651,0.1696475575654911,0.09659270726801755
2030-01_2030-02,2030-01,TTF_M/Brent_M,month_pair,Mar/Apr,650,0.13488995020425742,0.09734467463410472
2030-01_2030-02,2030-01,TTF_M/Brent_M,month_pair,Apr/May,651,0.19972155300919792,0.0746113313803163
2030-01_2030-02,2030-01,TTF_M/Brent_M,month_pair,May/Jun,653,0.26243936177785293,0.0676043956548352
2030-01_2030-02,2030-01,TTF_M/Brent_M,month_pair,Jun/Jul,653,0.11903691591174512,0.06705085042196679
2030-01_2030-02,2030-01,TTF_M/Brent_M,month_pair,Jul/Aug,653,0.17707551034281604,0.07501241276299841
2030-01_2030-02,2030-01,TTF_M/Brent_M,month_pair,Aug/Sep,653,0.21062599062373402,0.08289580995112886
2030-01_2030-02,2030-01,TTF_M/Brent_M,month_pair,Sep/Oct,653,0.20660519025533644,0.06838176915437431
2030-01_2030-02,2030-01,TTF_M/Brent_M,pooled,all,7832,0.17286669201710034,1.0
2030-01_2030-02,2030-01,HH_M/Brent_M,year,2019,88,0.16890044218550374,0.0009624062600904825
2030-01_2030-02,2030-01,HH_M/Brent_M,year,2020,638,0.11587027309289752,0.02835409837037645
2030-01_2030-02,2030-01,HH_M/Brent_M,year,2021,1239,0.10434324319142244,0.07126659857024703
2030-01_2030-02,2030-01,HH_M/Brent_M,year,2022,1810,0.346790405702971,0.4011048023634829
2030-01_2030-02,2030-01,HH_M/Brent_M,year,2023,1859,0.2245285360790082,0.19040925093904532
2030-01_2030-02,2030-01,HH_M/Brent_M,year,2024,1326,0.03768077241231375,0.11815141773032282
2030-01_2030-02,2030-01,HH_M/Brent_M,year,2025,725,0.19205368192379157,0.12066560049981921
2030-01_2030-02,2030-01,HH_M/Brent_M,year,2026,147,0.141717921103914,0.06908582526661577
2030-01_2030-02,2030-01,HH_M/Brent_M,days_to_expiry,"(1095, 1460]",580,0.23242164417979075,0.02845051405587349
2030-01_2030-02,2030-01,HH_M/Brent_M,days_to_expiry,"(730, 1095]",2412,0.23747250300186062,0.13654788409061727
2030-01_2030-02,2030-01,HH_M/Brent_M,days_to_expiry,"(365, 730]",2401,0.30194070638895226,0.22108166789585726
2030-01_2030-02,2030-01,HH_M/Brent_M,days_to_expiry,"(180, 365]",1235,0.24818303530028918,0.2136287345181854
2030-01_2030-02,2030-01,HH_M/Brent_M,days_to_expiry,"(90, 180]",584,0.23250980613104702,0.14390434433256663
2030-01_2030-02,2030-01,HH_M/Brent_M,days_to_expiry,"(60, 90]",195,0.1463190032498796,0.0638023719581921
2030-01_2030-02,2030-01,HH_M/Brent_M,days_to_expiry,"(30, 60]",190,0.12421537141307123,0.07277615177513928
2030-01_2030-02,2030-01,HH_M/Brent_M,days_to_expiry,"(0, 30]",187,0.15106714738603924,0.09372759422680481
2030-01_2030-02,2030-01,HH_M/Brent_M,days_to_expiry,nan,48,0.10479773466202046,0.026080737146763722
2030-01_2030-02,2030-01,HH_M/Brent_M,month_pair,Oct/Nov,654,0.2770638553288276,0.08962040197781425
2030-01_2030-02,2030-01,HH_M/Brent_M,month_pair,Nov/Dec,654,0.2228548077822887,0.0835233196187118
2030-01_2030-02,2030-01,HH_M/Brent_M,month_pair,Dec/Jan,654,0.2160019145243393,0.0812527638095941
2030-01_2030-02,2030-01,HH_M/Brent_M,month_pair,Jan/Feb,653,0.2069625111446618,0.08504980620658906
2030-01_2030-02,2030-01,HH_M/Brent_M,month_pair,Feb/Mar,651,0.21364116461870042,0.10860437927856385
2030-01_2030-02,2030-01,HH_M/Brent_M,month_pair,Mar/Apr,650,0.21340092230452107,0.08919635620927899
2030-01_2030-02,2030-01,HH_M/Brent_M,month_pair,Apr/May,651,0.23639846246513696,0.08415032266087961
2030-01_2030-02,2030-01,HH_M/Brent_M,month_pair,May/Jun,653,0.27235128421264,0.07930071305429034
2030-01_2030-02,2030-01,HH_M/Brent_M,month_pair,Jun/Jul,653,0.2095029999367506,0.07607513318693075
2030-01_2030-02,2030-01,HH_M/Brent_M,month_pair,Jul/Aug,653,0.24001819975064373,0.07605478970928285
2030-01_2030-02,2030-01,HH_M/Brent_M,month_pair,Aug/Sep,653,0.16450684613003777,0.07348900520175027
2030-01_2030-02,2030-01,HH_M/Brent_M,month_pair,Sep/Oct,653,0.21233129614018265,0.07368300908631412
2030-01_2030-02,2030-01,HH_M/Brent_M,pooled,all,7832,0.223325645934225,1.0
2030-02_2030-03,2030-02,TTF_M/TTF_M1,year,2019,119,0.9781480249035955,0.0008137221091025359
2030-02_2030-03,2030-02,TTF_M/TTF_M1,year,2020,688,0.9866409328316461,0.00962996482393355
2030-02_2030-03,2030-02,TTF_M/TTF_M1,year,2021,1295,0.9559882535809953,0.10648773147569399
2030-02_2030-03,2030-02,TTF_M/TTF_M1,year,2022,1861,0.9868966146021237,0.5638176908503713
2030-02_2030-03,2030-02,TTF_M/TTF_M1,year,2023,1879,0.9876082059515303,0.17773906899463784
2030-02_2030-03,2030-02,TTF_M/TTF_M1,year,2024,1326,0.9955624074590642,0.059048952531731806
2030-02_2030-03,2030-02,TTF_M/TTF_M1,year,2025,725,0.9943391031392965,0.04175401494443133
2030-02_2030-03,2030-02,TTF_M/TTF_M1,year,2026,147,0.995076183987661,0.04070885427009775
2030-02_2030-03,2030-02,TTF_M/TTF_M1,days_to_expiry,"(1095, 1460]",788,0.9860728059038504,0.052895277730405615
2030-02_2030-03,2030-02,TTF_M/TTF_M1,days_to_expiry,"(730, 1095]",2412,0.9836211423106326,0.20460978053976497
2030-02_2030-03,2030-02,TTF_M/TTF_M1,days_to_expiry,"(365, 730]",2401,0.9778694599072129,0.3168053088812473
2030-02_2030-03,2030-02,TTF_M/TTF_M1,days_to_expiry,"(180, 365]",1235,0.9901451528152165,0.22655814906907898
2030-02_2030-03,2030-02,TTF_M/TTF_M1,days_to_expiry,"(90, 180]",584,0.9969903309595645,0.0984057973804371
2030-02_2030-03,2030-02,TTF_M/TTF_M1,days_to_expiry,"(60, 90]",195,0.9953435015713061,0.02695715483244447
2030-02_2030-03,2030-02,TTF_M/TTF_M1,days_to_expiry,"(30, 60]",190,0.9925496960334068,0.028754102782343628
2030-02_2030-03,2030-02,TTF_M/TTF_M1,days_to_expiry,"(0, 30]",187,0.9854042182959604,0.03794566861317332
2030-02_2030-03,2030-02,TTF_M/TTF_M1,days_to_expiry,nan,48,0.9859623630705328,0.007068760171104585
2030-02_2030-03,2030-02,TTF_M/TTF_M1,month_pair,Oct/Nov,670,0.9916283020371713,0.0819996587053266
2030-02_2030-03,2030-02,TTF_M/TTF_M1,month_pair,Nov/Dec,671,0.9961799966022155,0.09565317200491716
2030-02_2030-03,2030-02,TTF_M/TTF_M1,month_pair,Dec/Jan,672,0.9946311524430929,0.097957462749479
2030-02_2030-03,2030-02,TTF_M/TTF_M1,month_pair,Jan/Feb,671,0.9965294832206171,0.10136588260240419
2030-02_2030-03,2030-02,TTF_M/TTF_M1,month_pair,Feb/Mar,670,0.9967402936097679,0.10028906373420404
2030-02_2030-03,2030-02,TTF_M/TTF_M1,month_pair,Mar/Apr,669,0.9044934403970114,0.08971132536261447
2030-02_2030-03,2030-02,TTF_M/TTF_M1,month_pair,Apr/May,669,0.9798293569281039,0.07268277293149503
2030-02_2030-03,2030-02,TTF_M/TTF_M1,month_pair,May/Jun,669,0.9950429192642384,0.06683471117164598
2030-02_2030-03,2030-02,TTF_M/TTF_M1,month_pair,Jun/Jul,670,0.9911454514240068,0.06795913772560501
2030-02_2030-03,2030-02,TTF_M/TTF_M1,month_pair,Jul/Aug,670,0.9981419847846855,0.07447633729800665
2030-02_2030-03,2030-02,TTF_M/TTF_M1,month_pair,Aug/Sep,669,0.9983620078867849,0.08349505176124224
2030-02_2030-03,2030-02,TTF_M/TTF_M1,month_pair,Sep/Oct,670,0.990710743613144,0.06757542395305959
2030-02_2030-03,2030-02,TTF_M/TTF_M1,pooled,all,8040,0.9853060946993067,1.0
2030-02_2030-03,2030-02,HH_M/HH_M1,year,2019,119,0.9925774707129814,0.0007753460892437168
2030-02_2030-03,2030-02,HH_M/HH_M1,year,2020,688,0.9803552106873453,0.005984153844922659
2030-02_2030-03,2030-02,HH_M/HH_M1,year,2021,1295,0.987335940355853,0.038906081983765946
2030-02_2030-03,2030-02,HH_M/HH_M1,year,2022,1861,0.990549829153274,0.45266690946943094
2030-02_2030-03,2030-02,HH_M/HH_M1,year,2023,1879,0.9867944888871972,0.1902392692163797
2030-02_2030-03,2030-02,HH_M/HH_M1,year,2024,1326,0.974033597299965,0.11985014257911746
2030-02_2030-03,2030-02,HH_M/HH_M1,year,2025,725,0.9899157528338458,0.12914612256455738
2030-02_2030-03,2030-02,HH_M/HH_M1,year,2026,147,0.9254844482819381,0.06243197425258222
2030-02_2030-03,2030-02,HH_M/HH_M1,days_to_expiry,"(1095, 1460]",788,0.9942590636259453,0.025746337638508934
2030-02_2030-03,2030-02,HH_M/HH_M1,days_to_expiry,"(730, 1095]",2412,0.9911552160961807,0.09893018481215858
2030-02_2030-03,2030-02,HH_M/HH_M1,days_to_expiry,"(365, 730]",2401,0.9901375488129753,0.19351446895771532
2030-02_2030-03,2030-02,HH_M/HH_M1,days_to_expiry,"(180, 365]",1235,0.9892937420598098,0.22764297208812864
2030-02_2030-03,2030-02,HH_M/HH_M1,days_to_expiry,"(90, 180]",584,0.9938788546709442,0.16146983091804482
2030-02_2030-03,2030-02,HH_M/HH_M1,days_to_expiry,"(60, 90]",195,0.9883725166023278,0.07316388679283778
2030-02_2030-03,2030-02,HH_M/HH_M1,days_to_expiry,"(30, 60]",190,0.9926838155555652,0.08674868880115662
2030-02_2030-03,2030-02,HH_M/HH_M1,days_to_expiry,"(0, 30]",187,0.9750325377393815,0.10845622316340456
2030-02_2030-03,2030-02,HH_M/HH_M1,days_to_expiry,nan,48,0.8054379212931686,0.024327406828044858
2030-02_2030-03,2030-02,HH_M/HH_M1,month_pair,Oct/Nov,670,0.9864386242408628,0.0927461526453483
2030-02_2030-03,2030-02,HH_M/HH_M1,month_pair,Nov/Dec,671,0.9882790021602199,0.08230515897230527
2030-02_2030-03,2030-02,HH_M/HH_M1,month_pair,Dec/Jan,672,0.9940297015752733,0.07588405922027275
2030-02_2030-03,2030-02,HH_M/HH_M1,month_pair,Jan/Feb,671,0.9931051863924979,0.08822974892813641
2030-02_2030-03,2030-02,HH_M/HH_M1,month_pair,Feb/Mar,670,0.9359070731571685,0.11140615956691513
2030-02_2030-03,2030-02,HH_M/HH_M1,month_pair,Mar/Apr,669,0.9571402556592858,0.08751258222183807
2030-02_2030-03,2030-02,HH_M/HH_M1,month_pair,Apr/May,669,0.9949255035979491,0.08546023936799897
2030-02_2030-03,2030-02,HH_M/HH_M1,month_pair,May/Jun,669,0.9941886506042451,0.07746213205849795
2030-02_2030-03,2030-02,HH_M/HH_M1,month_pair,Jun/Jul,670,0.9914589600167982,0.07607332799008747
2030-02_2030-03,2030-02,HH_M/HH_M1,month_pair,Jul/Aug,670,0.996850781674243,0.07437347459279596
2030-02_2030-03,2030-02,HH_M/HH_M1,month_pair,Aug/Sep,669,0.9964439677180037,0.07330535006135955
2030-02_2030-03,2030-02,HH_M/HH_M1,month_pair,Sep/Oct,670,0.9976140897971492,0.07524161437444427
2030-02_2030-03,2030-02,HH_M/HH_M1,pooled,all,8040,0.9826237676632112,1.0
2030-02_2030-03,2030-02,Brent_M/Brent_M1,year,2019,119,0.9997148534319387,0.0026640086989484315
2030-02_2030-03,2030-02,Brent_M/Brent_M1,year,2020,688,0.9998138596754628,0.07915208093885734
2030-02_2030-03,2030-02,Brent_M/Brent_M1,year,2021,1295,0.9998218638822226,0.14312832554284993
2030-02_2030-03,2030-02,Brent_M/Brent_M1,year,2022,1861,0.999648602283431,0.3271575060066651
2030-02_2030-03,2030-02,Brent_M/Brent_M1,year,2023,1879,0.9997352791904599,0.191872214368099
2030-02_2030-03,2030-02,Brent_M/Brent_M1,year,2024,1326,0.9998308447569975,0.09907278483812262
2030-02_2030-03,2030-02,Brent_M/Brent_M1,year,2025,725,0.9996742661709913,0.09699020384430503
2030-02_2030-03,2030-02,Brent_M/Brent_M1,year,2026,147,0.9927280910032954,0.05996287576215252
2030-02_2030-03,2030-02,Brent_M/Brent_M1,days_to_expiry,"(1095, 1460]",788,0.9997615056613564,0.06347500139350984
2030-02_2030-03,2030-02,Brent_M/Brent_M1,days_to_expiry,"(730, 1095]",2412,0.9997703919237018,0.21981543676239057
2030-02_2030-03,2030-02,Brent_M/Brent_M1,days_to_expiry,"(365, 730]",2401,0.9998418618064007,0.28272321815431983
2030-02_2030-03,2030-02,Brent_M/Brent_M1,days_to_expiry,"(180, 365]",1235,0.9997956512601147,0.19050409591562947
2030-02_2030-03,2030-02,Brent_M/Brent_M1,days_to_expiry,"(90, 180]",584,0.9993267561647361,0.1046412645700766
2030-02_2030-03,2030-02,Brent_M/Brent_M1,days_to_expiry,"(60, 90]",195,0.9981173994201753,0.03792296777310275
2030-02_2030-03,2030-02,Brent_M/Brent_M1,days_to_expiry,"(30, 60]",190,0.9961065763127122,0.04056241671358284
2030-02_2030-03,2030-02,Brent_M/Brent_M1,days_to_expiry,"(0, 30]",187,0.9940436782836023,0.04805339876506344
2030-02_2030-03,2030-02,Brent_M/Brent_M1,days_to_expiry,nan,48,0.9975875550096827,0.012302199952324691
2030-02_2030-03,2030-02,Brent_M/Brent_M1,month_pair,Oct/Nov,670,0.9995117439754558,0.08145054768251908
2030-02_2030-03,2030-02,Brent_M/Brent_M1,month_pair,Nov/Dec,671,0.9996461436521439,0.0816639452452554
2030-02_2030-03,2030-02,Brent_M/Brent_M1,month_pair,Dec/Jan,672,0.9997304644318463,0.09518453092619604
2030-02_2030-03,2030-02,Brent_M/Brent_M1,month_pair,Jan/Feb,671,0.9997061358669891,0.08738932448942864
2030-02_2030-03,2030-02,Brent_M/Brent_M1,month_pair,Feb/Mar,670,0.9997035558538735,0.08448371710248086
2030-02_2030-03,2030-02,Brent_M/Brent_M1,month_pair,Mar/Apr,669,0.9997232867843548,0.08360443973998698
2030-02_2030-03,2030-02,Brent_M/Brent_M1,month_pair,Apr/May,669,0.9984784044610577,0.0862076958527347
2030-02_2030-03,2030-02,Brent_M/Brent_M1,month_pair,May/Jun,669,0.9976325728108543,0.08164621137666875
2030-02_2030-03,2030-02,Brent_M/Brent_M1,month_pair,Jun/Jul,670,0.9981414564775494,0.07393799439364136
2030-02_2030-03,2030-02,Brent_M/Brent_M1,month_pair,Jul/Aug,670,0.9987596793266063,0.08697691854718369
2030-02_2030-03,2030-02,Brent_M/Brent_M1,month_pair,Aug/Sep,669,0.998986216214613,0.08239711857669477
2030-02_2030-03,2030-02,Brent_M/Brent_M1,month_pair,Sep/Oct,670,0.9990490132998232,0.07505755606720979
2030-02_2030-03,2030-02,Brent_M/Brent_M1,pooled,all,8040,0.9990885028898296,1.0
2030-02_2030-03,2030-02,TTF_M/HH_M,year,2019,119,0.04802415589064579,0.0007832341795047561
2030-02_2030-03,2030-02,TTF_M/HH_M,year,2020,688,0.05579919384169049,0.008725273681004538
2030-02_2030-03,2030-02,TTF_M/HH_M,year,2021,1295,0.19438417142833803,0.09452038812134819
2030-02_2030-03,2030-02,TTF_M/HH_M,year,2022,1861,0.12108328357977297,0.5302941399474802
2030-02_2030-03,2030-02,TTF_M/HH_M,year,2023,1879,0.14252800096555607,0.18206025857689154
2030-02_2030-03,2030-02,TTF_M/HH_M,year,2024,1326,0.29288136307486434,0.07435628222378313
2030-02_2030-03,2030-02,TTF_M/HH_M,year,2025,725,0.06381045302677259,0.061591506224236384
2030-02_2030-03,2030-02,TTF_M/HH_M,year,2026,147,0.33198477799653797,0.047668917045751234
2030-02_2030-03,2030-02,TTF_M/HH_M,days_to_expiry,"(1095, 1460]",788,0.10286657576707522,0.045344453473167214
2030-02_2030-03,2030-02,TTF_M/HH_M,days_to_expiry,"(730, 1095]",2412,0.12606776438932696,0.17758647262666494
2030-02_2030-03,2030-02,TTF_M/HH_M,days_to_expiry,"(365, 730]",2401,0.15862736029297245,0.2904046479704987
2030-02_2030-03,2030-02,TTF_M/HH_M,days_to_expiry,"(180, 365]",1235,0.1364621827809343,0.22398064204650803
2030-02_2030-03,2030-02,TTF_M/HH_M,days_to_expiry,"(90, 180]",584,0.14040996380189355,0.11206441152357305
2030-02_2030-03,2030-02,TTF_M/HH_M,days_to_expiry,"(60, 90]",195,0.23594936792863225,0.03817632706716979
2030-02_2030-03,2030-02,TTF_M/HH_M,days_to_expiry,"(30, 60]",190,0.2622269035886683,0.04262549215694341
2030-02_2030-03,2030-02,TTF_M/HH_M,days_to_expiry,"(0, 30]",187,0.30790716490322334,0.05691602955042085
2030-02_2030-03,2030-02,TTF_M/HH_M,days_to_expiry,nan,48,0.24307791770244136,0.01290152358505402
2030-02_2030-03,2030-02,TTF_M/HH_M,month_pair,Oct/Nov,670,0.1674631879564033,0.08617663842412862
2030-02_2030-03,2030-02,TTF_M/HH_M,month_pair,Nov/Dec,671,0.05475408042005093,0.09271732289932177
2030-02_2030-03,2030-02,TTF_M/HH_M,month_pair,Dec/Jan,672,0.13168149835383416,0.09196320384519448
2030-02_2030-03,2030-02,TTF_M/HH_M,month_pair,Jan/Feb,671,0.13788725030741605,0.09600840632281284
2030-02_2030-03,2030-02,TTF_M/HH_M,month_pair,Feb/Mar,670,0.2034655146668433,0.1029233088576439
2030-02_2030-03,2030-02,TTF_M/HH_M,month_pair,Mar/Apr,669,0.17163762206596617,0.09735799085242745
2030-02_2030-03,2030-02,TTF_M/HH_M,month_pair,Apr/May,669,0.2543423911496283,0.07495954779473836
2030-02_2030-03,2030-02,TTF_M/HH_M,month_pair,May/Jun,669,0.25395270428294453,0.06771585783498534
2030-02_2030-03,2030-02,TTF_M/HH_M,month_pair,Jun/Jul,670,0.11610526596716514,0.06860753304458929
2030-02_2030-03,2030-02,TTF_M/HH_M,month_pair,Jul/Aug,670,0.11454699661058546,0.0731489190103113
2030-02_2030-03,2030-02,TTF_M/HH_M,month_pair,Aug/Sep,669,0.11799657502934105,0.080014326549008
2030-02_2030-03,2030-02,TTF_M/HH_M,month_pair,Sep/Oct,670,0.2448783704546523,0.06840694456483862
2030-02_2030-03,2030-02,TTF_M/HH_M,pooled,all,8040,0.16260095589550883,1.0
2030-02_2030-03,2030-02,TTF_M/Brent_M,year,2019,119,0.42558486019255937,0.0010397977924784037
2030-02_2030-03,2030-02,TTF_M/Brent_M,year,2020,688,0.6505917039892012,0.018485878818704535
2030-02_2030-03,2030-02,TTF_M/Brent_M,year,2021,1295,0.11237410325525063,0.11495097161844428
2030-02_2030-03,2030-02,TTF_M/Brent_M,year,2022,1861,0.0944364063401703,0.526164967761285
2030-02_2030-03,2030-02,TTF_M/Brent_M,year,2023,1879,0.1405438956045792,0.18171229113811915
2030-02_2030-03,2030-02,TTF_M/Brent_M,year,2024,1326,0.02265741674456452,0.06447260662182867
2030-02_2030-03,2030-02,TTF_M/Brent_M,year,2025,725,0.5076001870113045,0.0489183581665225
2030-02_2030-03,2030-02,TTF_M/Brent_M,year,2026,147,0.5943554766607196,0.044255128082617494
2030-02_2030-03,2030-02,TTF_M/Brent_M,days_to_expiry,"(1095, 1460]",788,0.21961848277011453,0.05289632810155704
2030-02_2030-03,2030-02,TTF_M/Brent_M,days_to_expiry,"(730, 1095]",2412,0.21116646811972192,0.2040342029190388
2030-02_2030-03,2030-02,TTF_M/Brent_M,days_to_expiry,"(365, 730]",2401,0.1560175438950644,0.3150823597953775
2030-02_2030-03,2030-02,TTF_M/Brent_M,days_to_expiry,"(180, 365]",1235,0.12477300972528965,0.21984474171335983
2030-02_2030-03,2030-02,TTF_M/Brent_M,days_to_expiry,"(90, 180]",584,0.14721514429843868,0.09865777928931184
2030-02_2030-03,2030-02,TTF_M/Brent_M,days_to_expiry,"(60, 90]",195,0.17237282164329326,0.028729398212643826
2030-02_2030-03,2030-02,TTF_M/Brent_M,days_to_expiry,"(30, 60]",190,0.24151956998032847,0.03127470415965209
2030-02_2030-03,2030-02,TTF_M/Brent_M,days_to_expiry,"(0, 30]",187,0.2940359863698757,0.041513941113988616
2030-02_2030-03,2030-02,TTF_M/Brent_M,days_to_expiry,nan,48,0.1011019132851121,0.00796654469507066
2030-02_2030-03,2030-02,TTF_M/Brent_M,month_pair,Oct/Nov,670,0.16650740038228812,0.08348047693338975
2030-02_2030-03,2030-02,TTF_M/Brent_M,month_pair,Nov/Dec,671,0.12365123690025212,0.09339793501717639
2030-02_2030-03,2030-02,TTF_M/Brent_M,month_pair,Dec/Jan,672,0.14610468329663656,0.09676829908669071
2030-02_2030-03,2030-02,TTF_M/Brent_M,month_pair,Jan/Feb,671,0.18105983580128474,0.0978169134687744
2030-02_2030-03,2030-02,TTF_M/Brent_M,month_pair,Feb/Mar,670,0.1696015327113079,0.09605985982851277
2030-02_2030-03,2030-02,TTF_M/Brent_M,month_pair,Mar/Apr,669,0.13150776265883146,0.09678582097501928
2030-02_2030-03,2030-02,TTF_M/Brent_M,month_pair,Apr/May,669,0.20179254401284893,0.07442947699074222
2030-02_2030-03,2030-02,TTF_M/Brent_M,month_pair,May/Jun,669,0.26321806357563077,0.06728538901253567
2030-02_2030-03,2030-02,TTF_M/Brent_M,month_pair,Jun/Jul,670,0.12171943517877645,0.06737724777368125
2030-02_2030-03,2030-02,TTF_M/Brent_M,month_pair,Jul/Aug,670,0.18562604474403518,0.07532817040074358
2030-02_2030-03,2030-02,TTF_M/Brent_M,month_pair,Aug/Sep,669,0.20664143111245498,0.08298600853704925
2030-02_2030-03,2030-02,TTF_M/Brent_M,month_pair,Sep/Oct,670,0.20708925567975933,0.06828440197568482
2030-02_2030-03,2030-02,TTF_M/Brent_M,pooled,all,8040,0.1732907718812119,1.0
2030-02_2030-03,2030-02,HH_M/Brent_M,year,2019,119,0.10888660724521879,0.0013753044862976022
2030-02_2030-03,2030-02,HH_M/Brent_M,year,2020,688,0.11677159230876101,0.030390751700875834
2030-02_2030-03,2030-02,HH_M/Brent_M,year,2021,1295,0.10577942504511693,0.07277913799878559
2030-02_2030-03,2030-02,HH_M/Brent_M,year,2022,1861,0.3459656941696588,0.4009300431025466
2030-02_2030-03,2030-02,HH_M/Brent_M,year,2023,1879,0.2226947054173743,0.1893980547275402
2030-02_2030-03,2030-02,HH_M/Brent_M,year,2024,1326,0.03768077241231375,0.11708613251592144
2030-02_2030-03,2030-02,HH_M/Brent_M,year,2025,725,0.19205368192379157,0.11957764673194553
2030-02_2030-03,2030-02,HH_M/Brent_M,year,2026,147,0.141717921103914,0.06846292873608725
2030-02_2030-03,2030-02,HH_M/Brent_M,days_to_expiry,"(1095, 1460]",788,0.21366315916709536,0.03721026761886373
2030-02_2030-03,2030-02,HH_M/Brent_M,days_to_expiry,"(730, 1095]",2412,0.23747250300186062,0.13531673134802774
2030-02_2030-03,2030-02,HH_M/Brent_M,days_to_expiry,"(365, 730]",2401,0.30194070638895226,0.21908833564044403
2030-02_2030-03,2030-02,HH_M/Brent_M,days_to_expiry,"(180, 365]",1235,0.24818303530028918,0.21170259993067722
2030-02_2030-03,2030-02,HH_M/Brent_M,days_to_expiry,"(90, 180]",584,0.23250980613104702,0.14260686375001866
2030-02_2030-03,2030-02,HH_M/Brent_M,days_to_expiry,"(60, 90]",195,0.1463190032498796,0.06322711247509447
2030-02_2030-03,2030-02,HH_M/Brent_M,days_to_expiry,"(30, 60]",190,0.12421537141307123,0.07211998226032194
2030-02_2030-03,2030-02,HH_M/Brent_M,days_to_expiry,"(0, 30]",187,0.15106714738603924,0.09288252082667749
2030-02_2030-03,2030-02,HH_M/Brent_M,days_to_expiry,nan,48,0.10479773466202046,0.025845586149874703
2030-02_2030-03,2030-02,HH_M/Brent_M,month_pair,Oct/Nov,670,0.27773804044608325,0.08987655026366809
2030-02_2030-03,2030-02,HH_M/Brent_M,month_pair,Nov/Dec,671,0.22256579290736597,0.0830585741002062
2030-02_2030-03,2030-02,HH_M/Brent_M,month_pair,Dec/Jan,672,0.21516013674624473,0.08117259081868765
2030-02_2030-03,2030-02,HH_M/Brent_M,month_pair,Jan/Feb,671,0.20639316688530232,0.08502211456897266
2030-02_2030-03,2030-02,HH_M/Brent_M,month_pair,Feb/Mar,670,0.2132569558645995,0.10803657282178043
2030-02_2030-03,2030-02,HH_M/Brent_M,month_pair,Mar/Apr,669,0.21264320838412598,0.089152110806873
2030-02_2030-03,2030-02,HH_M/Brent_M,month_pair,Apr/May,669,0.2326338192046793,0.08424664325542415
2030-02_2030-03,2030-02,HH_M/Brent_M,month_pair,May/Jun,669,0.27216749407101526,0.07889233009675779
2030-02_2030-03,2030-02,HH_M/Brent_M,month_pair,Jun/Jul,670,0.20910988826821447,0.07588229923151603
2030-02_2030-03,2030-02,HH_M/Brent_M,month_pair,Jul/Aug,670,0.23436673895072227,0.07703202671320421
2030-02_2030-03,2030-02,HH_M/Brent_M,month_pair,Aug/Sep,669,0.16629740730312204,0.07396725846596561
2030-02_2030-03,2030-02,HH_M/Brent_M,month_pair,Sep/Oct,670,0.21142746652746083,0.07366092885694417
2030-02_2030-03,2030-02,HH_M/Brent_M,pooled,all,8040,0.2223146229562224,1.0
2030-03_2030-04,2030-03,TTF_M/TTF_M1,year,2019,151,0.9789919502779182,0.000984808641825361
2030-03_2030-04,2030-03,TTF_M/TTF_M1,year,2020,735,0.9871348358912507,0.010203504415491768
2030-03_2030-04,2030-03,TTF_M/TTF_M1,year,2021,1339,0.9561935673578479,0.1059314726930528
2030-03_2030-04,2030-03,TTF_M/TTF_M1,year,2022,1908,0.9866623547254273,0.5668282332824373
2030-03_2030-04,2030-03,TTF_M/TTF_M1,year,2023,1895,0.987546780065153,0.17622686538838359
2030-03_2030-04,2030-03,TTF_M/TTF_M1,year,2024,1326,0.9955624074590642,0.05834513689860814
2030-03_2030-04,2030-03,TTF_M/TTF_M1,year,2025,725,0.9943391031392965,0.04125634094339333
2030-03_2030-04,2030-03,TTF_M/TTF_M1,year,2026,147,0.995076183987661,0.04022363773680784
2030-03_2030-04,2030-03,TTF_M/TTF_M1,days_to_expiry,"(1095, 1460]",974,0.9841265814078589,0.06418399804056488
2030-03_2030-04,2030-03,TTF_M/TTF_M1,days_to_expiry,"(730, 1095]",2412,0.9836211423106326,0.2021709978677692
2030-03_2030-04,2030-03,TTF_M/TTF_M1,days_to_expiry,"(365, 730]",2401,0.9778694599072129,0.31302924648746694
2030-03_2030-04,2030-03,TTF_M/TTF_M1,days_to_expiry,"(180, 365]",1235,0.9901451528152165,0.22385775964149868
2030-03_2030-04,2030-03,TTF_M/TTF_M1,days_to_expiry,"(90, 180]",584,0.9969903309595645,0.09723288007002194
2030-03_2030-04,2030-03,TTF_M/TTF_M1,days_to_expiry,"(60, 90]",195,0.9953435015713061,0.02663584740560377
2030-03_2030-04,2030-03,TTF_M/TTF_M1,days_to_expiry,"(30, 60]",190,0.9925496960334068,0.028411377193032234
2030-03_2030-04,2030-03,TTF_M/TTF_M1,days_to_expiry,"(0, 30]",187,0.9854042182959604,0.03749338701232816
2030-03_2030-04,2030-03,TTF_M/TTF_M1,days_to_expiry,nan,48,0.9859623630705328,0.006984506281714222
2030-03_2030-04,2030-03,TTF_M/TTF_M1,month_pair,Oct/Nov,686,0.991701116333142,0.08176459179400769
2030-03_2030-04,2030-03,TTF_M/TTF_M1,month_pair,Nov/Dec,686,0.996178054340016,0.09469509776722254
2030-03_2030-04,2030-03,TTF_M/TTF_M1,month_pair,Dec/Jan,687,0.9932053354159431,0.09709509819514511
2030-03_2030-04,2030-03,TTF_M/TTF_M1,month_pair,Jan/Feb,687,0.9966280147841757,0.10373599646160013
2030-03_2030-04,2030-03,TTF_M/TTF_M1,month_pair,Feb/Mar,685,0.9966730345553294,0.1002512197585646
2030-03_2030-04,2030-03,TTF_M/TTF_M1,month_pair,Mar/Apr,685,0.9044802376157675,0.08929618175791171
2030-03_2030-04,2030-03,TTF_M/TTF_M1,month_pair,Apr/May,685,0.9798662142294592,0.07210559762805134
2030-03_2030-04,2030-03,TTF_M/TTF_M1,month_pair,May/Jun,685,0.9950993447792251,0.06695758395793847
2030-03_2030-04,2030-03,TTF_M/TTF_M1,month_pair,Jun/Jul,685,0.9911895370194133,0.06753543592291766
2030-03_2030-04,2030-03,TTF_M/TTF_M1,month_pair,Jul/Aug,685,0.9980963955378699,0.0745323034613237
2030-03_2030-04,2030-03,TTF_M/TTF_M1,month_pair,Aug/Sep,685,0.9983798911046354,0.08439486528465454
2030-03_2030-04,2030-03,TTF_M/TTF_M1,month_pair,Sep/Oct,685,0.9897214863556981,0.06763602801066254
2030-03_2030-04,2030-03,TTF_M/TTF_M1,pooled,all,8226,0.985184341554984,1.0
2030-03_2030-04,2030-03,HH_M/HH_M1,year,2019,151,0.9927565571719719,0.0010037858288200008
2030-03_2030-04,2030-03,HH_M/HH_M1,year,2020,735,0.9806341045013034,0.006462602568064349
2030-03_2030-04,2030-03,HH_M/HH_M1,year,2021,1339,0.987389850395809,0.03930039737464895
2030-03_2030-04,2030-03,HH_M/HH_M1,year,2022,1908,0.9906079385570332,0.45378630736188863
2030-03_2030-04,2030-03,HH_M/HH_M1,year,2023,1895,0.9868601989202996,0.19000164359117497
2030-03_2030-04,2030-03,HH_M/HH_M1,year,2024,1326,0.974033597299965,0.11908701341884582
2030-03_2030-04,2030-03,HH_M/HH_M1,year,2025,725,0.9899157528338458,0.12832380254103326
2030-03_2030-04,2030-03,HH_M/HH_M1,year,2026,147,0.9254844482819381,0.062034447315523954
2030-03_2030-04,2030-03,HH_M/HH_M1,days_to_expiry,"(1095, 1460]",974,0.9946248703485587,0.03194976270960275
2030-03_2030-04,2030-03,HH_M/HH_M1,days_to_expiry,"(730, 1095]",2412,0.9911552160961807,0.09830026058147708
2030-03_2030-04,2030-03,HH_M/HH_M1,days_to_expiry,"(365, 730]",2401,0.9901375488129753,0.1922822924160927
2030-03_2030-04,2030-03,HH_M/HH_M1,days_to_expiry,"(180, 365]",1235,0.9892937420598098,0.22619348703627173
2030-03_2030-04,2030-03,HH_M/HH_M1,days_to_expiry,"(90, 180]",584,0.9938788546709442,0.16044169416471266
2030-03_2030-04,2030-03,HH_M/HH_M1,days_to_expiry,"(60, 90]",195,0.9883725166023278,0.07269802589114073
2030-03_2030-04,2030-03,HH_M/HH_M1,days_to_expiry,"(30, 60]",190,0.9926838155555652,0.08619632855681406
2030-03_2030-04,2030-03,HH_M/HH_M1,days_to_expiry,"(0, 30]",187,0.9750325377393815,0.10776564320473421
2030-03_2030-04,2030-03,HH_M/HH_M1,days_to_expiry,nan,48,0.8054379212931686,0.024172505439154002
2030-03_2030-04,2030-03,HH_M/HH_M1,month_pair,Oct/Nov,686,0.9865020515814713,0.09265662654103841
2030-03_2030-04,2030-03,HH_M/HH_M1,month_pair,Nov/Dec,686,0.9884158277455949,0.08277813242824017
2030-03_2030-04,2030-03,HH_M/HH_M1,month_pair,Dec/Jan,687,0.9940421913681258,0.07563736265248472
2030-03_2030-04,2030-03,HH_M/HH_M1,month_pair,Jan/Feb,687,0.9931054295985521,0.08801474991758394
2030-03_2030-04,2030-03,HH_M/HH_M1,month_pair,Feb/Mar,685,0.9360808603147343,0.1111999019796405
2030-03_2030-04,2030-03,HH_M/HH_M1,month_pair,Mar/Apr,685,0.9570983230354925,0.08723986539169748
2030-03_2030-04,2030-03,HH_M/HH_M1,month_pair,Apr/May,685,0.9949105428491388,0.08518938763515735
2030-03_2030-04,2030-03,HH_M/HH_M1,month_pair,May/Jun,685,0.9942066766981074,0.07734120378854796
2030-03_2030-04,2030-03,HH_M/HH_M1,month_pair,Jun/Jul,685,0.9914781519658753,0.07585433319835785
2030-03_2030-04,2030-03,HH_M/HH_M1,month_pair,Jul/Aug,685,0.9968640253773298,0.07435011715254353
2030-03_2030-04,2030-03,HH_M/HH_M1,month_pair,Aug/Sep,685,0.9964770633627058,0.07372934816232049
2030-03_2030-04,2030-03,HH_M/HH_M1,month_pair,Sep/Oct,685,0.9976440452631598,0.0760089711523876
2030-03_2030-04,2030-03,HH_M/HH_M1,pooled,all,8226,0.9827004752514931,1.0
2030-03_2030-04,2030-03,Brent_M/Brent_M1,year,2019,151,0.9996525008679035,0.0031553945757395244
2030-03_2030-04,2030-03,Brent_M/Brent_M1,year,2020,735,0.9998218410081254,0.08472012784433354
2030-03_2030-04,2030-03,Brent_M/Brent_M1,year,2021,1339,0.9998207712212077,0.1436935591598179
2030-03_2030-04,2030-03,Brent_M/Brent_M1,year,2022,1908,0.9996518601117137,0.32743543507672607
2030-03_2030-04,2030-03,Brent_M/Brent_M1,year,2023,1895,0.9997342380971628,0.1890985906280091
2030-03_2030-04,2030-03,Brent_M/Brent_M1,year,2024,1326,0.9998308447569975,0.09747502154722318
2030-03_2030-04,2030-03,Brent_M/Brent_M1,year,2025,725,0.9996742661709913,0.0954260266837206
2030-03_2030-04,2030-03,Brent_M/Brent_M1,year,2026,147,0.9927280910032954,0.058995844484430064
2030-03_2030-04,2030-03,Brent_M/Brent_M1,days_to_expiry,"(1095, 1460]",974,0.9997746540225586,0.07857849592258781
2030-03_2030-04,2030-03,Brent_M/Brent_M1,days_to_expiry,"(730, 1095]",2412,0.9997703919237018,0.21627043662732995
2030-03_2030-04,2030-03,Brent_M/Brent_M1,days_to_expiry,"(365, 730]",2401,0.9998418618064007,0.27816369375829103
2030-03_2030-04,2030-03,Brent_M/Brent_M1,days_to_expiry,"(180, 365]",1235,0.9997956512601147,0.18743180465302578
2030-03_2030-04,2030-03,Brent_M/Brent_M1,days_to_expiry,"(90, 180]",584,0.9993267561647361,0.10295369747971424
2030-03_2030-04,2030-03,Brent_M/Brent_M1,days_to_expiry,"(60, 90]",195,0.9981173994201753,0.037311377759873296
2030-03_2030-04,2030-03,Brent_M/Brent_M1,days_to_expiry,"(30, 60]",190,0.9961065763127122,0.03990825986797663
2030-03_2030-04,2030-03,Brent_M/Brent_M1,days_to_expiry,"(0, 30]",187,0.9940436782836023,0.0472784336051033
2030-03_2030-04,2030-03,Brent_M/Brent_M1,days_to_expiry,nan,48,0.9975875550096827,0.012103800326097914
2030-03_2030-04,2030-03,Brent_M/Brent_M1,month_pair,Oct/Nov,686,0.9995110925526475,0.08068639753139865
2030-03_2030-04,2030-03,Brent_M/Brent_M1,month_pair,Nov/Dec,686,0.9996494768928317,0.08168841875023738
2030-03_2030-04,2030-03,Brent_M/Brent_M1,month_pair,Dec/Jan,687,0.9997297647742959,0.09449065793724172
2030-03_2030-04,2030-03,Brent_M/Brent_M1,month_pair,Jan/Feb,687,0.9997044120670444,0.08631932789479228
2030-03_2030-04,2030-03,Brent_M/Brent_M1,month_pair,Feb/Mar,685,0.9997049673353775,0.0843406013118963
2030-03_2030-04,2030-03,Brent_M/Brent_M1,month_pair,Mar/Apr,685,0.9997227214321097,0.08310364564485678
2030-03_2030-04,2030-03,Brent_M/Brent_M1,month_pair,Apr/May,685,0.9984851811181346,0.08544801130359798
2030-03_2030-04,2030-03,Brent_M/Brent_M1,month_pair,May/Jun,685,0.9976802601268802,0.08238701942173139
2030-03_2030-04,2030-03,Brent_M/Brent_M1,month_pair,Jun/Jul,685,0.9981516260723469,0.07333119089634303
2030-03_2030-04,2030-03,Brent_M/Brent_M1,month_pair,Jul/Aug,685,0.9987646578158763,0.0862735112647322
2030-03_2030-04,2030-03,Brent_M/Brent_M1,month_pair,Aug/Sep,685,0.9990413294543333,0.0860967397543191
2030-03_2030-04,2030-03,Brent_M/Brent_M1,month_pair,Sep/Oct,685,0.999065950548884,0.07583447828885308
2030-03_2030-04,2030-03,Brent_M/Brent_M1,pooled,all,8226,0.9990991259563712,1.0
2030-03_2030-04,2030-03,TTF_M/HH_M,year,2019,151,0.058355519903181045,0.0009562863264131706
2030-03_2030-04,2030-03,TTF_M/HH_M,year,2020,735,0.047196151346642866,0.009283113854170048
2030-03_2030-04,2030-03,TTF_M/HH_M,year,2021,1339,0.19371909186610808,0.09425952559057277
2030-03_2030-04,2030-03,TTF_M/HH_M,year,2022,1908,0.12251489774661137,0.532897021741007
2030-03_2030-04,2030-03,TTF_M/HH_M,year,2023,1895,0.14023197944860416,0.18087673770367657
2030-03_2030-04,2030-03,TTF_M/HH_M,year,2024,1326,0.29288136307486434,0.07359116628045438
2030-03_2030-04,2030-03,TTF_M/HH_M,year,2025,725,0.06381045302677259,0.060957738074774996
2030-03_2030-04,2030-03,TTF_M/HH_M,year,2026,147,0.33198477799653797,0.047178410428930985
2030-03_2030-04,2030-03,TTF_M/HH_M,days_to_expiry,"(1095, 1460]",974,0.11511234301733382,0.05516772808010104
2030-03_2030-04,2030-03,TTF_M/HH_M,days_to_expiry,"(730, 1095]",2412,0.12606776438932696,0.17575913218598438
2030-03_2030-04,2030-03,TTF_M/HH_M,days_to_expiry,"(365, 730]",2401,0.15862736029297245,0.28741642398277584
2030-03_2030-04,2030-03,TTF_M/HH_M,days_to_expiry,"(180, 365]",1235,0.1364621827809343,0.22167591196719832
2030-03_2030-04,2030-03,TTF_M/HH_M,days_to_expiry,"(90, 180]",584,0.14040996380189355,0.11091128410283423
2030-03_2030-04,2030-03,TTF_M/HH_M,days_to_expiry,"(60, 90]",195,0.23594936792863225,0.037783497898964256
2030-03_2030-04,2030-03,TTF_M/HH_M,days_to_expiry,"(30, 60]",190,0.2622269035886683,0.04218688169033403
2030-03_2030-04,2030-03,TTF_M/HH_M,days_to_expiry,"(0, 30]",187,0.30790716490322334,0.056330371414515974
2030-03_2030-04,2030-03,TTF_M/HH_M,days_to_expiry,nan,48,0.24307791770244136,0.012768768677291842
2030-03_2030-04,2030-03,TTF_M/HH_M,month_pair,Oct/Nov,686,0.1695565762754621,0.08597092078278339
2030-03_2030-04,2030-03,TTF_M/HH_M,month_pair,Nov/Dec,686,0.056874668015694234,0.09213097030439814
2030-03_2030-04,2030-03,TTF_M/HH_M,month_pair,Dec/Jan,687,0.12860947133606834,0.09137181732015519
2030-03_2030-04,2030-03,TTF_M/HH_M,month_pair,Jan/Feb,687,0.1426084163246836,0.09777106792738346
2030-03_2030-04,2030-03,TTF_M/HH_M,month_pair,Feb/Mar,685,0.20004229857725575,0.10275028265714578
2030-03_2030-04,2030-03,TTF_M/HH_M,month_pair,Mar/Apr,685,0.17302543876653595,0.09684437645217268
2030-03_2030-04,2030-03,TTF_M/HH_M,month_pair,Apr/May,685,0.2524680357153893,0.0744491624359854
2030-03_2030-04,2030-03,TTF_M/HH_M,month_pair,May/Jun,685,0.24716314047340684,0.06777942768982999
2030-03_2030-04,2030-03,TTF_M/HH_M,month_pair,Jun/Jul,685,0.11523035746213753,0.06823978871198018
2030-03_2030-04,2030-03,TTF_M/HH_M,month_pair,Jul/Aug,685,0.11502820427058338,0.07322042883946901
2030-03_2030-04,2030-03,TTF_M/HH_M,month_pair,Aug/Sep,685,0.12109112715796605,0.08083656709526145
2030-03_2030-04,2030-03,TTF_M/HH_M,month_pair,Sep/Oct,685,0.24711010092863384,0.06863518978343523
2030-03_2030-04,2030-03,TTF_M/HH_M,pooled,all,8226,0.16260662417358818,1.0
2030-03_2030-04,2030-03,TTF_M/Brent_M,year,2019,151,0.42060203084902775,0.0012451698964158831
2030-03_2030-04,2030-03,TTF_M/Brent_M,year,2020,735,0.6537683468610862,0.019746772032251274
2030-03_2030-04,2030-03,TTF_M/Brent_M,year,2021,1339,0.11394287806903867,0.11457101825552715
2030-03_2030-04,2030-03,TTF_M/Brent_M,year,2022,1908,0.09690931172558578,0.528597165547316
2030-03_2030-04,2030-03,TTF_M/Brent_M,year,2023,1895,0.14062276909116514,0.18009871249490622
2030-03_2030-04,2030-03,TTF_M/Brent_M,year,2024,1326,0.02265741674456452,0.06369354593566297
2030-03_2030-04,2030-03,TTF_M/Brent_M,year,2025,725,0.5076001870113045,0.04832724867559015
2030-03_2030-04,2030-03,TTF_M/Brent_M,year,2026,147,0.5943554766607196,0.04372036716233042
2030-03_2030-04,2030-03,TTF_M/Brent_M,days_to_expiry,"(1095, 1460]",974,0.23403160012812904,0.06434074263914825
2030-03_2030-04,2030-03,TTF_M/Brent_M,days_to_expiry,"(730, 1095]",2412,0.21116646811972192,0.2015687368171368
2030-03_2030-04,2030-03,TTF_M/Brent_M,days_to_expiry,"(365, 730]",2401,0.1560175438950644,0.3112750330517774
2030-03_2030-04,2030-03,TTF_M/Brent_M,days_to_expiry,"(180, 365]",1235,0.12477300972528965,0.21718822750828434
2030-03_2030-04,2030-03,TTF_M/Brent_M,days_to_expiry,"(90, 180]",584,0.14721514429843868,0.09746563891751721
2030-03_2030-04,2030-03,TTF_M/Brent_M,days_to_expiry,"(60, 90]",195,0.17237282164329326,0.028382243880634976
2030-03_2030-04,2030-03,TTF_M/Brent_M,days_to_expiry,"(30, 60]",190,0.24151956998032847,0.030896793388568135
2030-03_2030-04,2030-03,TTF_M/Brent_M,days_to_expiry,"(0, 30]",187,0.2940359863698757,0.041012303579160664
2030-03_2030-04,2030-03,TTF_M/Brent_M,days_to_expiry,nan,48,0.1011019132851121,0.007870280217772325
2030-03_2030-04,2030-03,TTF_M/Brent_M,month_pair,Oct/Nov,686,0.16564969214705175,0.08318338302030334
2030-03_2030-04,2030-03,TTF_M/Brent_M,month_pair,Nov/Dec,686,0.12641468444172352,0.09260001330477048
2030-03_2030-04,2030-03,TTF_M/Brent_M,month_pair,Dec/Jan,687,0.14121698465291893,0.09604728568921325
2030-03_2030-04,2030-03,TTF_M/Brent_M,month_pair,Jan/Feb,687,0.17412063704962755,0.0996778487926502
2030-03_2030-04,2030-03,TTF_M/Brent_M,month_pair,Feb/Mar,685,0.17511089663351403,0.09593740413681721
2030-03_2030-04,2030-03,TTF_M/Brent_M,month_pair,Mar/Apr,685,0.13337727954781192,0.09620729400942897
2030-03_2030-04,2030-03,TTF_M/Brent_M,month_pair,Apr/May,685,0.20144661730614163,0.07383591116266804
2030-03_2030-04,2030-03,TTF_M/Brent_M,month_pair,May/Jun,685,0.26263548571571244,0.06749885821420375
2030-03_2030-04,2030-03,TTF_M/Brent_M,month_pair,Jun/Jul,685,0.12346194875251602,0.06695360301637326
2030-03_2030-04,2030-03,TTF_M/Brent_M,month_pair,Jul/Aug,685,0.18832147881336617,0.07532510613486573
2030-03_2030-04,2030-03,TTF_M/Brent_M,month_pair,Aug/Sep,685,0.22488903356749532,0.08426606484605663
2030-03_2030-04,2030-03,TTF_M/Brent_M,month_pair,Sep/Oct,685,0.20474895783415667,0.06846722767264919
2030-03_2030-04,2030-03,TTF_M/Brent_M,pooled,all,8226,0.17484949671917105,1.0
2030-03_2030-04,2030-03,HH_M/Brent_M,year,2019,151,0.12776225180816533,0.0016863118580505677
2030-03_2030-04,2030-03,HH_M/Brent_M,year,2020,735,0.11794619605045778,0.03274464288534211
2030-03_2030-04,2030-03,HH_M/Brent_M,year,2021,1339,0.10730819739706252,0.07346730914185368
2030-03_2030-04,2030-03,HH_M/Brent_M,year,2022,1908,0.3457580831913702,0.4015223177694581
2030-03_2030-04,2030-03,HH_M/Brent_M,year,2023,1895,0.22110865142977734,0.18833171457532732
2030-03_2030-04,2030-03,HH_M/Brent_M,year,2024,1326,0.03768077241231375,0.11598137354172369
2030-03_2030-04,2030-03,HH_M/Brent_M,year,2025,725,0.19205368192379157,0.11844937922919407
2030-03_2030-04,2030-03,HH_M/Brent_M,year,2026,147,0.141717921103914,0.06781695099905022
2030-03_2030-04,2030-03,HH_M/Brent_M,days_to_expiry,"(1095, 1460]",974,0.21448374830993425,0.046294610693982795
2030-03_2030-04,2030-03,HH_M/Brent_M,days_to_expiry,"(730, 1095]",2412,0.23747250300186062,0.13403995868414706
2030-03_2030-04,2030-03,HH_M/Brent_M,days_to_expiry,"(365, 730]",2401,0.30194070638895226,0.217021141176506
2030-03_2030-04,2030-03,HH_M/Brent_M,days_to_expiry,"(180, 365]",1235,0.24818303530028918,0.20970509312001706
2030-03_2030-04,2030-03,HH_M/Brent_M,days_to_expiry,"(90, 180]",584,0.23250980613104702,0.14126130549196786
2030-03_2030-04,2030-03,HH_M/Brent_M,days_to_expiry,"(60, 90]",195,0.1463190032498796,0.06263053695911718
2030-03_2030-04,2030-03,HH_M/Brent_M,days_to_expiry,"(30, 60]",190,0.12421537141307123,0.07143949862055154
2030-03_2030-04,2030-03,HH_M/Brent_M,days_to_expiry,"(0, 30]",187,0.15106714738603924,0.0920061335361892
2030-03_2030-04,2030-03,HH_M/Brent_M,days_to_expiry,nan,48,0.10479773466202046,0.025601721717521092
2030-03_2030-04,2030-03,HH_M/Brent_M,month_pair,Oct/Nov,686,0.2781652542444668,0.08953260350177573
2030-03_2030-04,2030-03,HH_M/Brent_M,month_pair,Nov/Dec,686,0.22243807172894162,0.08339712248763423
2030-03_2030-04,2030-03,HH_M/Brent_M,month_pair,Dec/Jan,687,0.21743485254168898,0.08083534337198899
2030-03_2030-04,2030-03,HH_M/Brent_M,month_pair,Jan/Feb,687,0.205222862305311,0.0845451656896433
2030-03_2030-04,2030-03,HH_M/Brent_M,month_pair,Feb/Mar,685,0.21285296165163736,0.10771834848622208
2030-03_2030-04,2030-03,HH_M/Brent_M,month_pair,Mar/Apr,685,0.21324573251200452,0.08876295111245708
2030-03_2030-04,2030-03,HH_M/Brent_M,month_pair,Apr/May,685,0.23316160319064194,0.08383949677624027
2030-03_2030-04,2030-03,HH_M/Brent_M,month_pair,May/Jun,685,0.26653658682618103,0.07907315055315542
2030-03_2030-04,2030-03,HH_M/Brent_M,month_pair,Jun/Jul,685,0.20778758387930205,0.07553035702571262
2030-03_2030-04,2030-03,HH_M/Brent_M,month_pair,Jul/Aug,685,0.2332516022110451,0.07681458523914764
2030-03_2030-04,2030-03,HH_M/Brent_M,month_pair,Aug/Sep,685,0.1660302573351831,0.07554552901436441
2030-03_2030-04,2030-03,HH_M/Brent_M,month_pair,Sep/Oct,685,0.2147753039057211,0.07440534674165808
2030-03_2030-04,2030-03,HH_M/Brent_M,pooled,all,8226,0.22194454254647847,1.0
2030-04_2030-05,2030-04,TTF_M/TTF_M1,year,2019,187,0.9825408103785302,0.001326631727152041
2030-04_2030-05,2030-04,TTF_M/TTF_M1,year,2020,785,0.9870549254803804,0.010484305115755106
2030-04_2030-05,2030-04,TTF_M/TTF_M1,year,2021,1388,0.9563309008571693,0.10480462610098303
2030-04_2030-05,2030-04,TTF_M/TTF_M1,year,2022,1956,0.9867071832420817,0.5722055013322621
2030-04_2030-05,2030-04,TTF_M/TTF_M1,year,2023,1907,0.9874624695125059,0.1736374135399771
2030-04_2030-05,2030-04,TTF_M/TTF_M1,year,2024,1326,0.9955624074590642,0.057392256804807265
2030-04_2030-05,2030-04,TTF_M/TTF_M1,year,2025,725,0.9943391031392965,0.040582551350674775
2030-04_2030-05,2030-04,TTF_M/TTF_M1,year,2026,147,0.995076183987661,0.0395667140283886
2030-04_2030-05,2030-04,TTF_M/TTF_M1,days_to_expiry,"(1095, 1460]",1169,0.9846932107983853,0.07946754157354333
2030-04_2030-05,2030-04,TTF_M/TTF_M1,days_to_expiry,"(730, 1095]",2412,0.9836211423106326,0.19886918507492524
2030-04_2030-05,2030-04,TTF_M/TTF_M1,days_to_expiry,"(365, 730]",2401,0.9778694599072129,0.30791692087455863
2030-04_2030-05,2030-04,TTF_M/TTF_M1,days_to_expiry,"(180, 365]",1235,0.9901451528152165,0.22020176336924838
2030-04_2030-05,2030-04,TTF_M/TTF_M1,days_to_expiry,"(90, 180]",584,0.9969903309595645,0.09564489380747086
2030-04_2030-05,2030-04,TTF_M/TTF_M1,days_to_expiry,"(60, 90]",195,0.9953435015713061,0.026200836535401784
2030-04_2030-05,2030-04,TTF_M/TTF_M1,days_to_expiry,"(30, 60]",190,0.9925496960334068,0.027947368756275025
2030-04_2030-05,2030-04,TTF_M/TTF_M1,days_to_expiry,"(0, 30]",187,0.9854042182959604,0.03688105316528783
2030-04_2030-05,2030-04,TTF_M/TTF_M1,days_to_expiry,nan,48,0.9859623630705328,0.006870436843288903
2030-04_2030-05,2030-04,TTF_M/TTF_M1,month_pair,Oct/Nov,702,0.9918187559028194,0.0818041503173504
2030-04_2030-05,2030-04,TTF_M/TTF_M1,month_pair,Nov/Dec,703,0.9961882909833093,0.09351965361164329
2030-04_2030-05,2030-04,TTF_M/TTF_M1,month_pair,Dec/Jan,703,0.9928333362452467,0.09570219958208977
2030-04_2030-05,2030-04,TTF_M/TTF_M1,month_pair,Jan/Feb,702,0.9966339937815475,0.1024851097653377
2030-04_2030-05,2030-04,TTF_M/TTF_M1,month_pair,Feb/Mar,702,0.9967124325282899,0.10226569042392054
2030-04_2030-05,2030-04,TTF_M/TTF_M1,month_pair,Mar/Apr,701,0.9105571015776944,0.09446812149184544
2030-04_2030-05,2030-04,TTF_M/TTF_M1,month_pair,Apr/May,702,0.9799560255260404,0.07165091580687094
2030-04_2030-05,2030-04,TTF_M/TTF_M1,month_pair,May/Jun,701,0.995096849232097,0.06602136250922236
2030-04_2030-05,2030-04,TTF_M/TTF_M1,month_pair,Jun/Jul,701,0.9912212334377278,0.06733443086499032
2030-04_2030-05,2030-04,TTF_M/TTF_M1,month_pair,Jul/Aug,701,0.9980744667162805,0.07359817786685087
2030-04_2030-05,2030-04,TTF_M/TTF_M1,month_pair,Aug/Sep,701,0.9983711594705369,0.08356441114848805
2030-04_2030-05,2030-04,TTF_M/TTF_M1,month_pair,Sep/Oct,702,0.9892929298427803,0.06758577661139037
2030-04_2030-05,2030-04,TTF_M/TTF_M1,pooled,all,8421,0.9852243124322864,1.0
2030-04_2030-05,2030-04,HH_M/HH_M1,year,2019,187,0.9920189817823098,0.0012341646805693878
2030-04_2030-05,2030-04,HH_M/HH_M1,year,2020,785,0.9809565346119052,0.006801777464631813
2030-04_2030-05,2030-04,HH_M/HH_M1,year,2021,1388,0.9873276612873371,0.0398688356664053
2030-04_2030-05,2030-04,HH_M/HH_M1,year,2022,1956,0.9906432134936052,0.45459247306229433
2030-04_2030-05,2030-04,HH_M/HH_M1,year,2023,1907,0.9869044348658484,0.18972107727477006
2030-04_2030-05,2030-04,HH_M/HH_M1,year,2024,1326,0.974033597299965,0.1184467963667404
2030-04_2030-05,2030-04,HH_M/HH_M1,year,2025,725,0.9899157528338458,0.12763392810200583
2030-04_2030-05,2030-04,HH_M/HH_M1,year,2026,147,0.9254844482819381,0.06170094738258291
2030-04_2030-05,2030-04,HH_M/HH_M1,days_to_expiry,"(1095, 1460]",1169,0.9946062246165973,0.0371540436082113
2030-04_2030-05,2030-04,HH_M/HH_M1,days_to_expiry,"(730, 1095]",2412,0.9911552160961807,0.09777179403215382
2030-04_2030-05,2030-04,HH_M/HH_M1,days_to_expiry,"(365, 730]",2401,0.9901375488129753,0.1912485743062117
2030-04_2030-05,2030-04,HH_M/HH_M1,days_to_expiry,"(180, 365]",1235,0.9892937420598098,0.22497746084400772
2030-04_2030-05,2030-04,HH_M/HH_M1,days_to_expiry,"(90, 180]",584,0.9938788546709442,0.15957915251954044
2030-04_2030-05,2030-04,HH_M/HH_M1,days_to_expiry,"(60, 90]",195,0.9883725166023278,0.07230719808806019
2030-04_2030-05,2030-04,HH_M/HH_M1,days_to_expiry,"(30, 60]",190,0.9926838155555652,0.08573293328148825
2030-04_2030-05,2030-04,HH_M/HH_M1,days_to_expiry,"(0, 30]",187,0.9750325377393815,0.10718629033971507
2030-04_2030-05,2030-04,HH_M/HH_M1,days_to_expiry,nan,48,0.8054379212931686,0.024042552980611545
2030-04_2030-05,2030-04,HH_M/HH_M1,month_pair,Oct/Nov,702,0.9865967205706876,0.09296778986325448
2030-04_2030-05,2030-04,HH_M/HH_M1,month_pair,Nov/Dec,703,0.9884657513737768,0.0827390521803373
2030-04_2030-05,2030-04,HH_M/HH_M1,month_pair,Dec/Jan,703,0.9940991296794052,0.07603253989796273
2030-04_2030-05,2030-04,HH_M/HH_M1,month_pair,Jan/Feb,702,0.9931117920562691,0.08769904012781327
2030-04_2030-05,2030-04,HH_M/HH_M1,month_pair,Feb/Mar,702,0.9361863112102955,0.1109898907471201
2030-04_2030-05,2030-04,HH_M/HH_M1,month_pair,Mar/Apr,701,0.9570181812569899,0.08746595750201334
2030-04_2030-05,2030-04,HH_M/HH_M1,month_pair,Apr/May,702,0.994911072590958,0.0849499613894248
2030-04_2030-05,2030-04,HH_M/HH_M1,month_pair,May/Jun,701,0.9942202877622438,0.07718580234135584
2030-04_2030-05,2030-04,HH_M/HH_M1,month_pair,Jun/Jul,701,0.9915031162963445,0.07578120705517899
2030-04_2030-05,2030-04,HH_M/HH_M1,month_pair,Jul/Aug,701,0.9968687383475502,0.0742468324294336
2030-04_2030-05,2030-04,HH_M/HH_M1,month_pair,Aug/Sep,701,0.9964901437086656,0.07382099770292083
2030-04_2030-05,2030-04,HH_M/HH_M1,month_pair,Sep/Oct,702,0.9976556488919246,0.07612092876318476
2030-04_2030-05,2030-04,HH_M/HH_M1,pooled,all,8421,0.982751526749388,1.0
2030-04_2030-05,2030-04,Brent_M/Brent_M1,year,2019,187,0.9996652074046936,0.004142495006535379
2030-04_2030-05,2030-04,Brent_M/Brent_M1,year,2020,785,0.9998255586643686,0.08845184278363963
2030-04_2030-05,2030-04,Brent_M/Brent_M1,year,2021,1388,0.9998195290309019,0.14485009193207019
2030-04_2030-05,2030-04,Brent_M/Brent_M1,year,2022,1956,0.9996487131391238,0.32653481967065523
2030-04_2030-05,2030-04,Brent_M/Brent_M1,year,2023,1907,0.999733523874803,0.1873537397796596
2030-04_2030-05,2030-04,Brent_M/Brent_M1,year,2024,1326,0.9998308447569975,0.09622517363037301
2030-04_2030-05,2030-04,Brent_M/Brent_M1,year,2025,725,0.9996742661709913,0.09420245146649273
2030-04_2030-05,2030-04,Brent_M/Brent_M1,year,2026,147,0.9927280910032954,0.05823938573057425
2030-04_2030-05,2030-04,Brent_M/Brent_M1,days_to_expiry,"(1095, 1460]",1169,0.9997639779483202,0.09039318166599311
2030-04_2030-05,2030-04,Brent_M/Brent_M1,days_to_expiry,"(730, 1095]",2412,0.9997703919237018,0.2134973656353529
2030-04_2030-05,2030-04,Brent_M/Brent_M1,days_to_expiry,"(365, 730]",2401,0.9998418618064007,0.2745970126981723
2030-04_2030-05,2030-04,Brent_M/Brent_M1,days_to_expiry,"(180, 365]",1235,0.9997956512601147,0.18502850946130778
2030-04_2030-05,2030-04,Brent_M/Brent_M1,days_to_expiry,"(90, 180]",584,0.9993267561647361,0.10163360067660963
2030-04_2030-05,2030-04,Brent_M/Brent_M1,days_to_expiry,"(60, 90]",195,0.9981173994201753,0.03683296239737559
2030-04_2030-05,2030-04,Brent_M/Brent_M1,days_to_expiry,"(30, 60]",190,0.9961065763127122,0.03939654666525689
2030-04_2030-05,2030-04,Brent_M/Brent_M1,days_to_expiry,"(0, 30]",187,0.9940436782836023,0.04667221828126622
2030-04_2030-05,2030-04,Brent_M/Brent_M1,days_to_expiry,nan,48,0.9975875550096827,0.01194860251866563
2030-04_2030-05,2030-04,Brent_M/Brent_M1,month_pair,Oct/Nov,702,0.9995193443047675,0.0815253267192395
2030-04_2030-05,2030-04,Brent_M/Brent_M1,month_pair,Nov/Dec,703,0.9996515654302359,0.08181911922337097
2030-04_2030-05,2030-04,Brent_M/Brent_M1,month_pair,Dec/Jan,703,0.9997285395997532,0.09385211509445665
2030-04_2030-05,2030-04,Brent_M/Brent_M1,month_pair,Jan/Feb,702,0.9997041743316075,0.08614910329230732
2030-04_2030-05,2030-04,Brent_M/Brent_M1,month_pair,Feb/Mar,702,0.9997016682841656,0.0836123258505061
2030-04_2030-05,2030-04,Brent_M/Brent_M1,month_pair,Mar/Apr,701,0.9997243178979601,0.08321235189868241
2030-04_2030-05,2030-04,Brent_M/Brent_M1,month_pair,Apr/May,702,0.9984905031860974,0.08497005910234472
2030-04_2030-05,2030-04,Brent_M/Brent_M1,month_pair,May/Jun,701,0.9976927804996092,0.082068922878521
2030-04_2030-05,2030-04,Brent_M/Brent_M1,month_pair,Jun/Jul,701,0.9981727609290976,0.07355303129423
2030-04_2030-05,2030-04,Brent_M/Brent_M1,month_pair,Jul/Aug,701,0.9987725319596432,0.08600504682251256
2030-04_2030-05,2030-04,Brent_M/Brent_M1,month_pair,Aug/Sep,701,0.9990451111876779,0.0859420546285306
2030-04_2030-05,2030-04,Brent_M/Brent_M1,month_pair,Sep/Oct,702,0.999074523726316,0.07729054319529816
2030-04_2030-05,2030-04,Brent_M/Brent_M1,pooled,all,8421,0.9991052420876759,1.0
2030-04_2030-05,2030-04,TTF_M/HH_M,year,2019,187,0.05747755874763171,0.001269801295781985
2030-04_2030-05,2030-04,TTF_M/HH_M,year,2020,785,0.04708579550280497,0.009581326590918716
2030-04_2030-05,2030-04,TTF_M/HH_M,year,2021,1388,0.19227680664999458,0.0935411340036848
2030-04_2030-05,2030-04,TTF_M/HH_M,year,2022,1956,0.12070785493959153,0.5377219372417729
2030-04_2030-05,2030-04,TTF_M/HH_M,year,2023,1907,0.13862503064552917,0.1787186451120099
2030-04_2030-05,2030-04,TTF_M/HH_M,year,2024,1326,0.29288136307486434,0.07255442015903668
2030-04_2030-05,2030-04,TTF_M/HH_M,year,2025,725,0.06381045302677259,0.060098970620559446
2030-04_2030-05,2030-04,TTF_M/HH_M,year,2026,147,0.33198477799653797,0.046513764976235696
2030-04_2030-05,2030-04,TTF_M/HH_M,days_to_expiry,"(1095, 1460]",1169,0.09788376341806647,0.06847844515136196
2030-04_2030-05,2030-04,TTF_M/HH_M,days_to_expiry,"(730, 1095]",2412,0.12606776438932696,0.17328305240892075
2030-04_2030-05,2030-04,TTF_M/HH_M,days_to_expiry,"(365, 730]",2401,0.15862736029297245,0.28336732573013634
2030-04_2030-05,2030-04,TTF_M/HH_M,days_to_expiry,"(180, 365]",1235,0.1364621827809343,0.21855296048321343
2030-04_2030-05,2030-04,TTF_M/HH_M,days_to_expiry,"(90, 180]",584,0.14040996380189355,0.10934877532050485
2030-04_2030-05,2030-04,TTF_M/HH_M,days_to_expiry,"(60, 90]",195,0.23594936792863225,0.037251207178756594
2030-04_2030-05,2030-04,TTF_M/HH_M,days_to_expiry,"(30, 60]",190,0.2622269035886683,0.04159255647199899
2030-04_2030-05,2030-04,TTF_M/HH_M,days_to_expiry,"(0, 30]",187,0.30790716490322334,0.05553679391012563
2030-04_2030-05,2030-04,TTF_M/HH_M,days_to_expiry,nan,48,0.24307791770244136,0.012588883344981542
2030-04_2030-05,2030-04,TTF_M/HH_M,month_pair,Oct/Nov,702,0.17177564911634102,0.08600153197080503
2030-04_2030-05,2030-04,TTF_M/HH_M,month_pair,Nov/Dec,703,0.05657342519024413,0.09120367134253567
2030-04_2030-05,2030-04,TTF_M/HH_M,month_pair,Dec/Jan,703,0.12988351952526653,0.09041480253148536
2030-04_2030-05,2030-04,TTF_M/HH_M,month_pair,Jan/Feb,702,0.14214704465718916,0.09675960627411355
2030-04_2030-05,2030-04,TTF_M/HH_M,month_pair,Feb/Mar,702,0.20261090033139253,0.10408444802708389
2030-04_2030-05,2030-04,TTF_M/HH_M,month_pair,Mar/Apr,701,0.1555354479427036,0.10122771348698682
2030-04_2030-05,2030-04,TTF_M/HH_M,month_pair,Apr/May,702,0.2510887749597437,0.07395800221132226
2030-04_2030-05,2030-04,TTF_M/HH_M,month_pair,May/Jun,701,0.24589993318750572,0.06699646818631262
2030-04_2030-05,2030-04,TTF_M/HH_M,month_pair,Jun/Jul,701,0.11095351736457446,0.06799440395562749
2030-04_2030-05,2030-04,TTF_M/HH_M,month_pair,Jul/Aug,701,0.11432755918340567,0.07245386542736364
2030-04_2030-05,2030-04,TTF_M/HH_M,month_pair,Aug/Sep,701,0.1197518228425718,0.08020797203923137
2030-04_2030-05,2030-04,TTF_M/HH_M,month_pair,Sep/Oct,702,0.24794808108181968,0.06869751454713241
2030-04_2030-05,2030-04,TTF_M/HH_M,pooled,all,8421,0.16101963686380022,1.0
2030-04_2030-05,2030-04,TTF_M/Brent_M,year,2019,187,0.4245686488705769,0.0016688271771349793
2030-04_2030-05,2030-04,TTF_M/Brent_M,year,2020,785,0.6493177531760247,0.020441275709671393
2030-04_2030-05,2030-04,TTF_M/Brent_M,year,2021,1388,0.11526021230711407,0.11360250745886986
2030-04_2030-05,2030-04,TTF_M/Brent_M,year,2022,1956,0.09826279912742347,0.5335120692307636
2030-04_2030-05,2030-04,TTF_M/Brent_M,year,2023,1907,0.14038052066544043,0.17754656445300848
2030-04_2030-05,2030-04,TTF_M/Brent_M,year,2024,1326,0.02265741674456452,0.06266604599536409
2030-04_2030-05,2030-04,TTF_M/Brent_M,year,2025,725,0.5076001870113045,0.04754763679499025
2030-04_2030-05,2030-04,TTF_M/Brent_M,year,2026,147,0.5943554766607196,0.043015073180197344
2030-04_2030-05,2030-04,TTF_M/Brent_M,days_to_expiry,"(1095, 1460]",1169,0.22759315139406802,0.0794347339840402
2030-04_2030-05,2030-04,TTF_M/Brent_M,days_to_expiry,"(730, 1095]",2412,0.21116646811972192,0.19831704369810502
2030-04_2030-05,2030-04,TTF_M/Brent_M,days_to_expiry,"(365, 730]",2401,0.1560175438950644,0.3062535654418519
2030-04_2030-05,2030-04,TTF_M/Brent_M,days_to_expiry,"(180, 365]",1235,0.12477300972528965,0.21368456183038662
2030-04_2030-05,2030-04,TTF_M/Brent_M,days_to_expiry,"(90, 180]",584,0.14721514429843868,0.09589332987587429
2030-04_2030-05,2030-04,TTF_M/Brent_M,days_to_expiry,"(60, 90]",195,0.17237282164329326,0.02792438345750265
2030-04_2030-05,2030-04,TTF_M/Brent_M,days_to_expiry,"(30, 60]",190,0.24151956998032847,0.03039836842422013
2030-04_2030-05,2030-04,TTF_M/Brent_M,days_to_expiry,"(0, 30]",187,0.2940359863698757,0.04035069589411086
2030-04_2030-05,2030-04,TTF_M/Brent_M,days_to_expiry,nan,48,0.1011019132851121,0.007743317393908428
2030-04_2030-05,2030-04,TTF_M/Brent_M,month_pair,Oct/Nov,702,0.16776886078290126,0.08327435341499838
2030-04_2030-05,2030-04,TTF_M/Brent_M,month_pair,Nov/Dec,703,0.1255089166113976,0.09157284595020493
2030-04_2030-05,2030-04,TTF_M/Brent_M,month_pair,Dec/Jan,703,0.14223647903703268,0.0947431930800107
2030-04_2030-05,2030-04,TTF_M/Brent_M,month_pair,Jan/Feb,702,0.1747622677314207,0.0985631851306219
2030-04_2030-05,2030-04,TTF_M/Brent_M,month_pair,Feb/Mar,702,0.16734080181629346,0.09745895814422122
2030-04_2030-05,2030-04,TTF_M/Brent_M,month_pair,Mar/Apr,701,0.14110607343613005,0.10107927918509658
2030-04_2030-05,2030-04,TTF_M/Brent_M,month_pair,Apr/May,702,0.19865692273948923,0.07329406133796484
2030-04_2030-05,2030-04,TTF_M/Brent_M,month_pair,May/Jun,701,0.2618582334960949,0.06663485420766686
2030-04_2030-05,2030-04,TTF_M/Brent_M,month_pair,Jun/Jul,701,0.12451554483968731,0.06674318807661378
2030-04_2030-05,2030-04,TTF_M/Brent_M,month_pair,Jul/Aug,701,0.18978237128578765,0.07444501399431797
2030-04_2030-05,2030-04,TTF_M/Brent_M,month_pair,Aug/Sep,701,0.22546390458504273,0.08348616111584486
2030-04_2030-05,2030-04,TTF_M/Brent_M,month_pair,Sep/Oct,702,0.20993792348336096,0.06870490636243795
2030-04_2030-05,2030-04,TTF_M/Brent_M,pooled,all,8421,0.17523876547937298,1.0
2030-04_2030-05,2030-04,HH_M/Brent_M,year,2019,187,0.1205526303313141,0.002167455289610302
2030-04_2030-05,2030-04,HH_M/Brent_M,year,2020,785,0.12440963267067895,0.03435417215207935
2030-04_2030-05,2030-04,HH_M/Brent_M,year,2021,1388,0.10434190108083308,0.07440167474723101
2030-04_2030-05,2030-04,HH_M/Brent_M,year,2022,1956,0.3449268313324864,0.4015663823145002
2030-04_2030-05,2030-04,HH_M/Brent_M,year,2023,1907,0.21908294274190163,0.18757643390117595
2030-04_2030-05,2030-04,HH_M/Brent_M,year,2024,1326,0.03768077241231375,0.11509349161378832
2030-04_2030-05,2030-04,HH_M/Brent_M,year,2025,725,0.19205368192379157,0.11754260377050432
2030-04_2030-05,2030-04,HH_M/Brent_M,year,2026,147,0.141717921103914,0.0672977862111106
2030-04_2030-05,2030-04,HH_M/Brent_M,days_to_expiry,"(1095, 1460]",1169,0.20188472835320428,0.05359559147978778
2030-04_2030-05,2030-04,HH_M/Brent_M,days_to_expiry,"(730, 1095]",2412,0.23747250300186062,0.13301383135608913
2030-04_2030-05,2030-04,HH_M/Brent_M,days_to_expiry,"(365, 730]",2401,0.30194070638895226,0.21535976104841836
2030-04_2030-05,2030-04,HH_M/Brent_M,days_to_expiry,"(180, 365]",1235,0.24818303530028918,0.20809972014768988
2030-04_2030-05,2030-04,HH_M/Brent_M,days_to_expiry,"(90, 180]",584,0.23250980613104702,0.14017989598255423
2030-04_2030-05,2030-04,HH_M/Brent_M,days_to_expiry,"(60, 90]",195,0.1463190032498796,0.062151076161191005
2030-04_2030-05,2030-04,HH_M/Brent_M,days_to_expiry,"(30, 60]",190,0.12421537141307123,0.0708926018402411
2030-04_2030-05,2030-04,HH_M/Brent_M,days_to_expiry,"(0, 30]",187,0.15106714738603924,0.09130179127215658
2030-04_2030-05,2030-04,HH_M/Brent_M,days_to_expiry,nan,48,0.10479773466202046,0.025405730711871896
2030-04_2030-05,2030-04,HH_M/Brent_M,month_pair,Oct/Nov,702,0.28001034556062543,0.08999737148782506
2030-04_2030-05,2030-04,HH_M/Brent_M,month_pair,Nov/Dec,703,0.222716161304332,0.08341881081200746
2030-04_2030-05,2030-04,HH_M/Brent_M,month_pair,Dec/Jan,703,0.21800319198670867,0.08093469619434748
2030-04_2030-05,2030-04,HH_M/Brent_M,month_pair,Jan/Feb,702,0.20485237564182476,0.08430974100074495
2030-04_2030-05,2030-04,HH_M/Brent_M,month_pair,Feb/Mar,702,0.21160124777955805,0.10723382230470782
2030-04_2030-05,2030-04,HH_M/Brent_M,month_pair,Mar/Apr,701,0.21355234219033709,0.08887054219426965
2030-04_2030-05,2030-04,HH_M/Brent_M,month_pair,Apr/May,702,0.23186645523458474,0.08354357773380003
2030-04_2030-05,2030-04,HH_M/Brent_M,month_pair,May/Jun,701,0.26647422337582233,0.07887698204440388
2030-04_2030-05,2030-04,HH_M/Brent_M,month_pair,Jun/Jul,701,0.20064178786647607,0.07555302816312308
2030-04_2030-05,2030-04,HH_M/Brent_M,month_pair,Jul/Aug,701,0.23166311092507086,0.0766901351170937
2030-04_2030-05,2030-04,HH_M/Brent_M,month_pair,Aug/Sep,701,0.16345564368476778,0.07558175051069217
2030-04_2030-05,2030-04,HH_M/Brent_M,month_pair,Sep/Oct,702,0.21287594154365616,0.07498954243698469
2030-04_2030-05,2030-04,HH_M/Brent_M,pooled,all,8421,0.2209732012382725,1.0
2030-05_2030-06,2030-05,TTF_M/TTF_M1,year,2019,230,0.9837606466934965,0.0017052634388922047
2030-05_2030-06,2030-05,TTF_M/TTF_M1,year,2020,835,0.9873913885086906,0.01091791984782985
2030-05_2030-06,2030-05,TTF_M/TTF_M1,year,2021,1438,0.9564996243298932,0.10451050960249379
2030-05_2030-06,2030-05,TTF_M/TTF_M1,year,2022,2005,0.9862840983204526,0.5742945198293941
2030-05_2030-06,2030-05,TTF_M/TTF_M1,year,2023,1915,0.9874304149559526,0.17224411715548374
2030-05_2030-06,2030-05,TTF_M/TTF_M1,year,2024,1326,0.9955624074590642,0.056885750057407744
2030-05_2030-06,2030-05,TTF_M/TTF_M1,year,2025,725,0.9943391031392965,0.04022439613549107
2030-05_2030-06,2030-05,TTF_M/TTF_M1,year,2026,147,0.995076183987661,0.039217523933007516
2030-05_2030-06,2030-05,TTF_M/TTF_M1,days_to_expiry,"(1095, 1460]",1369,0.9822623366193383,0.08759156260618926
2030-05_2030-06,2030-05,TTF_M/TTF_M1,days_to_expiry,"(730, 1095]",2412,0.9836211423106326,0.1971140949338828
2030-05_2030-06,2030-05,TTF_M/TTF_M1,days_to_expiry,"(365, 730]",2401,0.9778694599072129,0.30519944631014345
2030-05_2030-06,2030-05,TTF_M/TTF_M1,days_to_expiry,"(180, 365]",1235,0.9901451528152165,0.21825840576065797
2030-05_2030-06,2030-05,TTF_M/TTF_M1,days_to_expiry,"(90, 180]",584,0.9969903309595645,0.09480079415422744
2030-05_2030-06,2030-05,TTF_M/TTF_M1,days_to_expiry,"(60, 90]",195,0.9953435015713061,0.02596960498551122
2030-05_2030-06,2030-05,TTF_M/TTF_M1,days_to_expiry,"(30, 60]",190,0.9925496960334068,0.027700723448437433
2030-05_2030-06,2030-05,TTF_M/TTF_M1,days_to_expiry,"(0, 30]",187,0.9854042182959604,0.03655556496671512
2030-05_2030-06,2030-05,TTF_M/TTF_M1,days_to_expiry,nan,48,0.9859623630705328,0.006809802834235322
2030-05_2030-06,2030-05,TTF_M/TTF_M1,month_pair,Oct/Nov,720,0.9916910110591152,0.08155096968518358
2030-05_2030-06,2030-05,TTF_M/TTF_M1,month_pair,Nov/Dec,720,0.9962196108473103,0.09372183478193524
2030-05_2030-06,2030-05,TTF_M/TTF_M1,month_pair,Dec/Jan,720,0.9927562357154796,0.09550710825979745
2030-05_2030-06,2030-05,TTF_M/TTF_M1,month_pair,Jan/Feb,720,0.9966380643751388,0.10195947639300439
2030-05_2030-06,2030-05,TTF_M/TTF_M1,month_pair,Feb/Mar,718,0.9967178249773018,0.1018001420209949
2030-05_2030-06,2030-05,TTF_M/TTF_M1,month_pair,Mar/Apr,718,0.9108713273063149,0.09623599928556402
2030-05_2030-06,2030-05,TTF_M/TTF_M1,month_pair,Apr/May,718,0.9800211633871984,0.07167349980959835
2030-05_2030-06,2030-05,TTF_M/TTF_M1,month_pair,May/Jun,718,0.9951632370812543,0.06634548212134475
2030-05_2030-06,2030-05,TTF_M/TTF_M1,month_pair,Jun/Jul,717,0.9912388684436758,0.0669482568027731
2030-05_2030-06,2030-05,TTF_M/TTF_M1,month_pair,Jul/Aug,717,0.9980623038118852,0.07366328528238247
2030-05_2030-06,2030-05,TTF_M/TTF_M1,month_pair,Aug/Sep,717,0.9983685910240726,0.08320459883057328
2030-05_2030-06,2030-05,TTF_M/TTF_M1,month_pair,Sep/Oct,718,0.9891655421030231,0.06738934672684854
2030-05_2030-06,2030-05,TTF_M/TTF_M1,pooled,all,8621,0.985019810546221,1.0
2030-05_2030-06,2030-05,HH_M/HH_M1,year,2019,230,0.9912146576288439,0.001463275143737939
2030-05_2030-06,2030-05,HH_M/HH_M1,year,2020,835,0.9814222479495184,0.00717983451355741
2030-05_2030-06,2030-05,HH_M/HH_M1,year,2021,1438,0.9874546445947201,0.04045987206792831
2030-05_2030-06,2030-05,HH_M/HH_M1,year,2022,2005,0.9906677861512343,0.45518348252270235
2030-05_2030-06,2030-05,HH_M/HH_M1,year,2023,1915,0.9869524618232735,0.18952570534830376
2030-05_2030-06,2030-05,HH_M/HH_M1,year,2024,1326,0.974033597299965,0.11783342191775414
2030-05_2030-06,2030-05,HH_M/HH_M1,year,2025,725,0.9899157528338458,0.12697297826863826
2030-05_2030-06,2030-05,HH_M/HH_M1,year,2026,147,0.9254844482819381,0.06138143021737785
2030-05_2030-06,2030-05,HH_M/HH_M1,days_to_expiry,"(1095, 1460]",1369,0.99465402412882,0.04214012281065641
2030-05_2030-06,2030-05,HH_M/HH_M1,days_to_expiry,"(730, 1095]",2412,0.9911552160961807,0.09726548468373392
2030-05_2030-06,2030-05,HH_M/HH_M1,days_to_expiry,"(365, 730]",2401,0.9901375488129753,0.19025819725522528
2030-05_2030-06,2030-05,HH_M/HH_M1,days_to_expiry,"(180, 365]",1235,0.9892937420598098,0.22381241940504595
2030-05_2030-06,2030-05,HH_M/HH_M1,days_to_expiry,"(90, 180]",584,0.9938788546709442,0.15875277495806298
2030-05_2030-06,2030-05,HH_M/HH_M1,days_to_expiry,"(60, 90]",195,0.9883725166023278,0.07193275665827528
2030-05_2030-06,2030-05,HH_M/HH_M1,days_to_expiry,"(30, 60]",190,0.9926838155555652,0.08528896694111812
2030-05_2030-06,2030-05,HH_M/HH_M1,days_to_expiry,"(0, 30]",187,0.9750325377393815,0.10663122820386431
2030-05_2030-06,2030-05,HH_M/HH_M1,days_to_expiry,nan,48,0.8054379212931686,0.023918049084017796
2030-05_2030-06,2030-05,HH_M/HH_M1,month_pair,Oct/Nov,720,0.9866466020484446,0.09295598942617009
2030-05_2030-06,2030-05,HH_M/HH_M1,month_pair,Nov/Dec,720,0.9885104472930264,0.08278473015203354
2030-05_2030-06,2030-05,HH_M/HH_M1,month_pair,Dec/Jan,720,0.9941184743657613,0.07595712066994986
2030-05_2030-06,2030-05,HH_M/HH_M1,month_pair,Jan/Feb,720,0.9931791428250917,0.08822736556049311
2030-05_2030-06,2030-05,HH_M/HH_M1,month_pair,Feb/Mar,718,0.9362281606196499,0.11058540703833881
2030-05_2030-06,2030-05,HH_M/HH_M1,month_pair,Mar/Apr,718,0.9569746791366056,0.08732664164580037
2030-05_2030-06,2030-05,HH_M/HH_M1,month_pair,Apr/May,718,0.994921025231276,0.08513818002494128
2030-05_2030-06,2030-05,HH_M/HH_M1,month_pair,May/Jun,718,0.9941954067251882,0.07701380180442882
2030-05_2030-06,2030-05,HH_M/HH_M1,month_pair,Jun/Jul,717,0.9915208027204675,0.07561614432321453
2030-05_2030-06,2030-05,HH_M/HH_M1,month_pair,Jul/Aug,717,0.9968792196354843,0.07419101560074566
2030-05_2030-06,2030-05,HH_M/HH_M1,month_pair,Aug/Sep,717,0.9965055071309851,0.0738081617021681
2030-05_2030-06,2030-05,HH_M/HH_M1,month_pair,Sep/Oct,718,0.9976541030933347,0.0763954420517159
2030-05_2030-06,2030-05,HH_M/HH_M1,pooled,all,8621,0.9828041689934631,1.0
2030-05_2030-06,2030-05,Brent_M/Brent_M1,year,2019,230,0.9996961088341771,0.005797267212979855
2030-05_2030-06,2030-05,Brent_M/Brent_M1,year,2020,835,0.9998282579078825,0.09187674486602546
2030-05_2030-06,2030-05,Brent_M/Brent_M1,year,2021,1438,0.9998180838717595,0.14628648350566922
2030-05_2030-06,2030-05,Brent_M/Brent_M1,year,2022,2005,0.99964850119866,0.32567435168738584
2030-05_2030-06,2030-05,Brent_M/Brent_M1,year,2023,1915,0.9997320654023054,0.18513930219825253
2030-05_2030-06,2030-05,Brent_M/Brent_M1,year,2024,1326,0.9998308447569975,0.09489356858135825
2030-05_2030-06,2030-05,Brent_M/Brent_M1,year,2025,725,0.9996742661709913,0.09289883771065581
2030-05_2030-06,2030-05,Brent_M/Brent_M1,year,2026,147,0.9927280910032954,0.05743344423767294
2030-05_2030-06,2030-05,Brent_M/Brent_M1,days_to_expiry,"(1095, 1460]",1369,0.9997667094835685,0.10298070929742663
2030-05_2030-06,2030-05,Brent_M/Brent_M1,days_to_expiry,"(730, 1095]",2412,0.9997703919237018,0.21054289790819203
2030-05_2030-06,2030-05,Brent_M/Brent_M1,days_to_expiry,"(365, 730]",2401,0.9998418618064007,0.27079702196022015
2030-05_2030-06,2030-05,Brent_M/Brent_M1,days_to_expiry,"(180, 365]",1235,0.9997956512601147,0.18246800592450166
2030-05_2030-06,2030-05,Brent_M/Brent_M1,days_to_expiry,"(90, 180]",584,0.9993267561647361,0.10022715150427158
2030-05_2030-06,2030-05,Brent_M/Brent_M1,days_to_expiry,"(60, 90]",195,0.9981173994201753,0.03632325213291902
2030-05_2030-06,2030-05,Brent_M/Brent_M1,days_to_expiry,"(30, 60]",190,0.9961065763127122,0.03885136042683328
2030-05_2030-06,2030-05,Brent_M/Brent_M1,days_to_expiry,"(0, 30]",187,0.9940436782836023,0.04602634819169086
2030-05_2030-06,2030-05,Brent_M/Brent_M1,days_to_expiry,nan,48,0.9975875550096827,0.011783252653944747
2030-05_2030-06,2030-05,Brent_M/Brent_M1,month_pair,Oct/Nov,720,0.9995273625691627,0.08264908347324156
2030-05_2030-06,2030-05,Brent_M/Brent_M1,month_pair,Nov/Dec,720,0.9996542103508869,0.08184375935042901
2030-05_2030-06,2030-05,Brent_M/Brent_M1,month_pair,Dec/Jan,720,0.9997279003942378,0.0937470586355973
2030-05_2030-06,2030-05,Brent_M/Brent_M1,month_pair,Jan/Feb,720,0.9997066962996308,0.08628761560236654
2030-05_2030-06,2030-05,Brent_M/Brent_M1,month_pair,Feb/Mar,718,0.9997020564768138,0.08349785922772449
2030-05_2030-06,2030-05,Brent_M/Brent_M1,month_pair,Mar/Apr,718,0.9997216954070522,0.08284738471786951
2030-05_2030-06,2030-05,Brent_M/Brent_M1,month_pair,Apr/May,718,0.9985163174289978,0.08552035716707898
2030-05_2030-06,2030-05,Brent_M/Brent_M1,month_pair,May/Jun,718,0.9977162125894956,0.08215828793339788
2030-05_2030-06,2030-05,Brent_M/Brent_M1,month_pair,Jun/Jul,717,0.9981769990255152,0.07303105252400936
2030-05_2030-06,2030-05,Brent_M/Brent_M1,month_pair,Jul/Aug,717,0.9987800354892192,0.08573307527095998
2030-05_2030-06,2030-05,Brent_M/Brent_M1,month_pair,Aug/Sep,717,0.9990499988299988,0.0854071427222776
2030-05_2030-06,2030-05,Brent_M/Brent_M1,month_pair,Sep/Oct,718,0.9990733381554676,0.07727732337504774
2030-05_2030-06,2030-05,Brent_M/Brent_M1,pooled,all,8621,0.9991124730778649,1.0
2030-05_2030-06,2030-05,TTF_M/HH_M,year,2019,230,0.059953470465349115,0.0016096539712563312
2030-05_2030-06,2030-05,TTF_M/HH_M,year,2020,835,0.04616645402151208,0.009991033786543254
2030-05_2030-06,2030-05,TTF_M/HH_M,year,2021,1438,0.1913012408937301,0.09338373661813996
2030-05_2030-06,2030-05,TTF_M/HH_M,year,2022,2005,0.11982568424660998,0.5399172185248727
2030-05_2030-06,2030-05,TTF_M/HH_M,year,2023,1915,0.13760117413699183,0.17746604840634098
2030-05_2030-06,2030-05,TTF_M/HH_M,year,2024,1326,0.29288136307486434,0.07193287801188415
2030-05_2030-06,2030-05,TTF_M/HH_M,year,2025,725,0.06381045302677259,0.05958412888990706
2030-05_2030-06,2030-05,TTF_M/HH_M,year,2026,147,0.33198477799653797,0.04611530179105543
2030-05_2030-06,2030-05,TTF_M/HH_M,days_to_expiry,"(1095, 1460]",1369,0.09469051937486993,0.0764583849820486
2030-05_2030-06,2030-05,TTF_M/HH_M,days_to_expiry,"(730, 1095]",2412,0.12606776438932696,0.17179861189897933
2030-05_2030-06,2030-05,TTF_M/HH_M,days_to_expiry,"(365, 730]",2401,0.15862736029297245,0.28093984115123516
2030-05_2030-06,2030-05,TTF_M/HH_M,days_to_expiry,"(180, 365]",1235,0.1364621827809343,0.2166807123689356
2030-05_2030-06,2030-05,TTF_M/HH_M,days_to_expiry,"(90, 180]",584,0.14040996380189355,0.10841203194288253
2030-05_2030-06,2030-05,TTF_M/HH_M,days_to_expiry,"(60, 90]",195,0.23594936792863225,0.03693209229584309
2030-05_2030-06,2030-05,TTF_M/HH_M,days_to_expiry,"(30, 60]",190,0.2622269035886683,0.04123625113872635
2030-05_2030-06,2030-05,TTF_M/HH_M,days_to_expiry,"(0, 30]",187,0.30790716490322334,0.055061034362227604
2030-05_2030-06,2030-05,TTF_M/HH_M,days_to_expiry,nan,48,0.24307791770244136,0.012481039859121667
2030-05_2030-06,2030-05,TTF_M/HH_M,month_pair,Oct/Nov,720,0.1723725355140492,0.08569224951310887
2030-05_2030-06,2030-05,TTF_M/HH_M,month_pair,Nov/Dec,720,0.058358833017515356,0.09131079593089297
2030-05_2030-06,2030-05,TTF_M/HH_M,month_pair,Dec/Jan,720,0.1261095287406827,0.09021686921189208
2030-05_2030-06,2030-05,TTF_M/HH_M,month_pair,Jan/Feb,720,0.14200438537943588,0.09641684767240093
2030-05_2030-06,2030-05,TTF_M/HH_M,month_pair,Feb/Mar,718,0.20212998723616454,0.10355317629835109
2030-05_2030-06,2030-05,TTF_M/HH_M,month_pair,Mar/Apr,718,0.16045092454685733,0.10321378437073851
2030-05_2030-06,2030-05,TTF_M/HH_M,month_pair,Apr/May,718,0.24572568043716939,0.0739329347017566
2030-05_2030-06,2030-05,TTF_M/HH_M,month_pair,May/Jun,718,0.24283267653683313,0.06715049523190045
2030-05_2030-06,2030-05,TTF_M/HH_M,month_pair,Jun/Jul,717,0.1108804027883959,0.06761085472317685
2030-05_2030-06,2030-05,TTF_M/HH_M,month_pair,Jul/Aug,717,0.11129297516162089,0.07243807369001977
2030-05_2030-06,2030-05,TTF_M/HH_M,month_pair,Aug/Sep,717,0.1203450055060882,0.07988302818300858
2030-05_2030-06,2030-05,TTF_M/HH_M,month_pair,Sep/Oct,718,0.24638339460406952,0.06858089047275327
2030-05_2030-06,2030-05,TTF_M/HH_M,pooled,all,8621,0.1604054704047589,1.0
2030-05_2030-06,2030-05,TTF_M/Brent_M,year,2019,230,0.4360851192019476,0.002211117389495167
2030-05_2030-06,2030-05,TTF_M/Brent_M,year,2020,835,0.6428035235456001,0.021285866242304746
2030-05_2030-06,2030-05,TTF_M/Brent_M,year,2021,1438,0.1151250036946526,0.11342520180547085
2030-05_2030-06,2030-05,TTF_M/Brent_M,year,2022,2005,0.09625332406648299,0.5354780274039578
2030-05_2030-06,2030-05,TTF_M/Brent_M,year,2023,1915,0.14041503686092688,0.1759237508782429
2030-05_2030-06,2030-05,TTF_M/Brent_M,year,2024,1326,0.02265741674456452,0.06203102939618471
2030-05_2030-06,2030-05,TTF_M/Brent_M,year,2025,725,0.5076001870113045,0.047065820236485756
2030-05_2030-06,2030-05,TTF_M/Brent_M,year,2026,147,0.5943554766607196,0.04257918664785794
2030-05_2030-06,2030-05,TTF_M/Brent_M,days_to_expiry,"(1095, 1460]",1369,0.2142183980686437,0.08876313846948282
2030-05_2030-06,2030-05,TTF_M/Brent_M,days_to_expiry,"(730, 1095]",2412,0.21116646811972192,0.19630742887961472
2030-05_2030-06,2030-05,TTF_M/Brent_M,days_to_expiry,"(365, 730]",2401,0.1560175438950644,0.3031501927218333
2030-05_2030-06,2030-05,TTF_M/Brent_M,days_to_expiry,"(180, 365]",1235,0.12477300972528965,0.21151922266472895
2030-05_2030-06,2030-05,TTF_M/Brent_M,days_to_expiry,"(90, 180]",584,0.14721514429843868,0.09492160978001458
2030-05_2030-06,2030-05,TTF_M/Brent_M,days_to_expiry,"(60, 90]",195,0.17237282164329326,0.02764141607483619
2030-05_2030-06,2030-05,TTF_M/Brent_M,days_to_expiry,"(30, 60]",190,0.24151956998032847,0.030090331300914503
2030-05_2030-06,2030-05,TTF_M/Brent_M,days_to_expiry,"(0, 30]",187,0.2940359863698757,0.039941808413271634
2030-05_2030-06,2030-05,TTF_M/Brent_M,days_to_expiry,nan,48,0.1011019132851121,0.007664851695303317
2030-05_2030-06,2030-05,TTF_M/Brent_M,month_pair,Oct/Nov,720,0.17147892982448593,0.08308761789782873
2030-05_2030-06,2030-05,TTF_M/Brent_M,month_pair,Nov/Dec,720,0.12197174719151854,0.09166145168262012
2030-05_2030-06,2030-05,TTF_M/Brent_M,month_pair,Dec/Jan,720,0.1420484875360974,0.09450430456376635
2030-05_2030-06,2030-05,TTF_M/Brent_M,month_pair,Jan/Feb,720,0.17626402339306987,0.09805647807796869
2030-05_2030-06,2030-05,TTF_M/Brent_M,month_pair,Feb/Mar,718,0.16788029294901388,0.09696744821354879
2030-05_2030-06,2030-05,TTF_M/Brent_M,month_pair,Mar/Apr,718,0.1349219907970401,0.10327538403136384
2030-05_2030-06,2030-05,TTF_M/Brent_M,month_pair,Apr/May,718,0.19967720023715121,0.07330995402690144
2030-05_2030-06,2030-05,TTF_M/Brent_M,month_pair,May/Jun,718,0.2575942552218598,0.06687223075665116
2030-05_2030-06,2030-05,TTF_M/Brent_M,month_pair,Jun/Jul,717,0.12413334632546062,0.06629887200697696
2030-05_2030-06,2030-05,TTF_M/Brent_M,month_pair,Jul/Aug,717,0.18987898496087183,0.07440694793517999
2030-05_2030-06,2030-05,TTF_M/Brent_M,month_pair,Aug/Sep,717,0.2249676345876639,0.08304416746042369
2030-05_2030-06,2030-05,TTF_M/Brent_M,month_pair,Sep/Oct,718,0.21043094928824604,0.06851514334677018
2030-05_2030-06,2030-05,TTF_M/Brent_M,pooled,all,8621,0.17452578246691472,1.0
2030-05_2030-06,2030-05,HH_M/Brent_M,year,2019,230,0.16280761941489433,0.0028733562229345602
2030-05_2030-06,2030-05,HH_M/Brent_M,year,2020,835,0.11999610040521771,0.035924835904520176
2030-05_2030-06,2030-05,HH_M/Brent_M,year,2021,1438,0.09717012497916379,0.0754732539463614
2030-05_2030-06,2030-05,HH_M/Brent_M,year,2022,2005,0.3436195739294635,0.4014492693055787
2030-05_2030-06,2030-05,HH_M/Brent_M,year,2023,1915,0.2184748978218312,0.18671093955996967
2030-05_2030-06,2030-05,HH_M/Brent_M,year,2024,1326,0.03768077241231375,0.11418576535799416
2030-05_2030-06,2030-05,HH_M/Brent_M,year,2025,725,0.19205368192379157,0.11661556170999467
2030-05_2030-06,2030-05,HH_M/Brent_M,year,2026,147,0.141717921103914,0.06676701799264663
2030-05_2030-06,2030-05,HH_M/Brent_M,days_to_expiry,"(1095, 1460]",1369,0.18714233072065525,0.06105975055748696
2030-05_2030-06,2030-05,HH_M/Brent_M,days_to_expiry,"(730, 1095]",2412,0.23747250300186062,0.13196476988951325
2030-05_2030-06,2030-05,HH_M/Brent_M,days_to_expiry,"(365, 730]",2401,0.30194070638895226,0.21366124876241357
2030-05_2030-06,2030-05,HH_M/Brent_M,days_to_expiry,"(180, 365]",1235,0.24818303530028918,0.20645846678789653
2030-05_2030-06,2030-05,HH_M/Brent_M,days_to_expiry,"(90, 180]",584,0.23250980613104702,0.13907431676748577
2030-05_2030-06,2030-05,HH_M/Brent_M,days_to_expiry,"(60, 90]",195,0.1463190032498796,0.061660899324374824
2030-05_2030-06,2030-05,HH_M/Brent_M,days_to_expiry,"(30, 60]",190,0.12421537141307123,0.07033348181416797
2030-05_2030-06,2030-05,HH_M/Brent_M,days_to_expiry,"(0, 30]",187,0.15106714738603924,0.09058170682622735
2030-05_2030-06,2030-05,HH_M/Brent_M,days_to_expiry,nan,48,0.10479773466202046,0.025205359270433762
2030-05_2030-06,2030-05,HH_M/Brent_M,month_pair,Oct/Nov,720,0.27657007666868894,0.09034729019002997
2030-05_2030-06,2030-05,HH_M/Brent_M,month_pair,Nov/Dec,720,0.2198695773086131,0.08348038689515869
2030-05_2030-06,2030-05,HH_M/Brent_M,month_pair,Dec/Jan,720,0.2173936370495127,0.08090433300259672
2030-05_2030-06,2030-05,HH_M/Brent_M,month_pair,Jan/Feb,720,0.2086238857174333,0.08469157242709019
2030-05_2030-06,2030-05,HH_M/Brent_M,month_pair,Feb/Mar,718,0.2108067564154497,0.10684815239601633
2030-05_2030-06,2030-05,HH_M/Brent_M,month_pair,Mar/Apr,718,0.21237960963403232,0.08859832191725325
2030-05_2030-06,2030-05,HH_M/Brent_M,month_pair,Apr/May,718,0.23267521290591242,0.08385374362006187
2030-05_2030-06,2030-05,HH_M/Brent_M,month_pair,May/Jun,718,0.26475713558562786,0.07881799050976444
2030-05_2030-06,2030-05,HH_M/Brent_M,month_pair,Jun/Jul,717,0.19736080133313744,0.07526427072248992
2030-05_2030-06,2030-05,HH_M/Brent_M,month_pair,Jul/Aug,717,0.22457755705493943,0.07659664777627526
2030-05_2030-06,2030-05,HH_M/Brent_M,month_pair,Aug/Sep,717,0.16572001995991906,0.07543429168578161
2030-05_2030-06,2030-05,HH_M/Brent_M,month_pair,Sep/Oct,718,0.2088850078576105,0.07516299885748173
2030-05_2030-06,2030-05,HH_M/Brent_M,pooled,all,8621,0.21959096910217174,1.0
2030-06_2030-07,2030-06,TTF_M/TTF_M1,year,2019,280,0.984019604561559,0.0019249578229068862
2030-06_2030-07,2030-06,TTF_M/TTF_M1,year,2020,890,0.987736140758928,0.011588197522837235
2030-06_2030-07,2030-06,TTF_M/TTF_M1,year,2021,1493,0.956709141892769,0.103990102073364
2030-06_2030-07,2030-06,TTF_M/TTF_M1,year,2022,2060,0.986180188866943,0.5774982890084054
2030-06_2030-07,2030-06,TTF_M/TTF_M1,year,2023,1919,0.9870728988438817,0.17037595784483156
2030-06_2030-07,2030-06,TTF_M/TTF_M1,year,2024,1326,0.9955624074590642,0.05617422814455155
2030-06_2030-07,2030-06,TTF_M/TTF_M1,year,2025,725,0.9943391031392965,0.039721272958721375
2030-06_2030-07,2030-06,TTF_M/TTF_M1,year,2026,147,0.995076183987661,0.03872699462438212
2030-06_2030-07,2030-06,TTF_M/TTF_M1,days_to_expiry,"(1095, 1460]",1588,0.9817019627352666,0.09900388636082767
2030-06_2030-07,2030-06,TTF_M/TTF_M1,days_to_expiry,"(730, 1095]",2412,0.9836211423106326,0.19464860932919734
2030-06_2030-07,2030-06,TTF_M/TTF_M1,days_to_expiry,"(365, 730]",2401,0.9778694599072129,0.3013820387234966
2030-06_2030-07,2030-06,TTF_M/TTF_M1,days_to_expiry,"(180, 365]",1235,0.9901451528152165,0.2155284489928023
2030-06_2030-07,2030-06,TTF_M/TTF_M1,days_to_expiry,"(90, 180]",584,0.9969903309595645,0.09361503423493606
2030-06_2030-07,2030-06,TTF_M/TTF_M1,days_to_expiry,"(60, 90]",195,0.9953435015713061,0.025644779471269724
2030-06_2030-07,2030-06,TTF_M/TTF_M1,days_to_expiry,"(30, 60]",190,0.9925496960334068,0.027354245258106074
2030-06_2030-07,2030-06,TTF_M/TTF_M1,days_to_expiry,"(0, 30]",187,0.9854042182959604,0.03609833120457948
2030-06_2030-07,2030-06,TTF_M/TTF_M1,days_to_expiry,nan,48,0.9859623630705328,0.00672462642478482
2030-06_2030-07,2030-06,TTF_M/TTF_M1,month_pair,Oct/Nov,738,0.9917268389445654,0.08099293123804659
2030-06_2030-07,2030-06,TTF_M/TTF_M1,month_pair,Nov/Dec,738,0.9962201796326017,0.09349239146149439
2030-06_2030-07,2030-06,TTF_M/TTF_M1,month_pair,Dec/Jan,738,0.9927607714699541,0.0953379506813183
2030-06_2030-07,2030-06,TTF_M/TTF_M1,month_pair,Jan/Feb,738,0.9966443587865522,0.10129546342154902
2030-06_2030-07,2030-06,TTF_M/TTF_M1,month_pair,Feb/Mar,736,0.9967158236353365,0.10092592918156956
2030-06_2030-07,2030-06,TTF_M/TTF_M1,month_pair,Mar/Apr,737,0.9097066907157831,0.0953676095975532
2030-06_2030-07,2030-06,TTF_M/TTF_M1,month_pair,Apr/May,737,0.9801991591421733,0.07386330559754448
2030-06_2030-07,2030-06,TTF_M/TTF_M1,month_pair,May/Jun,737,0.9952974511844392,0.06771911105685936
2030-06_2030-07,2030-06,TTF_M/TTF_M1,month_pair,Jun/Jul,737,0.9913554566313877,0.06754344119464863
2030-06_2030-07,2030-06,TTF_M/TTF_M1,month_pair,Jul/Aug,735,0.9980694800867769,0.07309611176227554
2030-06_2030-07,2030-06,TTF_M/TTF_M1,month_pair,Aug/Sep,734,0.9983398630008675,0.08311557186367555
2030-06_2030-07,2030-06,TTF_M/TTF_M1,month_pair,Sep/Oct,735,0.9881750099723396,0.06725018294346545
2030-06_2030-07,2030-06,TTF_M/TTF_M1,pooled,all,8840,0.9849194326896776,1.0
2030-06_2030-07,2030-06,HH_M/HH_M1,year,2019,280,0.9925082153629571,0.0018785236362694432
2030-06_2030-07,2030-06,HH_M/HH_M1,year,2020,890,0.9820947324916672,0.007687908186060401
2030-06_2030-07,2030-06,HH_M/HH_M1,year,2021,1493,0.9875704478003883,0.04092266995160877
2030-06_2030-07,2030-06,HH_M/HH_M1,year,2022,2060,0.990689872772253,0.4570059995089545
2030-06_2030-07,2030-06,HH_M/HH_M1,year,2023,1919,0.9869615071898581,0.18845458235385223
2030-06_2030-07,2030-06,HH_M/HH_M1,year,2024,1326,0.974033597299965,0.11701082033538865
2030-06_2030-07,2030-06,HH_M/HH_M1,year,2025,725,0.9899157528338458,0.12608657294202094
2030-06_2030-07,2030-06,HH_M/HH_M1,year,2026,147,0.9254844482819381,0.06095292308584504
2030-06_2030-07,2030-06,HH_M/HH_M1,days_to_expiry,"(1095, 1460]",1588,0.9946679278703995,0.04882699515838754
2030-06_2030-07,2030-06,HH_M/HH_M1,days_to_expiry,"(730, 1095]",2412,0.9911552160961807,0.09658646899948915
2030-06_2030-07,2030-06,HH_M/HH_M1,days_to_expiry,"(365, 730]",2401,0.9901375488129753,0.18892999434324168
2030-06_2030-07,2030-06,HH_M/HH_M1,days_to_expiry,"(180, 365]",1235,0.9892937420598098,0.22224997262755913
2030-06_2030-07,2030-06,HH_M/HH_M1,days_to_expiry,"(90, 180]",584,0.9938788546709442,0.15764451312742067
2030-06_2030-07,2030-06,HH_M/HH_M1,days_to_expiry,"(60, 90]",195,0.9883725166023278,0.07143059013804717
2030-06_2030-07,2030-06,HH_M/HH_M1,days_to_expiry,"(30, 60]",190,0.9926838155555652,0.0846935599842273
2030-06_2030-07,2030-06,HH_M/HH_M1,days_to_expiry,"(0, 30]",187,0.9750325377393815,0.10588682975033133
2030-06_2030-07,2030-06,HH_M/HH_M1,days_to_expiry,nan,48,0.8054379212931686,0.023751075871296014
2030-06_2030-07,2030-06,HH_M/HH_M1,month_pair,Oct/Nov,738,0.9866641462614972,0.09257049741357061
2030-06_2030-07,2030-06,HH_M/HH_M1,month_pair,Nov/Dec,738,0.9885524631622773,0.08298527608789519
2030-06_2030-07,2030-06,HH_M/HH_M1,month_pair,Dec/Jan,738,0.9941722357797564,0.07633095786859259
2030-06_2030-07,2030-06,HH_M/HH_M1,month_pair,Jan/Feb,738,0.9932042866786861,0.08809548215272933
2030-06_2030-07,2030-06,HH_M/HH_M1,month_pair,Feb/Mar,736,0.9366020555458028,0.11077729014132595
2030-06_2030-07,2030-06,HH_M/HH_M1,month_pair,Mar/Apr,737,0.9567978821275267,0.08745020264548717
2030-06_2030-07,2030-06,HH_M/HH_M1,month_pair,Apr/May,737,0.9949008357324217,0.08501487996385865
2030-06_2030-07,2030-06,HH_M/HH_M1,month_pair,May/Jun,737,0.994235194465047,0.07738211229353692
2030-06_2030-07,2030-06,HH_M/HH_M1,month_pair,Jun/Jul,737,0.991552032972883,0.07554598310006702
2030-06_2030-07,2030-06,HH_M/HH_M1,month_pair,Jul/Aug,735,0.9968921359020729,0.07407851161666607
2030-06_2030-07,2030-06,HH_M/HH_M1,month_pair,Aug/Sep,734,0.9965099081268608,0.07347228090174725
2030-06_2030-07,2030-06,HH_M/HH_M1,month_pair,Sep/Oct,735,0.9976571795900865,0.0762965258145232
2030-06_2030-07,2030-06,HH_M/HH_M1,pooled,all,8840,0.9828604669368409,1.0
2030-06_2030-07,2030-06,Brent_M/Brent_M1,year,2019,280,0.9997084776857648,0.006868207896090577
2030-06_2030-07,2030-06,Brent_M/Brent_M1,year,2020,890,0.9998302120082557,0.09582426791102648
2030-06_2030-07,2030-06,Brent_M/Brent_M1,year,2021,1493,0.9998167422605677,0.1475256480160827
2030-06_2030-07,2030-06,Brent_M/Brent_M1,year,2022,2060,0.9996496196152191,0.325582375080979
2030-06_2030-07,2030-06,Brent_M/Brent_M1,year,2023,1919,0.999731618098053,0.18249386729493858
2030-06_2030-07,2030-06,Brent_M/Brent_M1,year,2024,1326,0.9998308447569975,0.09353137154195763
2030-06_2030-07,2030-06,Brent_M/Brent_M1,year,2025,725,0.9996742661709913,0.091565275030012
2030-06_2030-07,2030-06,Brent_M/Brent_M1,year,2026,147,0.9927280910032954,0.05660898722891304
2030-06_2030-07,2030-06,Brent_M/Brent_M1,days_to_expiry,"(1095, 1460]",1588,0.9997711196889626,0.11585741991488716
2030-06_2030-07,2030-06,Brent_M/Brent_M1,days_to_expiry,"(730, 1095]",2412,0.9997703919237018,0.20752055491398297
2030-06_2030-07,2030-06,Brent_M/Brent_M1,days_to_expiry,"(365, 730]",2401,0.9998418618064007,0.26690973110260574
2030-06_2030-07,2030-06,Brent_M/Brent_M1,days_to_expiry,"(180, 365]",1235,0.9997956512601147,0.17984867796401308
2030-06_2030-07,2030-06,Brent_M/Brent_M1,days_to_expiry,"(90, 180]",584,0.9993267561647361,0.09878839088974561
2030-06_2030-07,2030-06,Brent_M/Brent_M1,days_to_expiry,"(60, 90]",195,0.9981173994201753,0.03580183190121551
2030-06_2030-07,2030-06,Brent_M/Brent_M1,days_to_expiry,"(30, 60]",190,0.9961065763127122,0.0382936492042361
2030-06_2030-07,2030-06,Brent_M/Brent_M1,days_to_expiry,"(0, 30]",187,0.9940436782836023,0.045365640030132055
2030-06_2030-07,2030-06,Brent_M/Brent_M1,days_to_expiry,nan,48,0.9975875550096827,0.011614104079181732
2030-06_2030-07,2030-06,Brent_M/Brent_M1,month_pair,Oct/Nov,738,0.9995294578964882,0.08268027953626816
2030-06_2030-07,2030-06,Brent_M/Brent_M1,month_pair,Nov/Dec,738,0.999671898061296,0.08538312406937491
2030-06_2030-07,2030-06,Brent_M/Brent_M1,month_pair,Dec/Jan,738,0.9997274661710422,0.09357776974470723
2030-06_2030-07,2030-06,Brent_M/Brent_M1,month_pair,Jan/Feb,738,0.9997049480256419,0.0858151781338623
2030-06_2030-07,2030-06,Brent_M/Brent_M1,month_pair,Feb/Mar,736,0.9997018978559145,0.08312840420991417
2030-06_2030-07,2030-06,Brent_M/Brent_M1,month_pair,Mar/Apr,737,0.9997187216746518,0.08234819252151974
2030-06_2030-07,2030-06,Brent_M/Brent_M1,month_pair,Apr/May,737,0.9985192711807951,0.08465631008026428
2030-06_2030-07,2030-06,Brent_M/Brent_M1,month_pair,May/Jun,737,0.9977421553252286,0.08200576678258048
2030-06_2030-07,2030-06,Brent_M/Brent_M1,month_pair,Jun/Jul,737,0.9981911055745167,0.07294195080291793
2030-06_2030-07,2030-06,Brent_M/Brent_M1,month_pair,Jul/Aug,735,0.9987852881594367,0.08525150228510268
2030-06_2030-07,2030-06,Brent_M/Brent_M1,month_pair,Aug/Sep,734,0.9990596475134575,0.08559128042330644
2030-06_2030-07,2030-06,Brent_M/Brent_M1,month_pair,Sep/Oct,735,0.9990739416947667,0.07662024141018156
2030-06_2030-07,2030-06,Brent_M/Brent_M1,pooled,all,8840,0.9991205663279744,1.0
2030-06_2030-07,2030-06,TTF_M/HH_M,year,2019,280,0.09653097904342318,0.001863486642423444
2030-06_2030-07,2030-06,TTF_M/HH_M,year,2020,890,0.048695530010715145,0.010613493068531338
2030-06_2030-07,2030-06,TTF_M/HH_M,year,2021,1493,0.18879433793572625,0.09311961136176992
2030-06_2030-07,2030-06,TTF_M/HH_M,year,2022,2060,0.11836303183107151,0.5428547789173988
2030-06_2030-07,2030-06,TTF_M/HH_M,year,2023,1919,0.1366215084807065,0.17579068917805402
2030-06_2030-07,2030-06,TTF_M/HH_M,year,2024,1326,0.29288136307486434,0.07117384562814377
2030-06_2030-07,2030-06,TTF_M/HH_M,year,2025,725,0.06381045302677259,0.0589553999326571
2030-06_2030-07,2030-06,TTF_M/HH_M,year,2026,147,0.33198477799653797,0.04562869527102172
2030-06_2030-07,2030-06,TTF_M/HH_M,days_to_expiry,"(1095, 1460]",1588,0.08675607124113444,0.08620355315695061
2030-06_2030-07,2030-06,TTF_M/HH_M,days_to_expiry,"(730, 1095]",2412,0.12606776438932696,0.16998580093524412
2030-06_2030-07,2030-06,TTF_M/HH_M,days_to_expiry,"(365, 730]",2401,0.15862736029297245,0.2779753770117434
2030-06_2030-07,2030-06,TTF_M/HH_M,days_to_expiry,"(180, 365]",1235,0.1364621827809343,0.2143943075681603
2030-06_2030-07,2030-06,TTF_M/HH_M,days_to_expiry,"(90, 180]",584,0.14040996380189355,0.10726807322322517
2030-06_2030-07,2030-06,TTF_M/HH_M,days_to_expiry,"(60, 90]",195,0.23594936792863225,0.03654238657536292
2030-06_2030-07,2030-06,TTF_M/HH_M,days_to_expiry,"(30, 60]",190,0.2622269035886683,0.04080112813428917
2030-06_2030-07,2030-06,TTF_M/HH_M,days_to_expiry,"(0, 30]",187,0.30790716490322334,0.054480032888099626
2030-06_2030-07,2030-06,TTF_M/HH_M,days_to_expiry,nan,48,0.24307791770244136,0.01234934050692471
2030-06_2030-07,2030-06,TTF_M/HH_M,month_pair,Oct/Nov,738,0.17353911563977784,0.08520709910008341
2030-06_2030-07,2030-06,TTF_M/HH_M,month_pair,Nov/Dec,738,0.06280909189584838,0.09126599154878662
2030-06_2030-07,2030-06,TTF_M/HH_M,month_pair,Dec/Jan,738,0.12567229255425408,0.09019820844398377
2030-06_2030-07,2030-06,TTF_M/HH_M,month_pair,Jan/Feb,738,0.14313107090676,0.09594506291363661
2030-06_2030-07,2030-06,TTF_M/HH_M,month_pair,Feb/Mar,736,0.202004597084844,0.10294151986357253
2030-06_2030-07,2030-06,TTF_M/HH_M,month_pair,Mar/Apr,737,0.15956176330071561,0.10249006272119653
2030-06_2030-07,2030-06,TTF_M/HH_M,month_pair,Apr/May,737,0.24400687749397795,0.07530854797012439
2030-06_2030-07,2030-06,TTF_M/HH_M,month_pair,May/Jun,737,0.2317219022159029,0.06829851036986125
2030-06_2030-07,2030-06,TTF_M/HH_M,month_pair,Jun/Jul,737,0.10811640703825394,0.06809562516300696
2030-06_2030-07,2030-06,TTF_M/HH_M,month_pair,Jul/Aug,735,0.10942991359597959,0.07202419565586853
2030-06_2030-07,2030-06,TTF_M/HH_M,month_pair,Aug/Sep,734,0.1160856685263377,0.07982578131546084
2030-06_2030-07,2030-06,TTF_M/HH_M,month_pair,Sep/Oct,735,0.24334430811299884,0.06839939493441859
2030-06_2030-07,2030-06,TTF_M/HH_M,pooled,all,8840,0.15924048384193878,1.0
2030-06_2030-07,2030-06,TTF_M/Brent_M,year,2019,280,0.42223560127894916,0.0025383664461055204
2030-06_2030-07,2030-06,TTF_M/Brent_M,year,2020,890,0.6394373170428925,0.022394770061836915
2030-06_2030-07,2030-06,TTF_M/Brent_M,year,2021,1493,0.11735990547418258,0.11311940364419758
2030-06_2030-07,2030-06,TTF_M/Brent_M,year,2022,2060,0.09708598853295558,0.5381286286941436
2030-06_2030-07,2030-06,TTF_M/Brent_M,year,2023,1919,0.1401316685816051,0.1739687325873381
2030-06_2030-07,2030-06,TTF_M/Brent_M,year,2024,1326,0.02265741674456452,0.06128427467606163
2030-06_2030-07,2030-06,TTF_M/Brent_M,year,2025,725,0.5076001870113045,0.046499222780983555
2030-06_2030-07,2030-06,TTF_M/Brent_M,year,2026,147,0.5943554766607196,0.04206660110933316
2030-06_2030-07,2030-06,TTF_M/Brent_M,days_to_expiry,"(1095, 1460]",1588,0.21700917690189064,0.09973297782442855
2030-06_2030-07,2030-06,TTF_M/Brent_M,days_to_expiry,"(730, 1095]",2412,0.21116646811972192,0.1939442003383825
2030-06_2030-07,2030-06,TTF_M/Brent_M,days_to_expiry,"(365, 730]",2401,0.1560175438950644,0.29950074760501283
2030-06_2030-07,2030-06,TTF_M/Brent_M,days_to_expiry,"(180, 365]",1235,0.12477300972528965,0.2089728683730272
2030-06_2030-07,2030-06,TTF_M/Brent_M,days_to_expiry,"(90, 180]",584,0.14721514429843868,0.09377890489771794
2030-06_2030-07,2030-06,TTF_M/Brent_M,days_to_expiry,"(60, 90]",195,0.17237282164329326,0.027308657484084196
2030-06_2030-07,2030-06,TTF_M/Brent_M,days_to_expiry,"(30, 60]",190,0.24151956998032847,0.029728091674267144
2030-06_2030-07,2030-06,TTF_M/Brent_M,days_to_expiry,"(0, 30]",187,0.2940359863698757,0.03946097270486572
2030-06_2030-07,2030-06,TTF_M/Brent_M,days_to_expiry,nan,48,0.1011019132851121,0.007572579098213977
2030-06_2030-07,2030-06,TTF_M/Brent_M,month_pair,Oct/Nov,738,0.17307960455849128,0.08264980524207076
2030-06_2030-07,2030-06,TTF_M/Brent_M,month_pair,Nov/Dec,738,0.13494999841025285,0.09201240528956085
2030-06_2030-07,2030-06,TTF_M/Brent_M,month_pair,Dec/Jan,738,0.13894845648272594,0.09434362088324043
2030-06_2030-07,2030-06,TTF_M/Brent_M,month_pair,Jan/Feb,738,0.17412538593481466,0.09747240623170011
2030-06_2030-07,2030-06,TTF_M/Brent_M,month_pair,Feb/Mar,736,0.16970739728767348,0.09623433904835894
2030-06_2030-07,2030-06,TTF_M/Brent_M,month_pair,Mar/Apr,737,0.13655064903180478,0.10239423315040462
2030-06_2030-07,2030-06,TTF_M/Brent_M,month_pair,Apr/May,737,0.1998148936434855,0.07476756434174192
2030-06_2030-07,2030-06,TTF_M/Brent_M,month_pair,May/Jun,737,0.25514621922831104,0.06805772744990701
2030-06_2030-07,2030-06,TTF_M/Brent_M,month_pair,Jun/Jul,737,0.11934218630677033,0.06685170593191293
2030-06_2030-07,2030-06,TTF_M/Brent_M,month_pair,Jul/Aug,735,0.18836793683848682,0.07390524833637667
2030-06_2030-07,2030-06,TTF_M/Brent_M,month_pair,Aug/Sep,734,0.22682892954476677,0.0830596366065809
2030-06_2030-07,2030-06,TTF_M/Brent_M,month_pair,Sep/Oct,735,0.21155279135331315,0.06825130748814484
2030-06_2030-07,2030-06,TTF_M/Brent_M,pooled,all,8840,0.17532212118397553,1.0
2030-06_2030-07,2030-06,HH_M/Brent_M,year,2019,280,0.18772141770485162,0.003501125537432947
2030-06_2030-07,2030-06,HH_M/Brent_M,year,2020,890,0.12230259628117118,0.03774484734489841
2030-06_2030-07,2030-06,HH_M/Brent_M,year,2021,1493,0.09165430690394448,0.07638243501761936
2030-06_2030-07,2030-06,HH_M/Brent_M,year,2022,2060,0.34372539125661644,0.40233046932194044
2030-06_2030-07,2030-06,HH_M/Brent_M,year,2023,1919,0.2185886354606518,0.18517568836981865
2030-06_2030-07,2030-06,HH_M/Brent_M,year,2024,1326,0.03768077241231375,0.11314857868590564
2030-06_2030-07,2030-06,HH_M/Brent_M,year,2025,725,0.19205368192379157,0.11555630440253158
2030-06_2030-07,2030-06,HH_M/Brent_M,year,2026,147,0.141717921103914,0.06616055131985292
2030-06_2030-07,2030-06,HH_M/Brent_M,days_to_expiry,"(1095, 1460]",1588,0.19084711058547968,0.06958845209533633
2030-06_2030-07,2030-06,HH_M/Brent_M,days_to_expiry,"(730, 1095]",2412,0.23747250300186062,0.13076609070138934
2030-06_2030-07,2030-06,HH_M/Brent_M,days_to_expiry,"(365, 730]",2401,0.30194070638895226,0.21172049372290944
2030-06_2030-07,2030-06,HH_M/Brent_M,days_to_expiry,"(180, 365]",1235,0.24818303530028918,0.20458313697405436
2030-06_2030-07,2030-06,HH_M/Brent_M,days_to_expiry,"(90, 180]",584,0.23250980613104702,0.1378110592385914
2030-06_2030-07,2030-06,HH_M/Brent_M,days_to_expiry,"(60, 90]",195,0.1463190032498796,0.06110081319833516
2030-06_2030-07,2030-06,HH_M/Brent_M,days_to_expiry,"(30, 60]",190,0.12421537141307123,0.069694619783419
2030-06_2030-07,2030-06,HH_M/Brent_M,days_to_expiry,"(0, 30]",187,0.15106714738603924,0.08975892354180796
2030-06_2030-07,2030-06,HH_M/Brent_M,days_to_expiry,nan,48,0.10479773466202046,0.024976410744157004
2030-06_2030-07,2030-06,HH_M/Brent_M,month_pair,Oct/Nov,738,0.27548697136732403,0.0901027141454657
2030-06_2030-07,2030-06,HH_M/Brent_M,month_pair,Nov/Dec,738,0.22264326710836152,0.08482591730241326
2030-06_2030-07,2030-06,HH_M/Brent_M,month_pair,Dec/Jan,738,0.21935272481491558,0.08114305474521213
2030-06_2030-07,2030-06,HH_M/Brent_M,month_pair,Jan/Feb,738,0.2073328236644318,0.0844751756101511
2030-06_2030-07,2030-06,HH_M/Brent_M,month_pair,Feb/Mar,736,0.2147848569025105,0.10671925065724637
2030-06_2030-07,2030-06,HH_M/Brent_M,month_pair,Mar/Apr,737,0.20928198037186033,0.08838342659485887
2030-06_2030-07,2030-06,HH_M/Brent_M,month_pair,Apr/May,737,0.230298375296609,0.08349923283304943
2030-06_2030-07,2030-06,HH_M/Brent_M,month_pair,May/Jun,737,0.2655884150121427,0.07901624370240613
2030-06_2030-07,2030-06,HH_M/Brent_M,month_pair,Jun/Jul,737,0.19916426344733262,0.07518912209502511
2030-06_2030-07,2030-06,HH_M/Brent_M,month_pair,Jul/Aug,735,0.22077608405689716,0.07640468259848915
2030-06_2030-07,2030-06,HH_M/Brent_M,month_pair,Aug/Sep,734,0.1614555416984499,0.0753377171241093
2030-06_2030-07,2030-06,HH_M/Brent_M,month_pair,Sep/Oct,735,0.2096556678361409,0.07490346259157345
2030-06_2030-07,2030-06,HH_M/Brent_M,pooled,all,8840,0.21937507777710197,1.0
2030-07_2030-08,2030-07,TTF_M/TTF_M1,year,2019,326,0.9849498478074369,0.0023441764359186526
2030-07_2030-08,2030-07,TTF_M/TTF_M1,year,2020,937,0.9873733854165235,0.012131385849878003
2030-07_2030-08,2030-07,TTF_M/TTF_M1,year,2021,1540,0.9568152426230441,0.10403269327287525
2030-07_2030-08,2030-07,TTF_M/TTF_M1,year,2022,2106,0.985722678762604,0.5786276615317778
2030-07_2030-08,2030-07,TTF_M/TTF_M1,year,2023,1919,0.9870728988438817,0.16918367164851061
2030-07_2030-08,2030-07,TTF_M/TTF_M1,year,2024,1326,0.9955624074590642,0.05578112246430804
2030-07_2030-08,2030-07,TTF_M/TTF_M1,year,2025,725,0.9943391031392965,0.03944330459952299
2030-07_2030-08,2030-07,TTF_M/TTF_M1,year,2026,147,0.995076183987661,0.038455984197208484
2030-07_2030-08,2030-07,TTF_M/TTF_M1,days_to_expiry,"(1095, 1460]",1774,0.9793980504921078,0.10530903200942401
2030-07_2030-08,2030-07,TTF_M/TTF_M1,days_to_expiry,"(730, 1095]",2412,0.9836211423106326,0.19328646379544995
2030-07_2030-08,2030-07,TTF_M/TTF_M1,days_to_expiry,"(365, 730]",2401,0.9778694599072129,0.2992729756307077
2030-07_2030-08,2030-07,TTF_M/TTF_M1,days_to_expiry,"(180, 365]",1235,0.9901451528152165,0.21402018692402722
2030-07_2030-08,2030-07,TTF_M/TTF_M1,days_to_expiry,"(90, 180]",584,0.9969903309595645,0.09295991883897109
2030-07_2030-08,2030-07,TTF_M/TTF_M1,days_to_expiry,"(60, 90]",195,0.9953435015713061,0.025465318020498975
2030-07_2030-08,2030-07,TTF_M/TTF_M1,days_to_expiry,"(30, 60]",190,0.9925496960334068,0.027162821013485126
2030-07_2030-08,2030-07,TTF_M/TTF_M1,days_to_expiry,"(0, 30]",187,0.9854042182959604,0.035845716090628726
2030-07_2030-08,2030-07,TTF_M/TTF_M1,days_to_expiry,nan,48,0.9859623630705328,0.006677567676807081
2030-07_2030-08,2030-07,TTF_M/TTF_M1,month_pair,Oct/Nov,753,0.991738821961118,0.08061776810286488
2030-07_2030-08,2030-07,TTF_M/TTF_M1,month_pair,Nov/Dec,754,0.9962069262760841,0.09320377819954248
2030-07_2030-08,2030-07,TTF_M/TTF_M1,month_pair,Dec/Jan,754,0.9924750432194579,0.09554445028934101
2030-07_2030-08,2030-07,TTF_M/TTF_M1,month_pair,Jan/Feb,753,0.996664582779296,0.10133859036151242
2030-07_2030-08,2030-07,TTF_M/TTF_M1,month_pair,Feb/Mar,752,0.9967180039720812,0.10080252501977907
2030-07_2030-08,2030-07,TTF_M/TTF_M1,month_pair,Mar/Apr,751,0.9075654256993629,0.09500391619465
2030-07_2030-08,2030-07,TTF_M/TTF_M1,month_pair,Apr/May,753,0.9803569392351643,0.07419258422099778
2030-07_2030-08,2030-07,TTF_M/TTF_M1,month_pair,May/Jun,753,0.9953613445328737,0.06843280003848183
2030-07_2030-08,2030-07,TTF_M/TTF_M1,month_pair,Jun/Jul,752,0.9913595228011741,0.06743781637135615
2030-07_2030-08,2030-07,TTF_M/TTF_M1,month_pair,Jul/Aug,751,0.9980658025316894,0.0733508667377886
2030-07_2030-08,2030-07,TTF_M/TTF_M1,month_pair,Aug/Sep,750,0.9983339941835655,0.08285731981800629
2030-07_2030-08,2030-07,TTF_M/TTF_M1,month_pair,Sep/Oct,750,0.9871162789267451,0.0672175846456794
2030-07_2030-08,2030-07,TTF_M/TTF_M1,pooled,all,9026,0.9846592011438274,1.0
2030-07_2030-08,2030-07,HH_M/HH_M1,year,2019,326,0.9934065001719805,0.0021466633967829386
2030-07_2030-08,2030-07,HH_M/HH_M1,year,2020,937,0.9830145572361372,0.008205048700339003
2030-07_2030-08,2030-07,HH_M/HH_M1,year,2021,1540,0.9875606403617041,0.04140933109901414
2030-07_2030-08,2030-07,HH_M/HH_M1,year,2022,2106,0.9907474200585549,0.4582980885888443
2030-07_2030-08,2030-07,HH_M/HH_M1,year,2023,1919,0.9869615071898581,0.18747346866610606
2030-07_2030-08,2030-07,HH_M/HH_M1,year,2024,1326,0.974033597299965,0.1164016501257203
2030-07_2030-08,2030-07,HH_M/HH_M1,year,2025,725,0.9899157528338458,0.12543015344290712
2030-07_2030-08,2030-07,HH_M/HH_M1,year,2026,147,0.9254844482819381,0.06063559598028613
2030-07_2030-08,2030-07,HH_M/HH_M1,days_to_expiry,"(1095, 1460]",1774,0.9949103520535076,0.05377889838519531
2030-07_2030-08,2030-07,HH_M/HH_M1,days_to_expiry,"(730, 1095]",2412,0.9911552160961807,0.09608363003636679
2030-07_2030-08,2030-07,HH_M/HH_M1,days_to_expiry,"(365, 730]",2401,0.9901375488129753,0.18794640561241466
2030-07_2030-08,2030-07,HH_M/HH_M1,days_to_expiry,"(180, 365]",1235,0.9892937420598098,0.22109291670712158
2030-07_2030-08,2030-07,HH_M/HH_M1,days_to_expiry,"(90, 180]",584,0.9938788546709442,0.15682379978792235
2030-07_2030-08,2030-07,HH_M/HH_M1,days_to_expiry,"(60, 90]",195,0.9883725166023278,0.07105871523411601
2030-07_2030-08,2030-07,HH_M/HH_M1,days_to_expiry,"(30, 60]",190,0.9926838155555652,0.084252636712813
2030-07_2030-08,2030-07,HH_M/HH_M1,days_to_expiry,"(0, 30]",187,0.9750325377393815,0.10533557216496238
2030-07_2030-08,2030-07,HH_M/HH_M1,days_to_expiry,nan,48,0.8054379212931686,0.023627425359087868
2030-07_2030-08,2030-07,HH_M/HH_M1,month_pair,Oct/Nov,753,0.9866740816031092,0.09225152363960833
2030-07_2030-08,2030-07,HH_M/HH_M1,month_pair,Nov/Dec,754,0.9885592566555863,0.08264924315113571
2030-07_2030-08,2030-07,HH_M/HH_M1,month_pair,Dec/Jan,754,0.9941885139309562,0.07637286217274347
2030-07_2030-08,2030-07,HH_M/HH_M1,month_pair,Jan/Feb,753,0.9932520090404755,0.08841986427415228
2030-07_2030-08,2030-07,HH_M/HH_M1,month_pair,Feb/Mar,752,0.9367129160124563,0.11051206336940883
2030-07_2030-08,2030-07,HH_M/HH_M1,month_pair,Mar/Apr,751,0.9569700395395769,0.08757102815184116
2030-07_2030-08,2030-07,HH_M/HH_M1,month_pair,Apr/May,753,0.9949416484036279,0.08551899466331357
2030-07_2030-08,2030-07,HH_M/HH_M1,month_pair,May/Jun,753,0.9942549602806889,0.07732779985501566
2030-07_2030-08,2030-07,HH_M/HH_M1,month_pair,Jun/Jul,752,0.9916108981885879,0.07592625531678071
2030-07_2030-08,2030-07,HH_M/HH_M1,month_pair,Jul/Aug,751,0.9968959686510628,0.07396764432911808
2030-07_2030-08,2030-07,HH_M/HH_M1,month_pair,Aug/Sep,750,0.9965182815136304,0.07332074898587028
2030-07_2030-08,2030-07,HH_M/HH_M1,month_pair,Sep/Oct,750,0.9976584620819661,0.07616197209101187
2030-07_2030-08,2030-07,HH_M/HH_M1,pooled,all,9026,0.9829238053019445,1.0
2030-07_2030-08,2030-07,Brent_M/Brent_M1,year,2019,326,0.999712722832967,0.007751487840503995
2030-07_2030-08,2030-07,Brent_M/Brent_M1,year,2020,937,0.9998316967075487,0.0994301908494946
2030-07_2030-08,2030-07,Brent_M/Brent_M1,year,2021,1540,0.999816103928586,0.1485298163611452
2030-07_2030-08,2030-07,Brent_M/Brent_M1,year,2022,2106,0.9996523098387562,0.3262433621391818
2030-07_2030-08,2030-07,Brent_M/Brent_M1,year,2023,1919,0.999731618098053,0.17984621532586215
2030-07_2030-08,2030-07,Brent_M/Brent_M1,year,2024,1326,0.9998308447569975,0.09217440254511315
2030-07_2030-08,2030-07,Brent_M/Brent_M1,year,2025,725,0.9996742661709913,0.09023683049472016
2030-07_2030-08,2030-07,Brent_M/Brent_M1,year,2026,147,0.9927280910032954,0.05578769444397894
2030-07_2030-08,2030-07,Brent_M/Brent_M1,days_to_expiry,"(1095, 1460]",1774,0.9997794100801993,0.12868471037568613
2030-07_2030-08,2030-07,Brent_M/Brent_M1,days_to_expiry,"(730, 1095]",2412,0.9997703919237018,0.20450981151758238
2030-07_2030-08,2030-07,Brent_M/Brent_M1,days_to_expiry,"(365, 730]",2401,0.9998418618064007,0.2630373594684545
2030-07_2030-08,2030-07,Brent_M/Brent_M1,days_to_expiry,"(180, 365]",1235,0.9997956512601147,0.1772394028502492
2030-07_2030-08,2030-07,Brent_M/Brent_M1,days_to_expiry,"(90, 180]",584,0.9993267561647361,0.09735515216486064
2030-07_2030-08,2030-07,Brent_M/Brent_M1,days_to_expiry,"(60, 90]",195,0.9981173994201753,0.035282412853688834
2030-07_2030-08,2030-07,Brent_M/Brent_M1,days_to_expiry,"(30, 60]",190,0.9961065763127122,0.037738078448782394
2030-07_2030-08,2030-07,Brent_M/Brent_M1,days_to_expiry,"(0, 30]",187,0.9940436782836023,0.04470746763269982
2030-07_2030-08,2030-07,Brent_M/Brent_M1,days_to_expiry,nan,48,0.9975875550096827,0.011445604687996127
2030-07_2030-08,2030-07,Brent_M/Brent_M1,month_pair,Oct/Nov,753,0.9995302607129983,0.08208338997773064
2030-07_2030-08,2030-07,Brent_M/Brent_M1,month_pair,Nov/Dec,754,0.999672816048847,0.08497768482118746
2030-07_2030-08,2030-07,Brent_M/Brent_M1,month_pair,Dec/Jan,754,0.9997331375584854,0.09629431239994682
2030-07_2030-08,2030-07,Brent_M/Brent_M1,month_pair,Jan/Feb,753,0.9997063570941078,0.08579034353571202
2030-07_2030-08,2030-07,Brent_M/Brent_M1,month_pair,Feb/Mar,752,0.9997010988923041,0.08277038104893504
2030-07_2030-08,2030-07,Brent_M/Brent_M1,month_pair,Mar/Apr,751,0.9997190310459837,0.08172940279598769
2030-07_2030-08,2030-07,Brent_M/Brent_M1,month_pair,Apr/May,753,0.9985403259218399,0.08496014732753722
2030-07_2030-08,2030-07,Brent_M/Brent_M1,month_pair,May/Jun,753,0.9977461298446284,0.0811215886719397
2030-07_2030-08,2030-07,Brent_M/Brent_M1,month_pair,Jun/Jul,752,0.9982037372406913,0.07254033656748268
2030-07_2030-08,2030-07,Brent_M/Brent_M1,month_pair,Jul/Aug,751,0.9987998584418504,0.08550721123835171
2030-07_2030-08,2030-07,Brent_M/Brent_M1,month_pair,Aug/Sep,750,0.9990654975006497,0.08534986185175164
2030-07_2030-08,2030-07,Brent_M/Brent_M1,month_pair,Sep/Oct,750,0.9990805091058077,0.07687533976343745
2030-07_2030-08,2030-07,Brent_M/Brent_M1,pooled,all,9026,0.9991287742433955,1.0
2030-07_2030-08,2030-07,TTF_M/HH_M,year,2019,326,0.08757014366044967,0.0022363299665430288
2030-07_2030-08,2030-07,TTF_M/HH_M,year,2020,937,0.04162464257379732,0.011124454497047168
2030-07_2030-08,2030-07,TTF_M/HH_M,year,2021,1540,0.18548297413896478,0.09321792092424139
2030-07_2030-08,2030-07,TTF_M/HH_M,year,2022,2106,0.1189876612551303,0.5441903163627861
2030-07_2030-08,2030-07,TTF_M/HH_M,year,2023,1919,0.1366215084807065,0.17463175534793052
2030-07_2030-08,2030-07,TTF_M/HH_M,year,2024,1326,0.29288136307486434,0.07070461840169553
2030-07_2030-08,2030-07,TTF_M/HH_M,year,2025,725,0.06381045302677259,0.0585667251526111
2030-07_2030-08,2030-07,TTF_M/HH_M,year,2026,147,0.33198477799653797,0.045327879347145224
2030-07_2030-08,2030-07,TTF_M/HH_M,days_to_expiry,"(1095, 1460]",1774,0.09141093403079634,0.09222793147325824
2030-07_2030-08,2030-07,TTF_M/HH_M,days_to_expiry,"(730, 1095]",2412,0.12606776438932696,0.1688651369440759
2030-07_2030-08,2030-07,TTF_M/HH_M,days_to_expiry,"(365, 730]",2401,0.15862736029297245,0.276142771030923
2030-07_2030-08,2030-07,TTF_M/HH_M,days_to_expiry,"(180, 365]",1235,0.1364621827809343,0.2129808719807102
2030-07_2030-08,2030-07,TTF_M/HH_M,days_to_expiry,"(90, 180]",584,0.14040996380189355,0.10656088787949719
2030-07_2030-08,2030-07,TTF_M/HH_M,days_to_expiry,"(60, 90]",195,0.23594936792863225,0.036301473884061373
2030-07_2030-08,2030-07,TTF_M/HH_M,days_to_expiry,"(30, 60]",190,0.2622269035886683,0.04053213887255337
2030-07_2030-08,2030-07,TTF_M/HH_M,days_to_expiry,"(0, 30]",187,0.30790716490322334,0.05412086282354457
2030-07_2030-08,2030-07,TTF_M/HH_M,days_to_expiry,nan,48,0.24307791770244136,0.012267925111376128
2030-07_2030-08,2030-07,TTF_M/HH_M,month_pair,Oct/Nov,753,0.1722700415384797,0.08483258503243134
2030-07_2030-08,2030-07,TTF_M/HH_M,month_pair,Nov/Dec,754,0.06299531279006895,0.0909860882941501
2030-07_2030-08,2030-07,TTF_M/HH_M,month_pair,Dec/Jan,754,0.1279465492951673,0.09042740321961212
2030-07_2030-08,2030-07,TTF_M/HH_M,month_pair,Jan/Feb,753,0.14529891990110652,0.09604816199217049
2030-07_2030-08,2030-07,TTF_M/HH_M,month_pair,Feb/Mar,752,0.2024056414862749,0.10277135714510138
2030-07_2030-08,2030-07,TTF_M/HH_M,month_pair,Mar/Apr,751,0.1609362658052697,0.10223276566151504
2030-07_2030-08,2030-07,TTF_M/HH_M,month_pair,Apr/May,753,0.23644326670666163,0.07565987648697467
2030-07_2030-08,2030-07,TTF_M/HH_M,month_pair,May/Jun,753,0.23440129224748002,0.0688312987804768
2030-07_2030-08,2030-07,TTF_M/HH_M,month_pair,Jun/Jul,752,0.10780827737343847,0.06807179633550538
2030-07_2030-08,2030-07,TTF_M/HH_M,month_pair,Jul/Aug,751,0.11087892722206444,0.07217753644435478
2030-07_2030-08,2030-07,TTF_M/HH_M,month_pair,Aug/Sep,750,0.1149460601430988,0.07960772977497461
2030-07_2030-08,2030-07,TTF_M/HH_M,month_pair,Sep/Oct,750,0.2407872509166985,0.06835340083273327
2030-07_2030-08,2030-07,TTF_M/HH_M,pooled,all,9026,0.15918222799882892,1.0
2030-07_2030-08,2030-07,TTF_M/Brent_M,year,2019,326,0.42105711857586015,0.0030106522786330072
2030-07_2030-08,2030-07,TTF_M/Brent_M,year,2020,937,0.6370019862440118,0.023380049783338516
2030-07_2030-08,2030-07,TTF_M/Brent_M,year,2021,1540,0.11688709668713704,0.11325007586111926
2030-07_2030-08,2030-07,TTF_M/Brent_M,year,2022,2106,0.09551945019819355,0.5391366479141847
2030-07_2030-08,2030-07,TTF_M/Brent_M,year,2023,1919,0.1401316685816051,0.17257391704623848
2030-07_2030-08,2030-07,TTF_M/Brent_M,year,2024,1326,0.02265741674456452,0.06079292052596874
2030-07_2030-08,2030-07,TTF_M/Brent_M,year,2025,725,0.5076001870113045,0.04612640958852434
2030-07_2030-08,2030-07,TTF_M/Brent_M,year,2026,147,0.5943554766607196,0.04172932700199276
2030-07_2030-08,2030-07,TTF_M/Brent_M,days_to_expiry,"(1095, 1460]",1774,0.20989508307291774,0.10695097852486783
2030-07_2030-08,2030-07,TTF_M/Brent_M,days_to_expiry,"(730, 1095]",2412,0.21116646811972192,0.19238922904719197
2030-07_2030-08,2030-07,TTF_M/Brent_M,days_to_expiry,"(365, 730]",2401,0.1560175438950644,0.29709946381615326
2030-07_2030-08,2030-07,TTF_M/Brent_M,days_to_expiry,"(180, 365]",1235,0.12477300972528965,0.2072974029020781
2030-07_2030-08,2030-07,TTF_M/Brent_M,days_to_expiry,"(90, 180]",584,0.14721514429843868,0.09302702108484384
2030-07_2030-08,2030-07,TTF_M/Brent_M,days_to_expiry,"(60, 90]",195,0.17237282164329326,0.02708970699051637
2030-07_2030-08,2030-07,TTF_M/Brent_M,days_to_expiry,"(30, 60]",190,0.24151956998032847,0.029489743071861335
2030-07_2030-08,2030-07,TTF_M/Brent_M,days_to_expiry,"(0, 30]",187,0.2940359863698757,0.03914458954119565
2030-07_2030-08,2030-07,TTF_M/Brent_M,days_to_expiry,nan,48,0.1011019132851121,0.007511865021291606
2030-07_2030-08,2030-07,TTF_M/Brent_M,month_pair,Oct/Nov,753,0.17417119598523692,0.08223384021053716
2030-07_2030-08,2030-07,TTF_M/Brent_M,month_pair,Nov/Dec,754,0.13693268707655365,0.09171689362753839
2030-07_2030-08,2030-07,TTF_M/Brent_M,month_pair,Dec/Jan,754,0.14671266987448228,0.09492728586079935
2030-07_2030-08,2030-07,TTF_M/Brent_M,month_pair,Jan/Feb,753,0.17240638780474887,0.09749362555552031
2030-07_2030-08,2030-07,TTF_M/Brent_M,month_pair,Feb/Mar,752,0.16792572285919558,0.09606854137100754
2030-07_2030-08,2030-07,TTF_M/Brent_M,month_pair,Mar/Apr,751,0.1400212150503035,0.10197856752128584
2030-07_2030-08,2030-07,TTF_M/Brent_M,month_pair,Apr/May,753,0.19163324467141835,0.07509586864217262
2030-07_2030-08,2030-07,TTF_M/Brent_M,month_pair,May/Jun,753,0.24818800993702456,0.06856379343920947
2030-07_2030-08,2030-07,TTF_M/Brent_M,month_pair,Jun/Jul,752,0.11837960440216186,0.06669623643435148
2030-07_2030-08,2030-07,TTF_M/Brent_M,month_pair,Jul/Aug,751,0.18594399597730932,0.07414204244709634
2030-07_2030-08,2030-07,TTF_M/Brent_M,month_pair,Aug/Sep,750,0.22374809815573132,0.08281405698562619
2030-07_2030-08,2030-07,TTF_M/Brent_M,month_pair,Sep/Oct,750,0.21450852829010694,0.06826924790485518
2030-07_2030-08,2030-07,TTF_M/Brent_M,pooled,all,9026,0.17488205797797193,1.0
2030-07_2030-08,2030-07,HH_M/Brent_M,year,2019,326,0.1570871172410427,0.003982798741689782
2030-07_2030-08,2030-07,HH_M/Brent_M,year,2020,937,0.11625457650926391,0.03949281381990293
2030-07_2030-08,2030-07,HH_M/Brent_M,year,2021,1540,0.09062466050756826,0.07726556341150885
2030-07_2030-08,2030-07,HH_M/Brent_M,year,2022,2106,0.3449946839179254,0.40313806630004173
2030-07_2030-08,2030-07,HH_M/Brent_M,year,2023,1919,0.2185886354606518,0.1836634089783671
2030-07_2030-08,2030-07,HH_M/Brent_M,year,2024,1326,0.03768077241231375,0.11222452507376518
2030-07_2030-08,2030-07,HH_M/Brent_M,year,2025,725,0.19205368192379157,0.11461258755050484
2030-07_2030-08,2030-07,HH_M/Brent_M,year,2026,147,0.141717921103914,0.06562023612421954
2030-07_2030-08,2030-07,HH_M/Brent_M,days_to_expiry,"(1095, 1460]",1774,0.19880568260362647,0.0771868696945986
2030-07_2030-08,2030-07,HH_M/Brent_M,days_to_expiry,"(730, 1095]",2412,0.23747250300186062,0.12969815966892326
2030-07_2030-08,2030-07,HH_M/Brent_M,days_to_expiry,"(365, 730]",2401,0.30194070638895226,0.2099914301388948
2030-07_2030-08,2030-07,HH_M/Brent_M,days_to_expiry,"(180, 365]",1235,0.24818303530028918,0.20291236223786716
2030-07_2030-08,2030-07,HH_M/Brent_M,days_to_expiry,"(90, 180]",584,0.23250980613104702,0.13668559386764914
2030-07_2030-08,2030-07,HH_M/Brent_M,days_to_expiry,"(60, 90]",195,0.1463190032498796,0.060601819505295744
2030-07_2030-08,2030-07,HH_M/Brent_M,days_to_expiry,"(30, 60]",190,0.12421537141307123,0.06912544281358361
2030-07_2030-08,2030-07,HH_M/Brent_M,days_to_expiry,"(0, 30]",187,0.15106714738603924,0.08902588687016855
2030-07_2030-08,2030-07,HH_M/Brent_M,days_to_expiry,nan,48,0.10479773466202046,0.024772435203019104
2030-07_2030-08,2030-07,HH_M/Brent_M,month_pair,Oct/Nov,753,0.2748578287330563,0.08967851697301671
2030-07_2030-08,2030-07,HH_M/Brent_M,month_pair,Nov/Dec,754,0.22123688581487122,0.08448223866250548
2030-07_2030-08,2030-07,HH_M/Brent_M,month_pair,Dec/Jan,754,0.219355800829361,0.08216114835450015
2030-07_2030-08,2030-07,HH_M/Brent_M,month_pair,Jan/Feb,753,0.2102485656622286,0.08466799875911431
2030-07_2030-08,2030-07,HH_M/Brent_M,month_pair,Feb/Mar,752,0.21284670686903334,0.10632141402510902
2030-07_2030-08,2030-07,HH_M/Brent_M,month_pair,Mar/Apr,751,0.21212989897043039,0.08822463392858232
2030-07_2030-08,2030-07,HH_M/Brent_M,month_pair,Apr/May,753,0.23585800068039256,0.08391214122962996
2030-07_2030-08,2030-07,HH_M/Brent_M,month_pair,May/Jun,753,0.26288743127726966,0.07868867812206853
2030-07_2030-08,2030-07,HH_M/Brent_M,month_pair,Jun/Jul,752,0.20264559725179354,0.07527498981712101
2030-07_2030-08,2030-07,HH_M/Brent_M,month_pair,Jul/Aug,751,0.21951368114400194,0.07645890145308663
2030-07_2030-08,2030-07,HH_M/Brent_M,month_pair,Aug/Sep,750,0.15944515851382415,0.0752062551599268
2030-07_2030-08,2030-07,HH_M/Brent_M,month_pair,Sep/Oct,750,0.20683502778768473,0.07492308351533904
2030-07_2030-08,2030-07,HH_M/Brent_M,pooled,all,9026,0.2194908421647275,1.0
2030-08_2030-09,2030-08,TTF_M/TTF_M1,year,2018,4,,5.322918765422786e-05
2030-08_2030-09,2030-08,TTF_M/TTF_M1,year,2019,379,0.9858435947876494,0.0026760336251239825
2030-08_2030-09,2030-08,TTF_M/TTF_M1,year,2020,991,0.9876730303054891,0.01272380178423617
2030-08_2030-09,2030-08,TTF_M/TTF_M1,year,2021,1592,0.9570829256726542,0.10367352188884044
2030-08_2030-09,2030-08,TTF_M/TTF_M1,year,2022,2156,0.9856769591272442,0.5811473690962917
2030-08_2030-09,2030-08,TTF_M/TTF_M1,year,2023,1919,0.9870728988438817,0.16743072402692638
2030-08_2030-09,2030-08,TTF_M/TTF_M1,year,2024,1326,0.9955624074590642,0.05520316251698964
2030-08_2030-09,2030-08,TTF_M/TTF_M1,year,2025,725,0.9943391031392965,0.03903462422090583
2030-08_2030-09,2030-08,TTF_M/TTF_M1,year,2026,147,0.995076183987661,0.03805753365303169
2030-08_2030-09,2030-08,TTF_M/TTF_M1,days_to_expiry,"(1095, 1460]",1987,0.979880359547494,0.11457911338967874
2030-08_2030-09,2030-08,TTF_M/TTF_M1,days_to_expiry,"(730, 1095]",2412,0.9836211423106326,0.19128378207272095
2030-08_2030-09,2030-08,TTF_M/TTF_M1,days_to_expiry,"(365, 730]",2401,0.9778694599072129,0.2961721453571682
2030-08_2030-09,2030-08,TTF_M/TTF_M1,days_to_expiry,"(180, 365]",1235,0.9901451528152165,0.2118026787331723
2030-08_2030-09,2030-08,TTF_M/TTF_M1,days_to_expiry,"(90, 180]",584,0.9969903309595645,0.0919967415592512
2030-08_2030-09,2030-08,TTF_M/TTF_M1,days_to_expiry,"(60, 90]",195,0.9953435015713061,0.02520146650207549
2030-08_2030-09,2030-08,TTF_M/TTF_M1,days_to_expiry,"(30, 60]",190,0.9925496960334068,0.026881381309362674
2030-08_2030-09,2030-08,TTF_M/TTF_M1,days_to_expiry,"(0, 30]",187,0.9854042182959604,0.03547431108355691
2030-08_2030-09,2030-08,TTF_M/TTF_M1,days_to_expiry,nan,48,0.9859623630705328,0.006608379993013663
2030-08_2030-09,2030-08,TTF_M/TTF_M1,month_pair,Oct/Nov,770,0.9917696245829591,0.08019372869926894
2030-08_2030-09,2030-08,TTF_M/TTF_M1,month_pair,Nov/Dec,770,0.9962118017256716,0.09255634494497776
2030-08_2030-09,2030-08,TTF_M/TTF_M1,month_pair,Dec/Jan,771,0.9924007918179946,0.09483837202749594
2030-08_2030-09,2030-08,TTF_M/TTF_M1,month_pair,Jan/Feb,771,0.9966867406433568,0.10112949137389733
2030-08_2030-09,2030-08,TTF_M/TTF_M1,month_pair,Feb/Mar,770,0.9967261729226614,0.10056238488939746
2030-08_2030-09,2030-08,TTF_M/TTF_M1,month_pair,Mar/Apr,770,0.9072458087241566,0.09442089692655072
2030-08_2030-09,2030-08,TTF_M/TTF_M1,month_pair,Apr/May,770,0.9804562754357455,0.07386863180971148
2030-08_2030-09,2030-08,TTF_M/TTF_M1,month_pair,May/Jun,770,0.9953475180844846,0.06800864076812978
2030-08_2030-09,2030-08,TTF_M/TTF_M1,month_pair,Jun/Jul,770,0.9916661392074338,0.06928769635041213
2030-08_2030-09,2030-08,TTF_M/TTF_M1,month_pair,Jul/Aug,769,0.9980158294858718,0.07538094596742621
2030-08_2030-09,2030-08,TTF_M/TTF_M1,month_pair,Aug/Sep,769,0.9983087488061521,0.0828431760336722
2030-08_2030-09,2030-08,TTF_M/TTF_M1,month_pair,Sep/Oct,769,0.9860832127251687,0.06690969020906012
2030-08_2030-09,2030-08,TTF_M/TTF_M1,pooled,all,9239,0.9846522762635569,1.0
2030-08_2030-09,2030-08,HH_M/HH_M1,year,2018,4,,4.032354150990202e-06
2030-08_2030-09,2030-08,HH_M/HH_M1,year,2019,379,0.9939227741605694,0.00243922035069298
2030-08_2030-09,2030-08,HH_M/HH_M1,year,2020,991,0.9836931712049068,0.008710490265844292
2030-08_2030-09,2030-08,HH_M/HH_M1,year,2021,1592,0.9877133116759489,0.042128831906814504
2030-08_2030-09,2030-08,HH_M/HH_M1,year,2022,2156,0.9907849008484331,0.45953572390222175
2030-08_2030-09,2030-08,HH_M/HH_M1,year,2023,1919,0.9869615071898581,0.18641768695714542
2030-08_2030-09,2030-08,HH_M/HH_M1,year,2024,1326,0.974033597299965,0.11574611879123343
2030-08_2030-09,2030-08,HH_M/HH_M1,year,2025,725,0.9899157528338458,0.1247237768942713
2030-08_2030-09,2030-08,HH_M/HH_M1,year,2026,147,0.9254844482819381,0.06029411857762532
2030-08_2030-09,2030-08,HH_M/HH_M1,days_to_expiry,"(1095, 1460]",1987,0.9950746691256006,0.0591076680443131
2030-08_2030-09,2030-08,HH_M/HH_M1,days_to_expiry,"(730, 1095]",2412,0.9911552160961807,0.09554252232739485
2030-08_2030-09,2030-08,HH_M/HH_M1,days_to_expiry,"(365, 730]",2401,0.9901375488129753,0.18688796049630121
2030-08_2030-09,2030-08,HH_M/HH_M1,days_to_expiry,"(180, 365]",1235,0.9892937420598098,0.21984780261657325
2030-08_2030-09,2030-08,HH_M/HH_M1,days_to_expiry,"(90, 180]",584,0.9938788546709442,0.155940625755224
2030-08_2030-09,2030-08,HH_M/HH_M1,days_to_expiry,"(60, 90]",195,0.9883725166023278,0.07065853865264976
2030-08_2030-09,2030-08,HH_M/HH_M1,days_to_expiry,"(30, 60]",190,0.9926838155555652,0.08377815681223826
2030-08_2030-09,2030-08,HH_M/HH_M1,days_to_expiry,"(0, 30]",187,0.9750325377393815,0.10474236091653373
2030-08_2030-09,2030-08,HH_M/HH_M1,days_to_expiry,nan,48,0.8054379212931686,0.02349436437877184
2030-08_2030-09,2030-08,HH_M/HH_M1,month_pair,Oct/Nov,770,0.9866800241409137,0.09194855751848431
2030-08_2030-09,2030-08,HH_M/HH_M1,month_pair,Nov/Dec,770,0.9885399163153678,0.08223788941303053
2030-08_2030-09,2030-08,HH_M/HH_M1,month_pair,Dec/Jan,771,0.9941713448155699,0.07605729469173576
2030-08_2030-09,2030-08,HH_M/HH_M1,month_pair,Jan/Feb,771,0.99325124675332,0.08822534805289858
2030-08_2030-09,2030-08,HH_M/HH_M1,month_pair,Feb/Mar,770,0.9370604332138552,0.11094022748140821
2030-08_2030-09,2030-08,HH_M/HH_M1,month_pair,Mar/Apr,770,0.9570803806820638,0.08756478228520531
2030-08_2030-09,2030-08,HH_M/HH_M1,month_pair,Apr/May,770,0.9949772665580973,0.08604235025703803
2030-08_2030-09,2030-08,HH_M/HH_M1,month_pair,May/Jun,770,0.9942871431922197,0.07746634418953657
2030-08_2030-09,2030-08,HH_M/HH_M1,month_pair,Jun/Jul,770,0.9916295448048692,0.07595957237172406
2030-08_2030-09,2030-08,HH_M/HH_M1,month_pair,Jul/Aug,769,0.9969147228016133,0.07417263132641091
2030-08_2030-09,2030-08,HH_M/HH_M1,month_pair,Aug/Sep,769,0.9965345055798597,0.07343147855757173
2030-08_2030-09,2030-08,HH_M/HH_M1,month_pair,Sep/Oct,769,0.997660706279429,0.0759535238549559
2030-08_2030-09,2030-08,HH_M/HH_M1,pooled,all,9239,0.982980546722305,1.0
2030-08_2030-09,2030-08,Brent_M/Brent_M1,year,2018,4,,0.00022972072134950803
2030-08_2030-09,2030-08,Brent_M/Brent_M1,year,2019,379,0.9997114319281124,0.008775582902158918
2030-08_2030-09,2030-08,Brent_M/Brent_M1,year,2020,991,0.9998356176091224,0.10370020307063003
2030-08_2030-09,2030-08,Brent_M/Brent_M1,year,2021,1592,0.9998142088021169,0.14948037998716393
2030-08_2030-09,2030-08,Brent_M/Brent_M1,year,2022,2156,0.9996522811026527,0.3252135434434769
2030-08_2030-09,2030-08,Brent_M/Brent_M1,year,2023,1919,0.999731618098053,0.1775039184395832
2030-08_2030-09,2030-08,Brent_M/Brent_M1,year,2024,1326,0.9998308447569975,0.09097393349056646
2030-08_2030-09,2030-08,Brent_M/Brent_M1,year,2025,725,0.9996742661709913,0.08906159616069484
2030-08_2030-09,2030-08,Brent_M/Brent_M1,year,2026,147,0.9927280910032954,0.055061121784376124
2030-08_2030-09,2030-08,Brent_M/Brent_M1,days_to_expiry,"(1095, 1460]",1987,0.9997809898056724,0.14003262273601233
2030-08_2030-09,2030-08,Brent_M/Brent_M1,days_to_expiry,"(730, 1095]",2412,0.9997703919237018,0.20184629872770696
2030-08_2030-09,2030-08,Brent_M/Brent_M1,days_to_expiry,"(365, 730]",2401,0.9998418618064007,0.25961159047497495
2030-08_2030-09,2030-08,Brent_M/Brent_M1,days_to_expiry,"(180, 365]",1235,0.9997956512601147,0.17493105679653953
2030-08_2030-09,2030-08,Brent_M/Brent_M1,days_to_expiry,"(90, 180]",584,0.9993267561647361,0.09608720960979608
2030-08_2030-09,2030-08,Brent_M/Brent_M1,days_to_expiry,"(60, 90]",195,0.9981173994201753,0.0348228986758794
2030-08_2030-09,2030-08,Brent_M/Brent_M1,days_to_expiry,"(30, 60]",190,0.9961065763127122,0.03724658195838045
2030-08_2030-09,2030-08,Brent_M/Brent_M1,days_to_expiry,"(0, 30]",187,0.9940436782836023,0.04412520260121305
2030-08_2030-09,2030-08,Brent_M/Brent_M1,days_to_expiry,nan,48,0.9975875550096827,0.011296538419497243
2030-08_2030-09,2030-08,Brent_M/Brent_M1,month_pair,Oct/Nov,770,0.9995322413859842,0.08207301383731641
2030-08_2030-09,2030-08,Brent_M/Brent_M1,month_pair,Nov/Dec,770,0.9996734706777373,0.08442791892954615
2030-08_2030-09,2030-08,Brent_M/Brent_M1,month_pair,Dec/Jan,771,0.99973326921424,0.09573859107603275
2030-08_2030-09,2030-08,Brent_M/Brent_M1,month_pair,Jan/Feb,771,0.9997109662650829,0.08762767361988644
2030-08_2030-09,2030-08,Brent_M/Brent_M1,month_pair,Feb/Mar,770,0.9997014715902286,0.0826503558005635
2030-08_2030-09,2030-08,Brent_M/Brent_M1,month_pair,Mar/Apr,770,0.9997202062225299,0.08166046593917785
2030-08_2030-09,2030-08,Brent_M/Brent_M1,month_pair,Apr/May,770,0.9985462729344697,0.0844488076785357
2030-08_2030-09,2030-08,Brent_M/Brent_M1,month_pair,May/Jun,770,0.9977915357130718,0.08197801444393076
2030-08_2030-09,2030-08,Brent_M/Brent_M1,month_pair,Jun/Jul,770,0.9982079956157763,0.07202536926087519
2030-08_2030-09,2030-08,Brent_M/Brent_M1,month_pair,Jul/Aug,769,0.9988083781360668,0.08523398395115848
2030-08_2030-09,2030-08,Brent_M/Brent_M1,month_pair,Aug/Sep,769,0.9990665613144306,0.08505273185034037
2030-08_2030-09,2030-08,Brent_M/Brent_M1,month_pair,Sep/Oct,769,0.9990871639826844,0.0770830736126364
2030-08_2030-09,2030-08,Brent_M/Brent_M1,pooled,all,9239,0.9991359145712365,1.0
2030-08_2030-09,2030-08,TTF_M/HH_M,year,2018,4,,4.2377294487115856e-05
2030-08_2030-09,2030-08,TTF_M/HH_M,year,2019,379,0.09998735123086573,0.0025535744615455547
2030-08_2030-09,2030-08,TTF_M/HH_M,year,2020,991,0.047919010405977104,0.011665075090594121
2030-08_2030-09,2030-08,TTF_M/HH_M,year,2021,1592,0.18499522742253302,0.09313605163622829
2030-08_2030-09,2030-08,TTF_M/HH_M,year,2022,2156,0.1173084917833811,0.5464804214617451
2030-08_2030-09,2030-08,TTF_M/HH_M,year,2023,1919,0.1366215084807065,0.17307737146653185
2030-08_2030-09,2030-08,TTF_M/HH_M,year,2024,1326,0.29288136307486434,0.0700752820077214
2030-08_2030-09,2030-08,TTF_M/HH_M,year,2025,725,0.06381045302677259,0.05804542721695129
2030-08_2030-09,2030-08,TTF_M/HH_M,year,2026,147,0.33198477799653797,0.04492441936419533
2030-08_2030-09,2030-08,TTF_M/HH_M,days_to_expiry,"(1095, 1460]",1987,0.08606000711386182,0.10030794113983128
2030-08_2030-09,2030-08,TTF_M/HH_M,days_to_expiry,"(730, 1095]",2412,0.12606776438932696,0.16736208129149374
2030-08_2030-09,2030-08,TTF_M/HH_M,days_to_expiry,"(365, 730]",2401,0.15862736029297245,0.27368484537244214
2030-08_2030-09,2030-08,TTF_M/HH_M,days_to_expiry,"(180, 365]",1235,0.1364621827809343,0.21108514554886237
2030-08_2030-09,2030-08,TTF_M/HH_M,days_to_expiry,"(90, 180]",584,0.14040996380189355,0.10561239757670311
2030-08_2030-09,2030-08,TTF_M/HH_M,days_to_expiry,"(60, 90]",195,0.23594936792863225,0.035978357244914175
2030-08_2030-09,2030-08,TTF_M/HH_M,days_to_expiry,"(30, 60]",190,0.2622269035886683,0.04017136540831953
2030-08_2030-09,2030-08,TTF_M/HH_M,days_to_expiry,"(0, 30]",187,0.30790716490322334,0.05363913716802047
2030-08_2030-09,2030-08,TTF_M/HH_M,days_to_expiry,nan,48,0.24307791770244136,0.012158729249413127
2030-08_2030-09,2030-08,TTF_M/HH_M,month_pair,Oct/Nov,770,0.17152760080078128,0.0844359771226403
2030-08_2030-09,2030-08,TTF_M/HH_M,month_pair,Nov/Dec,770,0.06316725167693626,0.09043978566611673
2030-08_2030-09,2030-08,TTF_M/HH_M,month_pair,Dec/Jan,771,0.12758928200923286,0.08983495025275369
2030-08_2030-09,2030-08,TTF_M/HH_M,month_pair,Jan/Feb,771,0.14640008206454416,0.0958962309107103
2030-08_2030-09,2030-08,TTF_M/HH_M,month_pair,Feb/Mar,770,0.20474409966910515,0.10268805348789206
2030-08_2030-09,2030-08,TTF_M/HH_M,month_pair,Mar/Apr,770,0.16094301124311997,0.10167435547829211
2030-08_2030-09,2030-08,TTF_M/HH_M,month_pair,Apr/May,770,0.23499102258981727,0.07551866192972201
2030-08_2030-09,2030-08,TTF_M/HH_M,month_pair,May/Jun,770,0.23313250007863365,0.06855184827782752
2030-08_2030-09,2030-08,TTF_M/HH_M,month_pair,Jun/Jul,770,0.10571845942524827,0.06950309228757709
2030-08_2030-09,2030-08,TTF_M/HH_M,month_pair,Jul/Aug,769,0.09996152709165619,0.07372327230517679
2030-08_2030-09,2030-08,TTF_M/HH_M,month_pair,Aug/Sep,769,0.11598780526048222,0.07969642673430224
2030-08_2030-09,2030-08,TTF_M/HH_M,month_pair,Sep/Oct,769,0.2389123876323468,0.06803734554698912
2030-08_2030-09,2030-08,TTF_M/HH_M,pooled,all,9239,0.1582008350419513,1.0
2030-08_2030-09,2030-08,TTF_M/Brent_M,year,2018,4,,7.627735313093537e-05
2030-08_2030-09,2030-08,TTF_M/Brent_M,year,2019,379,0.4233904551699507,0.003432352067783717
2030-08_2030-09,2030-08,TTF_M/Brent_M,year,2020,991,0.6342449711574881,0.02444991758306892
2030-08_2030-09,2030-08,TTF_M/Brent_M,year,2021,1592,0.11637081172517516,0.11306852339510164
2030-08_2030-09,2030-08,TTF_M/Brent_M,year,2022,2156,0.09441515443356507,0.5410660399961533
2030-08_2030-09,2030-08,TTF_M/Brent_M,year,2023,1919,0.1401316685816051,0.17079259556424473
2030-08_2030-09,2030-08,TTF_M/Brent_M,year,2024,1326,0.02265741674456452,0.06016541124102256
2030-08_2030-09,2030-08,TTF_M/Brent_M,year,2025,725,0.5076001870113045,0.045650289177667204
2030-08_2030-09,2030-08,TTF_M/Brent_M,year,2026,147,0.5943554766607196,0.04129859362182688
2030-08_2030-09,2030-08,TTF_M/Brent_M,days_to_expiry,"(1095, 1460]",1987,0.20391080110924123,0.11616910043839504
2030-08_2030-09,2030-08,TTF_M/Brent_M,days_to_expiry,"(730, 1095]",2412,0.21116646811972192,0.19040337236344898
2030-08_2030-09,2030-08,TTF_M/Brent_M,days_to_expiry,"(365, 730]",2401,0.1560175438950644,0.2940327798917063
2030-08_2030-09,2030-08,TTF_M/Brent_M,days_to_expiry,"(180, 365]",1235,0.12477300972528965,0.20515766288069326
2030-08_2030-09,2030-08,TTF_M/Brent_M,days_to_expiry,"(90, 180]",584,0.14721514429843868,0.09206678889042759
2030-08_2030-09,2030-08,TTF_M/Brent_M,days_to_expiry,"(60, 90]",195,0.17237282164329326,0.026810084914196494
2030-08_2030-09,2030-08,TTF_M/Brent_M,days_to_expiry,"(30, 60]",190,0.24151956998032847,0.029185347635218913
2030-08_2030-09,2030-08,TTF_M/Brent_M,days_to_expiry,"(0, 30]",187,0.2940359863698757,0.038740536023450685
2030-08_2030-09,2030-08,TTF_M/Brent_M,days_to_expiry,nan,48,0.1011019132851121,0.007434326962462711
2030-08_2030-09,2030-08,TTF_M/Brent_M,month_pair,Oct/Nov,770,0.1728807616983136,0.08186887195832451
2030-08_2030-09,2030-08,TTF_M/Brent_M,month_pair,Nov/Dec,770,0.13709254640735594,0.09112172036495679
2030-08_2030-09,2030-08,TTF_M/Brent_M,month_pair,Dec/Jan,771,0.14771409222471044,0.09424738299821109
2030-08_2030-09,2030-08,TTF_M/Brent_M,month_pair,Jan/Feb,771,0.17592013093585882,0.09758750054984741
2030-08_2030-09,2030-08,TTF_M/Brent_M,month_pair,Feb/Mar,770,0.167134628928092,0.09590211385104508
2030-08_2030-09,2030-08,TTF_M/Brent_M,month_pair,Mar/Apr,770,0.13726458974997052,0.10134460603127729
2030-08_2030-09,2030-08,TTF_M/Brent_M,month_pair,Apr/May,770,0.18958074005722061,0.07476101395765357
2030-08_2030-09,2030-08,TTF_M/Brent_M,month_pair,May/Jun,770,0.2475324430922196,0.06834313847662618
2030-08_2030-09,2030-08,TTF_M/Brent_M,month_pair,Jun/Jul,770,0.11709686905473475,0.06822166470898655
2030-08_2030-09,2030-08,TTF_M/Brent_M,month_pair,Jul/Aug,769,0.18710847930195565,0.0757750661349305
2030-08_2030-09,2030-08,TTF_M/Brent_M,month_pair,Aug/Sep,769,0.221362288496594,0.08283105364157596
2030-08_2030-09,2030-08,TTF_M/Brent_M,month_pair,Sep/Oct,769,0.21409328984584117,0.06799586732656493
2030-08_2030-09,2030-08,TTF_M/Brent_M,pooled,all,9239,0.1745068967253484,1.0
2030-08_2030-09,2030-08,HH_M/Brent_M,year,2018,4,,8.250785383589919e-05
2030-08_2030-09,2030-08,HH_M/Brent_M,year,2019,379,0.14955120874574968,0.004527013503093773
2030-08_2030-09,2030-08,HH_M/Brent_M,year,2020,991,0.11975261251902886,0.041447470407529705
2030-08_2030-09,2030-08,HH_M/Brent_M,year,2021,1592,0.09530752659564042,0.0782308937529824
2030-08_2030-09,2030-08,HH_M/Brent_M,year,2022,2156,0.3453183592978803,0.4033370475588493
2030-08_2030-09,2030-08,HH_M/Brent_M,year,2023,1919,0.2185886354606518,0.1822185101145379
2030-08_2030-09,2030-08,HH_M/Brent_M,year,2024,1326,0.03768077241231375,0.11134164323205901
2030-08_2030-09,2030-08,HH_M/Brent_M,year,2025,725,0.19205368192379157,0.11371091857651909
2030-08_2030-09,2030-08,HH_M/Brent_M,year,2026,147,0.141717921103914,0.06510399500059291
2030-08_2030-09,2030-08,HH_M/Brent_M,days_to_expiry,"(1095, 1460]",1987,0.20533928628283946,0.0844467351785394
2030-08_2030-09,2030-08,HH_M/Brent_M,days_to_expiry,"(730, 1095]",2412,0.23747250300186062,0.12867781095281924
2030-08_2030-09,2030-08,HH_M/Brent_M,days_to_expiry,"(365, 730]",2401,0.30194070638895226,0.20833940603398832
2030-08_2030-09,2030-08,HH_M/Brent_M,days_to_expiry,"(180, 365]",1235,0.24818303530028918,0.20131602988573855
2030-08_2030-09,2030-08,HH_M/Brent_M,days_to_expiry,"(90, 180]",584,0.23250980613104702,0.13561027429049563
2030-08_2030-09,2030-08,HH_M/Brent_M,days_to_expiry,"(60, 90]",195,0.1463190032498796,0.06012505877959508
2030-08_2030-09,2030-08,HH_M/Brent_M,days_to_expiry,"(30, 60]",190,0.12421537141307123,0.06858162586965004
2030-08_2030-09,2030-08,HH_M/Brent_M,days_to_expiry,"(0, 30]",187,0.15106714738603924,0.08832551109305746
2030-08_2030-09,2030-08,HH_M/Brent_M,days_to_expiry,nan,48,0.10479773466202046,0.02457754791611624
2030-08_2030-09,2030-08,HH_M/Brent_M,month_pair,Oct/Nov,770,0.2726032966862631,0.08947426798909928
2030-08_2030-09,2030-08,HH_M/Brent_M,month_pair,Nov/Dec,770,0.22143065769378045,0.08404524987539519
2030-08_2030-09,2030-08,HH_M/Brent_M,month_pair,Dec/Jan,771,0.21790264065203496,0.08182523072994326
2030-08_2030-09,2030-08,HH_M/Brent_M,month_pair,Jan/Feb,771,0.20796110448893815,0.08521388306186284
2030-08_2030-09,2030-08,HH_M/Brent_M,month_pair,Feb/Mar,770,0.2161755346990089,0.10641288318535737
2030-08_2030-09,2030-08,HH_M/Brent_M,month_pair,Mar/Apr,770,0.2112525750441195,0.08814587178422187
2030-08_2030-09,2030-08,HH_M/Brent_M,month_pair,Apr/May,770,0.23506636828993824,0.08406747303535078
2030-08_2030-09,2030-08,HH_M/Brent_M,month_pair,May/Jun,770,0.267040378380678,0.07908509680055793
2030-08_2030-09,2030-08,HH_M/Brent_M,month_pair,Jun/Jul,770,0.1997637549370545,0.07510846991424415
2030-08_2030-09,2030-08,HH_M/Brent_M,month_pair,Jul/Aug,769,0.221605710856401,0.0765252573769773
2030-08_2030-09,2030-08,HH_M/Brent_M,month_pair,Aug/Sep,769,0.1620392124234891,0.07520874486627287
2030-08_2030-09,2030-08,HH_M/Brent_M,month_pair,Sep/Oct,769,0.20653823693060885,0.07488757138071718
2030-08_2030-09,2030-08,HH_M/Brent_M,pooled,all,9239,0.21964201743162234,1.0
2030-09_2030-10,2030-09,TTF_M/TTF_M1,year,2018,12,0.9985902665015095,0.0001560663861331786
2030-09_2030-10,2030-09,TTF_M/TTF_M1,year,2019,427,0.9863029138101136,0.00293648092127282
2030-09_2030-10,2030-09,TTF_M/TTF_M1,year,2020,1043,0.9875230401444055,0.01330946240091768
2030-09_2030-10,2030-09,TTF_M/TTF_M1,year,2021,1641,0.9573256738862794,0.10373522758192319
2030-09_2030-10,2030-09,TTF_M/TTF_M1,year,2022,2196,0.9856095473001706,0.5820400576712186
2030-09_2030-10,2030-09,TTF_M/TTF_M1,year,2023,1919,0.9870728988438817,0.16636749480049295
2030-09_2030-10,2030-09,TTF_M/TTF_M1,year,2024,1326,0.9955624074590642,0.05485260788539061
2030-09_2030-10,2030-09,TTF_M/TTF_M1,year,2025,725,0.9943391031392965,0.03878674406894615
2030-09_2030-10,2030-09,TTF_M/TTF_M1,year,2026,147,0.995076183987661,0.0378158582837048
2030-09_2030-10,2030-09,TTF_M/TTF_M1,days_to_expiry,"(1095, 1460]",2184,0.9799425278744526,0.12020176938552367
2030-09_2030-10,2030-09,TTF_M/TTF_M1,days_to_expiry,"(730, 1095]",2412,0.9836211423106326,0.1900690796408678
2030-09_2030-10,2030-09,TTF_M/TTF_M1,days_to_expiry,"(365, 730]",2401,0.9778694599072129,0.29429137417356754
2030-09_2030-10,2030-09,TTF_M/TTF_M1,days_to_expiry,"(180, 365]",1235,0.9901451528152165,0.2104576758994643
2030-09_2030-10,2030-09,TTF_M/TTF_M1,days_to_expiry,"(90, 180]",584,0.9969903309595645,0.09141253800323773
2030-09_2030-10,2030-09,TTF_M/TTF_M1,days_to_expiry,"(60, 90]",195,0.9953435015713061,0.02504143054756525
2030-09_2030-10,2030-09,TTF_M/TTF_M1,days_to_expiry,"(30, 60]",190,0.9925496960334068,0.026710677453059578
2030-09_2030-10,2030-09,TTF_M/TTF_M1,days_to_expiry,"(0, 30]",187,0.9854042182959604,0.035249039858392985
2030-09_2030-10,2030-09,TTF_M/TTF_M1,days_to_expiry,nan,48,0.9859623630705328,0.006566415038320997
2030-09_2030-10,2030-09,TTF_M/TTF_M1,month_pair,Oct/Nov,786,0.9917831286661867,0.07982061885417444
2030-09_2030-10,2030-09,TTF_M/TTF_M1,month_pair,Nov/Dec,786,0.9962190767898127,0.09235659852736414
2030-09_2030-10,2030-09,TTF_M/TTF_M1,month_pair,Dec/Jan,787,0.9920207383599036,0.09437303852314058
2030-09_2030-10,2030-09,TTF_M/TTF_M1,month_pair,Jan/Feb,788,0.9966413603205337,0.10075678832293296
2030-09_2030-10,2030-09,TTF_M/TTF_M1,month_pair,Feb/Mar,787,0.9967437032361002,0.10079673129642859
2030-09_2030-10,2030-09,TTF_M/TTF_M1,month_pair,Mar/Apr,786,0.9073273777245631,0.0945765802309412
2030-09_2030-10,2030-09,TTF_M/TTF_M1,month_pair,Apr/May,787,0.9806110145883984,0.074085903273445
2030-09_2030-10,2030-09,TTF_M/TTF_M1,month_pair,May/Jun,786,0.9953568035207716,0.06775653154251356
2030-09_2030-10,2030-09,TTF_M/TTF_M1,month_pair,Jun/Jul,786,0.991672545635297,0.06913532041120883
2030-09_2030-10,2030-09,TTF_M/TTF_M1,month_pair,Jul/Aug,786,0.9980395871283685,0.07593400981956834
2030-09_2030-10,2030-09,TTF_M/TTF_M1,month_pair,Aug/Sep,785,0.99827855035759,0.08298845878841193
2030-09_2030-10,2030-09,TTF_M/TTF_M1,month_pair,Sep/Oct,786,0.9859852995954997,0.06741942040987024
2030-09_2030-10,2030-09,TTF_M/TTF_M1,pooled,all,9436,0.9846246899333905,1.0
2030-09_2030-10,2030-09,HH_M/HH_M1,year,2018,12,0.9969793102793174,7.211412711079931e-05
2030-09_2030-10,2030-09,HH_M/HH_M1,year,2019,427,0.9941077939982471,0.002640905402291772
2030-09_2030-10,2030-09,HH_M/HH_M1,year,2020,1043,0.9838240475062198,0.009137981314793502
2030-09_2030-10,2030-09,HH_M/HH_M1,year,2021,1641,0.9877694787300166,0.042518155020981115
2030-09_2030-10,2030-09,HH_M/HH_M1,year,2022,2196,0.9908127907704416,0.4607714833197334
2030-09_2030-10,2030-09,HH_M/HH_M1,year,2023,1919,0.9869615071898581,0.18552905479879975
2030-09_2030-10,2030-09,HH_M/HH_M1,year,2024,1326,0.974033597299965,0.11519437005408042
2030-09_2030-10,2030-09,HH_M/HH_M1,year,2025,725,0.9899157528338458,0.1241292326701277
2030-09_2030-10,2030-09,HH_M/HH_M1,year,2026,147,0.9254844482819381,0.06000670329208161
2030-09_2030-10,2030-09,HH_M/HH_M1,days_to_expiry,"(1095, 1460]",2184,0.9950755190453954,0.06359279602419679
2030-09_2030-10,2030-09,HH_M/HH_M1,days_to_expiry,"(730, 1095]",2412,0.9911552160961807,0.0950870818634806
2030-09_2030-10,2030-09,HH_M/HH_M1,days_to_expiry,"(365, 730]",2401,0.9901375488129753,0.18599708659685824
2030-09_2030-10,2030-09,HH_M/HH_M1,days_to_expiry,"(180, 365]",1235,0.9892937420598098,0.2187998128547883
2030-09_2030-10,2030-09,HH_M/HH_M1,days_to_expiry,"(90, 180]",584,0.9938788546709442,0.15519727432167413
2030-09_2030-10,2030-09,HH_M/HH_M1,days_to_expiry,"(60, 90]",195,0.9883725166023278,0.07032171734168215
2030-09_2030-10,2030-09,HH_M/HH_M1,days_to_expiry,"(30, 60]",190,0.9926838155555652,0.08337879575629191
2030-09_2030-10,2030-09,HH_M/HH_M1,days_to_expiry,"(0, 30]",187,0.9750325377393815,0.10424306585622714
2030-09_2030-10,2030-09,HH_M/HH_M1,days_to_expiry,nan,48,0.8054379212931686,0.02338236938480076
2030-09_2030-10,2030-09,HH_M/HH_M1,month_pair,Oct/Nov,786,0.9866909056128963,0.09170466644554304
2030-09_2030-10,2030-09,HH_M/HH_M1,month_pair,Nov/Dec,786,0.9885525911427528,0.08195627187602596
2030-09_2030-10,2030-09,HH_M/HH_M1,month_pair,Dec/Jan,787,0.9941594122013668,0.07572871318027163
2030-09_2030-10,2030-09,HH_M/HH_M1,month_pair,Jan/Feb,788,0.9932462131888132,0.08794805767030432
2030-09_2030-10,2030-09,HH_M/HH_M1,month_pair,Feb/Mar,787,0.9371696117564406,0.11077609202187415
2030-09_2030-10,2030-09,HH_M/HH_M1,month_pair,Mar/Apr,786,0.9571993081655542,0.0880761706101412
2030-09_2030-10,2030-09,HH_M/HH_M1,month_pair,Apr/May,787,0.9949939193779017,0.08604254948127096
2030-09_2030-10,2030-09,HH_M/HH_M1,month_pair,May/Jun,786,0.9943293916250722,0.07785817163355638
2030-09_2030-10,2030-09,HH_M/HH_M1,month_pair,Jun/Jul,786,0.9916545485958952,0.07615102335506836
2030-09_2030-10,2030-09,HH_M/HH_M1,month_pair,Jul/Aug,786,0.9969173041653737,0.07424653379091813
2030-09_2030-10,2030-09,HH_M/HH_M1,month_pair,Aug/Sep,785,0.9965611876960014,0.07371493796248985
2030-09_2030-10,2030-09,HH_M/HH_M1,month_pair,Sep/Oct,786,0.9976516433462909,0.075796811972536
2030-09_2030-10,2030-09,HH_M/HH_M1,pooled,all,9436,0.9830220720608581,1.0
2030-09_2030-10,2030-09,Brent_M/Brent_M1,year,2018,12,0.9994875597614054,0.0008442186382702599
2030-09_2030-10,2030-09,Brent_M/Brent_M1,year,2019,427,0.9997220854104588,0.010114056156171258
2030-09_2030-10,2030-09,Brent_M/Brent_M1,year,2020,1043,0.9998366532093432,0.1074947097704753
2030-09_2030-10,2030-09,Brent_M/Brent_M1,year,2021,1641,0.9998144853460473,0.15074780136046417
2030-09_2030-10,2030-09,Brent_M/Brent_M1,year,2022,2196,0.999652409173773,0.32380896591123226
2030-09_2030-10,2030-09,Brent_M/Brent_M1,year,2023,1919,0.999731618098053,0.17509031516254867
2030-09_2030-10,2030-09,Brent_M/Brent_M1,year,2024,1326,0.9998308447569975,0.08973691863518853
2030-09_2030-10,2030-09,Brent_M/Brent_M1,year,2025,725,0.9996742661709913,0.08785058424478298
2030-09_2030-10,2030-09,Brent_M/Brent_M1,year,2026,147,0.9927280910032954,0.05431243012086672
2030-09_2030-10,2030-09,Brent_M/Brent_M1,days_to_expiry,"(1095, 1460]",2184,0.9997839029240715,0.15172599884936094
2030-09_2030-10,2030-09,Brent_M/Brent_M1,days_to_expiry,"(730, 1095]",2412,0.9997703919237018,0.19910170079235315
2030-09_2030-10,2030-09,Brent_M/Brent_M1,days_to_expiry,"(365, 730]",2401,0.9998418618064007,0.2560815310203166
2030-09_2030-10,2030-09,Brent_M/Brent_M1,days_to_expiry,"(180, 365]",1235,0.9997956512601147,0.17255243791504732
2030-09_2030-10,2030-09,Brent_M/Brent_M1,days_to_expiry,"(90, 180]",584,0.9993267561647361,0.09478066716254162
2030-09_2030-10,2030-09,Brent_M/Brent_M1,days_to_expiry,"(60, 90]",195,0.9981173994201753,0.03434939553803992
2030-09_2030-10,2030-09,Brent_M/Brent_M1,days_to_expiry,"(30, 60]",190,0.9961065763127122,0.03674012287250015
2030-09_2030-10,2030-09,Brent_M/Brent_M1,days_to_expiry,"(0, 30]",187,0.9940436782836023,0.04352521171349441
2030-09_2030-10,2030-09,Brent_M/Brent_M1,days_to_expiry,nan,48,0.9975875550096827,0.01114293413634602
2030-09_2030-10,2030-09,Brent_M/Brent_M1,month_pair,Oct/Nov,786,0.9995356236335551,0.08200137906989587
2030-09_2030-10,2030-09,Brent_M/Brent_M1,month_pair,Nov/Dec,786,0.9996760648558569,0.08447508811331042
2030-09_2030-10,2030-09,Brent_M/Brent_M1,month_pair,Dec/Jan,787,0.9997335234402102,0.09495089067815898
2030-09_2030-10,2030-09,Brent_M/Brent_M1,month_pair,Jan/Feb,788,0.999711051920647,0.08725854946282777
2030-09_2030-10,2030-09,Brent_M/Brent_M1,month_pair,Feb/Mar,787,0.9997022977637033,0.08477287728936983
2030-09_2030-10,2030-09,Brent_M/Brent_M1,month_pair,Mar/Apr,786,0.999721003834764,0.08174190480400807
2030-09_2030-10,2030-09,Brent_M/Brent_M1,month_pair,Apr/May,787,0.9985491471763683,0.08382963880715696
2030-09_2030-10,2030-09,Brent_M/Brent_M1,month_pair,May/Jun,786,0.9978130897473704,0.08192199168452344
2030-09_2030-10,2030-09,Brent_M/Brent_M1,month_pair,Jun/Jul,786,0.998231377288205,0.07221453341772205
2030-09_2030-10,2030-09,Brent_M/Brent_M1,month_pair,Jul/Aug,786,0.9988159030439292,0.08489051988925274
2030-09_2030-10,2030-09,Brent_M/Brent_M1,month_pair,Aug/Sep,785,0.9990757243938752,0.08497257827246882
2030-09_2030-10,2030-09,Brent_M/Brent_M1,month_pair,Sep/Oct,786,0.9990864063057358,0.07697004851130518
2030-09_2030-10,2030-09,Brent_M/Brent_M1,pooled,all,9436,0.9991429686853898,1.0
2030-09_2030-10,2030-09,TTF_M/HH_M,year,2018,12,0.037700666260633696,0.00013796186745830332
2030-09_2030-10,2030-09,TTF_M/HH_M,year,2019,427,0.11130146632272517,0.002791470926543951
2030-09_2030-10,2030-09,TTF_M/HH_M,year,2020,1043,0.04662373883676002,0.01219807710385796
2030-09_2030-10,2030-09,TTF_M/HH_M,year,2021,1641,0.18504505290460094,0.09328493547850497
2030-09_2030-10,2030-09,TTF_M/HH_M,year,2022,2196,0.11784883674116094,0.5474285039513351
2030-09_2030-10,2030-09,TTF_M/HH_M,year,2023,1919,0.1366215084807065,0.17209555532288284
2030-09_2030-10,2030-09,TTF_M/HH_M,year,2024,1326,0.29288136307486434,0.06967776589938807
2030-09_2030-10,2030-09,TTF_M/HH_M,year,2025,725,0.06381045302677259,0.057716152875518234
2030-09_2030-10,2030-09,TTF_M/HH_M,year,2026,147,0.33198477799653797,0.044669576574510636
2030-09_2030-10,2030-09,TTF_M/HH_M,days_to_expiry,"(1095, 1460]",2184,0.09305568427763973,0.10541162500223934
2030-09_2030-10,2030-09,TTF_M/HH_M,days_to_expiry,"(730, 1095]",2412,0.12606776438932696,0.16641268627899516
2030-09_2030-10,2030-09,TTF_M/HH_M,days_to_expiry,"(365, 730]",2401,0.15862736029297245,0.2721323131310411
2030-09_2030-10,2030-09,TTF_M/HH_M,days_to_expiry,"(180, 365]",1235,0.1364621827809343,0.2098877226747552
2030-09_2030-10,2030-09,TTF_M/HH_M,days_to_expiry,"(90, 180]",584,0.14040996380189355,0.10501329004443777
2030-09_2030-10,2030-09,TTF_M/HH_M,days_to_expiry,"(60, 90]",195,0.23594936792863225,0.035774262788973936
2030-09_2030-10,2030-09,TTF_M/HH_M,days_to_expiry,"(30, 60]",190,0.2622269035886683,0.03994348527161467
2030-09_2030-10,2030-09,TTF_M/HH_M,days_to_expiry,"(0, 30]",187,0.30790716490322334,0.053334858391674775
2030-09_2030-10,2030-09,TTF_M/HH_M,days_to_expiry,nan,48,0.24307791770244136,0.012089756416268155
2030-09_2030-10,2030-09,TTF_M/HH_M,month_pair,Oct/Nov,786,0.1719931220530181,0.08410586100904852
2030-09_2030-10,2030-09,TTF_M/HH_M,month_pair,Nov/Dec,786,0.06335309488272131,0.09024902885694952
2030-09_2030-10,2030-09,TTF_M/HH_M,month_pair,Dec/Jan,787,0.12759139470036993,0.08943220801113734
2030-09_2030-10,2030-09,TTF_M/HH_M,month_pair,Jan/Feb,788,0.1467974226411158,0.09557376977416909
2030-09_2030-10,2030-09,TTF_M/HH_M,month_pair,Feb/Mar,787,0.2052977921219183,0.10283053731659321
2030-09_2030-10,2030-09,TTF_M/HH_M,month_pair,Mar/Apr,786,0.16310883597987047,0.10180263144060389
2030-09_2030-10,2030-09,TTF_M/HH_M,month_pair,Apr/May,787,0.2356488216034481,0.07569203193924945
2030-09_2030-10,2030-09,TTF_M/HH_M,month_pair,May/Jun,786,0.23342422511046212,0.06845355680859652
2030-09_2030-10,2030-09,TTF_M/HH_M,month_pair,Jun/Jul,786,0.10395077909739285,0.06943456187401108
2030-09_2030-10,2030-09,TTF_M/HH_M,month_pair,Jul/Aug,786,0.10396570145341497,0.07418865895999434
2030-09_2030-10,2030-09,TTF_M/HH_M,month_pair,Aug/Sep,785,0.11209501195177841,0.07988957649554261
2030-09_2030-10,2030-09,TTF_M/HH_M,month_pair,Sep/Oct,786,0.23709098814379492,0.06834757751410452
2030-09_2030-10,2030-09,TTF_M/HH_M,pooled,all,9436,0.1584161331098415,1.0
2030-09_2030-10,2030-09,TTF_M/Brent_M,year,2018,12,0.19368069559900605,0.0002468933861757744
2030-09_2030-10,2030-09,TTF_M/Brent_M,year,2019,427,0.41177370232987476,0.003830634796376774
2030-09_2030-10,2030-09,TTF_M/Brent_M,year,2020,1043,0.63464542419533,0.02551413096768685
2030-09_2030-10,2030-09,TTF_M/Brent_M,year,2021,1641,0.1158426478208336,0.11332195656683784
2030-09_2030-10,2030-09,TTF_M/Brent_M,year,2022,2196,0.0923806923238974,0.5414056189478613
2030-09_2030-10,2030-09,TTF_M/Brent_M,year,2023,1919,0.1401316685816051,0.16959663047351228
2030-09_2030-10,2030-09,TTF_M/Brent_M,year,2024,1326,0.02265741674456452,0.059744106492557875
2030-09_2030-10,2030-09,TTF_M/Brent_M,year,2025,725,0.5076001870113045,0.04533062571650858
2030-09_2030-10,2030-09,TTF_M/Brent_M,year,2026,147,0.5943554766607196,0.041009402652482596
2030-09_2030-10,2030-09,TTF_M/Brent_M,days_to_expiry,"(1095, 1460]",2184,0.1996112399771987,0.12235807425481982
2030-09_2030-10,2030-09,TTF_M/Brent_M,days_to_expiry,"(730, 1095]",2412,0.21116646811972192,0.18907008396325742
2030-09_2030-10,2030-09,TTF_M/Brent_M,days_to_expiry,"(365, 730]",2401,0.1560175438950644,0.2919738326690838
2030-09_2030-10,2030-09,TTF_M/Brent_M,days_to_expiry,"(180, 365]",1235,0.12477300972528965,0.20372105843018434
2030-09_2030-10,2030-09,TTF_M/Brent_M,days_to_expiry,"(90, 180]",584,0.14721514429843868,0.09142209662396826
2030-09_2030-10,2030-09,TTF_M/Brent_M,days_to_expiry,"(60, 90]",195,0.17237282164329326,0.026622348873702337
2030-09_2030-10,2030-09,TTF_M/Brent_M,days_to_expiry,"(30, 60]",190,0.24151956998032847,0.02898097895742408
2030-09_2030-10,2030-09,TTF_M/Brent_M,days_to_expiry,"(0, 30]",187,0.2940359863698757,0.0384692577017691
2030-09_2030-10,2030-09,TTF_M/Brent_M,days_to_expiry,nan,48,0.1011019132851121,0.007382268525790894
2030-09_2030-10,2030-09,TTF_M/Brent_M,month_pair,Oct/Nov,786,0.17301511943800701,0.08155354851467639
2030-09_2030-10,2030-09,TTF_M/Brent_M,month_pair,Nov/Dec,786,0.13658279016136124,0.09096889122911661
2030-09_2030-10,2030-09,TTF_M/Brent_M,month_pair,Dec/Jan,787,0.14856776832673257,0.09376583520292958
2030-09_2030-10,2030-09,TTF_M/Brent_M,month_pair,Jan/Feb,788,0.17706744253118628,0.0972242388287657
2030-09_2030-10,2030-09,TTF_M/Brent_M,month_pair,Feb/Mar,787,0.169613139975837,0.09637918778693996
2030-09_2030-10,2030-09,TTF_M/Brent_M,month_pair,Mar/Apr,786,0.1358160535563546,0.10138460127681082
2030-09_2030-10,2030-09,TTF_M/Brent_M,month_pair,Apr/May,787,0.18874308714463625,0.07487654484788406
2030-09_2030-10,2030-09,TTF_M/Brent_M,month_pair,May/Jun,786,0.24561136467309141,0.06815106309528134
2030-09_2030-10,2030-09,TTF_M/Brent_M,month_pair,Jun/Jul,786,0.11642016631235833,0.06813117932134183
2030-09_2030-10,2030-09,TTF_M/Brent_M,month_pair,Jul/Aug,786,0.18402822016054224,0.07623372433751067
2030-09_2030-10,2030-09,TTF_M/Brent_M,month_pair,Aug/Sep,785,0.2224231751970008,0.08296531543335116
2030-09_2030-10,2030-09,TTF_M/Brent_M,month_pair,Sep/Oct,786,0.21100484163214012,0.06836587012539176
2030-09_2030-10,2030-09,TTF_M/Brent_M,pooled,all,9436,0.17414332004395744,1.0
2030-09_2030-10,2030-09,HH_M/Brent_M,year,2018,12,0.5894863708691158,0.0003418747676482637
2030-09_2030-10,2030-09,HH_M/Brent_M,year,2019,427,0.15463143626156833,0.005130980027371014
2030-09_2030-10,2030-09,HH_M/Brent_M,year,2020,1043,0.11785731446744706,0.04322606965049818
2030-09_2030-10,2030-09,HH_M/Brent_M,year,2021,1641,0.09004144431954039,0.07914578859376664
2030-09_2030-10,2030-09,HH_M/Brent_M,year,2022,2196,0.3453652897578475,0.40335543787516587
2030-09_2030-10,2030-09,HH_M/Brent_M,year,2023,1919,0.2185886354606518,0.1808393711348986
2030-09_2030-10,2030-09,HH_M/Brent_M,year,2024,1326,0.03768077241231375,0.11049894289309835
2030-09_2030-10,2030-09,HH_M/Brent_M,year,2025,725,0.19205368192379157,0.11285028614065461
2030-09_2030-10,2030-09,HH_M/Brent_M,year,2026,147,0.141717921103914,0.06461124891689854
2030-09_2030-10,2030-09,HH_M/Brent_M,days_to_expiry,"(1095, 1460]",2184,0.20238400728032324,0.09137619143771773
2030-09_2030-10,2030-09,HH_M/Brent_M,days_to_expiry,"(730, 1095]",2412,0.23747250300186062,0.12770390009827354
2030-09_2030-10,2030-09,HH_M/Brent_M,days_to_expiry,"(365, 730]",2401,0.30194070638895226,0.20676256844665555
2030-09_2030-10,2030-09,HH_M/Brent_M,days_to_expiry,"(180, 365]",1235,0.24818303530028918,0.19979234942173335
2030-09_2030-10,2030-09,HH_M/Brent_M,days_to_expiry,"(90, 180]",584,0.23250980613104702,0.13458389439530255
2030-09_2030-10,2030-09,HH_M/Brent_M,days_to_expiry,"(60, 90]",195,0.1463190032498796,0.05966999627159892
2030-09_2030-10,2030-09,HH_M/Brent_M,days_to_expiry,"(30, 60]",190,0.12421537141307123,0.06806255898964744
2030-09_2030-10,2030-09,HH_M/Brent_M,days_to_expiry,"(0, 30]",187,0.15106714738603924,0.08765701064725516
2030-09_2030-10,2030-09,HH_M/Brent_M,days_to_expiry,nan,48,0.10479773466202046,0.024391530291815816
2030-09_2030-10,2030-09,HH_M/Brent_M,month_pair,Oct/Nov,786,0.2710425121978832,0.08928233918502805
2030-09_2030-10,2030-09,HH_M/Brent_M,month_pair,Nov/Dec,786,0.2173652681370588,0.083900575571842
2030-09_2030-10,2030-09,HH_M/Brent_M,month_pair,Dec/Jan,787,0.21797049381615688,0.08140419283841659
2030-09_2030-10,2030-09,HH_M/Brent_M,month_pair,Jan/Feb,788,0.2069229431584119,0.08494212627870028
2030-09_2030-10,2030-09,HH_M/Brent_M,month_pair,Feb/Mar,787,0.21125461141966892,0.10694711421788032
2030-09_2030-10,2030-09,HH_M/Brent_M,month_pair,Mar/Apr,786,0.21357825066676572,0.0883945879199901
2030-09_2030-10,2030-09,HH_M/Brent_M,month_pair,Apr/May,787,0.23588104772848073,0.08387099306342265
2030-09_2030-10,2030-09,HH_M/Brent_M,month_pair,May/Jun,786,0.2657344054575117,0.07932027922696128
2030-09_2030-10,2030-09,HH_M/Brent_M,month_pair,Jun/Jul,786,0.20569278535847926,0.07528603620211424
2030-09_2030-10,2030-09,HH_M/Brent_M,month_pair,Jul/Aug,786,0.22035240107311646,0.07648896803684163
2030-09_2030-10,2030-09,HH_M/Brent_M,month_pair,Aug/Sep,785,0.16104967381925195,0.07539588430738227
2030-09_2030-10,2030-09,HH_M/Brent_M,month_pair,Sep/Oct,786,0.20506568975875283,0.07476690315142072
2030-09_2030-10,2030-09,HH_M/Brent_M,pooled,all,9436,0.21896525236823253,1.0
2030-10_2030-11,2030-10,TTF_M/TTF_M1,year,2018,24,0.9960717855111851,0.0002701269625058638
2030-10_2030-11,2030-10,TTF_M/TTF_M1,year,2019,474,0.9867117936618928,0.0032457053356208924
2030-10_2030-11,2030-10,TTF_M/TTF_M1,year,2020,1094,0.98782380258992,0.013823455862790449
2030-10_2030-11,2030-10,TTF_M/TTF_M1,year,2021,1689,0.9563199868457801,0.10338350316656102
2030-10_2030-11,2030-10,TTF_M/TTF_M1,year,2022,2232,0.9854449588405643,0.5840181758311747
2030-10_2030-11,2030-10,TTF_M/TTF_M1,year,2023,1919,0.9870728988438817,0.1649353953879228
2030-10_2030-11,2030-10,TTF_M/TTF_M1,year,2024,1326,0.9955624074590642,0.05438043399334029
2030-10_2030-11,2030-10,TTF_M/TTF_M1,year,2025,725,0.9943391031392965,0.03845286590684929
2030-10_2030-11,2030-10,TTF_M/TTF_M1,year,2026,147,0.995076183987661,0.03749033755323473
2030-10_2030-11,2030-10,TTF_M/TTF_M1,days_to_expiry,"(1095, 1460]",2378,0.9787972896221192,0.12777511495254232
2030-10_2030-11,2030-10,TTF_M/TTF_M1,days_to_expiry,"(730, 1095]",2412,0.9836211423106326,0.18843295584380118
2030-10_2030-11,2030-10,TTF_M/TTF_M1,days_to_expiry,"(365, 730]",2401,0.9778694599072129,0.2917580998426422
2030-10_2030-11,2030-10,TTF_M/TTF_M1,days_to_expiry,"(180, 365]",1235,0.9901451528152165,0.20864604608326767
2030-10_2030-11,2030-10,TTF_M/TTF_M1,days_to_expiry,"(90, 180]",584,0.9969903309595645,0.09062565447089282
2030-10_2030-11,2030-10,TTF_M/TTF_M1,days_to_expiry,"(60, 90]",195,0.9953435015713061,0.024825872706653537
2030-10_2030-11,2030-10,TTF_M/TTF_M1,days_to_expiry,"(30, 60]",190,0.9925496960334068,0.026480750654343577
2030-10_2030-11,2030-10,TTF_M/TTF_M1,days_to_expiry,"(0, 30]",187,0.9854042182959604,0.03494561442462419
2030-10_2030-11,2030-10,TTF_M/TTF_M1,days_to_expiry,nan,48,0.9859623630705328,0.0065098910212325126
2030-10_2030-11,2030-10,TTF_M/TTF_M1,month_pair,Oct/Nov,803,0.9917812123979979,0.0792380856656695
2030-10_2030-11,2030-10,TTF_M/TTF_M1,month_pair,Nov/Dec,803,0.9962229648082114,0.09168084140401697
2030-10_2030-11,2030-10,TTF_M/TTF_M1,month_pair,Dec/Jan,803,0.9907915135354757,0.09380814882395465
2030-10_2030-11,2030-10,TTF_M/TTF_M1,month_pair,Jan/Feb,802,0.9966441365289554,0.10012368873774069
2030-10_2030-11,2030-10,TTF_M/TTF_M1,month_pair,Feb/Mar,803,0.9967280129462736,0.10018385217692773
2030-10_2030-11,2030-10,TTF_M/TTF_M1,month_pair,Mar/Apr,803,0.9069480471196854,0.09480215616430603
2030-10_2030-11,2030-10,TTF_M/TTF_M1,month_pair,Apr/May,803,0.9810192003941304,0.07510594108725879
2030-10_2030-11,2030-10,TTF_M/TTF_M1,month_pair,May/Jun,802,0.9953952174604705,0.06776443030929179
2030-10_2030-11,2030-10,TTF_M/TTF_M1,month_pair,Jun/Jul,802,0.9916927496756919,0.06875477598858246
2030-10_2030-11,2030-10,TTF_M/TTF_M1,month_pair,Jul/Aug,802,0.9980101625306996,0.07554928468697526
2030-10_2030-11,2030-10,TTF_M/TTF_M1,month_pair,Aug/Sep,802,0.9982273099047158,0.08557053739208384
2030-10_2030-11,2030-10,TTF_M/TTF_M1,month_pair,Sep/Oct,802,0.9849361600565509,0.06741825756319231
2030-10_2030-11,2030-10,TTF_M/TTF_M1,pooled,all,9630,0.984437868983799,1.0
2030-10_2030-11,2030-10,HH_M/HH_M1,year,2018,24,0.9978491410492835,0.00015637109031423893
2030-10_2030-11,2030-10,HH_M/HH_M1,year,2019,474,0.9941652516924712,0.0028669227474546577
2030-10_2030-11,2030-10,HH_M/HH_M1,year,2020,1094,0.9842403481360054,0.009624674685716903
2030-10_2030-11,2030-10,HH_M/HH_M1,year,2021,1689,0.9877661681258816,0.04275480532155478
2030-10_2030-11,2030-10,HH_M/HH_M1,year,2022,2232,0.9908532898790284,0.4618916875164865
2030-10_2030-11,2030-10,HH_M/HH_M1,year,2023,1919,0.9869615071898581,0.18470490531355394
2030-10_2030-11,2030-10,HH_M/HH_M1,year,2024,1326,0.974033597299965,0.11468265839314279
2030-10_2030-11,2030-10,HH_M/HH_M1,year,2025,725,0.9899157528338458,0.12357783093243231
2030-10_2030-11,2030-10,HH_M/HH_M1,year,2026,147,0.9254844482819381,0.05974014399934389
2030-10_2030-11,2030-10,HH_M/HH_M1,days_to_expiry,"(1095, 1460]",2378,0.9951510978247797,0.06775246533299606
2030-10_2030-11,2030-10,HH_M/HH_M1,days_to_expiry,"(730, 1095]",2412,0.9911552160961807,0.09466468996558461
2030-10_2030-11,2030-10,HH_M/HH_M1,days_to_expiry,"(365, 730]",2401,0.9901375488129753,0.18517085804013836
2030-10_2030-11,2030-10,HH_M/HH_M1,days_to_expiry,"(180, 365]",1235,0.9892937420598098,0.217827869385709
2030-10_2030-11,2030-10,HH_M/HH_M1,days_to_expiry,"(90, 180]",584,0.9938788546709442,0.1545078634157518
2030-10_2030-11,2030-10,HH_M/HH_M1,days_to_expiry,"(60, 90]",195,0.9883725166023278,0.07000933712063484
2030-10_2030-11,2030-10,HH_M/HH_M1,days_to_expiry,"(30, 60]",190,0.9926838155555652,0.08300841392215016
2030-10_2030-11,2030-10,HH_M/HH_M1,days_to_expiry,"(0, 30]",187,0.9750325377393815,0.10378000162534955
2030-10_2030-11,2030-10,HH_M/HH_M1,days_to_expiry,nan,48,0.8054379212931686,0.023278501191685626
2030-10_2030-11,2030-10,HH_M/HH_M1,month_pair,Oct/Nov,803,0.9867074652906153,0.09144256415735637
2030-10_2030-11,2030-10,HH_M/HH_M1,month_pair,Nov/Dec,803,0.9885682267090361,0.08181882480738309
2030-10_2030-11,2030-10,HH_M/HH_M1,month_pair,Dec/Jan,803,0.9941560388760302,0.07546274968097577
2030-10_2030-11,2030-10,HH_M/HH_M1,month_pair,Jan/Feb,802,0.9932474293892501,0.08762216608315748
2030-10_2030-11,2030-10,HH_M/HH_M1,month_pair,Feb/Mar,803,0.9372258971375536,0.1104558967284524
2030-10_2030-11,2030-10,HH_M/HH_M1,month_pair,Mar/Apr,803,0.9572549053349328,0.08820616143552798
2030-10_2030-11,2030-10,HH_M/HH_M1,month_pair,Apr/May,803,0.9950225501777331,0.08647831933809606
2030-10_2030-11,2030-10,HH_M/HH_M1,month_pair,May/Jun,802,0.9943487852616074,0.07784800279917527
2030-10_2030-11,2030-10,HH_M/HH_M1,month_pair,Jun/Jul,802,0.9917158821435802,0.07656993477564017
2030-10_2030-11,2030-10,HH_M/HH_M1,month_pair,Jul/Aug,802,0.9969269207941942,0.07420194419657372
2030-10_2030-11,2030-10,HH_M/HH_M1,month_pair,Aug/Sep,802,0.996579462989375,0.07386937162755569
2030-10_2030-11,2030-10,HH_M/HH_M1,month_pair,Sep/Oct,802,0.9976579391675909,0.07602406437010596
2030-10_2030-11,2030-10,HH_M/HH_M1,pooled,all,9630,0.9830700344460276,1.0
2030-10_2030-11,2030-10,Brent_M/Brent_M1,year,2018,24,0.999687260448863,0.0019128884960105791
2030-10_2030-11,2030-10,Brent_M/Brent_M1,year,2019,474,0.9997221843975632,0.01122198714100856
2030-10_2030-11,2030-10,Brent_M/Brent_M1,year,2020,1094,0.9998383366821652,0.11107160807570814
2030-10_2030-11,2030-10,Brent_M/Brent_M1,year,2021,1689,0.9998151928654042,0.1516663468568391
2030-10_2030-11,2030-10,Brent_M/Brent_M1,year,2022,2232,0.9996535741927237,0.3229431246196877
2030-10_2030-11,2030-10,Brent_M/Brent_M1,year,2023,1919,0.999731618098053,0.17259244210662314
2030-10_2030-11,2030-10,Brent_M/Brent_M1,year,2024,1326,0.9998308447569975,0.08845671401066361
2030-10_2030-11,2030-10,Brent_M/Brent_M1,year,2025,725,0.9996742661709913,0.08659729043964796
2030-10_2030-11,2030-10,Brent_M/Brent_M1,year,2026,147,0.9927280910032954,0.05353759825381112
2030-10_2030-11,2030-10,Brent_M/Brent_M1,days_to_expiry,"(1095, 1460]",2378,0.9997885855810866,0.16382764347515988
2030-10_2030-11,2030-10,Brent_M/Brent_M1,days_to_expiry,"(730, 1095]",2412,0.9997703919237018,0.19626127656137007
2030-10_2030-11,2030-10,Brent_M/Brent_M1,days_to_expiry,"(365, 730]",2401,0.9998418618064007,0.25242822126493714
2030-10_2030-11,2030-10,Brent_M/Brent_M1,days_to_expiry,"(180, 365]",1235,0.9997956512601147,0.17009077071773762
2030-10_2030-11,2030-10,Brent_M/Brent_M1,days_to_expiry,"(90, 180]",584,0.9993267561647361,0.09342850742424788
2030-10_2030-11,2030-10,Brent_M/Brent_M1,days_to_expiry,"(60, 90]",195,0.9981173994201753,0.033859360269543524
2030-10_2030-11,2030-10,Brent_M/Brent_M1,days_to_expiry,"(30, 60]",190,0.9961065763127122,0.036215981015142625
2030-10_2030-11,2030-10,Brent_M/Brent_M1,days_to_expiry,"(0, 30]",187,0.9940436782836023,0.04290427243714632
2030-10_2030-11,2030-10,Brent_M/Brent_M1,days_to_expiry,nan,48,0.9975875550096827,0.010983966834714906
2030-10_2030-11,2030-10,Brent_M/Brent_M1,month_pair,Oct/Nov,803,0.9995372882216979,0.0819104074229322
2030-10_2030-11,2030-10,Brent_M/Brent_M1,month_pair,Nov/Dec,803,0.9996766533136233,0.08471599548144793
2030-10_2030-11,2030-10,Brent_M/Brent_M1,month_pair,Dec/Jan,803,0.9997347437309184,0.09469730673747094
2030-10_2030-11,2030-10,Brent_M/Brent_M1,month_pair,Jan/Feb,802,0.99971167674105,0.08677721292524425
2030-10_2030-11,2030-10,Brent_M/Brent_M1,month_pair,Feb/Mar,803,0.9997025228417259,0.08434788059096802
2030-10_2030-11,2030-10,Brent_M/Brent_M1,month_pair,Mar/Apr,803,0.9997291598554948,0.08441800906471512
2030-10_2030-11,2030-10,Brent_M/Brent_M1,month_pair,Apr/May,803,0.998563617759992,0.08368979750664182
2030-10_2030-11,2030-10,Brent_M/Brent_M1,month_pair,May/Jun,802,0.9978234254678974,0.08143494024798684
2030-10_2030-11,2030-10,Brent_M/Brent_M1,month_pair,Jun/Jul,802,0.9982387774493935,0.07183057288160147
2030-10_2030-11,2030-10,Brent_M/Brent_M1,month_pair,Jul/Aug,802,0.9988245665805532,0.08458768169250858
2030-10_2030-11,2030-10,Brent_M/Brent_M1,month_pair,Aug/Sep,802,0.9990746325739834,0.08428254685425826
2030-10_2030-11,2030-10,Brent_M/Brent_M1,month_pair,Sep/Oct,802,0.9990986664468631,0.07730764859422447
2030-10_2030-11,2030-10,Brent_M/Brent_M1,pooled,all,9630,0.9991506541063422,1.0
2030-10_2030-11,2030-10,TTF_M/HH_M,year,2018,24,-0.08197530073890817,0.00025060590719557673
2030-10_2030-11,2030-10,TTF_M/HH_M,year,2019,474,0.10898069651525255,0.0030713970820508913
2030-10_2030-11,2030-10,TTF_M/HH_M,year,2020,1094,0.044043342053353654,0.012685455949948526
2030-10_2030-11,2030-10,TTF_M/HH_M,year,2021,1689,0.18451111923097857,0.09310245314254213
2030-10_2030-11,2030-10,TTF_M/HH_M,year,2022,2232,0.1186725817100596,0.5493005149318936
2030-10_2030-11,2030-10,TTF_M/HH_M,year,2023,1919,0.1366215084807065,0.17081069680067873
2030-10_2030-11,2030-10,TTF_M/HH_M,year,2024,1326,0.29288136307486434,0.06915755449034845
2030-10_2030-11,2030-10,TTF_M/HH_M,year,2025,725,0.06381045302677259,0.057285246390154254
2030-10_2030-11,2030-10,TTF_M/HH_M,year,2026,147,0.33198477799653797,0.04433607530518774
2030-10_2030-11,2030-10,TTF_M/HH_M,days_to_expiry,"(1095, 1460]",2378,0.10038697317077899,0.11209058597438092
2030-10_2030-11,2030-10,TTF_M/HH_M,days_to_expiry,"(730, 1095]",2412,0.12606776438932696,0.16517025582942726
2030-10_2030-11,2030-10,TTF_M/HH_M,days_to_expiry,"(365, 730]",2401,0.15862736029297245,0.27010058418233274
2030-10_2030-11,2030-10,TTF_M/HH_M,days_to_expiry,"(180, 365]",1235,0.1364621827809343,0.20832070934498784
2030-10_2030-11,2030-10,TTF_M/HH_M,days_to_expiry,"(90, 180]",584,0.14040996380189355,0.10422926502760838
2030-10_2030-11,2030-10,TTF_M/HH_M,days_to_expiry,"(60, 90]",195,0.23594936792863225,0.03550717357604369
2030-10_2030-11,2030-10,TTF_M/HH_M,days_to_expiry,"(30, 60]",190,0.2622269035886683,0.03964526881064053
2030-10_2030-11,2030-10,TTF_M/HH_M,days_to_expiry,"(0, 30]",187,0.30790716490322334,0.05293666247542044
2030-10_2030-11,2030-10,TTF_M/HH_M,days_to_expiry,nan,48,0.24307791770244136,0.011999494779158062
2030-10_2030-11,2030-10,TTF_M/HH_M,month_pair,Oct/Nov,803,0.17178861239011756,0.08359336287365793
2030-10_2030-11,2030-10,TTF_M/HH_M,month_pair,Nov/Dec,803,0.06284235735763487,0.08971901921307862
2030-10_2030-11,2030-10,TTF_M/HH_M,month_pair,Dec/Jan,803,0.12735258034802038,0.0889784635121301
2030-10_2030-11,2030-10,TTF_M/HH_M,month_pair,Jan/Feb,802,0.14670444766034205,0.095047705045917
2030-10_2030-11,2030-10,TTF_M/HH_M,month_pair,Feb/Mar,803,0.20557151981169952,0.10227725348056453
2030-10_2030-11,2030-10,TTF_M/HH_M,month_pair,Mar/Apr,803,0.1653805981853697,0.10175291519501678
2030-10_2030-11,2030-10,TTF_M/HH_M,month_pair,Apr/May,803,0.23910956712708606,0.07653997421699525
2030-10_2030-11,2030-10,TTF_M/HH_M,month_pair,May/Jun,802,0.23266780013104826,0.0684583865425388
2030-10_2030-11,2030-10,TTF_M/HH_M,month_pair,Jun/Jul,802,0.10476203794559506,0.0692336276423693
2030-10_2030-11,2030-10,TTF_M/HH_M,month_pair,Jul/Aug,802,0.1027874335426659,0.07389081833838672
2030-10_2030-11,2030-10,TTF_M/HH_M,month_pair,Aug/Sep,802,0.11510882581506404,0.08201744459196117
2030-10_2030-11,2030-10,TTF_M/HH_M,month_pair,Sep/Oct,802,0.23171594985875893,0.06849102934738363
2030-10_2030-11,2030-10,TTF_M/HH_M,pooled,all,9630,0.1586334396863194,1.0
2030-10_2030-11,2030-10,TTF_M/Brent_M,year,2018,24,-0.005099326426558253,0.0004922469536211911
2030-10_2030-11,2030-10,TTF_M/Brent_M,year,2019,474,0.4084253275765453,0.004241260957935861
2030-10_2030-11,2030-10,TTF_M/Brent_M,year,2020,1094,0.6377708905861584,0.026471828613031847
2030-10_2030-11,2030-10,TTF_M/Brent_M,year,2021,1689,0.11530745472054833,0.11315928049913784
2030-10_2030-11,2030-10,TTF_M/Brent_M,year,2022,2232,0.09291402535283448,0.5428388916814135
2030-10_2030-11,2030-10,TTF_M/Brent_M,year,2023,1919,0.1401316685816051,0.16804708038273874
2030-10_2030-11,2030-10,TTF_M/Brent_M,year,2024,1326,0.02265741674456452,0.05919824372759459
2030-10_2030-11,2030-10,TTF_M/Brent_M,year,2025,725,0.5076001870113045,0.044916454308752886
2030-10_2030-11,2030-10,TTF_M/Brent_M,year,2026,147,0.5943554766607196,0.040634712875773575
2030-10_2030-11,2030-10,TTF_M/Brent_M,days_to_expiry,"(1095, 1460]",2378,0.20213516253721284,0.13037680742132293
2030-10_2030-11,2030-10,TTF_M/Brent_M,days_to_expiry,"(730, 1095]",2412,0.21116646811972192,0.18734261116530238
2030-10_2030-11,2030-10,TTF_M/Brent_M,days_to_expiry,"(365, 730]",2401,0.1560175438950644,0.289306161279312
2030-10_2030-11,2030-10,TTF_M/Brent_M,days_to_expiry,"(180, 365]",1235,0.12477300972528965,0.20185972437123748
2030-10_2030-11,2030-10,TTF_M/Brent_M,days_to_expiry,"(90, 180]",584,0.14721514429843868,0.09058680220964614
2030-10_2030-11,2030-10,TTF_M/Brent_M,days_to_expiry,"(60, 90]",195,0.17237282164329326,0.026379108999191426
2030-10_2030-11,2030-10,TTF_M/Brent_M,days_to_expiry,"(30, 60]",190,0.24151956998032847,0.028716189035308284
2030-10_2030-11,2030-10,TTF_M/Brent_M,days_to_expiry,"(0, 30]",187,0.2940359863698757,0.03811777641586539
2030-10_2030-11,2030-10,TTF_M/Brent_M,days_to_expiry,nan,48,0.1011019132851121,0.0073148191028140595
2030-10_2030-11,2030-10,TTF_M/Brent_M,month_pair,Oct/Nov,803,0.1735912075173449,0.08104178019215816
2030-10_2030-11,2030-10,TTF_M/Brent_M,month_pair,Nov/Dec,803,0.13634629773362847,0.0904333149897141
2030-10_2030-11,2030-10,TTF_M/Brent_M,month_pair,Dec/Jan,803,0.14779048396939587,0.09327334933179773
2030-10_2030-11,2030-10,TTF_M/Brent_M,month_pair,Jan/Feb,802,0.17866199457001852,0.09662912263271153
2030-10_2030-11,2030-10,TTF_M/Brent_M,month_pair,Feb/Mar,803,0.1705647041966147,0.0957993141636672
2030-10_2030-11,2030-10,TTF_M/Brent_M,month_pair,Mar/Apr,803,0.1428179947415629,0.10164078109402308
2030-10_2030-11,2030-10,TTF_M/Brent_M,month_pair,Apr/May,803,0.19344267558900782,0.07571239340159332
2030-10_2030-11,2030-10,TTF_M/Brent_M,month_pair,May/Jun,802,0.24585579890911552,0.06811200349523219
2030-10_2030-11,2030-10,TTF_M/Brent_M,month_pair,Jun/Jul,802,0.11545329221608089,0.06777199523488628
2030-10_2030-11,2030-10,TTF_M/Brent_M,month_pair,Jul/Aug,802,0.18306390405354037,0.07587515072033726
2030-10_2030-11,2030-10,TTF_M/Brent_M,month_pair,Aug/Sep,802,0.21618763718730694,0.08518329120806248
2030-10_2030-11,2030-10,TTF_M/Brent_M,month_pair,Sep/Oct,802,0.21036655803945947,0.06852750353581677
2030-10_2030-11,2030-10,TTF_M/Brent_M,pooled,all,9630,0.1747216472650975,1.0
2030-10_2030-11,2030-10,HH_M/Brent_M,year,2018,24,0.46700872954626604,0.0007715887152430117
2030-10_2030-11,2030-10,HH_M/Brent_M,year,2019,474,0.15109256962782422,0.00566949774347267
2030-10_2030-11,2030-10,HH_M/Brent_M,year,2020,1094,0.1120867442784521,0.04499825864177544
2030-10_2030-11,2030-10,HH_M/Brent_M,year,2021,1689,0.087344583444436,0.07987736728655684
2030-10_2030-11,2030-10,HH_M/Brent_M,year,2022,2232,0.3462611310840722,0.40347883821314046
2030-10_2030-11,2030-10,HH_M/Brent_M,year,2023,1919,0.2185886354606518,0.17945244701490187
2030-10_2030-11,2030-10,HH_M/Brent_M,year,2024,1326,0.03768077241231375,0.10965148557132821
2030-10_2030-11,2030-10,HH_M/Brent_M,year,2025,725,0.19205368192379157,0.11198479549658324
2030-10_2030-11,2030-10,HH_M/Brent_M,year,2026,147,0.141717921103914,0.06411572131699823
2030-10_2030-11,2030-10,HH_M/Brent_M,days_to_expiry,"(1095, 1460]",2378,0.20404571887486544,0.09834476397913754
2030-10_2030-11,2030-10,HH_M/Brent_M,days_to_expiry,"(730, 1095]",2412,0.23747250300186062,0.1267244915869941
2030-10_2030-11,2030-10,HH_M/Brent_M,days_to_expiry,"(365, 730]",2401,0.30194070638895226,0.20517682972454276
2030-10_2030-11,2030-10,HH_M/Brent_M,days_to_expiry,"(180, 365]",1235,0.24818303530028918,0.1982600678910864
2030-10_2030-11,2030-10,HH_M/Brent_M,days_to_expiry,"(90, 180]",584,0.23250980613104702,0.1335517206594146
2030-10_2030-11,2030-10,HH_M/Brent_M,days_to_expiry,"(60, 90]",195,0.1463190032498796,0.05921236496847157
2030-10_2030-11,2030-10,HH_M/Brent_M,days_to_expiry,"(30, 60]",190,0.12421537141307123,0.06754056201443664
2030-10_2030-11,2030-10,HH_M/Brent_M,days_to_expiry,"(0, 30]",187,0.15106714738603924,0.08698473656451243
2030-10_2030-11,2030-10,HH_M/Brent_M,days_to_expiry,nan,48,0.10479773466202046,0.02420446261140393
2030-10_2030-11,2030-10,HH_M/Brent_M,month_pair,Oct/Nov,803,0.27064284073760514,0.08906672715588117
2030-10_2030-11,2030-10,HH_M/Brent_M,month_pair,Nov/Dec,803,0.21551154578595383,0.08390784323260088
2030-10_2030-11,2030-10,HH_M/Brent_M,month_pair,Dec/Jan,803,0.21548894489900916,0.08121108551285378
2030-10_2030-11,2030-10,HH_M/Brent_M,month_pair,Jan/Feb,802,0.20691764135688273,0.08459601430603368
2030-10_2030-11,2030-10,HH_M/Brent_M,month_pair,Feb/Mar,803,0.20995521716992294,0.10650598446418166
2030-10_2030-11,2030-10,HH_M/Brent_M,month_pair,Mar/Apr,803,0.20967865166136973,0.08935892192773447
2030-10_2030-11,2030-10,HH_M/Brent_M,month_pair,Apr/May,803,0.23934806461366326,0.08408879073911676
2030-10_2030-11,2030-10,HH_M/Brent_M,month_pair,May/Jun,802,0.26753575581400546,0.07915485487839967
2030-10_2030-11,2030-10,HH_M/Brent_M,month_pair,Jun/Jul,802,0.2038866293355241,0.0753938578700511
2030-10_2030-11,2030-10,HH_M/Brent_M,month_pair,Jul/Aug,802,0.22309680607199794,0.07639169817579945
2030-10_2030-11,2030-10,HH_M/Brent_M,month_pair,Aug/Sep,802,0.15897170347548695,0.07528363447402887
2030-10_2030-11,2030-10,HH_M/Brent_M,month_pair,Sep/Oct,802,0.20740339714078432,0.0750405872633185
2030-10_2030-11,2030-10,HH_M/Brent_M,pooled,all,9630,0.21866199570681225,1.0
2030-11_2030-12,2030-11,TTF_M/TTF_M1,year,2018,43,0.9954787172567521,0.0005092437328249921
2030-11_2030-12,2030-11,TTF_M/TTF_M1,year,2019,534,0.9878873096924353,0.003808856094304864
2030-11_2030-12,2030-11,TTF_M/TTF_M1,year,2020,1143,0.9882368218961979,0.01439578640016841
2030-11_2030-12,2030-11,TTF_M/TTF_M1,year,2021,1747,0.9565371355888557,0.10323945032544295
2030-11_2030-12,2030-11,TTF_M/TTF_M1,year,2022,2271,0.9850605886931308,0.5855983586304752
2030-11_2030-12,2030-11,TTF_M/TTF_M1,year,2023,1919,0.9870728988438817,0.16336528749453147
2030-11_2030-12,2030-11,TTF_M/TTF_M1,year,2024,1326,0.9955624074590642,0.053862757672510725
2030-11_2030-12,2030-11,TTF_M/TTF_M1,year,2025,725,0.9943391031392965,0.038086812591599024
2030-11_2030-12,2030-11,TTF_M/TTF_M1,year,2026,147,0.995076183987661,0.037133447058142435
2030-11_2030-12,2030-11,TTF_M/TTF_M1,days_to_expiry,"(1460, 2200]",192,0.9740801543187699,0.007373607472316703
2030-11_2030-12,2030-11,TTF_M/TTF_M1,days_to_expiry,"(1095, 1460]",2411,0.9779728012514908,0.1287046808142716
2030-11_2030-12,2030-11,TTF_M/TTF_M1,days_to_expiry,"(730, 1095]",2412,0.9836211423106326,0.1866391621547658
2030-11_2030-12,2030-11,TTF_M/TTF_M1,days_to_expiry,"(365, 730]",2401,0.9778694599072129,0.28898069906431706
2030-11_2030-12,2030-11,TTF_M/TTF_M1,days_to_expiry,"(180, 365]",1235,0.9901451528152165,0.20665983322028741
2030-11_2030-12,2030-11,TTF_M/TTF_M1,days_to_expiry,"(90, 180]",584,0.9969903309595645,0.08976294058771549
2030-11_2030-12,2030-11,TTF_M/TTF_M1,days_to_expiry,"(60, 90]",195,0.9953435015713061,0.024589541999073355
2030-11_2030-12,2030-11,TTF_M/TTF_M1,days_to_expiry,"(30, 60]",190,0.9925496960334068,0.026228666281989645
2030-11_2030-12,2030-11,TTF_M/TTF_M1,days_to_expiry,"(0, 30]",187,0.9854042182959604,0.03461294850462283
2030-11_2030-12,2030-11,TTF_M/TTF_M1,days_to_expiry,nan,48,0.9859623630705328,0.006447919900640026
2030-11_2030-12,2030-11,TTF_M/TTF_M1,month_pair,Oct/Nov,822,0.9917934993403584,0.078708510238548
2030-11_2030-12,2030-11,TTF_M/TTF_M1,month_pair,Nov/Dec,822,0.9961590112962918,0.09092248383984668
2030-11_2030-12,2030-11,TTF_M/TTF_M1,month_pair,Dec/Jan,822,0.9907174936888067,0.09306711598819606
2030-11_2030-12,2030-11,TTF_M/TTF_M1,month_pair,Jan/Feb,821,0.9966438015125644,0.09962313355099216
2030-11_2030-12,2030-11,TTF_M/TTF_M1,month_pair,Feb/Mar,820,0.9967349974941929,0.09955726676885701
2030-11_2030-12,2030-11,TTF_M/TTF_M1,month_pair,Mar/Apr,821,0.906207589337377,0.09422925651829672
2030-11_2030-12,2030-11,TTF_M/TTF_M1,month_pair,Apr/May,822,0.9812485107855246,0.07556988812254775
2030-11_2030-12,2030-11,TTF_M/TTF_M1,month_pair,May/Jun,821,0.9955014927043931,0.0687869890875067
2030-11_2030-12,2030-11,TTF_M/TTF_M1,month_pair,Jun/Jul,821,0.9918284390457078,0.06921102758738659
2030-11_2030-12,2030-11,TTF_M/TTF_M1,month_pair,Jul/Aug,821,0.9980126664385949,0.07508547212370748
2030-11_2030-12,2030-11,TTF_M/TTF_M1,month_pair,Aug/Sep,821,0.9980760667563188,0.08543058201111806
2030-11_2030-12,2030-11,TTF_M/TTF_M1,month_pair,Sep/Oct,821,0.9827855527821239,0.06980827416299677
2030-11_2030-12,2030-11,TTF_M/TTF_M1,pooled,all,9855,0.9842443796918471,1.0
2030-11_2030-12,2030-11,HH_M/HH_M1,year,2018,43,0.9974032745848047,0.0002798085647635968
2030-11_2030-12,2030-11,HH_M/HH_M1,year,2019,534,0.9941870790184617,0.0032535349657523997
2030-11_2030-12,2030-11,HH_M/HH_M1,year,2020,1143,0.9849437259494495,0.010169221774441151
2030-11_2030-12,2030-11,HH_M/HH_M1,year,2021,1747,0.9879984891299822,0.04367467930403384
2030-11_2030-12,2030-11,HH_M/HH_M1,year,2022,2271,0.9908950224017452,0.46267400362141303
2030-11_2030-12,2030-11,HH_M/HH_M1,year,2023,1919,0.9869615071898581,0.1836500343480751
2030-11_2030-12,2030-11,HH_M/HH_M1,year,2024,1326,0.974033597299965,0.11402769253623991
2030-11_2030-12,2030-11,HH_M/HH_M1,year,2025,725,0.9899157528338458,0.12287206372172298
2030-11_2030-12,2030-11,HH_M/HH_M1,year,2026,147,0.9254844482819381,0.05939896116355804
2030-11_2030-12,2030-11,HH_M/HH_M1,days_to_expiry,"(1460, 2200]",192,0.9976115347545189,0.004633804825057699
2030-11_2030-12,2030-11,HH_M/HH_M1,days_to_expiry,"(1095, 1460]",2411,0.9951808322832721,0.0684428334382136
2030-11_2030-12,2030-11,HH_M/HH_M1,days_to_expiry,"(730, 1095]",2412,0.9911552160961807,0.09412404902954
2030-11_2030-12,2030-11,HH_M/HH_M1,days_to_expiry,"(365, 730]",2401,0.9901375488129753,0.18411332596502775
2030-11_2030-12,2030-11,HH_M/HH_M1,days_to_expiry,"(180, 365]",1235,0.9892937420598098,0.21658382936144957
2030-11_2030-12,2030-11,HH_M/HH_M1,days_to_expiry,"(90, 180]",584,0.9938788546709442,0.15362545123087362
2030-11_2030-12,2030-11,HH_M/HH_M1,days_to_expiry,"(60, 90]",195,0.9883725166023278,0.06960950574141071
2030-11_2030-12,2030-11,HH_M/HH_M1,days_to_expiry,"(30, 60]",190,0.9926838155555652,0.0825343433197031
2030-11_2030-12,2030-11,HH_M/HH_M1,days_to_expiry,"(0, 30]",187,0.9750325377393815,0.10318730209565331
2030-11_2030-12,2030-11,HH_M/HH_M1,days_to_expiry,nan,48,0.8054379212931686,0.02314555499307066
2030-11_2030-12,2030-11,HH_M/HH_M1,month_pair,Oct/Nov,822,0.9867093260961413,0.09114000833526423
2030-11_2030-12,2030-11,HH_M/HH_M1,month_pair,Nov/Dec,822,0.9886156791740338,0.08175063153048577
2030-11_2030-12,2030-11,HH_M/HH_M1,month_pair,Dec/Jan,822,0.9941765345313059,0.07558541287188747
2030-11_2030-12,2030-11,HH_M/HH_M1,month_pair,Jan/Feb,821,0.9932440130432871,0.08718966071258655
2030-11_2030-12,2030-11,HH_M/HH_M1,month_pair,Feb/Mar,820,0.9372588044227744,0.10995802617518079
2030-11_2030-12,2030-11,HH_M/HH_M1,month_pair,Mar/Apr,821,0.9572379500046141,0.08781981712235622
2030-11_2030-12,2030-11,HH_M/HH_M1,month_pair,Apr/May,822,0.995011068402099,0.08664504655926278
2030-11_2030-12,2030-11,HH_M/HH_M1,month_pair,May/Jun,821,0.9944194139156839,0.0789441306082414
2030-11_2030-12,2030-11,HH_M/HH_M1,month_pair,Jun/Jul,821,0.9917416414212307,0.07643903196158956
2030-11_2030-12,2030-11,HH_M/HH_M1,month_pair,Jul/Aug,821,0.9969550868548301,0.07460810039958023
2030-11_2030-12,2030-11,HH_M/HH_M1,month_pair,Aug/Sep,821,0.996594998214288,0.07387044288262647
2030-11_2030-12,2030-11,HH_M/HH_M1,month_pair,Sep/Oct,821,0.9976673881610786,0.07604969084093857
2030-11_2030-12,2030-11,HH_M/HH_M1,pooled,all,9855,0.9831373824356812,1.0
2030-11_2030-12,2030-11,Brent_M/Brent_M1,year,2018,43,0.9997470857035526,0.004146032605770612
2030-11_2030-12,2030-11,Brent_M/Brent_M1,year,2019,534,0.9997406770008694,0.012813419755267058
2030-11_2030-12,2030-11,Brent_M/Brent_M1,year,2020,1143,0.9998386212216365,0.11474522613250122
2030-11_2030-12,2030-11,Brent_M/Brent_M1,year,2021,1747,0.9998164092383693,0.15270216582400523
2030-11_2030-12,2030-11,Brent_M/Brent_M1,year,2022,2271,0.999651791199618,0.32021499351906635
2030-11_2030-12,2030-11,Brent_M/Brent_M1,year,2023,1919,0.999731618098053,0.17009470702056204
2030-11_2030-12,2030-11,Brent_M/Brent_M1,year,2024,1326,0.9998308447569975,0.08717658009816232
2030-11_2030-12,2030-11,Brent_M/Brent_M1,year,2025,725,0.9996742661709913,0.08534406586011911
2030-11_2030-12,2030-11,Brent_M/Brent_M1,year,2026,147,0.9927280910032954,0.05276280918454598
2030-11_2030-12,2030-11,Brent_M/Brent_M1,days_to_expiry,"(1460, 2200]",192,0.9998112682322036,0.01255002227382443
2030-11_2030-12,2030-11,Brent_M/Brent_M1,days_to_expiry,"(1095, 1460]",2411,0.9997891297960602,0.16337859739353877
2030-11_2030-12,2030-11,Brent_M/Brent_M1,days_to_expiry,"(730, 1095]",2412,0.9997703919237018,0.1934210092210445
2030-11_2030-12,2030-11,Brent_M/Brent_M1,days_to_expiry,"(365, 730]",2401,0.9998418618064007,0.24877511329989702
2030-11_2030-12,2030-11,Brent_M/Brent_M1,days_to_expiry,"(180, 365]",1235,0.9997956512601147,0.16762923949046402
2030-11_2030-12,2030-11,Brent_M/Brent_M1,days_to_expiry,"(90, 180]",584,0.9993267561647361,0.09207642237241404
2030-11_2030-12,2030-11,Brent_M/Brent_M1,days_to_expiry,"(60, 90]",195,0.9981173994201753,0.033369352068115005
2030-11_2030-12,2030-11,Brent_M/Brent_M1,days_to_expiry,"(30, 60]",190,0.9961065763127122,0.03569186810872833
2030-11_2030-12,2030-11,Brent_M/Brent_M1,days_to_expiry,"(0, 30]",187,0.9940436782836023,0.04228336745834092
2030-11_2030-12,2030-11,Brent_M/Brent_M1,days_to_expiry,nan,48,0.9975875550096827,0.01082500831363291
2030-11_2030-12,2030-11,Brent_M/Brent_M1,month_pair,Oct/Nov,822,0.9995384644331682,0.08129115688115889
2030-11_2030-12,2030-11,Brent_M/Brent_M1,month_pair,Nov/Dec,822,0.9996764607911949,0.08462529239265519
2030-11_2030-12,2030-11,Brent_M/Brent_M1,month_pair,Dec/Jan,822,0.9997355203246766,0.09531529625482646
2030-11_2030-12,2030-11,Brent_M/Brent_M1,month_pair,Jan/Feb,821,0.999715492816932,0.08766176061347937
2030-11_2030-12,2030-11,Brent_M/Brent_M1,month_pair,Feb/Mar,820,0.9997038848397763,0.08402633840222486
2030-11_2030-12,2030-11,Brent_M/Brent_M1,month_pair,Mar/Apr,821,0.999728552235219,0.0840395698908571
2030-11_2030-12,2030-11,Brent_M/Brent_M1,month_pair,Apr/May,822,0.9986074519895193,0.08556869646305619
2030-11_2030-12,2030-11,Brent_M/Brent_M1,month_pair,May/Jun,821,0.9978454579476062,0.08156276852347473
2030-11_2030-12,2030-11,Brent_M/Brent_M1,month_pair,Jun/Jul,821,0.9982547405835054,0.07170500561923326
2030-11_2030-12,2030-11,Brent_M/Brent_M1,month_pair,Jul/Aug,821,0.9988281068573184,0.08409449904812358
2030-11_2030-12,2030-11,Brent_M/Brent_M1,month_pair,Aug/Sep,821,0.9990763667433747,0.08360587967795875
2030-11_2030-12,2030-11,Brent_M/Brent_M1,month_pair,Sep/Oct,821,0.9990958136722579,0.07650373623295156
2030-11_2030-12,2030-11,Brent_M/Brent_M1,pooled,all,9855,0.9991577419610715,1.0
2030-11_2030-12,2030-11,TTF_M/HH_M,year,2018,43,-0.07369430692483041,0.0004693411453335754
2030-11_2030-12,2030-11,TTF_M/HH_M,year,2019,534,0.10346964512143236,0.003580523912385895
2030-11_2030-12,2030-11,TTF_M/HH_M,year,2020,1143,0.03669949250271934,0.013230879369262517
2030-11_2030-12,2030-11,TTF_M/HH_M,year,2021,1747,0.18227298705914574,0.09317172709820372
2030-11_2030-12,2030-11,TTF_M/HH_M,year,2022,2271,0.11774539067125055,0.5509214008473118
2030-11_2030-12,2030-11,TTF_M/HH_M,year,2023,1919,0.1366215084807065,0.16932883609207058
2030-11_2030-12,2030-11,TTF_M/HH_M,year,2024,1326,0.29288136307486434,0.06855758115950805
2030-11_2030-12,2030-11,TTF_M/HH_M,year,2025,725,0.06381045302677259,0.056788270747536486
2030-11_2030-12,2030-11,TTF_M/HH_M,year,2026,147,0.33198477799653797,0.043951439628387504
2030-11_2030-12,2030-11,TTF_M/HH_M,days_to_expiry,"(1460, 2200]",192,0.0850335178013187,0.006427216077850362
2030-11_2030-12,2030-11,TTF_M/HH_M,days_to_expiry,"(1095, 1460]",2411,0.09752709732330588,0.11336638907561189
2030-11_2030-12,2030-11,TTF_M/HH_M,days_to_expiry,"(730, 1095]",2412,0.12606776438932696,0.16373732851908443
2030-11_2030-12,2030-11,TTF_M/HH_M,days_to_expiry,"(365, 730]",2401,0.15862736029297245,0.26775733841044197
2030-11_2030-12,2030-11,TTF_M/HH_M,days_to_expiry,"(180, 365]",1235,0.1364621827809343,0.20651343216768117
2030-11_2030-12,2030-11,TTF_M/HH_M,days_to_expiry,"(90, 180]",584,0.14040996380189355,0.10332502861019155
2030-11_2030-12,2030-11,TTF_M/HH_M,days_to_expiry,"(60, 90]",195,0.23594936792863225,0.035199132648973015
2030-11_2030-12,2030-11,TTF_M/HH_M,days_to_expiry,"(30, 60]",190,0.2622269035886683,0.03930132801985241
2030-11_2030-12,2030-11,TTF_M/HH_M,days_to_expiry,"(0, 30]",187,0.30790716490322334,0.052477412781832954
2030-11_2030-12,2030-11,TTF_M/HH_M,days_to_expiry,nan,48,0.24307791770244136,0.011895393688480279
2030-11_2030-12,2030-11,TTF_M/HH_M,month_pair,Oct/Nov,822,0.17168492873655106,0.08308805252264985
2030-11_2030-12,2030-11,TTF_M/HH_M,month_pair,Nov/Dec,822,0.06337440247859247,0.08912767078918662
2030-11_2030-12,2030-11,TTF_M/HH_M,month_pair,Dec/Jan,822,0.12703894407219965,0.08844802259984416
2030-11_2030-12,2030-11,TTF_M/HH_M,month_pair,Jan/Feb,821,0.14591012692636587,0.09457247373701771
2030-11_2030-12,2030-11,TTF_M/HH_M,month_pair,Feb/Mar,820,0.20476459949940534,0.1016585673433682
2030-11_2030-12,2030-11,TTF_M/HH_M,month_pair,Mar/Apr,821,0.16532808163291596,0.1012348659415524
2030-11_2030-12,2030-11,TTF_M/HH_M,month_pair,Apr/May,822,0.23618395384906793,0.07687129643796271
2030-11_2030-12,2030-11,TTF_M/HH_M,month_pair,May/Jun,821,0.2300218842773731,0.06943365313135824
2030-11_2030-12,2030-11,TTF_M/HH_M,month_pair,Jun/Jul,821,0.10362675182156753,0.06953681028097905
2030-11_2030-12,2030-11,TTF_M/HH_M,month_pair,Jul/Aug,821,0.10335352834487618,0.07361481188495492
2030-11_2030-12,2030-11,TTF_M/HH_M,month_pair,Aug/Sep,821,0.11353010919585092,0.08189477977025594
2030-11_2030-12,2030-11,TTF_M/HH_M,month_pair,Sep/Oct,821,0.22866329030985152,0.07051899556087023
2030-11_2030-12,2030-11,TTF_M/HH_M,pooled,all,9855,0.15786664352178867,1.0
2030-11_2030-12,2030-11,TTF_M/Brent_M,year,2018,43,0.4165768835277596,0.0010015778782327726
2030-11_2030-12,2030-11,TTF_M/Brent_M,year,2019,534,0.3863663993507427,0.004930910341483958
2030-11_2030-12,2030-11,TTF_M/Brent_M,year,2020,1143,0.6384435303386817,0.027486322722702034
2030-11_2030-12,2030-11,TTF_M/Brent_M,year,2021,1747,0.11734812362711614,0.11313130527482064
2030-11_2030-12,2030-11,TTF_M/Brent_M,year,2022,2271,0.09470866498483999,0.5438497358951362
2030-11_2030-12,2030-11,TTF_M/Brent_M,year,2023,1919,0.1401316685816051,0.16632987385250253
2030-11_2030-12,2030-11,TTF_M/Brent_M,year,2024,1326,0.02265741674456452,0.05859332033067503
2030-11_2030-12,2030-11,TTF_M/Brent_M,year,2025,725,0.5076001870113045,0.0444574708591245
2030-11_2030-12,2030-11,TTF_M/Brent_M,year,2026,147,0.5943554766607196,0.04021948284532242
2030-11_2030-12,2030-11,TTF_M/Brent_M,days_to_expiry,"(1460, 2200]",192,0.31805064507002967,0.007718832990465374
2030-11_2030-12,2030-11,TTF_M/Brent_M,days_to_expiry,"(1095, 1460]",2411,0.2043137288454266,0.13154430927071212
2030-11_2030-12,2030-11,TTF_M/Brent_M,days_to_expiry,"(730, 1095]",2412,0.21116646811972192,0.18542823125134103
2030-11_2030-12,2030-11,TTF_M/Brent_M,days_to_expiry,"(365, 730]",2401,0.1560175438950644,0.28634985624708587
2030-11_2030-12,2030-11,TTF_M/Brent_M,days_to_expiry,"(180, 365]",1235,0.12477300972528965,0.19979699982944543
2030-11_2030-12,2030-11,TTF_M/Brent_M,days_to_expiry,"(90, 180]",584,0.14721514429843868,0.08966113157048163
2030-11_2030-12,2030-11,TTF_M/Brent_M,days_to_expiry,"(60, 90]",195,0.17237282164329326,0.026109551336350425
2030-11_2030-12,2030-11,TTF_M/Brent_M,days_to_expiry,"(30, 60]",190,0.24151956998032847,0.028422749677584135
2030-11_2030-12,2030-11,TTF_M/Brent_M,days_to_expiry,"(0, 30]",187,0.2940359863698757,0.03772826596182877
2030-11_2030-12,2030-11,TTF_M/Brent_M,days_to_expiry,nan,48,0.1011019132851121,0.007240071864705308
2030-11_2030-12,2030-11,TTF_M/Brent_M,month_pair,Oct/Nov,822,0.1753851841852912,0.08048368289891467
2030-11_2030-12,2030-11,TTF_M/Brent_M,month_pair,Nov/Dec,822,0.1380963022170591,0.08976888598878603
2030-11_2030-12,2030-11,TTF_M/Brent_M,month_pair,Dec/Jan,822,0.14881057722392838,0.09272261710130253
2030-11_2030-12,2030-11,TTF_M/Brent_M,month_pair,Jan/Feb,821,0.17809506174090337,0.09629509454265277
2030-11_2030-12,2030-11,TTF_M/Brent_M,month_pair,Feb/Mar,820,0.17184016111196618,0.09520716836294366
2030-11_2030-12,2030-11,TTF_M/Brent_M,month_pair,Mar/Apr,821,0.14421791821933738,0.10109347681457419
2030-11_2030-12,2030-11,TTF_M/Brent_M,month_pair,Apr/May,822,0.2014768503419657,0.07630621454237528
2030-11_2030-12,2030-11,TTF_M/Brent_M,month_pair,May/Jun,821,0.24584713326623728,0.06897656091578915
2030-11_2030-12,2030-11,TTF_M/Brent_M,month_pair,Jun/Jul,821,0.12139549986406238,0.06812960901088715
2030-11_2030-12,2030-11,TTF_M/Brent_M,month_pair,Jul/Aug,821,0.18320000575149575,0.07541307230552494
2030-11_2030-12,2030-11,TTF_M/Brent_M,month_pair,Aug/Sep,821,0.21521842538978825,0.08494176083586064
2030-11_2030-12,2030-11,TTF_M/Brent_M,month_pair,Sep/Oct,821,0.20894356794528346,0.07066185668038899
2030-11_2030-12,2030-11,TTF_M/Brent_M,pooled,all,9855,0.1763137309490881,1.0
2030-11_2030-12,2030-11,HH_M/Brent_M,year,2018,43,0.3710340149842818,0.001640147422685808
2030-11_2030-12,2030-11,HH_M/Brent_M,year,2019,534,0.14250933405392543,0.006485827323753299
2030-11_2030-12,2030-11,HH_M/Brent_M,year,2020,1143,0.10729553617987231,0.04683242742447398
2030-11_2030-12,2030-11,HH_M/Brent_M,year,2021,1747,0.09033710012650005,0.08104762033864084
2030-11_2030-12,2030-11,HH_M/Brent_M,year,2022,2271,0.344915865946274,0.402747233436276
2030-11_2030-12,2030-11,HH_M/Brent_M,year,2023,1919,0.2185886354606518,0.177925763618482
2030-11_2030-12,2030-11,HH_M/Brent_M,year,2024,1326,0.03768077241231375,0.1087186306273072
2030-11_2030-12,2030-11,HH_M/Brent_M,year,2025,725,0.19205368192379157,0.11103209002624818
2030-11_2030-12,2030-11,HH_M/Brent_M,year,2026,147,0.141717921103914,0.06357025978213257
2030-11_2030-12,2030-11,HH_M/Brent_M,days_to_expiry,"(1460, 2200]",192,0.16974517678345416,0.007189729420739618
2030-11_2030-12,2030-11,HH_M/Brent_M,days_to_expiry,"(1095, 1460]",2411,0.1993577814041128,0.09882582479294835
2030-11_2030-12,2030-11,HH_M/Brent_M,days_to_expiry,"(730, 1095]",2412,0.23747250300186062,0.12564638883362483
2030-11_2030-12,2030-11,HH_M/Brent_M,days_to_expiry,"(365, 730]",2401,0.30194070638895226,0.2034312973315266
2030-11_2030-12,2030-11,HH_M/Brent_M,days_to_expiry,"(180, 365]",1235,0.24818303530028918,0.19657337952958825
2030-11_2030-12,2030-11,HH_M/Brent_M,days_to_expiry,"(90, 180]",584,0.23250980613104702,0.13241553557035252
2030-11_2030-12,2030-11,HH_M/Brent_M,days_to_expiry,"(60, 90]",195,0.1463190032498796,0.058708618511045925
2030-11_2030-12,2030-11,HH_M/Brent_M,days_to_expiry,"(30, 60]",190,0.12421537141307123,0.06696596380567695
2030-11_2030-12,2030-11,HH_M/Brent_M,days_to_expiry,"(0, 30]",187,0.15106714738603924,0.08624471793972337
2030-11_2030-12,2030-11,HH_M/Brent_M,days_to_expiry,nan,48,0.10479773466202046,0.023998544264773485
2030-11_2030-12,2030-11,HH_M/Brent_M,month_pair,Oct/Nov,822,0.2694088579348893,0.08863693536693094
2030-11_2030-12,2030-11,HH_M/Brent_M,month_pair,Nov/Dec,822,0.21645063935827105,0.08384524878030607
2030-11_2030-12,2030-11,HH_M/Brent_M,month_pair,Dec/Jan,822,0.2159809856522788,0.08156765455386725
2030-11_2030-12,2030-11,HH_M/Brent_M,month_pair,Jan/Feb,821,0.20353844962840378,0.08467056844476337
2030-11_2030-12,2030-11,HH_M/Brent_M,month_pair,Feb/Mar,820,0.2092955212796132,0.10599219012721443
2030-11_2030-12,2030-11,HH_M/Brent_M,month_pair,Mar/Apr,821,0.20791229760492871,0.08895320130157952
2030-11_2030-12,2030-11,HH_M/Brent_M,month_pair,Apr/May,822,0.2300589305970201,0.08483983724351384
2030-11_2030-12,2030-11,HH_M/Brent_M,month_pair,May/Jun,821,0.27011070997537706,0.07986293160500624
2030-11_2030-12,2030-11,HH_M/Brent_M,month_pair,Jun/Jul,821,0.20498647122077654,0.0752617117008694
2030-11_2030-12,2030-11,HH_M/Brent_M,month_pair,Jul/Aug,821,0.2217092282824841,0.07649640756509125
2030-11_2030-12,2030-11,HH_M/Brent_M,month_pair,Aug/Sep,821,0.15890712418855335,0.07508248968198228
2030-11_2030-12,2030-11,HH_M/Brent_M,month_pair,Sep/Oct,821,0.2053107010098711,0.07479082362887537
2030-11_2030-12,2030-11,HH_M/Brent_M,pooled,all,9855,0.21746461929865726,1.0
2030-12_2031-01,2030-12,TTF_M/TTF_M1,year,2018,63,0.9959455234108973,0.0007630507715355451
2030-12_2031-01,2030-12,TTF_M/TTF_M1,year,2019,580,0.988576770326829,0.004187991076811557
2030-12_2031-01,2030-12,TTF_M/TTF_M1,year,2020,1190,0.9882383778434932,0.014768041883397049
2030-12_2031-01,2030-12,TTF_M/TTF_M1,year,2021,1794,0.9568188757053824,0.10349424550807496
2030-12_2031-01,2030-12,TTF_M/TTF_M1,year,2022,2296,0.9848971597321016,0.5859038030561876
2030-12_2031-01,2030-12,TTF_M/TTF_M1,year,2023,1919,0.9870728988438817,0.1624908147081503
2030-12_2031-01,2030-12,TTF_M/TTF_M1,year,2024,1326,0.9955624074590642,0.05357443745157254
2030-12_2031-01,2030-12,TTF_M/TTF_M1,year,2025,725,0.9943391031392965,0.03788293891903277
2030-12_2031-01,2030-12,TTF_M/TTF_M1,year,2026,147,0.995076183987661,0.03693467662523785
2030-12_2031-01,2030-12,TTF_M/TTF_M1,days_to_expiry,"(1460, 2200]",377,0.9733053143110252,0.01268700532214003
2030-12_2031-01,2030-12,TTF_M/TTF_M1,days_to_expiry,"(1095, 1460]",2411,0.9779728012514908,0.12801574167317212
2030-12_2031-01,2030-12,TTF_M/TTF_M1,days_to_expiry,"(730, 1095]",2412,0.9836211423106326,0.18564010739423237
2030-12_2031-01,2030-12,TTF_M/TTF_M1,days_to_expiry,"(365, 730]",2401,0.9778694599072129,0.2874338235866878
2030-12_2031-01,2030-12,TTF_M/TTF_M1,days_to_expiry,"(180, 365]",1235,0.9901451528152165,0.20555361045435702
2030-12_2031-01,2030-12,TTF_M/TTF_M1,days_to_expiry,"(90, 180]",584,0.9969903309595645,0.08928245143378716
2030-12_2031-01,2030-12,TTF_M/TTF_M1,days_to_expiry,"(60, 90]",195,0.9953435015713061,0.02445791743159303
2030-12_2031-01,2030-12,TTF_M/TTF_M1,days_to_expiry,"(30, 60]",190,0.9925496960334068,0.026088267698921985
2030-12_2031-01,2030-12,TTF_M/TTF_M1,days_to_expiry,"(0, 30]",187,0.9854042182959604,0.03442766996725473
2030-12_2031-01,2030-12,TTF_M/TTF_M1,days_to_expiry,nan,48,0.9859623630705328,0.006413405037853989
2030-12_2031-01,2030-12,TTF_M/TTF_M1,month_pair,Oct/Nov,838,0.9917994545538414,0.0783799115711612
2030-12_2031-01,2030-12,TTF_M/TTF_M1,month_pair,Nov/Dec,838,0.9961561268543578,0.09065846929021854
2030-12_2031-01,2030-12,TTF_M/TTF_M1,month_pair,Dec/Jan,838,0.9906478876405943,0.09287127243021723
2030-12_2031-01,2030-12,TTF_M/TTF_M1,month_pair,Jan/Feb,837,0.9966419735871748,0.09917666020399879
2030-12_2031-01,2030-12,TTF_M/TTF_M1,month_pair,Feb/Mar,836,0.9967444726694432,0.09948429707408438
2030-12_2031-01,2030-12,TTF_M/TTF_M1,month_pair,Mar/Apr,834,0.9056067968764877,0.09389194727131513
2030-12_2031-01,2030-12,TTF_M/TTF_M1,month_pair,Apr/May,837,0.9811927075255886,0.07525950011544623
2030-12_2031-01,2030-12,TTF_M/TTF_M1,month_pair,May/Jun,837,0.9955634144456968,0.06940626600208355
2030-12_2031-01,2030-12,TTF_M/TTF_M1,month_pair,Jun/Jul,836,0.9919594735189785,0.07002117739694533
2030-12_2031-01,2030-12,TTF_M/TTF_M1,month_pair,Jul/Aug,837,0.9980302541086654,0.07532397481832999
2030-12_2031-01,2030-12,TTF_M/TTF_M1,month_pair,Aug/Sep,835,0.9980756042425387,0.08512187840355553
2030-12_2031-01,2030-12,TTF_M/TTF_M1,month_pair,Sep/Oct,837,0.9818350642019463,0.07040464542264431
2030-12_2031-01,2030-12,TTF_M/TTF_M1,pooled,all,10040,0.9841618800022527,1.0
2030-12_2031-01,2030-12,HH_M/HH_M1,year,2018,63,0.9968732669645455,0.00043739254717496055
2030-12_2031-01,2030-12,HH_M/HH_M1,year,2019,580,0.9939582716955514,0.0034653894384601308
2030-12_2031-01,2030-12,HH_M/HH_M1,year,2020,1190,0.9857484721553041,0.010779922542964584
2030-12_2031-01,2030-12,HH_M/HH_M1,year,2021,1794,0.9880415341156282,0.04401119920455747
2030-12_2031-01,2030-12,HH_M/HH_M1,year,2022,2296,0.9909369667252695,0.46336588033489784
2030-12_2031-01,2030-12,HH_M/HH_M1,year,2023,1919,0.9869615071898581,0.18288147796739088
2030-12_2031-01,2030-12,HH_M/HH_M1,year,2024,1326,0.974033597299965,0.1135504984481227
2030-12_2031-01,2030-12,HH_M/HH_M1,year,2025,725,0.9899157528338458,0.12235785685584141
2030-12_2031-01,2030-12,HH_M/HH_M1,year,2026,147,0.9254844482819381,0.05915038266059005
2030-12_2031-01,2030-12,HH_M/HH_M1,days_to_expiry,"(1460, 2200]",377,0.9976373367867112,0.008799309302825211
2030-12_2031-01,2030-12,HH_M/HH_M1,days_to_expiry,"(1095, 1460]",2411,0.9951808322832721,0.06815640726607716
2030-12_2031-01,2030-12,HH_M/HH_M1,days_to_expiry,"(730, 1095]",2412,0.9911552160961807,0.09373014962889856
2030-12_2031-01,2030-12,HH_M/HH_M1,days_to_expiry,"(365, 730]",2401,0.9901375488129753,0.18334283075689062
2030-12_2031-01,2030-12,HH_M/HH_M1,days_to_expiry,"(180, 365]",1235,0.9892937420598098,0.21567744845822975
2030-12_2031-01,2030-12,HH_M/HH_M1,days_to_expiry,"(90, 180]",584,0.9938788546709442,0.15298254462212668
2030-12_2031-01,2030-12,HH_M/HH_M1,days_to_expiry,"(60, 90]",195,0.9883725166023278,0.06931819716646954
2030-12_2031-01,2030-12,HH_M/HH_M1,days_to_expiry,"(30, 60]",190,0.9926838155555652,0.08218894563758933
2030-12_2031-01,2030-12,HH_M/HH_M1,days_to_expiry,"(0, 30]",187,0.9750325377393815,0.10275547391923766
2030-12_2031-01,2030-12,HH_M/HH_M1,days_to_expiry,nan,48,0.8054379212931686,0.02304869324165554
2030-12_2031-01,2030-12,HH_M/HH_M1,month_pair,Oct/Nov,838,0.9867300429614645,0.09099858507741851
2030-12_2031-01,2030-12,HH_M/HH_M1,month_pair,Nov/Dec,838,0.9886194863478284,0.08155563125405431
2030-12_2031-01,2030-12,HH_M/HH_M1,month_pair,Dec/Jan,838,0.9941820618037254,0.07541135262549248
2030-12_2031-01,2030-12,HH_M/HH_M1,month_pair,Jan/Feb,837,0.9932384513585919,0.08696605449688893
2030-12_2031-01,2030-12,HH_M/HH_M1,month_pair,Feb/Mar,836,0.9373385057456317,0.10969002531142535
2030-12_2031-01,2030-12,HH_M/HH_M1,month_pair,Mar/Apr,834,0.9572032224549767,0.08747781804592386
2030-12_2031-01,2030-12,HH_M/HH_M1,month_pair,Apr/May,837,0.9950178293876907,0.08657829642320479
2030-12_2031-01,2030-12,HH_M/HH_M1,month_pair,May/Jun,837,0.9944268972329133,0.07876764706729328
2030-12_2031-01,2030-12,HH_M/HH_M1,month_pair,Jun/Jul,836,0.9917983711115951,0.07682831864165394
2030-12_2031-01,2030-12,HH_M/HH_M1,month_pair,Jul/Aug,837,0.9969657748224071,0.0746257519982435
2030-12_2031-01,2030-12,HH_M/HH_M1,month_pair,Aug/Sep,835,0.9966340219928993,0.0744782583512013
2030-12_2031-01,2030-12,HH_M/HH_M1,month_pair,Sep/Oct,837,0.9976894563526257,0.07662226070719977
2030-12_2031-01,2030-12,HH_M/HH_M1,pooled,all,10040,0.9831891274808066,1.0
2030-12_2031-01,2030-12,Brent_M/Brent_M1,year,2018,63,0.999773813204927,0.0058301772457752315
2030-12_2031-01,2030-12,Brent_M/Brent_M1,year,2019,580,0.9997436357420773,0.01346632693079192
2030-12_2031-01,2030-12,Brent_M/Brent_M1,year,2020,1190,0.9998411319378233,0.11865410628965659
2030-12_2031-01,2030-12,Brent_M/Brent_M1,year,2021,1794,0.9998161495905075,0.153231449089214
2030-12_2031-01,2030-12,Brent_M/Brent_M1,year,2022,2296,0.9996518546642111,0.31836224345604464
2030-12_2031-01,2030-12,Brent_M/Brent_M1,year,2023,1919,0.999731618098053,0.16797702488263772
2030-12_2031-01,2030-12,Brent_M/Brent_M1,year,2024,1326,0.9998308447569975,0.08609123012018276
2030-12_2031-01,2030-12,Brent_M/Brent_M1,year,2025,725,0.9996742661709913,0.08428153071710633
2030-12_2031-01,2030-12,Brent_M/Brent_M1,year,2026,147,0.9927280910032954,0.05210591126859076
2030-12_2031-01,2030-12,Brent_M/Brent_M1,days_to_expiry,"(1460, 2200]",377,0.999834108246656,0.024843792118595127
2030-12_2031-01,2030-12,Brent_M/Brent_M1,days_to_expiry,"(1095, 1460]",2411,0.9997891297960602,0.16134453094032689
2030-12_2031-01,2030-12,Brent_M/Brent_M1,days_to_expiry,"(730, 1095]",2412,0.9997703919237018,0.19101291420444186
2030-12_2031-01,2030-12,Brent_M/Brent_M1,days_to_expiry,"(365, 730]",2401,0.9998418618064007,0.2456778586996607
2030-12_2031-01,2030-12,Brent_M/Brent_M1,days_to_expiry,"(180, 365]",1235,0.9997956512601147,0.16554225246728826
2030-12_2031-01,2030-12,Brent_M/Brent_M1,days_to_expiry,"(90, 180]",584,0.9993267561647361,0.09093006927067722
2030-12_2031-01,2030-12,Brent_M/Brent_M1,days_to_expiry,"(60, 90]",195,0.9981173994201753,0.032953903039355914
2030-12_2031-01,2030-12,Brent_M/Brent_M1,days_to_expiry,"(30, 60]",190,0.9961065763127122,0.03524750371381587
2030-12_2031-01,2030-12,Brent_M/Brent_M1,days_to_expiry,"(0, 30]",187,0.9940436782836023,0.041756938778893575
2030-12_2031-01,2030-12,Brent_M/Brent_M1,days_to_expiry,nan,48,0.9975875550096827,0.010690236766944562
2030-12_2031-01,2030-12,Brent_M/Brent_M1,month_pair,Oct/Nov,838,0.9995381388257679,0.08054176319423911
2030-12_2031-01,2030-12,Brent_M/Brent_M1,month_pair,Nov/Dec,838,0.9996768541805352,0.08411028688638211
2030-12_2031-01,2030-12,Brent_M/Brent_M1,month_pair,Dec/Jan,838,0.999735208470069,0.09488828883483291
2030-12_2031-01,2030-12,Brent_M/Brent_M1,month_pair,Jan/Feb,837,0.999716066273363,0.08775850508679763
2030-12_2031-01,2030-12,Brent_M/Brent_M1,month_pair,Feb/Mar,836,0.9997054831006527,0.0843936962883559
2030-12_2031-01,2030-12,Brent_M/Brent_M1,month_pair,Mar/Apr,834,0.9997291512892712,0.08352863410687641
2030-12_2031-01,2030-12,Brent_M/Brent_M1,month_pair,Apr/May,837,0.9986164154396271,0.08530689430182074
2030-12_2031-01,2030-12,Brent_M/Brent_M1,month_pair,May/Jun,837,0.9979174161322613,0.08392286136044713
2030-12_2031-01,2030-12,Brent_M/Brent_M1,month_pair,Jun/Jul,836,0.9982622171542245,0.0714483775029202
2030-12_2031-01,2030-12,Brent_M/Brent_M1,month_pair,Jul/Aug,837,0.9988304627110076,0.08360403474986194
2030-12_2031-01,2030-12,Brent_M/Brent_M1,month_pair,Aug/Sep,835,0.9990820567216274,0.08342015644014973
2030-12_2031-01,2030-12,Brent_M/Brent_M1,month_pair,Sep/Oct,837,0.9991055673633583,0.07707650124731613
2030-12_2031-01,2030-12,Brent_M/Brent_M1,pooled,all,10040,0.9991641844765847,1.0
2030-12_2031-01,2030-12,TTF_M/HH_M,year,2018,63,-0.16219961154774373,0.0006972800814939893
2030-12_2031-01,2030-12,TTF_M/HH_M,year,2019,580,0.10478352183133369,0.00391456860129412
2030-12_2031-01,2030-12,TTF_M/HH_M,year,2020,1190,0.029947149478594667,0.013640696819532247
2030-12_2031-01,2030-12,TTF_M/HH_M,year,2021,1794,0.18040321262248757,0.09349114768070547
2030-12_2031-01,2030-12,TTF_M/HH_M,year,2022,2296,0.11653798275916614,0.551212563888987
2030-12_2031-01,2030-12,TTF_M/HH_M,year,2023,1919,0.1366215084807065,0.16853757003916398
2030-12_2031-01,2030-12,TTF_M/HH_M,year,2024,1326,0.29288136307486434,0.06823721465907683
2030-12_2031-01,2030-12,TTF_M/HH_M,year,2025,725,0.06381045302677259,0.05652290170654596
2030-12_2031-01,2030-12,TTF_M/HH_M,year,2026,147,0.33198477799653797,0.04374605652320034
2030-12_2031-01,2030-12,TTF_M/HH_M,days_to_expiry,"(1460, 2200]",377,0.019205065634067604,0.011070137113355664
2030-12_2031-01,2030-12,TTF_M/HH_M,days_to_expiry,"(1095, 1460]",2411,0.09752709732330588,0.11283663302645698
2030-12_2031-01,2030-12,TTF_M/HH_M,days_to_expiry,"(730, 1095]",2412,0.12606776438932696,0.16297219133016333
2030-12_2031-01,2030-12,TTF_M/HH_M,days_to_expiry,"(365, 730]",2401,0.15862736029297245,0.2665061203829017
2030-12_2031-01,2030-12,TTF_M/HH_M,days_to_expiry,"(180, 365]",1235,0.1364621827809343,0.20554840416586662
2030-12_2031-01,2030-12,TTF_M/HH_M,days_to_expiry,"(90, 180]",584,0.14040996380189355,0.10284219538791396
2030-12_2031-01,2030-12,TTF_M/HH_M,days_to_expiry,"(60, 90]",195,0.23594936792863225,0.03503464868156569
2030-12_2031-01,2030-12,TTF_M/HH_M,days_to_expiry,"(30, 60]",190,0.2622269035886683,0.03911767467755135
2030-12_2031-01,2030-12,TTF_M/HH_M,days_to_expiry,"(0, 30]",187,0.30790716490322334,0.05223218818667863
2030-12_2031-01,2030-12,TTF_M/HH_M,days_to_expiry,nan,48,0.24307791770244136,0.011839807047546091
2030-12_2031-01,2030-12,TTF_M/HH_M,month_pair,Oct/Nov,838,0.17163250815001163,0.08282248812126207
2030-12_2031-01,2030-12,TTF_M/HH_M,month_pair,Nov/Dec,838,0.06353573827903618,0.08891184266632461
2030-12_2031-01,2030-12,TTF_M/HH_M,month_pair,Dec/Jan,838,0.12579790932466578,0.08833536279324007
2030-12_2031-01,2030-12,TTF_M/HH_M,month_pair,Jan/Feb,837,0.1458658889399487,0.09422643003731715
2030-12_2031-01,2030-12,TTF_M/HH_M,month_pair,Feb/Mar,836,0.20354549673078584,0.10156504113385163
2030-12_2031-01,2030-12,TTF_M/HH_M,month_pair,Mar/Apr,834,0.1652719915054408,0.10082616271993222
2030-12_2031-01,2030-12,TTF_M/HH_M,month_pair,Apr/May,837,0.23635922965907022,0.076648871255224
2030-12_2031-01,2030-12,TTF_M/HH_M,month_pair,May/Jun,837,0.22831326805411212,0.06988319431448338
2030-12_2031-01,2030-12,TTF_M/HH_M,month_pair,Jun/Jul,836,0.10590415755827014,0.07025361226856827
2030-12_2031-01,2030-12,TTF_M/HH_M,month_pair,Jul/Aug,837,0.09986511610810657,0.07383174054171349
2030-12_2031-01,2030-12,TTF_M/HH_M,month_pair,Aug/Sep,835,0.11204188190586524,0.08181142448181211
2030-12_2031-01,2030-12,TTF_M/HH_M,month_pair,Sep/Oct,837,0.2229643047740313,0.07088382966627098
2030-12_2031-01,2030-12,TTF_M/HH_M,pooled,all,10040,0.1569028543379571,1.0
2030-12_2031-01,2030-12,TTF_M/Brent_M,year,2018,63,0.5014300580788171,0.001444493545069581
2030-12_2031-01,2030-12,TTF_M/Brent_M,year,2019,580,0.3985597282444464,0.005346789190564038
2030-12_2031-01,2030-12,TTF_M/Brent_M,year,2020,1190,0.6388820264199409,0.028405813096841
2030-12_2031-01,2030-12,TTF_M/Brent_M,year,2021,1794,0.11669934074507204,0.11350382657466196
2030-12_2031-01,2030-12,TTF_M/Brent_M,year,2022,2296,0.09313296352083271,0.5435156173007945
2030-12_2031-01,2030-12,TTF_M/Brent_M,year,2023,1919,0.1401316685816051,0.1653538749046344
2030-12_2031-01,2030-12,TTF_M/Brent_M,year,2024,1326,0.02265741674456452,0.05824950344636987
2030-12_2031-01,2030-12,TTF_M/Brent_M,year,2025,725,0.5076001870113045,0.044196601035932905
2030-12_2031-01,2030-12,TTF_M/Brent_M,year,2026,147,0.5943554766607196,0.0399834809051319
2030-12_2031-01,2030-12,TTF_M/Brent_M,days_to_expiry,"(1460, 2200]",377,0.26459550608929033,0.013541391215029808
2030-12_2031-01,2030-12,TTF_M/Brent_M,days_to_expiry,"(1095, 1460]",2411,0.2043137288454266,0.13077242683929693
2030-12_2031-01,2030-12,TTF_M/Brent_M,days_to_expiry,"(730, 1095]",2412,0.21116646811972192,0.18434016598432326
2030-12_2031-01,2030-12,TTF_M/Brent_M,days_to_expiry,"(365, 730]",2401,0.1560175438950644,0.2846695979029523
2030-12_2031-01,2030-12,TTF_M/Brent_M,days_to_expiry,"(180, 365]",1235,0.12477300972528965,0.19862462076665804
2030-12_2031-01,2030-12,TTF_M/Brent_M,days_to_expiry,"(90, 180]",584,0.14721514429843868,0.0891350133930876
2030-12_2031-01,2030-12,TTF_M/Brent_M,days_to_expiry,"(60, 90]",195,0.17237282164329326,0.025956344374525972
2030-12_2031-01,2030-12,TTF_M/Brent_M,days_to_expiry,"(30, 60]",190,0.24151956998032847,0.028255969212125233
2030-12_2031-01,2030-12,TTF_M/Brent_M,days_to_expiry,"(0, 30]",187,0.2940359863698757,0.03750688211158738
2030-12_2031-01,2030-12,TTF_M/Brent_M,days_to_expiry,nan,48,0.1011019132851121,0.00719758820041354
2030-12_2031-01,2030-12,TTF_M/Brent_M,month_pair,Oct/Nov,838,0.17534084201587938,0.08012517911239443
2030-12_2031-01,2030-12,TTF_M/Brent_M,month_pair,Nov/Dec,838,0.13925686456921105,0.08950132806253938
2030-12_2031-01,2030-12,TTF_M/Brent_M,month_pair,Dec/Jan,838,0.15018964783705271,0.0925776570380701
2030-12_2031-01,2030-12,TTF_M/Brent_M,month_pair,Jan/Feb,837,0.1778915356470265,0.09596252938909729
2030-12_2031-01,2030-12,TTF_M/Brent_M,month_pair,Feb/Mar,836,0.17225873210189444,0.09521533923717088
2030-12_2031-01,2030-12,TTF_M/Brent_M,month_pair,Mar/Apr,834,0.1447508201824174,0.10063799499880777
2030-12_2031-01,2030-12,TTF_M/Brent_M,month_pair,Apr/May,837,0.2024279728673947,0.07605076158122413
2030-12_2031-01,2030-12,TTF_M/Brent_M,month_pair,May/Jun,837,0.24766332394074664,0.0698380145161301
2030-12_2031-01,2030-12,TTF_M/Brent_M,month_pair,Jun/Jul,836,0.12076600032023128,0.06880314968020577
2030-12_2031-01,2030-12,TTF_M/Brent_M,month_pair,Jul/Aug,837,0.18371369341938315,0.07558901563691595
2030-12_2031-01,2030-12,TTF_M/Brent_M,month_pair,Aug/Sep,835,0.21572039762469197,0.08468363575743731
2030-12_2031-01,2030-12,TTF_M/Brent_M,month_pair,Sep/Oct,837,0.20087351138119905,0.07101539499000693
2030-12_2031-01,2030-12,TTF_M/Brent_M,pooled,all,10040,0.17638264500698475,1.0
2030-12_2031-01,2030-12,HH_M/Brent_M,year,2018,63,0.2374265939625201,0.0023430489729620455
2030-12_2031-01,2030-12,HH_M/Brent_M,year,2019,580,0.14630498940169365,0.006866170758082778
2030-12_2031-01,2030-12,HH_M/Brent_M,year,2020,1190,0.09945463874997902,0.048787650530824865
2030-12_2031-01,2030-12,HH_M/Brent_M,year,2021,1794,0.0896616893871833,0.08165876742410715
2030-12_2031-01,2030-12,HH_M/Brent_M,year,2022,2296,0.34680006301946836,0.402289001726339
2030-12_2031-01,2030-12,HH_M/Brent_M,year,2023,1919,0.2185886354606518,0.17669468860799434
2030-12_2031-01,2030-12,HH_M/Brent_M,year,2024,1326,0.03768077241231375,0.10796640235739399
2030-12_2031-01,2030-12,HH_M/Brent_M,year,2025,725,0.19205368192379157,0.1102638548442617
2030-12_2031-01,2030-12,HH_M/Brent_M,year,2026,147,0.141717921103914,0.06313041477803412
2030-12_2031-01,2030-12,HH_M/Brent_M,days_to_expiry,"(1460, 2200]",377,0.20392479306476693,0.014059020800522022
2030-12_2031-01,2030-12,HH_M/Brent_M,days_to_expiry,"(1095, 1460]",2411,0.1993577814041128,0.0981420452164599
2030-12_2031-01,2030-12,HH_M/Brent_M,days_to_expiry,"(730, 1095]",2412,0.23747250300186062,0.12477703677181345
2030-12_2031-01,2030-12,HH_M/Brent_M,days_to_expiry,"(365, 730]",2401,0.30194070638895226,0.2020237485797172
2030-12_2031-01,2030-12,HH_M/Brent_M,days_to_expiry,"(180, 365]",1235,0.24818303530028918,0.19521328096744361
2030-12_2031-01,2030-12,HH_M/Brent_M,days_to_expiry,"(90, 180]",584,0.23250980613104702,0.1314993475291954
2030-12_2031-01,2030-12,HH_M/Brent_M,days_to_expiry,"(60, 90]",195,0.1463190032498796,0.05830241138466159
2030-12_2031-01,2030-12,HH_M/Brent_M,days_to_expiry,"(30, 60]",190,0.12421537141307123,0.06650262379848629
2030-12_2031-01,2030-12,HH_M/Brent_M,days_to_expiry,"(0, 30]",187,0.15106714738603924,0.08564798751191521
2030-12_2031-01,2030-12,HH_M/Brent_M,days_to_expiry,nan,48,0.10479773466202046,0.023832497439785313
2030-12_2031-01,2030-12,HH_M/Brent_M,month_pair,Oct/Nov,838,0.2685613301978526,0.08826703274108232
2030-12_2031-01,2030-12,HH_M/Brent_M,month_pair,Nov/Dec,838,0.21472277019438568,0.08354484796155877
2030-12_2031-01,2030-12,HH_M/Brent_M,month_pair,Dec/Jan,838,0.21571351495947347,0.08135817187725718
2030-12_2031-01,2030-12,HH_M/Brent_M,month_pair,Jan/Feb,837,0.2036033319910524,0.08459150798283474
2030-12_2031-01,2030-12,HH_M/Brent_M,month_pair,Feb/Mar,836,0.20719193083778112,0.10587129848964404
2030-12_2031-01,2030-12,HH_M/Brent_M,month_pair,Mar/Apr,834,0.20753623812073976,0.08853882271983175
2030-12_2031-01,2030-12,HH_M/Brent_M,month_pair,Apr/May,837,0.23049265456053794,0.08471202693463355
2030-12_2031-01,2030-12,HH_M/Brent_M,month_pair,May/Jun,837,0.264137029325376,0.08060048893639975
2030-12_2031-01,2030-12,HH_M/Brent_M,month_pair,Jun/Jul,836,0.20574524278752143,0.07539366665740437
2030-12_2031-01,2030-12,HH_M/Brent_M,month_pair,Jul/Aug,837,0.22194840192388837,0.07636040784777774
2030-12_2031-01,2030-12,HH_M/Brent_M,month_pair,Aug/Sep,835,0.1622021347180015,0.07541205792791683
2030-12_2031-01,2030-12,HH_M/Brent_M,month_pair,Sep/Oct,837,0.2117257248682112,0.07534966992365903
2030-12_2031-01,2030-12,HH_M/Brent_M,pooled,all,10040,0.21737223755213006,1.0
2031-01_2031-02,2031-01,TTF_M/TTF_M1,year,2018,88,0.9946043283889165,0.0009543228410508369
2031-01_2031-02,2031-01,TTF_M/TTF_M1,year,2019,630,0.9888031994343809,0.004469006980008692
2031-01_2031-02,2031-01,TTF_M/TTF_M1,year,2020,1243,0.9884551330621286,0.015273982623736282
2031-01_2031-02,2031-01,TTF_M/TTF_M1,year,2021,1845,0.9560461082699794,0.10358352382806034
2031-01_2031-02,2031-01,TTF_M/TTF_M1,year,2022,2322,0.9849616394426852,0.5861334492488027
2031-01_2031-02,2031-01,TTF_M/TTF_M1,year,2023,1919,0.9870728988438817,0.1617662086627642
2031-01_2031-02,2031-01,TTF_M/TTF_M1,year,2024,1326,0.9955624074590642,0.05333552941652272
2031-01_2031-02,2031-01,TTF_M/TTF_M1,year,2025,725,0.9943391031392965,0.03771400502201818
2031-01_2031-02,2031-01,TTF_M/TTF_M1,year,2026,147,0.995076183987661,0.03676997137703599
2031-01_2031-02,2031-01,TTF_M/TTF_M1,days_to_expiry,"(1460, 2200]",582,0.9738988458989449,0.017089795510106746
2031-01_2031-02,2031-01,TTF_M/TTF_M1,days_to_expiry,"(1095, 1460]",2411,0.9779728012514908,0.1274448726028953
2031-01_2031-02,2031-01,TTF_M/TTF_M1,days_to_expiry,"(730, 1095]",2412,0.9836211423106326,0.18481227017570662
2031-01_2031-02,2031-01,TTF_M/TTF_M1,days_to_expiry,"(365, 730]",2401,0.9778694599072129,0.2861520509117619
2031-01_2031-02,2031-01,TTF_M/TTF_M1,days_to_expiry,"(180, 365]",1235,0.9901451528152165,0.20463697163354932
2031-01_2031-02,2031-01,TTF_M/TTF_M1,days_to_expiry,"(90, 180]",584,0.9969903309595645,0.088884308288453
2031-01_2031-02,2031-01,TTF_M/TTF_M1,days_to_expiry,"(60, 90]",195,0.9953435015713061,0.024348850621507077
2031-01_2031-02,2031-01,TTF_M/TTF_M1,days_to_expiry,"(30, 60]",190,0.9925496960334068,0.025971930559975133
2031-01_2031-02,2031-01,TTF_M/TTF_M1,days_to_expiry,"(0, 30]",187,0.9854042182959604,0.034274144379782996
2031-01_2031-02,2031-01,TTF_M/TTF_M1,days_to_expiry,nan,48,0.9859623630705328,0.006384805316261815
2031-01_2031-02,2031-01,TTF_M/TTF_M1,month_pair,Oct/Nov,854,0.9918120103395744,0.07816290634107684
2031-01_2031-02,2031-01,TTF_M/TTF_M1,month_pair,Nov/Dec,855,0.9961559097534248,0.0903950233667819
2031-01_2031-02,2031-01,TTF_M/TTF_M1,month_pair,Dec/Jan,855,0.9905690271784573,0.09267339793257778
2031-01_2031-02,2031-01,TTF_M/TTF_M1,month_pair,Jan/Feb,854,0.9966250236924992,0.09883338487539782
2031-01_2031-02,2031-01,TTF_M/TTF_M1,month_pair,Feb/Mar,853,0.9967445138520665,0.09911621118212138
2031-01_2031-02,2031-01,TTF_M/TTF_M1,month_pair,Mar/Apr,853,0.9048289887235743,0.09369473389162976
2031-01_2031-02,2031-01,TTF_M/TTF_M1,month_pair,Apr/May,853,0.9812067583550782,0.0751494087497638
2031-01_2031-02,2031-01,TTF_M/TTF_M1,month_pair,May/Jun,854,0.9955809662354937,0.06942189456857387
2031-01_2031-02,2031-01,TTF_M/TTF_M1,month_pair,Jun/Jul,854,0.9920779406133929,0.07076900615921926
2031-01_2031-02,2031-01,TTF_M/TTF_M1,month_pair,Jul/Aug,853,0.9980544341985045,0.07599533567381288
2031-01_2031-02,2031-01,TTF_M/TTF_M1,month_pair,Aug/Sep,853,0.9980882287834381,0.08531351789428403
2031-01_2031-02,2031-01,TTF_M/TTF_M1,month_pair,Sep/Oct,854,0.98192329241113,0.07047517936476061
2031-01_2031-02,2031-01,TTF_M/TTF_M1,pooled,all,10245,0.9841243090219317,1.0
2031-01_2031-02,2031-01,HH_M/HH_M1,year,2018,88,0.9878919297788059,0.0007126046215076002
2031-01_2031-02,2031-01,HH_M/HH_M1,year,2019,630,0.9941490479657897,0.003733070026429874
2031-01_2031-02,2031-01,HH_M/HH_M1,year,2020,1243,0.9859365177039239,0.011237964359942638
2031-01_2031-02,2031-01,HH_M/HH_M1,year,2021,1845,0.9881094532201006,0.04435326025125659
2031-01_2031-02,2031-01,HH_M/HH_M1,year,2022,2322,0.9909925005872025,0.46444736124128905
2031-01_2031-02,2031-01,HH_M/HH_M1,year,2023,1919,0.9869615071898581,0.1819537639595113
2031-01_2031-02,2031-01,HH_M/HH_M1,year,2024,1326,0.974033597299965,0.11297448392121245
2031-01_2031-02,2031-01,HH_M/HH_M1,year,2025,725,0.9899157528338458,0.12173716470570727
2031-01_2031-02,2031-01,HH_M/HH_M1,year,2026,147,0.9254844482819381,0.05885032691314332
2031-01_2031-02,2031-01,HH_M/HH_M1,days_to_expiry,"(1460, 2200]",582,0.9972641133061895,0.013827433394996301
2031-01_2031-02,2031-01,HH_M/HH_M1,days_to_expiry,"(1095, 1460]",2411,0.9951808322832721,0.06781066610928949
2031-01_2031-02,2031-01,HH_M/HH_M1,days_to_expiry,"(730, 1095]",2412,0.9911552160961807,0.09325467899218988
2031-01_2031-02,2031-01,HH_M/HH_M1,days_to_expiry,"(365, 730]",2401,0.9901375488129753,0.18241277641662662
2031-01_2031-02,2031-01,HH_M/HH_M1,days_to_expiry,"(180, 365]",1235,0.9892937420598098,0.2145833683340845
2031-01_2031-02,2031-01,HH_M/HH_M1,days_to_expiry,"(90, 180]",584,0.9938788546709442,0.15220650075380057
2031-01_2031-02,2031-01,HH_M/HH_M1,days_to_expiry,"(60, 90]",195,0.9883725166023278,0.06896656252731949
2031-01_2031-02,2031-01,HH_M/HH_M1,days_to_expiry,"(30, 60]",190,0.9926838155555652,0.08177202076904445
2031-01_2031-02,2031-01,HH_M/HH_M1,days_to_expiry,"(0, 30]",187,0.9750325377393815,0.10223421997050162
2031-01_2031-02,2031-01,HH_M/HH_M1,days_to_expiry,nan,48,0.8054379212931686,0.0229317727321471
2031-01_2031-02,2031-01,HH_M/HH_M1,month_pair,Oct/Nov,854,0.9867369097401322,0.0907455027781842
2031-01_2031-02,2031-01,HH_M/HH_M1,month_pair,Nov/Dec,855,0.988630581930432,0.08139550035448485
2031-01_2031-02,2031-01,HH_M/HH_M1,month_pair,Dec/Jan,855,0.9941765994037769,0.07522912058135266
2031-01_2031-02,2031-01,HH_M/HH_M1,month_pair,Jan/Feb,854,0.9932330480758537,0.08663781202722752
2031-01_2031-02,2031-01,HH_M/HH_M1,month_pair,Feb/Mar,853,0.9373925889973564,0.10930819509683255
2031-01_2031-02,2031-01,HH_M/HH_M1,month_pair,Mar/Apr,853,0.957107595005876,0.08720823829357276
2031-01_2031-02,2031-01,HH_M/HH_M1,month_pair,Apr/May,853,0.9950224362313925,0.0863193472680797
2031-01_2031-02,2031-01,HH_M/HH_M1,month_pair,May/Jun,854,0.9944286763032288,0.07858910212371273
2031-01_2031-02,2031-01,HH_M/HH_M1,month_pair,Jun/Jul,854,0.9918678888238424,0.07736018558066511
2031-01_2031-02,2031-01,HH_M/HH_M1,month_pair,Jul/Aug,853,0.9970088855939121,0.07554479243847487
2031-01_2031-02,2031-01,HH_M/HH_M1,month_pair,Aug/Sep,853,0.9966535275405675,0.07454637379547227
2031-01_2031-02,2031-01,HH_M/HH_M1,month_pair,Sep/Oct,854,0.9977126463056033,0.07711582966194082
2031-01_2031-02,2031-01,HH_M/HH_M1,pooled,all,10245,0.9832428599331179,1.0
2031-01_2031-02,2031-01,Brent_M/Brent_M1,year,2018,88,0.9997940038954223,0.007607444402778014
2031-01_2031-02,2031-01,Brent_M/Brent_M1,year,2019,630,0.9997409547167474,0.014562950052093805
2031-01_2031-02,2031-01,Brent_M/Brent_M1,year,2020,1243,0.9998438920275248,0.12159633910183199
2031-01_2031-02,2031-01,Brent_M/Brent_M1,year,2021,1845,0.9998155247760665,0.15465739227204253
2031-01_2031-02,2031-01,Brent_M/Brent_M1,year,2022,2322,0.9996508838676551,0.31574541138346796
2031-01_2031-02,2031-01,Brent_M/Brent_M1,year,2023,1919,0.999731618098053,0.16598721378136128
2031-01_2031-02,2031-01,Brent_M/Brent_M1,year,2024,1326,0.9998308447569975,0.0850714163359145
2031-01_2031-02,2031-01,Brent_M/Brent_M1,year,2025,725,0.9996742661709913,0.08328315415000948
2031-01_2031-02,2031-01,Brent_M/Brent_M1,year,2026,147,0.9927280910032954,0.05148867852050032
2031-01_2031-02,2031-01,Brent_M/Brent_M1,days_to_expiry,"(1460, 2200]",582,0.9998305386287015,0.036395232854474
2031-01_2031-02,2031-01,Brent_M/Brent_M1,days_to_expiry,"(1095, 1460]",2411,0.9997891297960602,0.15943328659593153
2031-01_2031-02,2031-01,Brent_M/Brent_M1,days_to_expiry,"(730, 1095]",2412,0.9997703919237018,0.18875022609315573
2031-01_2031-02,2031-01,Brent_M/Brent_M1,days_to_expiry,"(365, 730]",2401,0.9998418618064007,0.24276762421420078
2031-01_2031-02,2031-01,Brent_M/Brent_M1,days_to_expiry,"(180, 365]",1235,0.9997956512601147,0.16358128303161776
2031-01_2031-02,2031-01,Brent_M/Brent_M1,days_to_expiry,"(90, 180]",584,0.9993267561647361,0.0898529358865073
2031-01_2031-02,2031-01,Brent_M/Brent_M1,days_to_expiry,"(60, 90]",195,0.9981173994201753,0.03256353988020417
2031-01_2031-02,2031-01,Brent_M/Brent_M1,days_to_expiry,"(30, 60]",190,0.9961065763127122,0.03482997117190404
2031-01_2031-02,2031-01,Brent_M/Brent_M1,days_to_expiry,"(0, 30]",187,0.9940436782836023,0.041262297202787464
2031-01_2031-02,2031-01,Brent_M/Brent_M1,days_to_expiry,nan,48,0.9975875550096827,0.010563603069217138
2031-01_2031-02,2031-01,Brent_M/Brent_M1,month_pair,Oct/Nov,854,0.9995413347991118,0.08041487313636518
2031-01_2031-02,2031-01,Brent_M/Brent_M1,month_pair,Nov/Dec,855,0.999677103421801,0.08363669029595351
2031-01_2031-02,2031-01,Brent_M/Brent_M1,month_pair,Dec/Jan,855,0.9997345222235441,0.0945253651350046
2031-01_2031-02,2031-01,Brent_M/Brent_M1,month_pair,Jan/Feb,854,0.9997151293899769,0.0874725184239197
2031-01_2031-02,2031-01,Brent_M/Brent_M1,month_pair,Feb/Mar,853,0.9997074673941604,0.08511396004182213
2031-01_2031-02,2031-01,Brent_M/Brent_M1,month_pair,Mar/Apr,853,0.9997308228133269,0.08433318874682602
2031-01_2031-02,2031-01,Brent_M/Brent_M1,month_pair,Apr/May,853,0.99862180980708,0.08478230606608407
2031-01_2031-02,2031-01,Brent_M/Brent_M1,month_pair,May/Jun,854,0.9979380801757985,0.08401165860735585
2031-01_2031-02,2031-01,Brent_M/Brent_M1,month_pair,Jun/Jul,854,0.9982907802162952,0.07204795332002342
2031-01_2031-02,2031-01,Brent_M/Brent_M1,month_pair,Jul/Aug,853,0.9988437574822212,0.08400147490496838
2031-01_2031-02,2031-01,Brent_M/Brent_M1,month_pair,Aug/Sep,853,0.9990856587340615,0.08306072793914022
2031-01_2031-02,2031-01,Brent_M/Brent_M1,month_pair,Sep/Oct,854,0.9991017460349624,0.07659928338253683
2031-01_2031-02,2031-01,Brent_M/Brent_M1,pooled,all,10245,0.9991701134165247,1.0
2031-01_2031-02,2031-01,TTF_M/HH_M,year,2018,88,-0.18096334691755522,0.000896347033557188
2031-01_2031-02,2031-01,TTF_M/HH_M,year,2019,630,0.10122165000256308,0.004190997556216431
2031-01_2031-02,2031-01,TTF_M/HH_M,year,2020,1243,0.0345703859262251,0.014119537565926234
2031-01_2031-02,2031-01,TTF_M/HH_M,year,2021,1845,0.17723452869510087,0.09359554016478867
2031-01_2031-02,2031-01,TTF_M/HH_M,year,2022,2322,0.11590460176620945,0.5516462363515897
2031-01_2031-02,2031-01,TTF_M/HH_M,year,2023,1919,0.1366215084807065,0.16779129972714898
2031-01_2031-02,2031-01,TTF_M/HH_M,year,2024,1326,0.29288136307486434,0.06793506596034557
2031-01_2031-02,2031-01,TTF_M/HH_M,year,2025,725,0.06381045302677259,0.056272623009144936
2031-01_2031-02,2031-01,TTF_M/HH_M,year,2026,147,0.33198477799653797,0.043552352631282314
2031-01_2031-02,2031-01,TTF_M/HH_M,days_to_expiry,"(1460, 2200]",582,0.027616236443013274,0.01544903611590965
2031-01_2031-02,2031-01,TTF_M/HH_M,days_to_expiry,"(1095, 1460]",2411,0.09752709732330588,0.11233700182069196
2031-01_2031-02,2031-01,TTF_M/HH_M,days_to_expiry,"(730, 1095]",2412,0.12606776438932696,0.1622505640511806
2031-01_2031-02,2031-01,TTF_M/HH_M,days_to_expiry,"(365, 730]",2401,0.15862736029297245,0.2653260534959409
2031-01_2031-02,2031-01,TTF_M/HH_M,days_to_expiry,"(180, 365]",1235,0.1364621827809343,0.20463825296530405
2031-01_2031-02,2031-01,TTF_M/HH_M,days_to_expiry,"(90, 180]",584,0.14040996380189355,0.10238681871894567
2031-01_2031-02,2031-01,TTF_M/HH_M,days_to_expiry,"(60, 90]",195,0.23594936792863225,0.03487951817744811
2031-01_2031-02,2031-01,TTF_M/HH_M,days_to_expiry,"(30, 60]",190,0.2622269035886683,0.03894446487465617
2031-01_2031-02,2031-01,TTF_M/HH_M,days_to_expiry,"(0, 30]",187,0.30790716490322334,0.05200090841109957
2031-01_2031-02,2031-01,TTF_M/HH_M,days_to_expiry,nan,48,0.24307791770244136,0.01178738136882344
2031-01_2031-02,2031-01,TTF_M/HH_M,month_pair,Oct/Nov,854,0.1718703117126033,0.08260074372192694
2031-01_2031-02,2031-01,TTF_M/HH_M,month_pair,Nov/Dec,855,0.06379912588615458,0.08867572353576847
2031-01_2031-02,2031-01,TTF_M/HH_M,month_pair,Dec/Jan,855,0.12531468151538822,0.08815702384094877
2031-01_2031-02,2031-01,TTF_M/HH_M,month_pair,Jan/Feb,854,0.14539410604852926,0.09390266526981178
2031-01_2031-02,2031-01,TTF_M/HH_M,month_pair,Feb/Mar,853,0.20321069596831645,0.10120400595643814
2031-01_2031-02,2031-01,TTF_M/HH_M,month_pair,Mar/Apr,853,0.16418007962198883,0.10056834112973437
2031-01_2031-02,2031-01,TTF_M/HH_M,month_pair,Apr/May,853,0.23475678372599856,0.07651020348756579
2031-01_2031-02,2031-01,TTF_M/HH_M,month_pair,May/Jun,854,0.22859657437683167,0.06985980414046422
2031-01_2031-02,2031-01,TTF_M/HH_M,month_pair,Jun/Jul,854,0.10377747988876065,0.0709315439009633
2031-01_2031-02,2031-01,TTF_M/HH_M,month_pair,Jul/Aug,853,0.10235835747816319,0.07454804201300505
2031-01_2031-02,2031-01,TTF_M/HH_M,month_pair,Aug/Sep,853,0.11179804213660863,0.08198566838259387
2031-01_2031-02,2031-01,TTF_M/HH_M,month_pair,Sep/Oct,854,0.22122938625936145,0.07105623462077945
2031-01_2031-02,2031-01,TTF_M/HH_M,pooled,all,10245,0.15641627865030142,1.0
2031-01_2031-02,2031-01,TTF_M/Brent_M,year,2018,88,0.5109385031087001,0.001850038414094667
2031-01_2031-02,2031-01,TTF_M/Brent_M,year,2019,630,0.3977558850565006,0.005747876411849058
2031-01_2031-02,2031-01,TTF_M/Brent_M,year,2020,1243,0.6312301468736928,0.029317961790182905
2031-01_2031-02,2031-01,TTF_M/Brent_M,year,2021,1845,0.1177183063231367,0.11377413885228148
2031-01_2031-02,2031-01,TTF_M/Brent_M,year,2022,2322,0.09195046893477628,0.5431695002903558
2031-01_2031-02,2031-01,TTF_M/Brent_M,year,2023,1919,0.1401316685816051,0.16447120090999237
2031-01_2031-02,2031-01,TTF_M/Brent_M,year,2024,1326,0.02265741674456452,0.05793856230923247
2031-01_2031-02,2031-01,TTF_M/Brent_M,year,2025,725,0.5076001870113045,0.043960675567548894
2031-01_2031-02,2031-01,TTF_M/Brent_M,year,2026,147,0.5943554766607196,0.039770045454462354
2031-01_2031-02,2031-01,TTF_M/Brent_M,days_to_expiry,"(1460, 2200]",582,0.24338419624635024,0.018807196816908935
2031-01_2031-02,2031-01,TTF_M/Brent_M,days_to_expiry,"(1095, 1460]",2411,0.2043137288454266,0.1300743517536429
2031-01_2031-02,2031-01,TTF_M/Brent_M,days_to_expiry,"(730, 1095]",2412,0.21116646811972192,0.18335614144437098
2031-01_2031-02,2031-01,TTF_M/Brent_M,days_to_expiry,"(365, 730]",2401,0.1560175438950644,0.28315000574776966
2031-01_2031-02,2031-01,TTF_M/Brent_M,days_to_expiry,"(180, 365]",1235,0.12477300972528965,0.19756434451037144
2031-01_2031-02,2031-01,TTF_M/Brent_M,days_to_expiry,"(90, 180]",584,0.14721514429843868,0.08865920260014717
2031-01_2031-02,2031-01,TTF_M/Brent_M,days_to_expiry,"(60, 90]",195,0.17237282164329326,0.025817787052004316
2031-01_2031-02,2031-01,TTF_M/Brent_M,days_to_expiry,"(30, 60]",190,0.24151956998032847,0.02810513628346642
2031-01_2031-02,2031-01,TTF_M/Brent_M,days_to_expiry,"(0, 30]",187,0.2940359863698757,0.03730666697009706
2031-01_2031-02,2031-01,TTF_M/Brent_M,days_to_expiry,nan,48,0.1011019132851121,0.007159166821221117
2031-01_2031-02,2031-01,TTF_M/Brent_M,month_pair,Oct/Nov,854,0.17663155278320614,0.07992335773275262
2031-01_2031-02,2031-01,TTF_M/Brent_M,month_pair,Nov/Dec,855,0.1398792900761231,0.0892086130861192
2031-01_2031-02,2031-01,TTF_M/Brent_M,month_pair,Dec/Jan,855,0.15116127166305926,0.09237109388925133
2031-01_2031-02,2031-01,TTF_M/Brent_M,month_pair,Jan/Feb,854,0.17915135422656897,0.09562814355027208
2031-01_2031-02,2031-01,TTF_M/Brent_M,month_pair,Feb/Mar,853,0.17165321483034415,0.09499917233003916
2031-01_2031-02,2031-01,TTF_M/Brent_M,month_pair,Mar/Apr,853,0.14611568558466947,0.10051791715729681
2031-01_2031-02,2031-01,TTF_M/Brent_M,month_pair,Apr/May,853,0.20356313133895199,0.07589173393754664
2031-01_2031-02,2031-01,TTF_M/Brent_M,month_pair,May/Jun,854,0.2476139798080975,0.06987661180373288
2031-01_2031-02,2031-01,TTF_M/Brent_M,month_pair,Jun/Jul,854,0.124265294294827,0.0695132977353356
2031-01_2031-02,2031-01,TTF_M/Brent_M,month_pair,Jul/Aug,853,0.17860540867100952,0.07623050227044738
2031-01_2031-02,2031-01,TTF_M/Brent_M,month_pair,Aug/Sep,853,0.21285573018767312,0.08480782508517636
2031-01_2031-02,2031-01,TTF_M/Brent_M,month_pair,Sep/Oct,854,0.19890042592953516,0.07103173142202991
2031-01_2031-02,2031-01,TTF_M/Brent_M,pooled,all,10245,0.17634319725035943,1.0
2031-01_2031-02,2031-01,HH_M/Brent_M,year,2018,88,0.12649486544718566,0.003134938770729211
2031-01_2031-02,2031-01,HH_M/Brent_M,year,2019,630,0.1540686168989838,0.007432064055946551
2031-01_2031-02,2031-01,HH_M/Brent_M,year,2020,1243,0.10141361319883789,0.05027859900957292
2031-01_2031-02,2031-01,HH_M/Brent_M,year,2021,1845,0.08723685330190853,0.08256205886862464
2031-01_2031-02,2031-01,HH_M/Brent_M,year,2022,2322,0.3465145334307102,0.4018450653691087
2031-01_2031-02,2031-01,HH_M/Brent_M,year,2023,1919,0.2185886354606518,0.1754185953824475
2031-01_2031-02,2031-01,HH_M/Brent_M,year,2024,1326,0.03768077241231375,0.10718666644274749
2031-01_2031-02,2031-01,HH_M/Brent_M,year,2025,725,0.19205368192379157,0.10946752667334758
2031-01_2031-02,2031-01,HH_M/Brent_M,year,2026,147,0.141717921103914,0.06267448542747543
2031-01_2031-02,2031-01,HH_M/Brent_M,days_to_expiry,"(1460, 2200]",582,0.17880446803950373,0.021179509900999417
2031-01_2031-02,2031-01,HH_M/Brent_M,days_to_expiry,"(1095, 1460]",2411,0.1993577814041128,0.0974332610417421
2031-01_2031-02,2031-01,HH_M/Brent_M,days_to_expiry,"(730, 1095]",2412,0.23747250300186062,0.12387589405732263
2031-01_2031-02,2031-01,HH_M/Brent_M,days_to_expiry,"(365, 730]",2401,0.30194070638895226,0.20056472828322092
2031-01_2031-02,2031-01,HH_M/Brent_M,days_to_expiry,"(180, 365]",1235,0.24818303530028918,0.19380344602932623
2031-01_2031-02,2031-01,HH_M/Brent_M,days_to_expiry,"(90, 180]",584,0.23250980613104702,0.13054965612721942
2031-01_2031-02,2031-01,HH_M/Brent_M,days_to_expiry,"(60, 90]",195,0.1463190032498796,0.05788134998894488
2031-01_2031-02,2031-01,HH_M/Brent_M,days_to_expiry,"(30, 60]",190,0.12421537141307123,0.06602234027452246
2031-01_2031-02,2031-01,HH_M/Brent_M,days_to_expiry,"(0, 30]",187,0.15106714738603924,0.0850294357178194
2031-01_2031-02,2031-01,HH_M/Brent_M,days_to_expiry,nan,48,0.10479773466202046,0.023660378578882573
2031-01_2031-02,2031-01,HH_M/Brent_M,month_pair,Oct/Nov,854,0.26937724151401493,0.08804395265469399
2031-01_2031-02,2031-01,HH_M/Brent_M,month_pair,Nov/Dec,855,0.21254118896851804,0.08328268483141864
2031-01_2031-02,2031-01,HH_M/Brent_M,month_pair,Dec/Jan,855,0.21490936012107753,0.08116695777941554
2031-01_2031-02,2031-01,HH_M/Brent_M,month_pair,Jan/Feb,854,0.2020664662120735,0.08431165084591019
2031-01_2031-02,2031-01,HH_M/Brent_M,month_pair,Feb/Mar,853,0.20679813177924378,0.10581765472877439
2031-01_2031-02,2031-01,HH_M/Brent_M,month_pair,Mar/Apr,853,0.20230658990990716,0.08862135072774568
2031-01_2031-02,2031-01,HH_M/Brent_M,month_pair,Apr/May,853,0.2300769536819541,0.08437856722441682
2031-01_2031-02,2031-01,HH_M/Brent_M,month_pair,May/Jun,854,0.2623721072842609,0.08053294985431268
2031-01_2031-02,2031-01,HH_M/Brent_M,month_pair,Jun/Jul,854,0.20700530764610664,0.0759195374517969
2031-01_2031-02,2031-01,HH_M/Brent_M,month_pair,Jul/Aug,853,0.22334418948054818,0.07707596088981902
2031-01_2031-02,2031-01,HH_M/Brent_M,month_pair,Aug/Sep,853,0.16158522710767065,0.07535747959636874
2031-01_2031-02,2031-01,HH_M/Brent_M,month_pair,Sep/Oct,854,0.21123975392421007,0.07549125341532746
2031-01_2031-02,2031-01,HH_M/Brent_M,pooled,all,10245,0.21651974960841633,1.0
2031-02_2031-03,2031-02,TTF_M/TTF_M1,year,2018,120,0.9940311856179683,0.0012481832941817245
2031-02_2031-03,2031-02,TTF_M/TTF_M1,year,2019,687,0.9893584409912691,0.004818998129082661
2031-02_2031-03,2031-02,TTF_M/TTF_M1,year,2020,1295,0.9886862716912552,0.01578477256665797
2031-02_2031-03,2031-02,TTF_M/TTF_M1,year,2021,1901,0.9562996294883032,0.10379943610561215
2031-02_2031-03,2031-02,TTF_M/TTF_M1,year,2022,2342,0.9850252159433248,0.5860928919885245
2031-02_2031-03,2031-02,TTF_M/TTF_M1,year,2023,1919,0.9870728988438817,0.16102325591793865
2031-02_2031-03,2031-02,TTF_M/TTF_M1,year,2024,1326,0.9955624074590642,0.05309057233738799
2031-02_2031-03,2031-02,TTF_M/TTF_M1,year,2025,725,0.9943391031392965,0.037540793794648156
2031-02_2031-03,2031-02,TTF_M/TTF_M1,year,2026,147,0.995076183987661,0.03660109586596633
2031-02_2031-03,2031-02,TTF_M/TTF_M1,days_to_expiry,"(1460, 2200]",799,0.9787169254780868,0.02160406236706957
2031-02_2031-03,2031-02,TTF_M/TTF_M1,days_to_expiry,"(1095, 1460]",2411,0.9779728012514908,0.12685954938430113
2031-02_2031-03,2031-02,TTF_M/TTF_M1,days_to_expiry,"(730, 1095]",2412,0.9836211423106326,0.18396347249082837
2031-02_2031-03,2031-02,TTF_M/TTF_M1,days_to_expiry,"(365, 730]",2401,0.9778694599072129,0.2848378243287209
2031-02_2031-03,2031-02,TTF_M/TTF_M1,days_to_expiry,"(180, 365]",1235,0.9901451528152165,0.20369712392972578
2031-02_2031-03,2031-02,TTF_M/TTF_M1,days_to_expiry,"(90, 180]",584,0.9969903309595645,0.08847608433759999
2031-02_2031-03,2031-02,TTF_M/TTF_M1,days_to_expiry,"(60, 90]",195,0.9953435015713061,0.024237022288803124
2031-02_2031-03,2031-02,TTF_M/TTF_M1,days_to_expiry,"(30, 60]",190,0.9925496960334068,0.02585264781695073
2031-02_2031-03,2031-02,TTF_M/TTF_M1,days_to_expiry,"(0, 30]",187,0.9854042182959604,0.03411673159342912
2031-02_2031-03,2031-02,TTF_M/TTF_M1,days_to_expiry,nan,48,0.9859623630705328,0.006355481462571316
2031-02_2031-03,2031-02,TTF_M/TTF_M1,month_pair,Oct/Nov,873,0.9918073583518681,0.07787395200554234
2031-02_2031-03,2031-02,TTF_M/TTF_M1,month_pair,Nov/Dec,874,0.9961576105502395,0.09014292546978865
2031-02_2031-03,2031-02,TTF_M/TTF_M1,month_pair,Dec/Jan,874,0.9905503372977175,0.09237476939313577
2031-02_2031-03,2031-02,TTF_M/TTF_M1,month_pair,Jan/Feb,873,0.9966269165882238,0.09862182095422833
2031-02_2031-03,2031-02,TTF_M/TTF_M1,month_pair,Feb/Mar,871,0.9967366269255734,0.0988052271863973
2031-02_2031-03,2031-02,TTF_M/TTF_M1,month_pair,Mar/Apr,870,0.9049157068731861,0.09338152318103869
2031-02_2031-03,2031-02,TTF_M/TTF_M1,month_pair,Apr/May,870,0.9812575699211445,0.07505626575384694
2031-02_2031-03,2031-02,TTF_M/TTF_M1,month_pair,May/Jun,870,0.9955897618348035,0.06937215807046894
2031-02_2031-03,2031-02,TTF_M/TTF_M1,month_pair,Jun/Jul,872,0.9921260673263793,0.07091310977763196
2031-02_2031-03,2031-02,TTF_M/TTF_M1,month_pair,Jul/Aug,872,0.998085932650833,0.07692462512757742
2031-02_2031-03,2031-02,TTF_M/TTF_M1,month_pair,Aug/Sep,871,0.9980948134333977,0.08569654443231824
2031-02_2031-03,2031-02,TTF_M/TTF_M1,month_pair,Sep/Oct,872,0.9820837884249521,0.07083707864802546
2031-02_2031-03,2031-02,TTF_M/TTF_M1,pooled,all,10462,0.984182851945487,1.0
2031-02_2031-03,2031-02,HH_M/HH_M1,year,2018,120,0.9901370742680442,0.0009260294074359823
2031-02_2031-03,2031-02,HH_M/HH_M1,year,2019,687,0.9937458248844687,0.004094879179166604
2031-02_2031-03,2031-02,HH_M/HH_M1,year,2020,1295,0.9865274533841663,0.011980633804397973
2031-02_2031-03,2031-02,HH_M/HH_M1,year,2021,1901,0.9878769840658608,0.044912287494713994
2031-02_2031-03,2031-02,HH_M/HH_M1,year,2022,2342,0.9910200811157853,0.4644525679355294
2031-02_2031-03,2031-02,HH_M/HH_M1,year,2023,1919,0.9869615071898581,0.18123357335094809
2031-02_2031-03,2031-02,HH_M/HH_M1,year,2024,1326,0.974033597299965,0.11252731997935833
2031-02_2031-03,2031-02,HH_M/HH_M1,year,2025,725,0.9899157528338458,0.12125531722519198
2031-02_2031-03,2031-02,HH_M/HH_M1,year,2026,147,0.9254844482819381,0.05861739162325753
2031-02_2031-03,2031-02,HH_M/HH_M1,days_to_expiry,"(1460, 2200]",799,0.9964695933893242,0.017730799862587552
2031-02_2031-03,2031-02,HH_M/HH_M1,days_to_expiry,"(1095, 1460]",2411,0.9951808322832721,0.0675422649296184
2031-02_2031-03,2031-02,HH_M/HH_M1,days_to_expiry,"(730, 1095]",2412,0.9911552160961807,0.09288556794687126
2031-02_2031-03,2031-02,HH_M/HH_M1,days_to_expiry,"(365, 730]",2401,0.9901375488129753,0.18169076899233158
2031-02_2031-03,2031-02,HH_M/HH_M1,days_to_expiry,"(180, 365]",1235,0.9892937420598098,0.2137340265932758
2031-02_2031-03,2031-02,HH_M/HH_M1,days_to_expiry,"(90, 180]",584,0.9938788546709442,0.1516040526921625
2031-02_2031-03,2031-02,HH_M/HH_M1,days_to_expiry,"(60, 90]",195,0.9883725166023278,0.06869358619774976
2031-02_2031-03,2031-02,HH_M/HH_M1,days_to_expiry,"(30, 60]",190,0.9926838155555652,0.08144835919634841
2031-02_2031-03,2031-02,HH_M/HH_M1,days_to_expiry,"(0, 30]",187,0.9750325377393815,0.10182956703288544
2031-02_2031-03,2031-02,HH_M/HH_M1,days_to_expiry,nan,48,0.8054379212931686,0.02284100655616916
2031-02_2031-03,2031-02,HH_M/HH_M1,month_pair,Oct/Nov,873,0.9867507818924502,0.09051838353730907
2031-02_2031-03,2031-02,HH_M/HH_M1,month_pair,Nov/Dec,874,0.9886493977468277,0.08134380421464447
2031-02_2031-03,2031-02,HH_M/HH_M1,month_pair,Dec/Jan,874,0.9941630971038833,0.0751701830020822
2031-02_2031-03,2031-02,HH_M/HH_M1,month_pair,Jan/Feb,873,0.9932428423188614,0.08647055527677976
2031-02_2031-03,2031-02,HH_M/HH_M1,month_pair,Feb/Mar,871,0.9374479609841001,0.10902729339233204
2031-02_2031-03,2031-02,HH_M/HH_M1,month_pair,Mar/Apr,870,0.9569563716930719,0.08726384029972134
2031-02_2031-03,2031-02,HH_M/HH_M1,month_pair,Apr/May,870,0.9950195765876623,0.08620666904895495
2031-02_2031-03,2031-02,HH_M/HH_M1,month_pair,May/Jun,870,0.9944366492659061,0.07842983701293627
2031-02_2031-03,2031-02,HH_M/HH_M1,month_pair,Jun/Jul,872,0.9918787695127409,0.07728236431215713
2031-02_2031-03,2031-02,HH_M/HH_M1,month_pair,Jul/Aug,872,0.9970269413136433,0.07582432561322809
2031-02_2031-03,2031-02,HH_M/HH_M1,month_pair,Aug/Sep,871,0.9966951707552312,0.07525530710690584
2031-02_2031-03,2031-02,HH_M/HH_M1,month_pair,Sep/Oct,872,0.9977208707582406,0.07720743718294877
2031-02_2031-03,2031-02,HH_M/HH_M1,pooled,all,10462,0.9832700467830476,1.0
2031-02_2031-03,2031-02,Brent_M/Brent_M1,year,2018,120,0.999791065579711,0.009788427332997162
2031-02_2031-03,2031-02,Brent_M/Brent_M1,year,2019,687,0.9997470609191581,0.015559566705496112
2031-02_2031-03,2031-02,Brent_M/Brent_M1,year,2020,1295,0.9998457334259495,0.12375291917194488
2031-02_2031-03,2031-02,Brent_M/Brent_M1,year,2021,1901,0.9998156444148794,0.15573868632992913
2031-02_2031-03,2031-02,Brent_M/Brent_M1,year,2022,2342,0.9996519112341081,0.31371052153656925
2031-02_2031-03,2031-02,Brent_M/Brent_M1,year,2023,1919,0.999731618098053,0.16410265312436426
2031-02_2031-03,2031-02,Brent_M/Brent_M1,year,2024,1326,0.9998308447569975,0.08410554528711882
2031-02_2031-03,2031-02,Brent_M/Brent_M1,year,2025,725,0.9996742661709913,0.082337586403397
2031-02_2031-03,2031-02,Brent_M/Brent_M1,year,2026,147,0.9927280910032954,0.05090409410818338
2031-02_2031-03,2031-02,Brent_M/Brent_M1,days_to_expiry,"(1460, 2200]",799,0.999838728059351,0.04733566369663058
2031-02_2031-03,2031-02,Brent_M/Brent_M1,days_to_expiry,"(1095, 1460]",2411,0.9997891297960602,0.1576231369314508
2031-02_2031-03,2031-02,Brent_M/Brent_M1,days_to_expiry,"(730, 1095]",2412,0.9997703919237018,0.18660722217140185
2031-02_2031-03,2031-02,Brent_M/Brent_M1,days_to_expiry,"(365, 730]",2401,0.9998418618064007,0.2400113256839456
2031-02_2031-03,2031-02,Brent_M/Brent_M1,days_to_expiry,"(180, 365]",1235,0.9997956512601147,0.16172403846922306
2031-02_2031-03,2031-02,Brent_M/Brent_M1,days_to_expiry,"(90, 180]",584,0.9993267561647361,0.08883277714036177
2031-02_2031-03,2031-02,Brent_M/Brent_M1,days_to_expiry,"(60, 90]",195,0.9981173994201753,0.032193824859915794
2031-02_2031-03,2031-02,Brent_M/Brent_M1,days_to_expiry,"(30, 60]",190,0.9961065763127122,0.03443452388497403
2031-02_2031-03,2031-02,Brent_M/Brent_M1,days_to_expiry,"(0, 30]",187,0.9940436782836023,0.04079381954023619
2031-02_2031-03,2031-02,Brent_M/Brent_M1,days_to_expiry,nan,48,0.9975875550096827,0.01044366762186032
2031-02_2031-03,2031-02,Brent_M/Brent_M1,month_pair,Oct/Nov,873,0.9995420135594176,0.08005452152803445
2031-02_2031-03,2031-02,Brent_M/Brent_M1,month_pair,Nov/Dec,874,0.9996786513761696,0.08345976644815874
2031-02_2031-03,2031-02,Brent_M/Brent_M1,month_pair,Dec/Jan,874,0.9997352855240658,0.09399955487167976
2031-02_2031-03,2031-02,Brent_M/Brent_M1,month_pair,Jan/Feb,873,0.9997156984204095,0.08705770748595554
2031-02_2031-03,2031-02,Brent_M/Brent_M1,month_pair,Feb/Mar,871,0.9997069818366853,0.08528855903796353
2031-02_2031-03,2031-02,Brent_M/Brent_M1,month_pair,Mar/Apr,870,0.99972967389978,0.0850126612950877
2031-02_2031-03,2031-02,Brent_M/Brent_M1,month_pair,Apr/May,870,0.9986336828825868,0.08489567381195066
2031-02_2031-03,2031-02,Brent_M/Brent_M1,month_pair,May/Jun,870,0.9979461559764297,0.08350523909767904
2031-02_2031-03,2031-02,Brent_M/Brent_M1,month_pair,Jun/Jul,872,0.9983013904407613,0.07191981768604441
2031-02_2031-03,2031-02,Brent_M/Brent_M1,month_pair,Jul/Aug,872,0.9988709978596059,0.08530502778859758
2031-02_2031-03,2031-02,Brent_M/Brent_M1,month_pair,Aug/Sep,871,0.9990940016083096,0.08323645404645703
2031-02_2031-03,2031-02,Brent_M/Brent_M1,month_pair,Sep/Oct,872,0.9991048633305665,0.07626501690239158
2031-02_2031-03,2031-02,Brent_M/Brent_M1,pooled,all,10462,0.9991762417370812,1.0
2031-02_2031-03,2031-02,TTF_M/HH_M,year,2018,120,-0.15138934094055786,0.0011654571132478123
2031-02_2031-03,2031-02,TTF_M/HH_M,year,2019,687,0.08880904933673893,0.0045286173161790955
2031-02_2031-03,2031-02,TTF_M/HH_M,year,2020,1295,0.03183860152335097,0.014664221263656888
2031-02_2031-03,2031-02,TTF_M/HH_M,year,2021,1901,0.174089331580583,0.09386611771330322
2031-02_2031-03,2031-02,TTF_M/HH_M,year,2022,2342,0.11704066732858455,0.5516793199429072
2031-02_2031-03,2031-02,TTF_M/HH_M,year,2023,1919,0.1366215084807065,0.16706369461514456
2031-02_2031-03,2031-02,TTF_M/HH_M,year,2024,1326,0.29288136307486434,0.06764047439715079
2031-02_2031-03,2031-02,TTF_M/HH_M,year,2025,725,0.06381045302677259,0.05602860411046585
2031-02_2031-03,2031-02,TTF_M/HH_M,year,2026,147,0.33198477799653797,0.043363493527944594
2031-02_2031-03,2031-02,TTF_M/HH_M,days_to_expiry,"(1460, 2200]",799,0.07125038776811594,0.019718413106944548
2031-02_2031-03,2031-02,TTF_M/HH_M,days_to_expiry,"(1095, 1460]",2411,0.09752709732330588,0.11184986704716735
2031-02_2031-03,2031-02,TTF_M/HH_M,days_to_expiry,"(730, 1095]",2412,0.12606776438932696,0.16154698561760739
2031-02_2031-03,2031-02,TTF_M/HH_M,days_to_expiry,"(365, 730]",2401,0.15862736029297245,0.26417550163070397
2031-02_2031-03,2031-02,TTF_M/HH_M,days_to_expiry,"(180, 365]",1235,0.1364621827809343,0.20375086584087426
2031-02_2031-03,2031-02,TTF_M/HH_M,days_to_expiry,"(90, 180]",584,0.14040996380189355,0.1019428316181668
2031-02_2031-03,2031-02,TTF_M/HH_M,days_to_expiry,"(60, 90]",195,0.23594936792863225,0.03472826769085297
2031-02_2031-03,2031-02,TTF_M/HH_M,days_to_expiry,"(30, 60]",190,0.2622269035886683,0.03877558727627559
2031-02_2031-03,2031-02,TTF_M/HH_M,days_to_expiry,"(0, 30]",187,0.30790716490322334,0.0517754132462709
2031-02_2031-03,2031-02,TTF_M/HH_M,days_to_expiry,nan,48,0.24307791770244136,0.011736266925136263
2031-02_2031-03,2031-02,TTF_M/HH_M,month_pair,Oct/Nov,873,0.1719485163908244,0.08232704759081626
2031-02_2031-03,2031-02,TTF_M/HH_M,month_pair,Nov/Dec,874,0.0636270736889879,0.0884725912657645
2031-02_2031-03,2031-02,TTF_M/HH_M,month_pair,Dec/Jan,874,0.1252660375558707,0.08793020785845326
2031-02_2031-03,2031-02,TTF_M/HH_M,month_pair,Jan/Feb,873,0.14498959602924236,0.09371756718642918
2031-02_2031-03,2031-02,TTF_M/HH_M,month_pair,Feb/Mar,871,0.20276819747078334,0.10090143444600656
2031-02_2031-03,2031-02,TTF_M/HH_M,month_pair,Mar/Apr,870,0.1636719558033089,0.10028617481787737
2031-02_2031-03,2031-02,TTF_M/HH_M,month_pair,Apr/May,870,0.2341425611582702,0.07640767666330404
2031-02_2031-03,2031-02,TTF_M/HH_M,month_pair,May/Jun,870,0.227280579915471,0.06978693750060531
2031-02_2031-03,2031-02,TTF_M/HH_M,month_pair,Jun/Jul,872,0.10333590883996116,0.07102448420929565
2031-02_2031-03,2031-02,TTF_M/HH_M,month_pair,Jul/Aug,872,0.10581453429866154,0.07533555976341026
2031-02_2031-03,2031-02,TTF_M/HH_M,month_pair,Aug/Sep,871,0.1163983683936784,0.08244262833709978
2031-02_2031-03,2031-02,TTF_M/HH_M,month_pair,Sep/Oct,872,0.22147603047218467,0.07136769036093787
2031-02_2031-03,2031-02,TTF_M/HH_M,pooled,all,10462,0.15668012687076827,1.0
2031-02_2031-03,2031-02,TTF_M/Brent_M,year,2018,120,0.5309335022969159,0.0023973103687863115
2031-02_2031-03,2031-02,TTF_M/Brent_M,year,2019,687,0.3901581600167571,0.006181889964421889
2031-02_2031-03,2031-02,TTF_M/Brent_M,year,2020,1295,0.6278611478597143,0.030126202305443894
2031-02_2031-03,2031-02,TTF_M/Brent_M,year,2021,1901,0.11800225830907667,0.11412699554037128
2031-02_2031-03,2031-02,TTF_M/Brent_M,year,2022,2342,0.09261051306592331,0.5426900790582928
2031-02_2031-03,2031-02,TTF_M/Brent_M,year,2023,1919,0.1401316685816051,0.16357778992541627
2031-02_2031-03,2031-02,TTF_M/Brent_M,year,2024,1326,0.02265741674456452,0.05762383883356488
2031-02_2031-03,2031-02,TTF_M/Brent_M,year,2025,725,0.5076001870113045,0.04372188026342189
2031-02_2031-03,2031-02,TTF_M/Brent_M,year,2026,147,0.5943554766607196,0.03955401374028066
2031-02_2031-03,2031-02,TTF_M/Brent_M,days_to_expiry,"(1460, 2200]",799,0.2620497750030574,0.02413705653399414
2031-02_2031-03,2031-02,TTF_M/Brent_M,days_to_expiry,"(1095, 1460]",2411,0.2043137288454266,0.1293677851691871
2031-02_2031-03,2031-02,TTF_M/Brent_M,days_to_expiry,"(730, 1095]",2412,0.21116646811972192,0.18236014706997875
2031-02_2031-03,2031-02,TTF_M/Brent_M,days_to_expiry,"(365, 730]",2401,0.1560175438950644,0.2816119290266282
2031-02_2031-03,2031-02,TTF_M/Brent_M,days_to_expiry,"(180, 365]",1235,0.12477300972528965,0.19649117088137402
2031-02_2031-03,2031-02,TTF_M/Brent_M,days_to_expiry,"(90, 180]",584,0.14721514429843868,0.08817760396738666
2031-02_2031-03,2031-02,TTF_M/Brent_M,days_to_expiry,"(60, 90]",195,0.17237282164329326,0.025677544295691433
2031-02_2031-03,2031-02,TTF_M/Brent_M,days_to_expiry,"(30, 60]",190,0.24151956998032847,0.027952468598548143
2031-02_2031-03,2031-02,TTF_M/Brent_M,days_to_expiry,"(0, 30]",187,0.2940359863698757,0.037104016379084184
2031-02_2031-03,2031-02,TTF_M/Brent_M,days_to_expiry,nan,48,0.1011019132851121,0.007120278078127473
2031-02_2031-03,2031-02,TTF_M/Brent_M,month_pair,Oct/Nov,873,0.17677833568782067,0.07962561328119667
2031-02_2031-03,2031-02,TTF_M/Brent_M,month_pair,Nov/Dec,874,0.14155353056743317,0.0889666432717466
2031-02_2031-03,2031-02,TTF_M/Brent_M,month_pair,Dec/Jan,874,0.15226005334318937,0.0920609129638754
2031-02_2031-03,2031-02,TTF_M/Brent_M,month_pair,Jan/Feb,873,0.18041528695386308,0.09539232549462083
2031-02_2031-03,2031-02,TTF_M/Brent_M,month_pair,Feb/Mar,871,0.173678503328939,0.09475138123609028
2031-02_2031-03,2031-02,TTF_M/Brent_M,month_pair,Mar/Apr,870,0.14597350103707593,0.10028581027577681
2031-02_2031-03,2031-02,TTF_M/Brent_M,month_pair,Apr/May,870,0.20172324814413792,0.07582566756076611
2031-02_2031-03,2031-02,TTF_M/Brent_M,month_pair,May/Jun,870,0.24886043058189095,0.06977637887961147
2031-02_2031-03,2031-02,TTF_M/Brent_M,month_pair,Jun/Jul,872,0.12562766809556689,0.06961903238582733
2031-02_2031-03,2031-02,TTF_M/Brent_M,month_pair,Jul/Aug,872,0.1841562377587372,0.07721589955041223
2031-02_2031-03,2031-02,TTF_M/Brent_M,month_pair,Aug/Sep,871,0.21170759592158994,0.08516935383618694
2031-02_2031-03,2031-02,TTF_M/Brent_M,month_pair,Sep/Oct,872,0.1982879045617928,0.07131098126388927
2031-02_2031-03,2031-02,TTF_M/Brent_M,pooled,all,10462,0.1772543672993769,1.0
2031-02_2031-03,2031-02,HH_M/Brent_M,year,2018,120,0.09942674565884396,0.004054689150430465
2031-02_2031-03,2031-02,HH_M/Brent_M,year,2019,687,0.1561728212349585,0.00802367556040993
2031-02_2031-03,2031-02,HH_M/Brent_M,year,2020,1295,0.0985554772895362,0.05168799758502707
2031-02_2031-03,2031-02,HH_M/Brent_M,year,2021,1901,0.08631133101251849,0.08345158889885718
2031-02_2031-03,2031-02,HH_M/Brent_M,year,2022,2342,0.3477329892190773,0.40093545966306127
2031-02_2031-03,2031-02,HH_M/Brent_M,year,2023,1919,0.2185886354606518,0.1742996572829859
2031-02_2031-03,2031-02,HH_M/Brent_M,year,2024,1326,0.03768077241231375,0.10650295760004702
2031-02_2031-03,2031-02,HH_M/Brent_M,year,2025,725,0.19205368192379157,0.10876926896593868
2031-02_2031-03,2031-02,HH_M/Brent_M,year,2026,147,0.141717921103914,0.06227470529324247
2031-02_2031-03,2031-02,HH_M/Brent_M,days_to_expiry,"(1460, 2200]",799,0.19139924550671777,0.02742308708001859
2031-02_2031-03,2031-02,HH_M/Brent_M,days_to_expiry,"(1095, 1460]",2411,0.1993577814041128,0.09681176599615297
2031-02_2031-03,2031-02,HH_M/Brent_M,days_to_expiry,"(730, 1095]",2412,0.23747250300186062,0.12308573006607978
2031-02_2031-03,2031-02,HH_M/Brent_M,days_to_expiry,"(365, 730]",2401,0.30194070638895226,0.19928539119016656
2031-02_2031-03,2031-02,HH_M/Brent_M,days_to_expiry,"(180, 365]",1235,0.24818303530028918,0.1925672369541345
2031-02_2031-03,2031-02,HH_M/Brent_M,days_to_expiry,"(90, 180]",584,0.23250980613104702,0.129716922380869
2031-02_2031-03,2031-02,HH_M/Brent_M,days_to_expiry,"(60, 90]",195,0.1463190032498796,0.05751214370491496
2031-02_2031-03,2031-02,HH_M/Brent_M,days_to_expiry,"(30, 60]",190,0.12421537141307123,0.06560120526436165
2031-02_2031-03,2031-02,HH_M/Brent_M,days_to_expiry,"(0, 30]",187,0.15106714738603924,0.0844870606349899
2031-02_2031-03,2031-02,HH_M/Brent_M,days_to_expiry,nan,48,0.10479773466202046,0.023509456728312072
2031-02_2031-03,2031-02,HH_M/Brent_M,month_pair,Oct/Nov,873,0.268139645287204,0.08775984649362242
2031-02_2031-03,2031-02,HH_M/Brent_M,month_pair,Nov/Dec,874,0.21272418299577575,0.08318970562245427
2031-02_2031-03,2031-02,HH_M/Brent_M,month_pair,Dec/Jan,874,0.21310641629260232,0.0809895755197414
2031-02_2031-03,2031-02,HH_M/Brent_M,month_pair,Jan/Feb,873,0.20026182008136598,0.08408311234953197
2031-02_2031-03,2031-02,HH_M/Brent_M,month_pair,Feb/Mar,871,0.2054145539249004,0.10563737853541827
2031-02_2031-03,2031-02,HH_M/Brent_M,month_pair,Mar/Apr,870,0.2034016305975323,0.08884347123735054
2031-02_2031-03,2031-02,HH_M/Brent_M,month_pair,Apr/May,870,0.22865044235430557,0.08435640808304554
2031-02_2031-03,2031-02,HH_M/Brent_M,month_pair,May/Jun,870,0.26227449405886316,0.08027026987482405
2031-02_2031-03,2031-02,HH_M/Brent_M,month_pair,Jun/Jul,872,0.2059344307010024,0.07581504934429395
2031-02_2031-03,2031-02,HH_M/Brent_M,month_pair,Jul/Aug,872,0.22477278864865252,0.07774307808336248
2031-02_2031-03,2031-02,HH_M/Brent_M,month_pair,Aug/Sep,871,0.16619831410884556,0.07587199443688857
2031-02_2031-03,2031-02,HH_M/Brent_M,month_pair,Sep/Oct,872,0.21220060150455233,0.0754401104194666
2031-02_2031-03,2031-02,HH_M/Brent_M,pooled,all,10462,0.2163710947930011,1.0
2031-03_2031-04,2031-03,TTF_M/TTF_M1,year,2018,152,0.993934565497636,0.0016060202077372542
2031-03_2031-04,2031-03,TTF_M/TTF_M1,year,2019,729,0.9897062979520522,0.005047595828394012
2031-03_2031-04,2031-03,TTF_M/TTF_M1,year,2020,1342,0.989084941680883,0.016570728346905896
2031-03_2031-04,2031-03,TTF_M/TTF_M1,year,2021,1948,0.956508838606687,0.10394829500087738
2031-03_2031-04,2031-03,TTF_M/TTF_M1,year,2022,2358,0.9850854716162858,0.5859298993893283
2031-03_2031-04,2031-03,TTF_M/TTF_M1,year,2023,1919,0.9870728988438817,0.16026451671218775
2031-03_2031-04,2031-03,TTF_M/TTF_M1,year,2024,1326,0.9955624074590642,0.052840410343963515
2031-03_2031-04,2031-03,TTF_M/TTF_M1,year,2025,725,0.9943391031392965,0.03736390212825727
2031-03_2031-04,2031-03,TTF_M/TTF_M1,year,2026,147,0.995076183987661,0.03642863204234877
2031-03_2031-04,2031-03,TTF_M/TTF_M1,days_to_expiry,"(1460, 2200]",983,0.9818524256961748,0.026214249587528143
2031-03_2031-04,2031-03,TTF_M/TTF_M1,days_to_expiry,"(1095, 1460]",2411,0.9779728012514908,0.12626178905960111
2031-03_2031-04,2031-03,TTF_M/TTF_M1,days_to_expiry,"(730, 1095]",2412,0.9836211423106326,0.18309663932310258
2031-03_2031-04,2031-03,TTF_M/TTF_M1,days_to_expiry,"(365, 730]",2401,0.9778694599072129,0.28349567270368403
2031-03_2031-04,2031-03,TTF_M/TTF_M1,days_to_expiry,"(180, 365]",1235,0.9901451528152165,0.2027373060876189
2031-03_2031-04,2031-03,TTF_M/TTF_M1,days_to_expiry,"(90, 180]",584,0.9969903309595645,0.08805918633379567
2031-03_2031-04,2031-03,TTF_M/TTF_M1,days_to_expiry,"(60, 90]",195,0.9953435015713061,0.024122817797431115
2031-03_2031-04,2031-03,TTF_M/TTF_M1,days_to_expiry,"(30, 60]",190,0.9925496960334068,0.025730830521931012
2031-03_2031-04,2031-03,TTF_M/TTF_M1,days_to_expiry,"(0, 30]",187,0.9854042182959604,0.033955974057603325
2031-03_2031-04,2031-03,TTF_M/TTF_M1,days_to_expiry,nan,48,0.9859623630705328,0.0063255345277041354
2031-03_2031-04,2031-03,TTF_M/TTF_M1,month_pair,Oct/Nov,889,0.9918170779876713,0.07765131244360704
2031-03_2031-04,2031-03,TTF_M/TTF_M1,month_pair,Nov/Dec,889,0.9961538345727525,0.08983747038723638
2031-03_2031-04,2031-03,TTF_M/TTF_M1,month_pair,Dec/Jan,889,0.9905059823806641,0.09203761930316974
2031-03_2031-04,2031-03,TTF_M/TTF_M1,month_pair,Jan/Feb,889,0.9966249613677525,0.09825688781470349
2031-03_2031-04,2031-03,TTF_M/TTF_M1,month_pair,Feb/Mar,886,0.9967364430148646,0.09857188741809264
2031-03_2031-04,2031-03,TTF_M/TTF_M1,month_pair,Mar/Apr,886,0.9051031554566983,0.09319336731736368
2031-03_2031-04,2031-03,TTF_M/TTF_M1,month_pair,Apr/May,886,0.9812821097480169,0.07479862167189591
2031-03_2031-04,2031-03,TTF_M/TTF_M1,month_pair,May/Jun,885,0.9956051320882338,0.06937618774838826
2031-03_2031-04,2031-03,TTF_M/TTF_M1,month_pair,Jun/Jul,886,0.9921361651776461,0.07071134551366955
2031-03_2031-04,2031-03,TTF_M/TTF_M1,month_pair,Jul/Aug,887,0.9980917477072873,0.07684723024083166
2031-03_2031-04,2031-03,TTF_M/TTF_M1,month_pair,Aug/Sep,887,0.9981194519493451,0.08664933211381583
2031-03_2031-04,2031-03,TTF_M/TTF_M1,month_pair,Sep/Oct,887,0.9824423529165262,0.0720687380272258
2031-03_2031-04,2031-03,TTF_M/TTF_M1,pooled,all,10646,0.9842408323302275,1.0
2031-03_2031-04,2031-03,HH_M/HH_M1,year,2018,152,0.9912615665294359,0.0011875194959482561
2031-03_2031-04,2031-03,HH_M/HH_M1,year,2019,729,0.9937287064597063,0.0043202073996944385
2031-03_2031-04,2031-03,HH_M/HH_M1,year,2020,1342,0.9869720753917849,0.012597997847482263
2031-03_2031-04,2031-03,HH_M/HH_M1,year,2021,1948,0.9876890107202911,0.04550800266735005
2031-03_2031-04,2031-03,HH_M/HH_M1,year,2022,2358,0.991037843219726,0.46416679563914837
2031-03_2031-04,2031-03,HH_M/HH_M1,year,2023,1919,0.9869615071898581,0.18069246527262348
2031-03_2031-04,2031-03,HH_M/HH_M1,year,2024,1326,0.974033597299965,0.11219134778200426
2031-03_2031-04,2031-03,HH_M/HH_M1,year,2025,725,0.9899157528338458,0.12089328589469833
2031-03_2031-04,2031-03,HH_M/HH_M1,year,2026,147,0.9254844482819381,0.05844237800105056
2031-03_2031-04,2031-03,HH_M/HH_M1,days_to_expiry,"(1460, 2200]",983,0.9959131611721034,0.02066355558469961
2031-03_2031-04,2031-03,HH_M/HH_M1,days_to_expiry,"(1095, 1460]",2411,0.9951808322832721,0.06734060436250602
2031-03_2031-04,2031-03,HH_M/HH_M1,days_to_expiry,"(730, 1095]",2412,0.9911552160961807,0.09260824002000591
2031-03_2031-04,2031-03,HH_M/HH_M1,days_to_expiry,"(365, 730]",2401,0.9901375488129753,0.1811482958675073
2031-03_2031-04,2031-03,HH_M/HH_M1,days_to_expiry,"(180, 365]",1235,0.9892937420598098,0.21309588209132688
2031-03_2031-04,2031-03,HH_M/HH_M1,days_to_expiry,"(90, 180]",584,0.9938788546709442,0.15115140930991444
2031-03_2031-04,2031-03,HH_M/HH_M1,days_to_expiry,"(60, 90]",195,0.9883725166023278,0.06848848813709016
2031-03_2031-04,2031-03,HH_M/HH_M1,days_to_expiry,"(30, 60]",190,0.9926838155555652,0.08120517928043909
2031-03_2031-04,2031-03,HH_M/HH_M1,days_to_expiry,"(0, 30]",187,0.9750325377393815,0.10152553505738005
2031-03_2031-04,2031-03,HH_M/HH_M1,days_to_expiry,nan,48,0.8054379212931686,0.02277281028913052
2031-03_2031-04,2031-03,HH_M/HH_M1,month_pair,Oct/Nov,889,0.9867663800375863,0.09037847322421788
2031-03_2031-04,2031-03,HH_M/HH_M1,month_pair,Nov/Dec,889,0.9886647055742578,0.08123320674364155
2031-03_2031-04,2031-03,HH_M/HH_M1,month_pair,Dec/Jan,889,0.9941703611159928,0.07521725645809924
2031-03_2031-04,2031-03,HH_M/HH_M1,month_pair,Jan/Feb,889,0.9932494676283743,0.08632332775057963
2031-03_2031-04,2031-03,HH_M/HH_M1,month_pair,Feb/Mar,886,0.9374488149477956,0.10883391110230473
2031-03_2031-04,2031-03,HH_M/HH_M1,month_pair,Mar/Apr,886,0.9568216536510947,0.08711489758961921
2031-03_2031-04,2031-03,HH_M/HH_M1,month_pair,Apr/May,886,0.9950294835109986,0.08620471835967884
2031-03_2031-04,2031-03,HH_M/HH_M1,month_pair,May/Jun,885,0.9944500217137289,0.07853696084357621
2031-03_2031-04,2031-03,HH_M/HH_M1,month_pair,Jun/Jul,886,0.9918900605465473,0.07720132977707125
2031-03_2031-04,2031-03,HH_M/HH_M1,month_pair,Jul/Aug,887,0.9970304151511898,0.07570870530714018
2031-03_2031-04,2031-03,HH_M/HH_M1,month_pair,Aug/Sep,887,0.9967105879847813,0.07546464499834465
2031-03_2031-04,2031-03,HH_M/HH_M1,month_pair,Sep/Oct,887,0.9977414816290634,0.07778256784572661
2031-03_2031-04,2031-03,HH_M/HH_M1,pooled,all,10646,0.9832914022312514,1.0
2031-03_2031-04,2031-03,Brent_M/Brent_M1,year,2018,152,0.9998004129856736,0.011480396782570955
2031-03_2031-04,2031-03,Brent_M/Brent_M1,year,2019,729,0.9997494973464929,0.016454688855334482
2031-03_2031-04,2031-03,Brent_M/Brent_M1,year,2020,1342,0.9998484449253829,0.1269857300424241
2031-03_2031-04,2031-03,Brent_M/Brent_M1,year,2021,1948,0.9998156253491153,0.15633235112833913
2031-03_2031-04,2031-03,Brent_M/Brent_M1,year,2022,2358,0.9996500304925704,0.31124991594020934
2031-03_2031-04,2031-03,Brent_M/Brent_M1,year,2023,1919,0.999731618098053,0.16240205880278277
2031-03_2031-04,2031-03,Brent_M/Brent_M1,year,2024,1326,0.9998308447569975,0.08323396027611722
2031-03_2031-04,2031-03,Brent_M/Brent_M1,year,2025,725,0.9996742661709913,0.0814843227344408
2031-03_2031-04,2031-03,Brent_M/Brent_M1,year,2026,147,0.9927280910032954,0.050376575437781256
2031-03_2031-04,2031-03,Brent_M/Brent_M1,days_to_expiry,"(1460, 2200]",983,0.9998347662786835,0.05720811566401564
2031-03_2031-04,2031-03,Brent_M/Brent_M1,days_to_expiry,"(1095, 1460]",2411,0.9997891297960602,0.15598968977802577
2031-03_2031-04,2031-03,Brent_M/Brent_M1,days_to_expiry,"(730, 1095]",2412,0.9997703919237018,0.18467341320275413
2031-03_2031-04,2031-03,Brent_M/Brent_M1,days_to_expiry,"(365, 730]",2401,0.9998418618064007,0.2375240904698748
2031-03_2031-04,2031-03,Brent_M/Brent_M1,days_to_expiry,"(180, 365]",1235,0.9997956512601147,0.1600480937099658
2031-03_2031-04,2031-03,Brent_M/Brent_M1,days_to_expiry,"(90, 180]",584,0.9993267561647361,0.08791220386808975
2031-03_2031-04,2031-03,Brent_M/Brent_M1,days_to_expiry,"(60, 90]",195,0.9981173994201753,0.031860200541817346
2031-03_2031-04,2031-03,Brent_M/Brent_M1,days_to_expiry,"(30, 60]",190,0.9961065763127122,0.034077679222988155
2031-03_2031-04,2031-03,Brent_M/Brent_M1,days_to_expiry,"(0, 30]",187,0.9940436782836023,0.0403710735544466
2031-03_2031-04,2031-03,Brent_M/Brent_M1,days_to_expiry,nan,48,0.9975875550096827,0.010335439988022124
2031-03_2031-04,2031-03,Brent_M/Brent_M1,month_pair,Oct/Nov,889,0.9995444856525684,0.08011681882251866
2031-03_2031-04,2031-03,Brent_M/Brent_M1,month_pair,Nov/Dec,889,0.9996795111923161,0.08323481055609705
2031-03_2031-04,2031-03,Brent_M/Brent_M1,month_pair,Dec/Jan,889,0.999736223504098,0.09373377440855396
2031-03_2031-04,2031-03,Brent_M/Brent_M1,month_pair,Jan/Feb,889,0.9997157832509321,0.08664411772471904
2031-03_2031-04,2031-03,Brent_M/Brent_M1,month_pair,Feb/Mar,886,0.9997073298402993,0.0849176780181562
2031-03_2031-04,2031-03,Brent_M/Brent_M1,month_pair,Mar/Apr,886,0.9997287198582389,0.08489976127107143
2031-03_2031-04,2031-03,Brent_M/Brent_M1,month_pair,Apr/May,886,0.998643021578104,0.08481422637331924
2031-03_2031-04,2031-03,Brent_M/Brent_M1,month_pair,May/Jun,885,0.9979655709851505,0.08376468658666487
2031-03_2031-04,2031-03,Brent_M/Brent_M1,month_pair,Jun/Jul,886,0.9983108192756864,0.07171793655787274
2031-03_2031-04,2031-03,Brent_M/Brent_M1,month_pair,Jul/Aug,887,0.9988746350795283,0.08504158760740557
2031-03_2031-04,2031-03,Brent_M/Brent_M1,month_pair,Aug/Sep,887,0.9991071115041299,0.08444428195243875
2031-03_2031-04,2031-03,Brent_M/Brent_M1,month_pair,Sep/Oct,887,0.9991115663142927,0.07667032012118266
2031-03_2031-04,2031-03,Brent_M/Brent_M1,pooled,all,10646,0.9991811381165299,1.0
2031-03_2031-04,2031-03,TTF_M/HH_M,year,2018,152,-0.1542538970471047,0.0014853407754213043
2031-03_2031-04,2031-03,TTF_M/HH_M,year,2019,729,0.08587385884658003,0.004754575036311431
2031-03_2031-04,2031-03,TTF_M/HH_M,year,2020,1342,0.032930312796599616,0.015404310316538565
2031-03_2031-04,2031-03,TTF_M/HH_M,year,2021,1948,0.1744148624435808,0.09409806020516748
2031-03_2031-04,2031-03,TTF_M/HH_M,year,2022,2358,0.11778894968327143,0.5515825404901591
2031-03_2031-04,2031-03,TTF_M/HH_M,year,2023,1919,0.1366215084807065,0.16635308168734766
2031-03_2031-04,2031-03,TTF_M/HH_M,year,2024,1326,0.29288136307486434,0.06735276260160084
2031-03_2031-04,2031-03,TTF_M/HH_M,year,2025,725,0.06381045302677259,0.05579028392666391
2031-03_2031-04,2031-03,TTF_M/HH_M,year,2026,147,0.33198477799653797,0.043179044960789524
2031-03_2031-04,2031-03,TTF_M/HH_M,days_to_expiry,"(1460, 2200]",983,0.09850257792953424,0.023888084860775764
2031-03_2031-04,2031-03,TTF_M/HH_M,days_to_expiry,"(1095, 1460]",2411,0.09752709732330588,0.11137410861455767
2031-03_2031-04,2031-03,TTF_M/HH_M,days_to_expiry,"(730, 1095]",2412,0.12606776438932696,0.1608598382592843
2031-03_2031-04,2031-03,TTF_M/HH_M,days_to_expiry,"(365, 730]",2401,0.15862736029297245,0.2630518192705211
2031-03_2031-04,2031-03,TTF_M/HH_M,days_to_expiry,"(180, 365]",1235,0.1364621827809343,0.20288420238266522
2031-03_2031-04,2031-03,TTF_M/HH_M,days_to_expiry,"(90, 180]",584,0.14040996380189355,0.10150921320567464
2031-03_2031-04,2031-03,TTF_M/HH_M,days_to_expiry,"(60, 90]",195,0.23594936792863225,0.03458054944459987
2031-03_2031-04,2031-03,TTF_M/HH_M,days_to_expiry,"(30, 60]",190,0.2622269035886683,0.038610653574402694
2031-03_2031-04,2031-03,TTF_M/HH_M,days_to_expiry,"(0, 30]",187,0.30790716490322334,0.0515551842008186
2031-03_2031-04,2031-03,TTF_M/HH_M,days_to_expiry,nan,48,0.24307791770244136,0.011686346186700008
2031-03_2031-04,2031-03,TTF_M/HH_M,month_pair,Oct/Nov,889,0.17193069530399432,0.08211738795704877
2031-03_2031-04,2031-03,TTF_M/HH_M,month_pair,Nov/Dec,889,0.06330510232091892,0.08822305915738121
2031-03_2031-04,2031-03,TTF_M/HH_M,month_pair,Dec/Jan,889,0.12471792153916271,0.08768915322043151
2031-03_2031-04,2031-03,TTF_M/HH_M,month_pair,Jan/Feb,889,0.14532707917641913,0.09341495517758096
2031-03_2031-04,2031-03,TTF_M/HH_M,month_pair,Feb/Mar,886,0.20241611352077749,0.10067909594980741
2031-03_2031-04,2031-03,TTF_M/HH_M,month_pair,Mar/Apr,886,0.1633959200277966,0.10006620925274999
2031-03_2031-04,2031-03,TTF_M/HH_M,month_pair,Apr/May,886,0.23405641931713506,0.0762053819591585
2031-03_2031-04,2031-03,TTF_M/HH_M,month_pair,May/Jun,885,0.22697189574555263,0.06980131844407184
2031-03_2031-04,2031-03,TTF_M/HH_M,month_pair,Jun/Jul,886,0.1032204826286345,0.07085006165070795
2031-03_2031-04,2031-03,TTF_M/HH_M,month_pair,Jul/Aug,887,0.10540568822427074,0.0752599020890199
2031-03_2031-04,2031-03,TTF_M/HH_M,month_pair,Aug/Sep,887,0.11801464655194109,0.08324667878789317
2031-03_2031-04,2031-03,TTF_M/HH_M,month_pair,Sep/Oct,887,0.2254103084726622,0.07244679635414869
2031-03_2031-04,2031-03,TTF_M/HH_M,pooled,all,10646,0.15696717158334883,1.0
2031-03_2031-04,2031-03,TTF_M/Brent_M,year,2018,152,0.5374133767861581,0.002924728103060016
2031-03_2031-04,2031-03,TTF_M/Brent_M,year,2019,729,0.39140643960484345,0.006507785532726978
2031-03_2031-04,2031-03,TTF_M/Brent_M,year,2020,1342,0.6267622289506201,0.031311442500864574
2031-03_2031-04,2031-03,TTF_M/Brent_M,year,2021,1948,0.11656241287322996,0.11433649540224759
2031-03_2031-04,2031-03,TTF_M/Brent_M,year,2022,2358,0.09319707601781956,0.5420894560163689
2031-03_2031-04,2031-03,TTF_M/Brent_M,year,2023,1919,0.1401316685816051,0.1626927229161293
2031-03_2031-04,2031-03,TTF_M/Brent_M,year,2024,1326,0.02265741674456452,0.05731205470490468
2031-03_2031-04,2031-03,TTF_M/Brent_M,year,2025,725,0.5076001870113045,0.04348531517825481
2031-03_2031-04,2031-03,TTF_M/Brent_M,year,2026,147,0.5943554766607196,0.039339999645443165
2031-03_2031-04,2031-03,TTF_M/Brent_M,days_to_expiry,"(1460, 2200]",983,0.275208609134098,0.02941713824460557
2031-03_2031-04,2031-03,TTF_M/Brent_M,days_to_expiry,"(1095, 1460]",2411,0.2043137288454266,0.12866781753440013
2031-03_2031-04,2031-03,TTF_M/Brent_M,days_to_expiry,"(730, 1095]",2412,0.21116646811972192,0.18137345474424216
2031-03_2031-04,2031-03,TTF_M/Brent_M,days_to_expiry,"(365, 730]",2401,0.1560175438950644,0.28008821711001175
2031-03_2031-04,2031-03,TTF_M/Brent_M,days_to_expiry,"(180, 365]",1235,0.12477300972528965,0.19542802011351876
2031-03_2031-04,2031-03,TTF_M/Brent_M,days_to_expiry,"(90, 180]",584,0.14721514429843868,0.08770050320532669
2031-03_2031-04,2031-03,TTF_M/Brent_M,days_to_expiry,"(60, 90]",195,0.17237282164329326,0.025538611330855658
2031-03_2031-04,2031-03,TTF_M/Brent_M,days_to_expiry,"(30, 60]",190,0.24151956998032847,0.027801226747218664
2031-03_2031-04,2031-03,TTF_M/Brent_M,days_to_expiry,"(0, 30]",187,0.2940359863698757,0.03690325843496388
2031-03_2031-04,2031-03,TTF_M/Brent_M,days_to_expiry,nan,48,0.1011019132851121,0.007081752534856757
2031-03_2031-04,2031-03,TTF_M/Brent_M,month_pair,Oct/Nov,889,0.17856927852041984,0.0794399249491111
2031-03_2031-04,2031-03,TTF_M/Brent_M,month_pair,Nov/Dec,889,0.14256616252486673,0.08867878843423306
2031-03_2031-04,2031-03,TTF_M/Brent_M,month_pair,Dec/Jan,889,0.15293689956852868,0.09174444105343266
2031-03_2031-04,2031-03,TTF_M/Brent_M,month_pair,Jan/Feb,889,0.18062062898498646,0.09502268744510074
2031-03_2031-04,2031-03,TTF_M/Brent_M,month_pair,Feb/Mar,886,0.17522821773785568,0.09450797806762615
2031-03_2031-04,2031-03,TTF_M/Brent_M,month_pair,Mar/Apr,886,0.1475342523708648,0.10004906080629451
2031-03_2031-04,2031-03,TTF_M/Brent_M,month_pair,Apr/May,886,0.20229126759183585,0.07560228560334054
2031-03_2031-04,2031-03,TTF_M/Brent_M,month_pair,May/Jun,885,0.24438732239872274,0.06981571496604662
2031-03_2031-04,2031-03,TTF_M/Brent_M,month_pair,Jun/Jul,886,0.12702787269076793,0.0694226068522793
2031-03_2031-04,2031-03,TTF_M/Brent_M,month_pair,Jul/Aug,887,0.18258930549493352,0.07712565656577702
2031-03_2031-04,2031-03,TTF_M/Brent_M,month_pair,Aug/Sep,887,0.21488393465514324,0.08616470430121231
2031-03_2031-04,2031-03,TTF_M/Brent_M,month_pair,Sep/Oct,887,0.20267698050414032,0.07242615095554594
2031-03_2031-04,2031-03,TTF_M/Brent_M,pooled,all,10646,0.17823059275122038,1.0
2031-03_2031-04,2031-03,HH_M/Brent_M,year,2018,152,0.09977498335338669,0.004831467038200613
2031-03_2031-04,2031-03,HH_M/Brent_M,year,2019,729,0.15141795278613787,0.008501689998772969
2031-03_2031-04,2031-03,HH_M/Brent_M,year,2020,1342,0.10678449845588284,0.05341948741444086
2031-03_2031-04,2031-03,HH_M/Brent_M,year,2021,1948,0.08125235762819648,0.08421893355314239
2031-03_2031-04,2031-03,HH_M/Brent_M,year,2022,2358,0.34761530703853893,0.39966759460794044
2031-03_2031-04,2031-03,HH_M/Brent_M,year,2023,1919,0.2185886354606518,0.17334077559095884
2031-03_2031-04,2031-03,HH_M/Brent_M,year,2024,1326,0.03768077241231375,0.10591704860985542
2031-03_2031-04,2031-03,HH_M/Brent_M,year,2025,725,0.19205368192379157,0.10817089222617682
2031-03_2031-04,2031-03,HH_M/Brent_M,year,2026,147,0.141717921103914,0.06193211096051168
2031-03_2031-04,2031-03,HH_M/Brent_M,days_to_expiry,"(1460, 2200]",983,0.1807752886538415,0.032773563440239115
2031-03_2031-04,2031-03,HH_M/Brent_M,days_to_expiry,"(1095, 1460]",2411,0.1993577814041128,0.09627917154683745
2031-03_2031-04,2031-03,HH_M/Brent_M,days_to_expiry,"(730, 1095]",2412,0.23747250300186062,0.12240859360494191
2031-03_2031-04,2031-03,HH_M/Brent_M,days_to_expiry,"(365, 730]",2401,0.30194070638895226,0.19818905447855473
2031-03_2031-04,2031-03,HH_M/Brent_M,days_to_expiry,"(180, 365]",1235,0.24818303530028918,0.19150785909374224
2031-03_2031-04,2031-03,HH_M/Brent_M,days_to_expiry,"(90, 180]",584,0.23250980613104702,0.12900330547561503
2031-03_2031-04,2031-03,HH_M/Brent_M,days_to_expiry,"(60, 90]",195,0.1463190032498796,0.057195749843174104
2031-03_2031-04,2031-03,HH_M/Brent_M,days_to_expiry,"(30, 60]",190,0.12421537141307123,0.06524031072398527
2031-03_2031-04,2031-03,HH_M/Brent_M,days_to_expiry,"(0, 30]",187,0.15106714738603924,0.084022268581357
2031-03_2031-04,2031-03,HH_M/Brent_M,days_to_expiry,nan,48,0.10479773466202046,0.023380123211553167
2031-03_2031-04,2031-03,HH_M/Brent_M,month_pair,Oct/Nov,889,0.266541729078515,0.08767771865054931
2031-03_2031-04,2031-03,HH_M/Brent_M,month_pair,Nov/Dec,889,0.21159198120596193,0.08304696181705337
2031-03_2031-04,2031-03,HH_M/Brent_M,month_pair,Dec/Jan,889,0.21328573725258243,0.08095911475419912
2031-03_2031-04,2031-03,HH_M/Brent_M,month_pair,Jan/Feb,889,0.19918781841099037,0.08386111184571991
2031-03_2031-04,2031-03,HH_M/Brent_M,month_pair,Feb/Mar,886,0.2041828356856066,0.10531371763618809
2031-03_2031-04,2031-03,HH_M/Brent_M,month_pair,Mar/Apr,886,0.2034783540098911,0.088692947751126
2031-03_2031-04,2031-03,HH_M/Brent_M,month_pair,Apr/May,886,0.22822620202542032,0.084333587469387
2031-03_2031-04,2031-03,HH_M/Brent_M,month_pair,May/Jun,885,0.25799469023246646,0.08043263749087855
2031-03_2031-04,2031-03,HH_M/Brent_M,month_pair,Jun/Jul,886,0.2046490226697942,0.07568321712098093
2031-03_2031-04,2031-03,HH_M/Brent_M,month_pair,Jul/Aug,887,0.22394982059639074,0.07760241762550067
2031-03_2031-04,2031-03,HH_M/Brent_M,month_pair,Aug/Sep,887,0.16494972737113758,0.07646056657051392
2031-03_2031-04,2031-03,HH_M/Brent_M,month_pair,Sep/Oct,887,0.21706846152456533,0.07593600126790312
2031-03_2031-04,2031-03,HH_M/Brent_M,pooled,all,10646,0.21567826300972737,1.0
2031-04_2031-05,2031-04,TTF_M/TTF_M1,year,2018,188,0.9934681411844075,0.001860276994578432
2031-04_2031-05,2031-04,TTF_M/TTF_M1,year,2019,780,0.9899047163143968,0.005386358261470751
2031-04_2031-05,2031-04,TTF_M/TTF_M1,year,2020,1391,0.9889135260663114,0.016991510919906333
2031-04_2031-05,2031-04,TTF_M/TTF_M1,year,2021,1995,0.9567812225318854,0.10431121333965389
2031-04_2031-05,2031-04,TTF_M/TTF_M1,year,2022,2370,0.9851054379196227,0.5852964091810375
2031-04_2031-05,2031-04,TTF_M/TTF_M1,year,2023,1919,0.9870728988438817,0.15984933916418476
2031-04_2031-05,2031-04,TTF_M/TTF_M1,year,2024,1326,0.9955624074590642,0.05270352319980873
2031-04_2031-05,2031-04,TTF_M/TTF_M1,year,2025,725,0.9943391031392965,0.03726710806811424
2031-04_2031-05,2031-04,TTF_M/TTF_M1,year,2026,147,0.995076183987661,0.036334260871245395
2031-04_2031-05,2031-04,TTF_M/TTF_M1,days_to_expiry,"(1460, 2200]",1178,0.9829804193663289,0.02873691641628448
2031-04_2031-05,2031-04,TTF_M/TTF_M1,days_to_expiry,"(1095, 1460]",2411,0.9779728012514908,0.12593469819093192
2031-04_2031-05,2031-04,TTF_M/TTF_M1,days_to_expiry,"(730, 1095]",2412,0.9836211423106326,0.18262231340666613
2031-04_2031-05,2031-04,TTF_M/TTF_M1,days_to_expiry,"(365, 730]",2401,0.9778694599072129,0.2827612553749004
2031-04_2031-05,2031-04,TTF_M/TTF_M1,days_to_expiry,"(180, 365]",1235,0.9901451528152165,0.202212099514405
2031-04_2031-05,2031-04,TTF_M/TTF_M1,days_to_expiry,"(90, 180]",584,0.9969903309595645,0.08783106224362754
2031-04_2031-05,2031-04,TTF_M/TTF_M1,days_to_expiry,"(60, 90]",195,0.9953435015713061,0.02406032578391794
2031-04_2031-05,2031-04,TTF_M/TTF_M1,days_to_expiry,"(30, 60]",190,0.9925496960334068,0.025664172827867888
2031-04_2031-05,2031-04,TTF_M/TTF_M1,days_to_expiry,"(0, 30]",187,0.9854042182959604,0.03386800849705066
2031-04_2031-05,2031-04,TTF_M/TTF_M1,days_to_expiry,nan,48,0.9859623630705328,0.006309147744348112
2031-04_2031-05,2031-04,TTF_M/TTF_M1,month_pair,Oct/Nov,905,0.9918258730009809,0.07759087838400694
2031-04_2031-05,2031-04,TTF_M/TTF_M1,month_pair,Nov/Dec,906,0.9961498977330169,0.08971878404079868
2031-04_2031-05,2031-04,TTF_M/TTF_M1,month_pair,Dec/Jan,906,0.9904628324198077,0.09188384608892128
2031-04_2031-05,2031-04,TTF_M/TTF_M1,month_pair,Jan/Feb,905,0.996624256668263,0.09807891831972361
2031-04_2031-05,2031-04,TTF_M/TTF_M1,month_pair,Feb/Mar,903,0.9967338527323547,0.09843794368925056
2031-04_2031-05,2031-04,TTF_M/TTF_M1,month_pair,Mar/Apr,902,0.9052390668161868,0.09312631144889208
2031-04_2031-05,2031-04,TTF_M/TTF_M1,month_pair,Apr/May,903,0.9812719692056946,0.07469433010563951
2031-04_2031-05,2031-04,TTF_M/TTF_M1,month_pair,May/Jun,902,0.9956136912206917,0.0694062052306058
2031-04_2031-05,2031-04,TTF_M/TTF_M1,month_pair,Jun/Jul,901,0.9921704676231727,0.07086799364842179
2031-04_2031-05,2031-04,TTF_M/TTF_M1,month_pair,Jul/Aug,901,0.998092278533602,0.07682805810376644
2031-04_2031-05,2031-04,TTF_M/TTF_M1,month_pair,Aug/Sep,903,0.9981227075685614,0.08668585336549814
2031-04_2031-05,2031-04,TTF_M/TTF_M1,month_pair,Sep/Oct,904,0.9826114184604756,0.0726808775744752
2031-04_2031-05,2031-04,TTF_M/TTF_M1,pooled,all,10841,0.9842662438795389,1.0
2031-04_2031-05,2031-04,HH_M/HH_M1,year,2018,188,0.9922764883233355,0.0014775572614345405
2031-04_2031-05,2031-04,HH_M/HH_M1,year,2019,780,0.993502992302641,0.004657405496104967
2031-04_2031-05,2031-04,HH_M/HH_M1,year,2020,1391,0.9870513436021445,0.01318022322003003
2031-04_2031-05,2031-04,HH_M/HH_M1,year,2021,1995,0.9876603441882511,0.04600420792321886
2031-04_2031-05,2031-04,HH_M/HH_M1,year,2022,2370,0.9910471961434838,0.4636857437818634
2031-04_2031-05,2031-04,HH_M/HH_M1,year,2023,1919,0.9869615071898581,0.1802238724935203
2031-04_2031-05,2031-04,HH_M/HH_M1,year,2024,1326,0.974033597299965,0.11190040009157796
2031-04_2031-05,2031-04,HH_M/HH_M1,year,2025,725,0.9899157528338458,0.12057977132325871
2031-04_2031-05,2031-04,HH_M/HH_M1,year,2026,147,0.9254844482819381,0.058290818408991245
2031-04_2031-05,2031-04,HH_M/HH_M1,days_to_expiry,"(1460, 2200]",1178,0.995561839667974,0.02320328509402487
2031-04_2031-05,2031-04,HH_M/HH_M1,days_to_expiry,"(1095, 1460]",2411,0.9951808322832721,0.06716596885184925
2031-04_2031-05,2031-04,HH_M/HH_M1,days_to_expiry,"(730, 1095]",2412,0.9911552160961807,0.09236807752903897
2031-04_2031-05,2031-04,HH_M/HH_M1,days_to_expiry,"(365, 730]",2401,0.9901375488129753,0.18067852097533185
2031-04_2031-05,2031-04,HH_M/HH_M1,days_to_expiry,"(180, 365]",1235,0.9892937420598098,0.21254325699180232
2031-04_2031-05,2031-04,HH_M/HH_M1,days_to_expiry,"(90, 180]",584,0.9938788546709442,0.1507594258431604
2031-04_2031-05,2031-04,HH_M/HH_M1,days_to_expiry,"(60, 90]",195,0.9883725166023278,0.06831087580032608
2031-04_2031-05,2031-04,HH_M/HH_M1,days_to_expiry,"(30, 60]",190,0.9926838155555652,0.08099458853677316
2031-04_2031-05,2031-04,HH_M/HH_M1,days_to_expiry,"(0, 30]",187,0.9750325377393815,0.10126224719670086
2031-04_2031-05,2031-04,HH_M/HH_M1,days_to_expiry,nan,48,0.8054379212931686,0.022713753180992263
2031-04_2031-05,2031-04,HH_M/HH_M1,month_pair,Oct/Nov,905,0.986792806022191,0.09036568190927412
2031-04_2031-05,2031-04,HH_M/HH_M1,month_pair,Nov/Dec,906,0.9886668401664868,0.08110743414872126
2031-04_2031-05,2031-04,HH_M/HH_M1,month_pair,Dec/Jan,906,0.9941696943571614,0.07508236229909246
2031-04_2031-05,2031-04,HH_M/HH_M1,month_pair,Jan/Feb,905,0.9932621414422996,0.08631898317083404
2031-04_2031-05,2031-04,HH_M/HH_M1,month_pair,Feb/Mar,903,0.9375125597906326,0.10879443820304173
2031-04_2031-05,2031-04,HH_M/HH_M1,month_pair,Mar/Apr,902,0.9566625690868735,0.08710102802981144
2031-04_2031-05,2031-04,HH_M/HH_M1,month_pair,Apr/May,903,0.9950329215314733,0.08613582368715554
2031-04_2031-05,2031-04,HH_M/HH_M1,month_pair,May/Jun,902,0.9944620653952989,0.0785590396528708
2031-04_2031-05,2031-04,HH_M/HH_M1,month_pair,Jun/Jul,901,0.991904342183996,0.07721310089322632
2031-04_2031-05,2031-04,HH_M/HH_M1,month_pair,Jul/Aug,901,0.9970339511202431,0.07563427390960628
2031-04_2031-05,2031-04,HH_M/HH_M1,month_pair,Aug/Sep,903,0.9967186053967582,0.07550109545234167
2031-04_2031-05,2031-04,HH_M/HH_M1,month_pair,Sep/Oct,904,0.9977477934761584,0.07818673864402437
2031-04_2031-05,2031-04,HH_M/HH_M1,pooled,all,10841,0.9833046411992432,1.0
2031-04_2031-05,2031-04,Brent_M/Brent_M1,year,2018,188,0.9997990386467874,0.013266502791469513
2031-04_2031-05,2031-04,Brent_M/Brent_M1,year,2019,780,0.9997510388834088,0.017200207596306593
2031-04_2031-05,2031-04,Brent_M/Brent_M1,year,2020,1391,0.9998505986647267,0.13085893162114057
2031-04_2031-05,2031-04,Brent_M/Brent_M1,year,2021,1995,0.9998164125765668,0.1568909114420436
2031-04_2031-05,2031-04,Brent_M/Brent_M1,year,2022,2370,0.9996500921502438,0.30841840165157564
2031-04_2031-05,2031-04,Brent_M/Brent_M1,year,2023,1919,0.999731618098053,0.16062449573861087
2031-04_2031-05,2031-04,Brent_M/Brent_M1,year,2024,1326,0.9998308447569975,0.08232292740767774
2031-04_2031-05,2031-04,Brent_M/Brent_M1,year,2025,725,0.9996742661709913,0.08059244043030264
2031-04_2031-05,2031-04,Brent_M/Brent_M1,year,2026,147,0.9927280910032954,0.04982518132087283
2031-04_2031-05,2031-04,Brent_M/Brent_M1,days_to_expiry,"(1460, 2200]",1178,0.9998416004454331,0.06752739389947068
2031-04_2031-05,2031-04,Brent_M/Brent_M1,days_to_expiry,"(1095, 1460]",2411,0.9997891297960602,0.15428231295666556
2031-04_2031-05,2031-04,Brent_M/Brent_M1,days_to_expiry,"(730, 1095]",2412,0.9997703919237018,0.18265208021803864
2031-04_2031-05,2031-04,Brent_M/Brent_M1,days_to_expiry,"(365, 730]",2401,0.9998418618064007,0.2349242832187672
2031-04_2031-05,2031-04,Brent_M/Brent_M1,days_to_expiry,"(180, 365]",1235,0.9997956512601147,0.15829629584504193
2031-04_2031-05,2031-04,Brent_M/Brent_M1,days_to_expiry,"(90, 180]",584,0.9993267561647361,0.08694996553418023
2031-04_2031-05,2031-04,Brent_M/Brent_M1,days_to_expiry,"(60, 90]",195,0.9981173994201753,0.03151147641776533
2031-04_2031-05,2031-04,Brent_M/Brent_M1,days_to_expiry,"(30, 60]",190,0.9961065763127122,0.03370468380441995
2031-04_2031-05,2031-04,Brent_M/Brent_M1,days_to_expiry,"(0, 30]",187,0.9940436782836023,0.0399291941242203
2031-04_2031-05,2031-04,Brent_M/Brent_M1,days_to_expiry,nan,48,0.9975875550096827,0.010222313981430153
2031-04_2031-05,2031-04,Brent_M/Brent_M1,month_pair,Oct/Nov,905,0.9995456864300589,0.07990324558673856
2031-04_2031-05,2031-04,Brent_M/Brent_M1,month_pair,Nov/Dec,906,0.9996802498584393,0.08317808241390956
2031-04_2031-05,2031-04,Brent_M/Brent_M1,month_pair,Dec/Jan,906,0.9997367014761046,0.09361934649941116
2031-04_2031-05,2031-04,Brent_M/Brent_M1,month_pair,Jan/Feb,905,0.999717384874742,0.08651681275674418
2031-04_2031-05,2031-04,Brent_M/Brent_M1,month_pair,Feb/Mar,903,0.9997073345355102,0.0841964824753691
2031-04_2031-05,2031-04,Brent_M/Brent_M1,month_pair,Mar/Apr,902,0.9997290057879467,0.08445733640486823
2031-04_2031-05,2031-04,Brent_M/Brent_M1,month_pair,Apr/May,903,0.9986533581258836,0.08494493740026594
2031-04_2031-05,2031-04,Brent_M/Brent_M1,month_pair,May/Jun,902,0.9979830744725225,0.08381054448029134
2031-04_2031-05,2031-04,Brent_M/Brent_M1,month_pair,Jun/Jul,901,0.9983223038184893,0.0715932524257046
2031-04_2031-05,2031-04,Brent_M/Brent_M1,month_pair,Jul/Aug,901,0.998880678669993,0.08469218560611919
2031-04_2031-05,2031-04,Brent_M/Brent_M1,month_pair,Aug/Sep,903,0.9991102821866118,0.08420705494447242
2031-04_2031-05,2031-04,Brent_M/Brent_M1,month_pair,Sep/Oct,904,0.9991333379628473,0.0788807190061057
2031-04_2031-05,2031-04,Brent_M/Brent_M1,pooled,all,10841,0.9991868138216142,1.0
2031-04_2031-05,2031-04,TTF_M/HH_M,year,2018,188,-0.1358607456662409,0.0017348813854694057
2031-04_2031-05,2031-04,TTF_M/HH_M,year,2019,780,0.0871867863802631,0.0050844215105016665
2031-04_2031-05,2031-04,TTF_M/HH_M,year,2020,1391,0.030595843956832715,0.0158433809511249
2031-04_2031-05,2031-04,TTF_M/HH_M,year,2021,1995,0.17508688145642545,0.09445560148043959
2031-04_2031-05,2031-04,TTF_M/HH_M,year,2022,2370,0.11751762756884004,0.5510395977183593
2031-04_2031-05,2031-04,TTF_M/HH_M,year,2023,1919,0.1366215084807065,0.16593651477472024
2031-04_2031-05,2031-04,TTF_M/HH_M,year,2024,1326,0.29288136307486434,0.06718410367391948
2031-04_2031-05,2031-04,TTF_M/HH_M,year,2025,725,0.06381045302677259,0.05565057875201847
2031-04_2031-05,2031-04,TTF_M/HH_M,year,2026,147,0.33198477799653797,0.04307091975344697
2031-04_2031-05,2031-04,TTF_M/HH_M,days_to_expiry,"(1460, 2200]",1178,0.09896708300433248,0.026332379386275594
2031-04_2031-05,2031-04,TTF_M/HH_M,days_to_expiry,"(1095, 1460]",2411,0.09752709732330588,0.11109521526252832
2031-04_2031-05,2031-04,TTF_M/HH_M,days_to_expiry,"(730, 1095]",2412,0.12606776438932696,0.16045702704887727
2031-04_2031-05,2031-04,TTF_M/HH_M,days_to_expiry,"(365, 730]",2401,0.15862736029297245,0.2623931077930836
2031-04_2031-05,2031-04,TTF_M/HH_M,days_to_expiry,"(180, 365]",1235,0.1364621827809343,0.20237615741619885
2031-04_2031-05,2031-04,TTF_M/HH_M,days_to_expiry,"(90, 180]",584,0.14040996380189355,0.10125502266637462
2031-04_2031-05,2031-04,TTF_M/HH_M,days_to_expiry,"(60, 90]",195,0.23594936792863225,0.03449395584156599
2031-04_2031-05,2031-04,TTF_M/HH_M,days_to_expiry,"(30, 60]",190,0.2622269035886683,0.03851396813527001
2031-04_2031-05,2031-04,TTF_M/HH_M,days_to_expiry,"(0, 30]",187,0.30790716490322334,0.05142608419440672
2031-04_2031-05,2031-04,TTF_M/HH_M,days_to_expiry,nan,48,0.24307791770244136,0.011657082255418961
2031-04_2031-05,2031-04,TTF_M/HH_M,month_pair,Oct/Nov,905,0.1720464927873852,0.08207267642502115
2031-04_2031-05,2031-04,TTF_M/HH_M,month_pair,Nov/Dec,906,0.06323675846094606,0.0881085276438468
2031-04_2031-05,2031-04,TTF_M/HH_M,month_pair,Dec/Jan,906,0.12477110244666421,0.0875511455381189
2031-04_2031-05,2031-04,TTF_M/HH_M,month_pair,Jan/Feb,905,0.1450772782443153,0.09328079962108175
2031-04_2031-05,2031-04,TTF_M/HH_M,month_pair,Feb/Mar,903,0.20229888524020764,0.10055908749560219
2031-04_2031-05,2031-04,TTF_M/HH_M,month_pair,Mar/Apr,902,0.16320480195235687,0.09997823263940171
2031-04_2031-05,2031-04,TTF_M/HH_M,month_pair,Apr/May,903,0.2334263307554768,0.07611418289013708
2031-04_2031-05,2031-04,TTF_M/HH_M,month_pair,May/Jun,902,0.2273242603351393,0.06982757767074488
2031-04_2031-05,2031-04,TTF_M/HH_M,month_pair,Jun/Jul,901,0.10415688443121698,0.07096751788113549
2031-04_2031-05,2031-04,TTF_M/HH_M,month_pair,Jul/Aug,901,0.10466161247728495,0.07523279601709981
2031-04_2031-05,2031-04,TTF_M/HH_M,month_pair,Aug/Sep,903,0.1182769833131237,0.08329247195003765
2031-04_2031-05,2031-04,TTF_M/HH_M,month_pair,Sep/Oct,904,0.22330783128803697,0.07301498422777256
2031-04_2031-05,2031-04,TTF_M/HH_M,pooled,all,10841,0.1568095012615234,1.0
2031-04_2031-05,2031-04,TTF_M/Brent_M,year,2018,188,0.5494079813675783,0.0033856886626309683
2031-04_2031-05,2031-04,TTF_M/Brent_M,year,2019,780,0.393763166641956,0.0069108654005704765
2031-04_2031-05,2031-04,TTF_M/Brent_M,year,2020,1391,0.6258814067623814,0.03230563924963976
2031-04_2031-05,2031-04,TTF_M/Brent_M,year,2021,1995,0.11524501272446654,0.1147440819454653
2031-04_2031-05,2031-04,TTF_M/Brent_M,year,2022,2370,0.09355841283710627,0.540936341478881
2031-04_2031-05,2031-04,TTF_M/Brent_M,year,2023,1919,0.1401316685816051,0.16209492999152655
2031-04_2031-05,2031-04,TTF_M/Brent_M,year,2024,1326,0.02265741674456452,0.057101469128715755
2031-04_2031-05,2031-04,TTF_M/Brent_M,year,2025,725,0.5076001870113045,0.04332553413045046
2031-04_2031-05,2031-04,TTF_M/Brent_M,year,2026,147,0.5943554766607196,0.039195450012119715
2031-04_2031-05,2031-04,TTF_M/Brent_M,days_to_expiry,"(1460, 2200]",1178,0.28569689662981074,0.03298341679166249
2031-04_2031-05,2031-04,TTF_M/Brent_M,days_to_expiry,"(1095, 1460]",2411,0.2043137288454266,0.12819504463117817
2031-04_2031-05,2031-04,TTF_M/Brent_M,days_to_expiry,"(730, 1095]",2412,0.21116646811972192,0.1807070219375778
2031-04_2031-05,2031-04,TTF_M/Brent_M,days_to_expiry,"(365, 730]",2401,0.1560175438950644,0.27905906994564056
2031-04_2031-05,2031-04,TTF_M/Brent_M,days_to_expiry,"(180, 365]",1235,0.12477300972528965,0.19470994566249852
2031-04_2031-05,2031-04,TTF_M/Brent_M,days_to_expiry,"(90, 180]",584,0.14721514429843868,0.08737825928832449
2031-04_2031-05,2031-04,TTF_M/Brent_M,days_to_expiry,"(60, 90]",195,0.17237282164329326,0.025444773076236025
2031-04_2031-05,2031-04,TTF_M/Brent_M,days_to_expiry,"(30, 60]",190,0.24151956998032847,0.027699074811060268
2031-04_2031-05,2031-04,TTF_M/Brent_M,days_to_expiry,"(0, 30]",187,0.2940359863698757,0.036767662285414025
2031-04_2031-05,2031-04,TTF_M/Brent_M,days_to_expiry,nan,48,0.1011019132851121,0.007055731570407675
2031-04_2031-05,2031-04,TTF_M/Brent_M,month_pair,Oct/Nov,905,0.1795325081888022,0.07936412824371762
2031-04_2031-05,2031-04,TTF_M/Brent_M,month_pair,Nov/Dec,906,0.14316960594319733,0.08856616542841142
2031-04_2031-05,2031-04,TTF_M/Brent_M,month_pair,Dec/Jan,906,0.15406354937673528,0.09160686238743153
2031-04_2031-05,2031-04,TTF_M/Brent_M,month_pair,Jan/Feb,905,0.1807570099630931,0.09484723498690294
2031-04_2031-05,2031-04,TTF_M/Brent_M,month_pair,Feb/Mar,903,0.17522893299537426,0.09428605921691378
2031-04_2031-05,2031-04,TTF_M/Brent_M,month_pair,Mar/Apr,902,0.1486390693478531,0.09988972450107761
2031-04_2031-05,2031-04,TTF_M/Brent_M,month_pair,Apr/May,903,0.20286198139060158,0.07554304860978844
2031-04_2031-05,2031-04,TTF_M/Brent_M,month_pair,May/Jun,902,0.246367362376246,0.06986028310199743
2031-04_2031-05,2031-04,TTF_M/Brent_M,month_pair,Jun/Jul,901,0.12386835071166002,0.06953351747379041
2031-04_2031-05,2031-04,TTF_M/Brent_M,month_pair,Jul/Aug,901,0.18302196849095942,0.07707156144795294
2031-04_2031-05,2031-04,TTF_M/Brent_M,month_pair,Aug/Sep,903,0.21451241717895828,0.08616875944519946
2031-04_2031-05,2031-04,TTF_M/Brent_M,month_pair,Sep/Oct,904,0.20804619967183963,0.07326265515681639
2031-04_2031-05,2031-04,TTF_M/Brent_M,pooled,all,10841,0.17899597006061094,1.0
2031-04_2031-05,2031-04,HH_M/Brent_M,year,2018,188,0.06983692318910688,0.0056707283570510535
2031-04_2031-05,2031-04,HH_M/Brent_M,year,2019,780,0.15512903920883925,0.008988586300503002
2031-04_2031-05,2031-04,HH_M/Brent_M,year,2020,1391,0.10723587110014317,0.055371558775159486
2031-04_2031-05,2031-04,HH_M/Brent_M,year,2021,1995,0.07475404836963265,0.08492766276339006
2031-04_2031-05,2031-04,HH_M/Brent_M,year,2022,2370,0.3467542751645187,0.39812798953842143
2031-04_2031-05,2031-04,HH_M/Brent_M,year,2023,1919,0.2185886354606518,0.1723967100150082
2031-04_2031-05,2031-04,HH_M/Brent_M,year,2024,1326,0.03768077241231375,0.10534019276530322
2031-04_2031-05,2031-04,HH_M/Brent_M,year,2025,725,0.19205368192379157,0.10758176127690969
2031-04_2031-05,2031-04,HH_M/Brent_M,year,2026,147,0.141717921103914,0.061594810208253914
2031-04_2031-05,2031-04,HH_M/Brent_M,days_to_expiry,"(1460, 2200]",1178,0.15390084064865667,0.03804136716266072
2031-04_2031-05,2031-04,HH_M/Brent_M,days_to_expiry,"(1095, 1460]",2411,0.1993577814041128,0.09575480645600098
2031-04_2031-05,2031-04,HH_M/Brent_M,days_to_expiry,"(730, 1095]",2412,0.23747250300186062,0.1217419198864877
2031-04_2031-05,2031-04,HH_M/Brent_M,days_to_expiry,"(365, 730]",2401,0.30194070638895226,0.1971096577628914
2031-04_2031-05,2031-04,HH_M/Brent_M,days_to_expiry,"(180, 365]",1235,0.24818303530028918,0.19046485016131978
2031-04_2031-05,2031-04,HH_M/Brent_M,days_to_expiry,"(90, 180]",584,0.23250980613104702,0.1283007149889383
2031-04_2031-05,2031-04,HH_M/Brent_M,days_to_expiry,"(60, 90]",195,0.1463190032498796,0.056884244726541626
2031-04_2031-05,2031-04,HH_M/Brent_M,days_to_expiry,"(30, 60]",190,0.12421537141307123,0.0648849925288932
2031-04_2031-05,2031-04,HH_M/Brent_M,days_to_expiry,"(0, 30]",187,0.15106714738603924,0.08356465824062494
2031-04_2031-05,2031-04,HH_M/Brent_M,days_to_expiry,nan,48,0.10479773466202046,0.023252788085641435
2031-04_2031-05,2031-04,HH_M/Brent_M,month_pair,Oct/Nov,905,0.26700886322103107,0.08757402576223511
2031-04_2031-05,2031-04,HH_M/Brent_M,month_pair,Nov/Dec,906,0.21067159822085998,0.08295421498619146
2031-04_2031-05,2031-04,HH_M/Brent_M,month_pair,Dec/Jan,906,0.21251028717943998,0.08088196456632495
2031-04_2031-05,2031-04,HH_M/Brent_M,month_pair,Jan/Feb,905,0.19920698177915136,0.08382717908128337
2031-04_2031-05,2031-04,HH_M/Brent_M,month_pair,Feb/Mar,903,0.20348355647569408,0.10494387305141399
2031-04_2031-05,2031-04,HH_M/Brent_M,month_pair,Mar/Apr,902,0.20181901397385152,0.08848206085597912
2031-04_2031-05,2031-04,HH_M/Brent_M,month_pair,Apr/May,903,0.2277668498198935,0.0843438762618049
2031-04_2031-05,2031-04,HH_M/Brent_M,month_pair,May/Jun,902,0.25693016361246546,0.08047988113652634
2031-04_2031-05,2031-04,HH_M/Brent_M,month_pair,Jun/Jul,901,0.2010460711743208,0.07563619363648905
2031-04_2031-05,2031-04,HH_M/Brent_M,month_pair,Jul/Aug,901,0.22279965013777384,0.07746214511644123
2031-04_2031-05,2031-04,HH_M/Brent_M,month_pair,Aug/Sep,903,0.16352687022699017,0.07642863205675395
2031-04_2031-05,2031-04,HH_M/Brent_M,month_pair,Sep/Oct,904,0.20910752738584407,0.07698595348855669
2031-04_2031-05,2031-04,HH_M/Brent_M,pooled,all,10841,0.2141639293874993,1.0
2031-05_2031-06,2031-05,TTF_M/TTF_M1,year,2018,233,0.9934985516189067,0.002159434059517566
2031-05_2031-06,2031-05,TTF_M/TTF_M1,year,2019,830,0.9903492418055755,0.005813684967403831
2031-05_2031-06,2031-05,TTF_M/TTF_M1,year,2020,1444,0.9888422164576863,0.017495776943419354
2031-05_2031-06,2031-05,TTF_M/TTF_M1,year,2021,2047,0.9570781469347173,0.10487751142985806
2031-05_2031-06,2031-05,TTF_M/TTF_M1,year,2022,2379,0.9851111017925283,0.5842249300349367
2031-05_2031-06,2031-05,TTF_M/TTF_M1,year,2023,1919,0.9870728988438817,0.1594440273753731
2031-05_2031-06,2031-05,TTF_M/TTF_M1,year,2024,1326,0.9955624074590642,0.052569888870280156
2031-05_2031-06,2031-05,TTF_M/TTF_M1,year,2025,725,0.9943391031392965,0.037172614100770336
2031-05_2031-06,2031-05,TTF_M/TTF_M1,year,2026,147,0.995076183987661,0.03624213221844097
2031-05_2031-06,2031-05,TTF_M/TTF_M1,days_to_expiry,"(1460, 2200]",1387,0.9838923136828899,0.031199637750463433
2031-05_2031-06,2031-05,TTF_M/TTF_M1,days_to_expiry,"(1095, 1460]",2411,0.9779728012514908,0.12561537989994548
2031-05_2031-06,2031-05,TTF_M/TTF_M1,days_to_expiry,"(730, 1095]",2412,0.9836211423106326,0.18215925877715805
2031-05_2031-06,2031-05,TTF_M/TTF_M1,days_to_expiry,"(365, 730]",2401,0.9778694599072129,0.2820442898195726
2031-05_2031-06,2031-05,TTF_M/TTF_M1,days_to_expiry,"(180, 365]",1235,0.9901451528152165,0.20169937329231305
2031-05_2031-06,2031-05,TTF_M/TTF_M1,days_to_expiry,"(90, 180]",584,0.9969903309595645,0.08760835900858552
2031-05_2031-06,2031-05,TTF_M/TTF_M1,days_to_expiry,"(60, 90]",195,0.9953435015713061,0.02399931875233519
2031-05_2031-06,2031-05,TTF_M/TTF_M1,days_to_expiry,"(30, 60]",190,0.9925496960334068,0.025599099103749762
2031-05_2031-06,2031-05,TTF_M/TTF_M1,days_to_expiry,"(0, 30]",187,0.9854042182959604,0.03378213323989161
2031-05_2031-06,2031-05,TTF_M/TTF_M1,days_to_expiry,nan,48,0.9859623630705328,0.006293150355985359
2031-05_2031-06,2031-05,TTF_M/TTF_M1,month_pair,Oct/Nov,922,0.9918404982364089,0.07756360445318375
2031-05_2031-06,2031-05,TTF_M/TTF_M1,month_pair,Nov/Dec,922,0.9961510921041964,0.08957311578453679
2031-05_2031-06,2031-05,TTF_M/TTF_M1,month_pair,Dec/Jan,922,0.990444350098795,0.09183096891433123
2031-05_2031-06,2031-05,TTF_M/TTF_M1,month_pair,Jan/Feb,921,0.9966255827120583,0.09798622969106734
2031-05_2031-06,2031-05,TTF_M/TTF_M1,month_pair,Feb/Mar,921,0.9967347022897687,0.0983067068226274
2031-05_2031-06,2031-05,TTF_M/TTF_M1,month_pair,Mar/Apr,921,0.9053886111620878,0.09307674759052958
2031-05_2031-06,2031-05,TTF_M/TTF_M1,month_pair,Apr/May,921,0.9813094850438592,0.07477265203186209
2031-05_2031-06,2031-05,TTF_M/TTF_M1,month_pair,May/Jun,921,0.9955946481668606,0.06951422015119885
2031-05_2031-06,2031-05,TTF_M/TTF_M1,month_pair,Jun/Jul,920,0.9921897925126515,0.07086964372420149
2031-05_2031-06,2031-05,TTF_M/TTF_M1,month_pair,Jul/Aug,920,0.9980968318293078,0.0769509961236074
2031-05_2031-06,2031-05,TTF_M/TTF_M1,month_pair,Aug/Sep,918,0.9981200989219724,0.08676898271456975
2031-05_2031-06,2031-05,TTF_M/TTF_M1,month_pair,Sep/Oct,921,0.982630901036759,0.0727861319982843
2031-05_2031-06,2031-05,TTF_M/TTF_M1,pooled,all,11050,0.9842900760579446,1.0
2031-05_2031-06,2031-05,HH_M/HH_M1,year,2018,233,0.9932827330167674,0.0018463425967867346
2031-05_2031-06,2031-05,HH_M/HH_M1,year,2019,830,0.9936490955091334,0.004912553519248433
2031-05_2031-06,2031-05,HH_M/HH_M1,year,2020,1444,0.9870495193099411,0.01371812710259525
2031-05_2031-06,2031-05,HH_M/HH_M1,year,2021,2047,0.9877818979992918,0.046673598295583076
2031-05_2031-06,2031-05,HH_M/HH_M1,year,2022,2379,0.9910515072465862,0.46294099252448445
2031-05_2031-06,2031-05,HH_M/HH_M1,year,2023,1919,0.9869615071898581,0.17980813764814235
2031-05_2031-06,2031-05,HH_M/HH_M1,year,2024,1326,0.974033597299965,0.11164227171554125
2031-05_2031-06,2031-05,HH_M/HH_M1,year,2025,725,0.9899157528338458,0.12030162164256876
2031-05_2031-06,2031-05,HH_M/HH_M1,year,2026,147,0.9254844482819381,0.05815635495504961
2031-05_2031-06,2031-05,HH_M/HH_M1,days_to_expiry,"(1460, 2200]",1387,0.9954800863669465,0.02545652949288607
2031-05_2031-06,2031-05,HH_M/HH_M1,days_to_expiry,"(1095, 1460]",2411,0.9951808322832721,0.06701103247583565
2031-05_2031-06,2031-05,HH_M/HH_M1,days_to_expiry,"(730, 1095]",2412,0.9911552160961807,0.09215500570953973
2031-05_2031-06,2031-05,HH_M/HH_M1,days_to_expiry,"(365, 730]",2401,0.9901375488129753,0.180261737360922
2031-05_2031-06,2031-05,HH_M/HH_M1,days_to_expiry,"(180, 365]",1235,0.9892937420598098,0.21205296879158186
2031-05_2031-06,2031-05,HH_M/HH_M1,days_to_expiry,"(90, 180]",584,0.9938788546709442,0.150411658670449
2031-05_2031-06,2031-05,HH_M/HH_M1,days_to_expiry,"(60, 90]",195,0.9883725166023278,0.0681532983884352
2031-05_2031-06,2031-05,HH_M/HH_M1,days_to_expiry,"(30, 60]",190,0.9926838155555652,0.08080775272930822
2031-05_2031-06,2031-05,HH_M/HH_M1,days_to_expiry,"(0, 30]",187,0.9750325377393815,0.10102865858217114
2031-05_2031-06,2031-05,HH_M/HH_M1,days_to_expiry,nan,48,0.8054379212931686,0.022661357798871108
2031-05_2031-06,2031-05,HH_M/HH_M1,month_pair,Oct/Nov,922,0.9868033030932368,0.09027109410796264
2031-05_2031-06,2031-05,HH_M/HH_M1,month_pair,Nov/Dec,922,0.9886770778956968,0.08100501345582085
2031-05_2031-06,2031-05,HH_M/HH_M1,month_pair,Dec/Jan,922,0.9941698458323359,0.07501559795613766
2031-05_2031-06,2031-05,HH_M/HH_M1,month_pair,Jan/Feb,921,0.9932654593585133,0.08618833506283105
2031-05_2031-06,2031-05,HH_M/HH_M1,month_pair,Feb/Mar,921,0.9375948847452937,0.10878012764856348
2031-05_2031-06,2031-05,HH_M/HH_M1,month_pair,Mar/Apr,921,0.956593814771279,0.08714337919310026
2031-05_2031-06,2031-05,HH_M/HH_M1,month_pair,Apr/May,921,0.9950431666350961,0.086356391656803
2031-05_2031-06,2031-05,HH_M/HH_M1,month_pair,May/Jun,921,0.9944749434864875,0.07864386590349515
2031-05_2031-06,2031-05,HH_M/HH_M1,month_pair,Jun/Jul,920,0.9919226383403474,0.07726490705797813
2031-05_2031-06,2031-05,HH_M/HH_M1,month_pair,Jul/Aug,920,0.9970378917407737,0.07559730046992008
2031-05_2031-06,2031-05,HH_M/HH_M1,month_pair,Aug/Sep,918,0.9967216472865479,0.07542008663624948
2031-05_2031-06,2031-05,HH_M/HH_M1,month_pair,Sep/Oct,921,0.9977542773433513,0.07831390085113818
2031-05_2031-06,2031-05,HH_M/HH_M1,pooled,all,11050,0.9833221245593943,1.0
2031-05_2031-06,2031-05,Brent_M/Brent_M1,year,2018,233,0.9998126914492506,0.015560622457879219
2031-05_2031-06,2031-05,Brent_M/Brent_M1,year,2019,830,0.9997527879554957,0.01800265440812856
2031-05_2031-06,2031-05,Brent_M/Brent_M1,year,2020,1444,0.9998524152139117,0.13400005311400806
2031-05_2031-06,2031-05,Brent_M/Brent_M1,year,2021,2047,0.9998174250900301,0.15822835852397577
2031-05_2031-06,2031-05,Brent_M/Brent_M1,year,2022,2379,0.9996495283232969,0.3052359882210975
2031-05_2031-06,2031-05,Brent_M/Brent_M1,year,2023,1919,0.999731618098053,0.15873471332543274
2031-05_2031-06,2031-05,Brent_M/Brent_M1,year,2024,1326,0.9998308447569975,0.0813543801154295
2031-05_2031-06,2031-05,Brent_M/Brent_M1,year,2025,725,0.9996742661709913,0.07964425269679444
2031-05_2031-06,2031-05,Brent_M/Brent_M1,year,2026,147,0.9927280910032954,0.04923897713725427
2031-05_2031-06,2031-05,Brent_M/Brent_M1,days_to_expiry,"(1460, 2200]",1387,0.9998480759816408,0.0784981385774605
2031-05_2031-06,2031-05,Brent_M/Brent_M1,days_to_expiry,"(1095, 1460]",2411,0.9997891297960602,0.15246714771459427
2031-05_2031-06,2031-05,Brent_M/Brent_M1,days_to_expiry,"(730, 1095]",2412,0.9997703919237018,0.1805031384433783
2031-05_2031-06,2031-05,Brent_M/Brent_M1,days_to_expiry,"(365, 730]",2401,0.9998418618064007,0.23216034751385603
2031-05_2031-06,2031-05,Brent_M/Brent_M1,days_to_expiry,"(180, 365]",1235,0.9997956512601147,0.1564339052141259
2031-05_2031-06,2031-05,Brent_M/Brent_M1,days_to_expiry,"(90, 180]",584,0.9993267561647361,0.08592698012378346
2031-05_2031-06,2031-05,Brent_M/Brent_M1,days_to_expiry,"(60, 90]",195,0.9981173994201753,0.031140736988055452
2031-05_2031-06,2031-05,Brent_M/Brent_M1,days_to_expiry,"(30, 60]",190,0.9961065763127122,0.03330814080889221
2031-05_2031-06,2031-05,Brent_M/Brent_M1,days_to_expiry,"(0, 30]",187,0.9940436782836023,0.03945941839990537
2031-05_2031-06,2031-05,Brent_M/Brent_M1,days_to_expiry,nan,48,0.9975875550096827,0.010102046215948552
2031-05_2031-06,2031-05,Brent_M/Brent_M1,month_pair,Oct/Nov,922,0.9995566103640303,0.08188316559996543
2031-05_2031-06,2031-05,Brent_M/Brent_M1,month_pair,Nov/Dec,922,0.9996806521929809,0.08288642145453244
2031-05_2031-06,2031-05,Brent_M/Brent_M1,month_pair,Dec/Jan,922,0.9997363362531865,0.09356140136504543
2031-05_2031-06,2031-05,Brent_M/Brent_M1,month_pair,Jan/Feb,921,0.9997175650948756,0.08606807993224869
2031-05_2031-06,2031-05,Brent_M/Brent_M1,month_pair,Feb/Mar,921,0.9997098520025242,0.08434435559000693
2031-05_2031-06,2031-05,Brent_M/Brent_M1,month_pair,Mar/Apr,921,0.9997288486688622,0.08374469315050886
2031-05_2031-06,2031-05,Brent_M/Brent_M1,month_pair,Apr/May,921,0.9986578810033236,0.08436650336090999
2031-05_2031-06,2031-05,Brent_M/Brent_M1,month_pair,May/Jun,921,0.9980022684905782,0.08398302295761524
2031-05_2031-06,2031-05,Brent_M/Brent_M1,month_pair,Jun/Jul,920,0.9983351089641491,0.07159919712511424
2031-05_2031-06,2031-05,Brent_M/Brent_M1,month_pair,Jul/Aug,920,0.9988905306871552,0.08476556721416056
2031-05_2031-06,2031-05,Brent_M/Brent_M1,month_pair,Aug/Sep,918,0.9991133085349414,0.08375286061823797
2031-05_2031-06,2031-05,Brent_M/Brent_M1,month_pair,Sep/Oct,921,0.9991383016317457,0.07904473163165426
2031-05_2031-06,2031-05,Brent_M/Brent_M1,pooled,all,11050,0.9991926831135494,1.0
2031-05_2031-06,2031-05,TTF_M/HH_M,year,2018,233,-0.13973272669139314,0.002035346732661777
2031-05_2031-06,2031-05,TTF_M/HH_M,year,2019,830,0.09096845135183733,0.005461193334841934
2031-05_2031-06,2031-05,TTF_M/HH_M,year,2020,1444,0.02927703553297056,0.016331022058598946
2031-05_2031-06,2031-05,TTF_M/HH_M,year,2021,2047,0.17421872022403584,0.0950125114479332
2031-05_2031-06,2031-05,TTF_M/HH_M,year,2022,2379,0.11753061685105706,0.5501110462547911
2031-05_2031-06,2031-05,TTF_M/HH_M,year,2023,1919,0.1366215084807065,0.1655398594364556
2031-05_2031-06,2031-05,TTF_M/HH_M,year,2024,1326,0.29288136307486434,0.06702350651177609
2031-05_2031-06,2031-05,TTF_M/HH_M,year,2025,725,0.06381045302677259,0.05551755137603994
2031-05_2031-06,2031-05,TTF_M/HH_M,year,2026,147,0.33198477799653797,0.04296796284690132
2031-05_2031-06,2031-05,TTF_M/HH_M,days_to_expiry,"(1460, 2200]",1387,0.0990253051736322,0.028659838534951756
2031-05_2031-06,2031-05,TTF_M/HH_M,days_to_expiry,"(1095, 1460]",2411,0.09752709732330588,0.11082965279576586
2031-05_2031-06,2031-05,TTF_M/HH_M,days_to_expiry,"(730, 1095]",2412,0.12606776438932696,0.16007346990096794
2031-05_2031-06,2031-05,TTF_M/HH_M,days_to_expiry,"(365, 730]",2401,0.15862736029297245,0.2617658822118349
2031-05_2031-06,2031-05,TTF_M/HH_M,days_to_expiry,"(180, 365]",1235,0.1364621827809343,0.2018923966039051
2031-05_2031-06,2031-05,TTF_M/HH_M,days_to_expiry,"(90, 180]",584,0.14040996380189355,0.10101298223711015
2031-05_2031-06,2031-05,TTF_M/HH_M,days_to_expiry,"(60, 90]",195,0.23594936792863225,0.03441150134539318
2031-05_2031-06,2031-05,TTF_M/HH_M,days_to_expiry,"(30, 60]",190,0.2622269035886683,0.03842190418491317
2031-05_2031-06,2031-05,TTF_M/HH_M,days_to_expiry,"(0, 30]",187,0.30790716490322334,0.05130315506787028
2031-05_2031-06,2031-05,TTF_M/HH_M,days_to_expiry,nan,48,0.24307791770244136,0.011629217117287795
2031-05_2031-06,2031-05,TTF_M/HH_M,month_pair,Oct/Nov,922,0.17202266601677532,0.08203439412218705
2031-05_2031-06,2031-05,TTF_M/HH_M,month_pair,Nov/Dec,922,0.06350278350318238,0.08797935609059752
2031-05_2031-06,2031-05,TTF_M/HH_M,month_pair,Dec/Jan,922,0.12450965107946024,0.0874943988711005
2031-05_2031-06,2031-05,TTF_M/HH_M,month_pair,Jan/Feb,921,0.14509195181073248,0.09318598423058376
2031-05_2031-06,2031-05,TTF_M/HH_M,month_pair,Feb/Mar,921,0.20230713749545637,0.1004515516808219
2031-05_2031-06,2031-05,TTF_M/HH_M,month_pair,Mar/Apr,921,0.16333376641967495,0.09991865439184361
2031-05_2031-06,2031-05,TTF_M/HH_M,month_pair,Apr/May,921,0.2326012696472902,0.07622357463854264
2031-05_2031-06,2031-05,TTF_M/HH_M,month_pair,May/Jun,921,0.22586841035000355,0.06992735217570999
2031-05_2031-06,2031-05,TTF_M/HH_M,month_pair,Jun/Jul,920,0.10395740731148266,0.07098070841695632
2031-05_2031-06,2031-05,TTF_M/HH_M,month_pair,Jul/Aug,920,0.10466904580742273,0.07532487654856583
2031-05_2031-06,2031-05,TTF_M/HH_M,month_pair,Aug/Sep,918,0.1181616670328741,0.08334972231829152
2031-05_2031-06,2031-05,TTF_M/HH_M,month_pair,Sep/Oct,921,0.2237546695175472,0.07312942651479949
2031-05_2031-06,2031-05,TTF_M/HH_M,pooled,all,11050,0.15667620071087812,1.0
2031-05_2031-06,2031-05,TTF_M/Brent_M,year,2018,233,0.538314429711803,0.003960451396671195
2031-05_2031-06,2031-05,TTF_M/Brent_M,year,2019,830,0.40162851987108206,0.007390131910422518
2031-05_2031-06,2031-05,TTF_M/Brent_M,year,2020,1444,0.6218607193165102,0.033279348620535144
2031-05_2031-06,2031-05,TTF_M/Brent_M,year,2021,2047,0.11617510552727316,0.11544219367169908
2031-05_2031-06,2031-05,TTF_M/Brent_M,year,2022,2379,0.093580951029711,0.5393349736534182
2031-05_2031-06,2031-05,TTF_M/Brent_M,year,2023,1919,0.1401316685816051,0.16149081195011616
2031-05_2031-06,2031-05,TTF_M/Brent_M,year,2024,1326,0.02265741674456452,0.056888655392385454
2031-05_2031-06,2031-05,TTF_M/Brent_M,year,2025,725,0.5076001870113045,0.04316406247416044
2031-05_2031-06,2031-05,TTF_M/Brent_M,year,2026,147,0.5943554766607196,0.03904937093059163
2031-05_2031-06,2031-05,TTF_M/Brent_M,days_to_expiry,"(1460, 2200]",1387,0.2958683167341086,0.03658742935571808
2031-05_2031-06,2031-05,TTF_M/Brent_M,days_to_expiry,"(1095, 1460]",2411,0.2043137288454266,0.12771726942078046
2031-05_2031-06,2031-05,TTF_M/Brent_M,days_to_expiry,"(730, 1095]",2412,0.21116646811972192,0.18003353775045522
2031-05_2031-06,2031-05,TTF_M/Brent_M,days_to_expiry,"(365, 730]",2401,0.1560175438950644,0.2780190335991479
2031-05_2031-06,2031-05,TTF_M/Brent_M,days_to_expiry,"(180, 365]",1235,0.12477300972528965,0.19398427342202254
2031-05_2031-06,2031-05,TTF_M/Brent_M,days_to_expiry,"(90, 180]",584,0.14721514429843868,0.08705260577858256
2031-05_2031-06,2031-05,TTF_M/Brent_M,days_to_expiry,"(60, 90]",195,0.17237282164329326,0.025349941939470978
2031-05_2031-06,2031-05,TTF_M/Brent_M,days_to_expiry,"(30, 60]",190,0.24151956998032847,0.027595842027501816
2031-05_2031-06,2031-05,TTF_M/Brent_M,days_to_expiry,"(0, 30]",187,0.2940359863698757,0.03663063142252236
2031-05_2031-06,2031-05,TTF_M/Brent_M,days_to_expiry,nan,48,0.1011019132851121,0.007029435283798001
2031-05_2031-06,2031-05,TTF_M/Brent_M,month_pair,Oct/Nov,922,0.18205936593325295,0.0796149763219798
2031-05_2031-06,2031-05,TTF_M/Brent_M,month_pair,Nov/Dec,922,0.14343335310464697,0.0883993233252491
2031-05_2031-06,2031-05,TTF_M/Brent_M,month_pair,Dec/Jan,922,0.15555858189327526,0.09155210248507994
2031-05_2031-06,2031-05,TTF_M/Brent_M,month_pair,Jan/Feb,921,0.1815225932054583,0.09469685307048853
2031-05_2031-06,2031-05,TTF_M/Brent_M,month_pair,Feb/Mar,921,0.1762384061304428,0.09418612751788694
2031-05_2031-06,2031-05,TTF_M/Brent_M,month_pair,Mar/Apr,921,0.14920244042902353,0.09970551845593961
2031-05_2031-06,2031-05,TTF_M/Brent_M,month_pair,Apr/May,921,0.2043589181769128,0.07554799174862162
2031-05_2031-06,2031-05,TTF_M/Brent_M,month_pair,May/Jun,921,0.24838225052756552,0.06999034511267672
2031-05_2031-06,2031-05,TTF_M/Brent_M,month_pair,Jun/Jul,920,0.12415398163877997,0.06953919987937991
2031-05_2031-06,2031-05,TTF_M/Brent_M,month_pair,Jul/Aug,920,0.1818172662197769,0.07719846869469808
2031-05_2031-06,2031-05,TTF_M/Brent_M,month_pair,Aug/Sep,918,0.21534718306534095,0.08618148428238295
2031-05_2031-06,2031-05,TTF_M/Brent_M,month_pair,Sep/Oct,921,0.2076610176867991,0.07338760910561666
2031-05_2031-06,2031-05,TTF_M/Brent_M,pooled,all,11050,0.1798271521707127,1.0
2031-05_2031-06,2031-05,HH_M/Brent_M,year,2018,233,0.08567025442679135,0.006746328123674442
2031-05_2031-06,2031-05,HH_M/Brent_M,year,2019,830,0.15218140703439303,0.009461639266847186
2031-05_2031-06,2031-05,HH_M/Brent_M,year,2020,1444,0.10479482272556448,0.05708892099520145
2031-05_2031-06,2031-05,HH_M/Brent_M,year,2021,2047,0.06975099663440482,0.08604689165992
2031-05_2031-06,2031-05,HH_M/Brent_M,year,2022,2379,0.3469341033546193,0.39624801351632577
2031-05_2031-06,2031-05,HH_M/Brent_M,year,2023,1919,0.2185886354606518,0.17143030386252503
2031-05_2031-06,2031-05,HH_M/Brent_M,year,2024,1326,0.03768077241231375,0.1047496860764964
2031-05_2031-06,2031-05,HH_M/Brent_M,year,2025,725,0.19205368192379157,0.1069786890025958
2031-05_2031-06,2031-05,HH_M/Brent_M,year,2026,147,0.141717921103914,0.06124952749641383
2031-05_2031-06,2031-05,HH_M/Brent_M,days_to_expiry,"(1460, 2200]",1387,0.14208950183880964,0.04343382935713842
2031-05_2031-06,2031-05,HH_M/Brent_M,days_to_expiry,"(1095, 1460]",2411,0.1993577814041128,0.09521803267371211
2031-05_2031-06,2031-05,HH_M/Brent_M,days_to_expiry,"(730, 1095]",2412,0.23747250300186062,0.12105946985375117
2031-05_2031-06,2031-05,HH_M/Brent_M,days_to_expiry,"(365, 730]",2401,0.30194070638895226,0.19600471796468222
2031-05_2031-06,2031-05,HH_M/Brent_M,days_to_expiry,"(180, 365]",1235,0.24818303530028918,0.18939715923489978
2031-05_2031-06,2031-05,HH_M/Brent_M,days_to_expiry,"(90, 180]",584,0.23250980613104702,0.12758149824563442
2031-05_2031-06,2031-05,HH_M/Brent_M,days_to_expiry,"(60, 90]",195,0.1463190032498796,0.056565368083951975
2031-05_2031-06,2031-05,HH_M/Brent_M,days_to_expiry,"(30, 60]",190,0.12421537141307123,0.06452126600546773
2031-05_2031-06,2031-05,HH_M/Brent_M,days_to_expiry,"(0, 30]",187,0.15106714738603924,0.08309621890760713
2031-05_2031-06,2031-05,HH_M/Brent_M,days_to_expiry,nan,48,0.10479773466202046,0.02312243967315494
2031-05_2031-06,2031-05,HH_M/Brent_M,month_pair,Oct/Nov,922,0.2608428017503984,0.08821081911191304
2031-05_2031-06,2031-05,HH_M/Brent_M,month_pair,Nov/Dec,922,0.21040515878041566,0.08279191106864356
2031-05_2031-06,2031-05,HH_M/Brent_M,month_pair,Dec/Jan,922,0.2118074663781586,0.08086773479577646
2031-05_2031-06,2031-05,HH_M/Brent_M,month_pair,Jan/Feb,921,0.19878767890940574,0.08360396350284868
2031-05_2031-06,2031-05,HH_M/Brent_M,month_pair,Feb/Mar,921,0.20341271181031445,0.1049024339367788
2031-05_2031-06,2031-05,HH_M/Brent_M,month_pair,Mar/Apr,921,0.2008719870037436,0.08821422949683788
2031-05_2031-06,2031-05,HH_M/Brent_M,month_pair,Apr/May,921,0.2253711057930805,0.08426490103434302
2031-05_2031-06,2031-05,HH_M/Brent_M,month_pair,May/Jun,921,0.2554836374954782,0.08060622709346328
2031-05_2031-06,2031-05,HH_M/Brent_M,month_pair,Jun/Jul,920,0.20064131772355176,0.07565755607599092
2031-05_2031-06,2031-05,HH_M/Brent_M,month_pair,Jul/Aug,920,0.220240866649707,0.0774978926102538
2031-05_2031-06,2031-05,HH_M/Brent_M,month_pair,Aug/Sep,918,0.16429567707591058,0.07624926495301503
2031-05_2031-06,2031-05,HH_M/Brent_M,month_pair,Sep/Oct,921,0.20897412521711384,0.0771330663201354
2031-05_2031-06,2031-05,HH_M/Brent_M,pooled,all,11050,0.21302549307060054,1.0
2031-06_2031-07,2031-06,TTF_M/TTF_M1,year,2018,279,0.9941080371278025,0.0026415760040454407
2031-06_2031-07,2031-06,TTF_M/TTF_M1,year,2019,881,0.9904236144926687,0.006151013953555148
2031-06_2031-07,2031-06,TTF_M/TTF_M1,year,2020,1494,0.9887645403909676,0.018206258351151694
2031-06_2031-07,2031-06,TTF_M/TTF_M1,year,2021,2097,0.9573375431660306,0.10519959874355812
2031-06_2031-07,2031-06,TTF_M/TTF_M1,year,2022,2383,0.9851119433309211,0.5830075257670099
2031-06_2031-07,2031-06,TTF_M/TTF_M1,year,2023,1919,0.9870728988438817,0.159089512097685
2031-06_2031-07,2031-06,TTF_M/TTF_M1,year,2024,1326,0.9955624074590642,0.05245300253055541
2031-06_2031-07,2031-06,TTF_M/TTF_M1,year,2025,725,0.9943391031392965,0.03708996277900397
2031-06_2031-07,2031-06,TTF_M/TTF_M1,year,2026,147,0.995076183987661,0.036161549773435483
2031-06_2031-07,2031-06,TTF_M/TTF_M1,days_to_expiry,"(1460, 2200]",1588,0.9844826415489034,0.03335371360454764
2031-06_2031-07,2031-06,TTF_M/TTF_M1,days_to_expiry,"(1095, 1460]",2411,0.9779728012514908,0.1253360808128603
2031-06_2031-07,2031-06,TTF_M/TTF_M1,days_to_expiry,"(730, 1095]",2412,0.9836211423106326,0.1817542373958503
2031-06_2031-07,2031-06,TTF_M/TTF_M1,days_to_expiry,"(365, 730]",2401,0.9778694599072129,0.28141717940740063
2031-06_2031-07,2031-06,TTF_M/TTF_M1,days_to_expiry,"(180, 365]",1235,0.9901451528152165,0.20125090551017472
2031-06_2031-07,2031-06,TTF_M/TTF_M1,days_to_expiry,"(90, 180]",584,0.9969903309595645,0.08741356650219324
2031-06_2031-07,2031-06,TTF_M/TTF_M1,days_to_expiry,"(60, 90]",195,0.9953435015713061,0.023945957549084983
2031-06_2031-07,2031-06,TTF_M/TTF_M1,days_to_expiry,"(30, 60]",190,0.9925496960334068,0.02554218087434525
2031-06_2031-07,2031-06,TTF_M/TTF_M1,days_to_expiry,"(0, 30]",187,0.9854042182959604,0.0337070204712067
2031-06_2031-07,2031-06,TTF_M/TTF_M1,days_to_expiry,nan,48,0.9859623630705328,0.006279157872336331
2031-06_2031-07,2031-06,TTF_M/TTF_M1,month_pair,Oct/Nov,938,0.9918374530242215,0.07751036635581536
2031-06_2031-07,2031-06,TTF_M/TTF_M1,month_pair,Nov/Dec,939,0.9961540509574395,0.0896866025660787
2031-06_2031-07,2031-06,TTF_M/TTF_M1,month_pair,Dec/Jan,939,0.9904226242783373,0.09173059481870474
2031-06_2031-07,2031-06,TTF_M/TTF_M1,month_pair,Jan/Feb,938,0.9966202057383393,0.09791656010827467
2031-06_2031-07,2031-06,TTF_M/TTF_M1,month_pair,Feb/Mar,938,0.9967345768275797,0.0981657927044714
2031-06_2031-07,2031-06,TTF_M/TTF_M1,month_pair,Mar/Apr,937,0.9054739620056738,0.09297691888621269
2031-06_2031-07,2031-06,TTF_M/TTF_M1,month_pair,Apr/May,938,0.981345669078839,0.0747770592323717
2031-06_2031-07,2031-06,TTF_M/TTF_M1,month_pair,May/Jun,937,0.9955865947766761,0.06955399237233703
2031-06_2031-07,2031-06,TTF_M/TTF_M1,month_pair,Jun/Jul,937,0.9921823938480693,0.07100391619370972
2031-06_2031-07,2031-06,TTF_M/TTF_M1,month_pair,Jul/Aug,937,0.9980989775259456,0.07695502521361053
2031-06_2031-07,2031-06,TTF_M/TTF_M1,month_pair,Aug/Sep,936,0.9981169375941964,0.08684127535061134
2031-06_2031-07,2031-06,TTF_M/TTF_M1,month_pair,Sep/Oct,937,0.9826343406647303,0.07288189619780223
2031-06_2031-07,2031-06,TTF_M/TTF_M1,pooled,all,11251,0.9843076878419841,1.0
2031-06_2031-07,2031-06,HH_M/HH_M1,year,2018,279,0.9947274414052703,0.0024466810788577437
2031-06_2031-07,2031-06,HH_M/HH_M1,year,2019,881,0.9938667535363062,0.005247030716896127
2031-06_2031-07,2031-06,HH_M/HH_M1,year,2020,1494,0.9875453246317076,0.014579804805222293
2031-06_2031-07,2031-06,HH_M/HH_M1,year,2021,2097,0.9880691687727063,0.04769873199605971
2031-06_2031-07,2031-06,HH_M/HH_M1,year,2022,2383,0.9910522476024696,0.46156679932155636
2031-06_2031-07,2031-06,HH_M/HH_M1,year,2023,1919,0.9869615071898581,0.17925428417778944
2031-06_2031-07,2031-06,HH_M/HH_M1,year,2024,1326,0.974033597299965,0.11129838594687412
2031-06_2031-07,2031-06,HH_M/HH_M1,year,2025,725,0.9899157528338458,0.11993106293756617
2031-06_2031-07,2031-06,HH_M/HH_M1,year,2026,147,0.9254844482819381,0.057977219019178
2031-06_2031-07,2031-06,HH_M/HH_M1,days_to_expiry,"(1460, 2200]",1588,0.9957303054224389,0.02845836406060946
2031-06_2031-07,2031-06,HH_M/HH_M1,days_to_expiry,"(1095, 1460]",2411,0.9951808322832721,0.06680462194640065
2031-06_2031-07,2031-06,HH_M/HH_M1,days_to_expiry,"(730, 1095]",2412,0.9911552160961807,0.0918711455328524
2031-06_2031-07,2031-06,HH_M/HH_M1,days_to_expiry,"(365, 730]",2401,0.9901375488129753,0.17970648669143025
2031-06_2031-07,2031-06,HH_M/HH_M1,days_to_expiry,"(180, 365]",1235,0.9892937420598098,0.21139979327794808
2031-06_2031-07,2031-06,HH_M/HH_M1,days_to_expiry,"(90, 180]",584,0.9938788546709442,0.14994835361526188
2031-06_2031-07,2031-06,HH_M/HH_M1,days_to_expiry,"(60, 90]",195,0.9883725166023278,0.06794336939788918
2031-06_2031-07,2031-06,HH_M/HH_M1,days_to_expiry,"(30, 60]",190,0.9926838155555652,0.08055884489417937
2031-06_2031-07,2031-06,HH_M/HH_M1,days_to_expiry,"(0, 30]",187,0.9750325377393815,0.10071746536315047
2031-06_2031-07,2031-06,HH_M/HH_M1,days_to_expiry,nan,48,0.8054379212931686,0.02259155522027828
2031-06_2031-07,2031-06,HH_M/HH_M1,month_pair,Oct/Nov,938,0.9868101891968747,0.09008065175389804
2031-06_2031-07,2031-06,HH_M/HH_M1,month_pair,Nov/Dec,939,0.9886775216076121,0.08085574933684969
2031-06_2031-07,2031-06,HH_M/HH_M1,month_pair,Dec/Jan,939,0.994175164440808,0.07487360038763088
2031-06_2031-07,2031-06,HH_M/HH_M1,month_pair,Jan/Feb,938,0.9932700827972077,0.08601963929957435
2031-06_2031-07,2031-06,HH_M/HH_M1,month_pair,Feb/Mar,938,0.9376254169358268,0.10852525498889452
2031-06_2031-07,2031-06,HH_M/HH_M1,month_pair,Mar/Apr,937,0.9566130779634667,0.08714491749236773
2031-06_2031-07,2031-06,HH_M/HH_M1,month_pair,Apr/May,938,0.9950527235105979,0.0864429227985499
2031-06_2031-07,2031-06,HH_M/HH_M1,month_pair,May/Jun,937,0.9944763460845327,0.07873422386560813
2031-06_2031-07,2031-06,HH_M/HH_M1,month_pair,Jun/Jul,937,0.991963625583719,0.07755740845908081
2031-06_2031-07,2031-06,HH_M/HH_M1,month_pair,Jul/Aug,937,0.997063160210403,0.07614659046310777
2031-06_2031-07,2031-06,HH_M/HH_M1,month_pair,Aug/Sep,936,0.9967286528533499,0.07537746899619416
2031-06_2031-07,2031-06,HH_M/HH_M1,month_pair,Sep/Oct,937,0.997758468954041,0.07824157215824405
2031-06_2031-07,2031-06,HH_M/HH_M1,pooled,all,11251,0.9833566989892435,1.0
2031-06_2031-07,2031-06,Brent_M/Brent_M1,year,2018,279,0.9998117732775171,0.01811879464104788
2031-06_2031-07,2031-06,Brent_M/Brent_M1,year,2019,881,0.9997565563624906,0.018913700979132808
2031-06_2031-07,2031-06,Brent_M/Brent_M1,year,2020,1494,0.9998531456214331,0.13660729480733416
2031-06_2031-07,2031-06,Brent_M/Brent_M1,year,2021,2097,0.9998177546196986,0.15897277448300282
2031-06_2031-07,2031-06,Brent_M/Brent_M1,year,2022,2383,0.9996495172336783,0.3022554557492377
2031-06_2031-07,2031-06,Brent_M/Brent_M1,year,2023,1919,0.999731618098053,0.15708256801510245
2031-06_2031-07,2031-06,Brent_M/Brent_M1,year,2024,1326,0.9998308447569975,0.08050762608937741
2031-06_2031-07,2031-06,Brent_M/Brent_M1,year,2025,725,0.9996742661709913,0.07881529804767493
2031-06_2031-07,2031-06,Brent_M/Brent_M1,year,2026,147,0.9927280910032954,0.048726487188089876
2031-06_2031-07,2031-06,Brent_M/Brent_M1,days_to_expiry,"(1460, 2200]",1588,0.9998492895719885,0.08808932973480105
2031-06_2031-07,2031-06,Brent_M/Brent_M1,days_to_expiry,"(1095, 1460]",2411,0.9997891297960602,0.15088023658596375
2031-06_2031-07,2031-06,Brent_M/Brent_M1,days_to_expiry,"(730, 1095]",2412,0.9997703919237018,0.1786244226449774
2031-06_2031-07,2031-06,Brent_M/Brent_M1,days_to_expiry,"(365, 730]",2401,0.9998418618064007,0.22974397228405166
2031-06_2031-07,2031-06,Brent_M/Brent_M1,days_to_expiry,"(180, 365]",1235,0.9997956512601147,0.1548057072134384
2031-06_2031-07,2031-06,Brent_M/Brent_M1,days_to_expiry,"(90, 180]",584,0.9993267561647361,0.08503263348549454
2031-06_2031-07,2031-06,Brent_M/Brent_M1,days_to_expiry,"(60, 90]",195,0.9981173994201753,0.030816617446102673
2031-06_2031-07,2031-06,Brent_M/Brent_M1,days_to_expiry,"(30, 60]",190,0.9961065763127122,0.03296146245807419
2031-06_2031-07,2031-06,Brent_M/Brent_M1,days_to_expiry,"(0, 30]",187,0.9940436782836023,0.03904871621830941
2031-06_2031-07,2031-06,Brent_M/Brent_M1,days_to_expiry,nan,48,0.9975875550096827,0.009996901928786852
2031-06_2031-07,2031-06,Brent_M/Brent_M1,month_pair,Oct/Nov,938,0.9995597917857256,0.08185635456422714
2031-06_2031-07,2031-06,Brent_M/Brent_M1,month_pair,Nov/Dec,939,0.9996869169657162,0.08389742152196253
2031-06_2031-07,2031-06,Brent_M/Brent_M1,month_pair,Dec/Jan,939,0.999735981174819,0.09336723092505256
2031-06_2031-07,2031-06,Brent_M/Brent_M1,month_pair,Jan/Feb,938,0.9997184452205766,0.08635407870794566
2031-06_2031-07,2031-06,Brent_M/Brent_M1,month_pair,Feb/Mar,938,0.9997103883375524,0.08424117470169665
2031-06_2031-07,2031-06,Brent_M/Brent_M1,month_pair,Mar/Apr,937,0.9997297846227641,0.08351667267016653
2031-06_2031-07,2031-06,Brent_M/Brent_M1,month_pair,Apr/May,938,0.9986604545084271,0.08376394089806796
2031-06_2031-07,2031-06,Brent_M/Brent_M1,month_pair,May/Jun,937,0.9980080866543759,0.08341771919178352
2031-06_2031-07,2031-06,Brent_M/Brent_M1,month_pair,Jun/Jul,937,0.9983490568321544,0.07189903762678385
2031-06_2031-07,2031-06,Brent_M/Brent_M1,month_pair,Jul/Aug,937,0.9988997288158201,0.08512443159154526
2031-06_2031-07,2031-06,Brent_M/Brent_M1,month_pair,Aug/Sep,936,0.9991184607270446,0.08394198231565422
2031-06_2031-07,2031-06,Brent_M/Brent_M1,month_pair,Sep/Oct,937,0.9991402480239733,0.07861995528511413
2031-06_2031-07,2031-06,Brent_M/Brent_M1,pooled,all,11251,0.9991978755940382,1.0
2031-06_2031-07,2031-06,TTF_M/HH_M,year,2018,279,-0.1588006706189703,0.0025183208345416395
2031-06_2031-07,2031-06,TTF_M/HH_M,year,2019,881,0.099419197659523,0.005793711643831638
2031-06_2031-07,2031-06,TTF_M/HH_M,year,2020,1494,0.03270902088051139,0.01702882641533435
2031-06_2031-07,2031-06,TTF_M/HH_M,year,2021,2097,0.1712429941571463,0.09546830574778298
2031-06_2031-07,2031-06,TTF_M/HH_M,year,2022,2383,0.11749644233532433,0.5489090411803192
2031-06_2031-07,2031-06,TTF_M/HH_M,year,2023,1919,0.1366215084807065,0.16515628071119792
2031-06_2031-07,2031-06,TTF_M/HH_M,year,2024,1326,0.29288136307486434,0.06686820378723829
2031-06_2031-07,2031-06,TTF_M/HH_M,year,2025,725,0.06381045302677259,0.05538890953921136
2031-06_2031-07,2031-06,TTF_M/HH_M,year,2026,147,0.33198477799653797,0.042868400140542606
2031-06_2031-07,2031-06,TTF_M/HH_M,days_to_expiry,"(1460, 2200]",1588,0.09146350944604448,0.03091056788916737
2031-06_2031-07,2031-06,TTF_M/HH_M,days_to_expiry,"(1095, 1460]",2411,0.09752709732330588,0.1105728451780424
2031-06_2031-07,2031-06,TTF_M/HH_M,days_to_expiry,"(730, 1095]",2412,0.12606776438932696,0.1597025575554989
2031-06_2031-07,2031-06,TTF_M/HH_M,days_to_expiry,"(365, 730]",2401,0.15862736029297245,0.26115933449724466
2031-06_2031-07,2031-06,TTF_M/HH_M,days_to_expiry,"(180, 365]",1235,0.1364621827809343,0.20142458402757346
2031-06_2031-07,2031-06,TTF_M/HH_M,days_to_expiry,"(90, 180]",584,0.14040996380189355,0.10077892120133973
2031-06_2031-07,2031-06,TTF_M/HH_M,days_to_expiry,"(60, 90]",195,0.23594936792863225,0.034331765142491935
2031-06_2031-07,2031-06,TTF_M/HH_M,days_to_expiry,"(30, 60]",190,0.2622269035886683,0.03833287532455655
2031-06_2031-07,2031-06,TTF_M/HH_M,days_to_expiry,"(0, 30]",187,0.30790716490322334,0.05118427856954762
2031-06_2031-07,2031-06,TTF_M/HH_M,days_to_expiry,nan,48,0.24307791770244136,0.011602270614537462
2031-06_2031-07,2031-06,TTF_M/HH_M,month_pair,Oct/Nov,938,0.17168010574502207,0.08195452296462073
2031-06_2031-07,2031-06,TTF_M/HH_M,month_pair,Nov/Dec,939,0.06400345822482544,0.08803167043150811
2031-06_2031-07,2031-06,TTF_M/HH_M,month_pair,Dec/Jan,939,0.12451519972596192,0.08739372931680564
2031-06_2031-07,2031-06,TTF_M/HH_M,month_pair,Jan/Feb,938,0.14501987980068598,0.0931001269959591
2031-06_2031-07,2031-06,TTF_M/HH_M,month_pair,Feb/Mar,938,0.20246258497023337,0.10029140800241244
2031-06_2031-07,2031-06,TTF_M/HH_M,month_pair,Mar/Apr,937,0.16288395925601187,0.09980856634324385
2031-06_2031-07,2031-06,TTF_M/HH_M,month_pair,Apr/May,938,0.23159884655215934,0.07624505889234184
2031-06_2031-07,2031-06,TTF_M/HH_M,month_pair,May/Jun,937,0.22561565927744226,0.069989124595488
2031-06_2031-07,2031-06,TTF_M/HH_M,month_pair,Jun/Jul,937,0.10417242205137307,0.07113290788433
2031-06_2031-07,2031-06,TTF_M/HH_M,month_pair,Jul/Aug,937,0.10359261771467772,0.07544718929371638
2031-06_2031-07,2031-06,TTF_M/HH_M,month_pair,Aug/Sep,936,0.11731786486917732,0.08340946473940401
2031-06_2031-07,2031-06,TTF_M/HH_M,month_pair,Sep/Oct,937,0.22228306527797503,0.07319623054017
2031-06_2031-07,2031-06,TTF_M/HH_M,pooled,all,11251,0.15629367715887502,1.0
2031-06_2031-07,2031-06,TTF_M/Brent_M,year,2018,279,0.5274771146184378,0.004722115338300436
2031-06_2031-07,2031-06,TTF_M/Brent_M,year,2019,881,0.4038675156133985,0.007819404899496743
2031-06_2031-07,2031-06,TTF_M/Brent_M,year,2020,1494,0.6202314827610005,0.03433532705957794
2031-06_2031-07,2031-06,TTF_M/Brent_M,year,2021,2097,0.11646597504236726,0.1158708376821434
2031-06_2031-07,2031-06,TTF_M/Brent_M,year,2022,2383,0.09348931275088668,0.5376509566918541
2031-06_2031-07,2031-06,TTF_M/Brent_M,year,2023,1919,0.1401316685816051,0.16095811477107808
2031-06_2031-07,2031-06,TTF_M/Brent_M,year,2024,1326,0.02265741674456452,0.05670100121020106
2031-06_2031-07,2031-06,TTF_M/Brent_M,year,2025,725,0.5076001870113045,0.04302168053900173
2031-06_2031-07,2031-06,TTF_M/Brent_M,year,2026,147,0.5943554766607196,0.03892056180834656
2031-06_2031-07,2031-06,TTF_M/Brent_M,days_to_expiry,"(1460, 2200]",1588,0.3061753906000901,0.03976536345880863
2031-06_2031-07,2031-06,TTF_M/Brent_M,days_to_expiry,"(1095, 1460]",2411,0.2043137288454266,0.127295978399246
2031-06_2031-07,2031-06,TTF_M/Brent_M,days_to_expiry,"(730, 1095]",2412,0.21116646811972192,0.17943967512425493
2031-06_2031-07,2031-06,TTF_M/Brent_M,days_to_expiry,"(365, 730]",2401,0.1560175438950644,0.277101953840066
2031-06_2031-07,2031-06,TTF_M/Brent_M,days_to_expiry,"(180, 365]",1235,0.12477300972528965,0.1933443925892877
2031-06_2031-07,2031-06,TTF_M/Brent_M,days_to_expiry,"(90, 180]",584,0.14721514429843868,0.0867654521197076
2031-06_2031-07,2031-06,TTF_M/Brent_M,days_to_expiry,"(60, 90]",195,0.17237282164329326,0.025266322057962757
2031-06_2031-07,2031-06,TTF_M/Brent_M,days_to_expiry,"(30, 60]",190,0.24151956998032847,0.027504813770081377
2031-06_2031-07,2031-06,TTF_M/Brent_M,days_to_expiry,"(0, 30]",187,0.2940359863698757,0.03650980080813924
2031-06_2031-07,2031-06,TTF_M/Brent_M,days_to_expiry,nan,48,0.1011019132851121,0.007006247832445868
2031-06_2031-07,2031-06,TTF_M/Brent_M,month_pair,Oct/Nov,938,0.1823838359841932,0.07956753431364538
2031-06_2031-07,2031-06,TTF_M/Brent_M,month_pair,Nov/Dec,939,0.14844621987704534,0.08862578468788081
2031-06_2031-07,2031-06,TTF_M/Brent_M,month_pair,Dec/Jan,939,0.15514095838210873,0.09144918113980847
2031-06_2031-07,2031-06,TTF_M/Brent_M,month_pair,Jan/Feb,938,0.1821265717140974,0.09466821591911793
2031-06_2031-07,2031-06,TTF_M/Brent_M,month_pair,Feb/Mar,938,0.17652992585754432,0.09404430564229947
2031-06_2031-07,2031-06,TTF_M/Brent_M,month_pair,Mar/Apr,937,0.1498473332448917,0.09954674232300237
2031-06_2031-07,2031-06,TTF_M/Brent_M,month_pair,Apr/May,938,0.20409737228355057,0.07547712741340716
2031-06_2031-07,2031-06,TTF_M/Brent_M,month_pair,May/Jun,937,0.2487101160062236,0.06997451423822657
2031-06_2031-07,2031-06,TTF_M/Brent_M,month_pair,Jun/Jul,937,0.12722507099766633,0.06968051709598028
2031-06_2031-07,2031-06,TTF_M/Brent_M,month_pair,Jul/Aug,937,0.18277952798123007,0.07726646166193465
2031-06_2031-07,2031-06,TTF_M/Brent_M,month_pair,Aug/Sep,936,0.21528273240910611,0.08627779208682604
2031-06_2031-07,2031-06,TTF_M/Brent_M,month_pair,Sep/Oct,937,0.2084284169600927,0.07342182347787092
2031-06_2031-07,2031-06,TTF_M/Brent_M,pooled,all,11251,0.1807118357692594,1.0
2031-06_2031-07,2031-06,HH_M/Brent_M,year,2018,279,0.07038057771608439,0.008055993375834453
2031-06_2031-07,2031-06,HH_M/Brent_M,year,2019,881,0.152221617612725,0.010015572899575963
2031-06_2031-07,2031-06,HH_M/Brent_M,year,2020,1494,0.11038898780237612,0.05874740047136598
2031-06_2031-07,2031-06,HH_M/Brent_M,year,2021,2097,0.07315541185467193,0.08712181041357533
2031-06_2031-07,2031-06,HH_M/Brent_M,year,2022,2383,0.3467830030293441,0.3941352135169185
2031-06_2031-07,2031-06,HH_M/Brent_M,year,2023,1919,0.2185886354606518,0.17047202572958084
2031-06_2031-07,2031-06,HH_M/Brent_M,year,2024,1326,0.03768077241231375,0.10416414588122047
2031-06_2031-07,2031-06,HH_M/Brent_M,year,2025,725,0.19205368192379157,0.10638068890545758
2031-06_2031-07,2031-06,HH_M/Brent_M,year,2026,147,0.141717921103914,0.060907148806470864
2031-06_2031-07,2031-06,HH_M/Brent_M,days_to_expiry,"(1460, 2200]",1588,0.1467907609072805,0.0487809379102232
2031-06_2031-07,2031-06,HH_M/Brent_M,days_to_expiry,"(1095, 1460]",2411,0.1993577814041128,0.09468577346097481
2031-06_2031-07,2031-06,HH_M/Brent_M,days_to_expiry,"(730, 1095]",2412,0.23747250300186062,0.12038275960980448
2031-06_2031-07,2031-06,HH_M/Brent_M,days_to_expiry,"(365, 730]",2401,0.30194070638895226,0.19490907133192545
2031-06_2031-07,2031-06,HH_M/Brent_M,days_to_expiry,"(180, 365]",1235,0.24818303530028918,0.18833844818996048
2031-06_2031-07,2031-06,HH_M/Brent_M,days_to_expiry,"(90, 180]",584,0.23250980613104702,0.12686833051984486
2031-06_2031-07,2031-06,HH_M/Brent_M,days_to_expiry,"(60, 90]",195,0.1463190032498796,0.05624917337335834
2031-06_2031-07,2031-06,HH_M/Brent_M,days_to_expiry,"(30, 60]",190,0.12421537141307123,0.06416059862677313
2031-06_2031-07,2031-06,HH_M/Brent_M,days_to_expiry,"(0, 30]",187,0.15106714738603924,0.08263171941297076
2031-06_2031-07,2031-06,HH_M/Brent_M,days_to_expiry,nan,48,0.10479773466202046,0.022993187564164484
2031-06_2031-07,2031-06,HH_M/Brent_M,month_pair,Oct/Nov,938,0.25921229756605774,0.0880723809575864
2031-06_2031-07,2031-06,HH_M/Brent_M,month_pair,Nov/Dec,939,0.2101438890679795,0.08307780138470261
2031-06_2031-07,2031-06,HH_M/Brent_M,month_pair,Dec/Jan,939,0.21094082569323908,0.08075429358700104
2031-06_2031-07,2031-06,HH_M/Brent_M,month_pair,Jan/Feb,938,0.19812854818007633,0.08362305524420764
2031-06_2031-07,2031-06,HH_M/Brent_M,month_pair,Feb/Mar,938,0.20341101937922595,0.1046445633024153
2031-06_2031-07,2031-06,HH_M/Brent_M,month_pair,Mar/Apr,937,0.2007477620851278,0.08809265623842953
2031-06_2031-07,2031-06,HH_M/Brent_M,month_pair,Apr/May,938,0.22349767067042528,0.08409884823347809
2031-06_2031-07,2031-06,HH_M/Brent_M,month_pair,May/Jun,937,0.25507009270673675,0.080461335080317
2031-06_2031-07,2031-06,HH_M/Brent_M,month_pair,Jun/Jul,937,0.20150300223375894,0.07592859458073954
2031-06_2031-07,2031-06,HH_M/Brent_M,month_pair,Jul/Aug,937,0.22309487361263064,0.07797910666993174
2031-06_2031-07,2031-06,HH_M/Brent_M,month_pair,Aug/Sep,936,0.1620672122505328,0.0763195022442696
2031-06_2031-07,2031-06,HH_M/Brent_M,month_pair,Sep/Oct,937,0.20861106740589444,0.07694786247692148
2031-06_2031-07,2031-06,HH_M/Brent_M,pooled,all,11251,0.2126195030917341,1.0
2031-07_2031-08,2031-07,TTF_M/TTF_M1,year,2018,327,0.9948012322904269,0.003232906839003721
2031-07_2031-08,2031-07,TTF_M/TTF_M1,year,2019,930,0.990751384130052,0.006461567934706634
2031-07_2031-08,2031-07,TTF_M/TTF_M1,year,2020,1542,0.9889120142716008,0.01889883098051507
2031-07_2031-08,2031-07,TTF_M/TTF_M1,year,2021,2147,0.9575762017599978,0.10555162068527092
2031-07_2031-08,2031-07,TTF_M/TTF_M1,year,2022,2383,0.9851119433309211,0.5816998395481674
2031-07_2031-08,2031-07,TTF_M/TTF_M1,year,2023,1919,0.9870728988438817,0.15873267422966808
2031-07_2031-08,2031-07,TTF_M/TTF_M1,year,2024,1326,0.9955624074590642,0.0523353504154204
2031-07_2031-08,2031-07,TTF_M/TTF_M1,year,2025,725,0.9943391031392965,0.03700676997095287
2031-07_2031-08,2031-07,TTF_M/TTF_M1,year,2026,147,0.995076183987661,0.03608043939629499
2031-07_2031-08,2031-07,TTF_M/TTF_M1,days_to_expiry,"(1460, 2200]",1783,0.9851924856041434,0.03552190178625513
2031-07_2031-08,2031-07,TTF_M/TTF_M1,days_to_expiry,"(1095, 1460]",2411,0.9779728012514908,0.12505495191081553
2031-07_2031-08,2031-07,TTF_M/TTF_M1,days_to_expiry,"(730, 1095]",2412,0.9836211423106326,0.18134656253582843
2031-07_2031-08,2031-07,TTF_M/TTF_M1,days_to_expiry,"(365, 730]",2401,0.9778694599072129,0.2807859605105735
2031-07_2031-08,2031-07,TTF_M/TTF_M1,days_to_expiry,"(180, 365]",1235,0.9901451528152165,0.20079949961225085
2031-07_2031-08,2031-07,TTF_M/TTF_M1,days_to_expiry,"(90, 180]",584,0.9969903309595645,0.08721749782176857
2031-07_2031-08,2031-07,TTF_M/TTF_M1,days_to_expiry,"(60, 90]",195,0.9953435015713061,0.02389224675239719
2031-07_2031-08,2031-07,TTF_M/TTF_M1,days_to_expiry,"(30, 60]",190,0.9925496960334068,0.025484889747811983
2031-07_2031-08,2031-07,TTF_M/TTF_M1,days_to_expiry,"(0, 30]",187,0.9854042182959604,0.033631415604716434
2031-07_2031-08,2031-07,TTF_M/TTF_M1,days_to_expiry,nan,48,0.9859623630705328,0.006265073717582431
2031-07_2031-08,2031-07,TTF_M/TTF_M1,month_pair,Oct/Nov,954,0.9918465761322042,0.07751743738023205
2031-07_2031-08,2031-07,TTF_M/TTF_M1,month_pair,Nov/Dec,955,0.996155770551431,0.08958996339398917
2031-07_2031-08,2031-07,TTF_M/TTF_M1,month_pair,Dec/Jan,956,0.9904129382121337,0.09178632712187292
2031-07_2031-08,2031-07,TTF_M/TTF_M1,month_pair,Jan/Feb,954,0.9966209151424075,0.09780096971210883
2031-07_2031-08,2031-07,TTF_M/TTF_M1,month_pair,Feb/Mar,954,0.9967348066330806,0.09811362632193996
2031-07_2031-08,2031-07,TTF_M/TTF_M1,month_pair,Mar/Apr,954,0.9055636285835683,0.09289428391226856
2031-07_2031-08,2031-07,TTF_M/TTF_M1,month_pair,Apr/May,954,0.9813888008529775,0.07479165338334955
2031-07_2031-08,2031-07,TTF_M/TTF_M1,month_pair,May/Jun,953,0.9955903589561297,0.06953892999435758
2031-07_2031-08,2031-07,TTF_M/TTF_M1,month_pair,Jun/Jul,953,0.9921829588895045,0.07102391432789643
2031-07_2031-08,2031-07,TTF_M/TTF_M1,month_pair,Jul/Aug,953,0.9981086712478332,0.07717983516273484
2031-07_2031-08,2031-07,TTF_M/TTF_M1,month_pair,Aug/Sep,953,0.9981126377733758,0.08678709443831387
2031-07_2031-08,2031-07,TTF_M/TTF_M1,month_pair,Sep/Oct,953,0.9826923994465832,0.07297596485093624
2031-07_2031-08,2031-07,TTF_M/TTF_M1,pooled,all,11446,0.9843334879045883,1.0
2031-07_2031-08,2031-07,HH_M/HH_M1,year,2018,327,0.9944737992716488,0.002788780600187246
2031-07_2031-08,2031-07,HH_M/HH_M1,year,2019,930,0.9941178029569286,0.0055653226901400095
2031-07_2031-08,2031-07,HH_M/HH_M1,year,2020,1542,0.988268967568305,0.01563697368586785
2031-07_2031-08,2031-07,HH_M/HH_M1,year,2021,2147,0.9880662240434879,0.048374341969715136
2031-07_2031-08,2031-07,HH_M/HH_M1,year,2022,2383,0.9910522476024696,0.46037908424908147
2031-07_2031-08,2031-07,HH_M/HH_M1,year,2023,1919,0.9869615071898581,0.17879302263246902
2031-07_2031-08,2031-07,HH_M/HH_M1,year,2024,1326,0.974033597299965,0.1110119901950013
2031-07_2031-08,2031-07,HH_M/HH_M1,year,2025,725,0.9899157528338458,0.1196224533683375
2031-07_2031-08,2031-07,HH_M/HH_M1,year,2026,147,0.9254844482819381,0.05782803060920035
2031-07_2031-08,2031-07,HH_M/HH_M1,days_to_expiry,"(1460, 2200]",1783,0.9956378120199338,0.03095835896110532
2031-07_2031-08,2031-07,HH_M/HH_M1,days_to_expiry,"(1095, 1460]",2411,0.9951808322832721,0.0666327186454844
2031-07_2031-08,2031-07,HH_M/HH_M1,days_to_expiry,"(730, 1095]",2412,0.9911552160961807,0.09163474043518227
2031-07_2031-08,2031-07,HH_M/HH_M1,days_to_expiry,"(365, 730]",2401,0.9901375488129753,0.17924406152744823
2031-07_2031-08,2031-07,HH_M/HH_M1,days_to_expiry,"(180, 365]",1235,0.9892937420598098,0.21085581411574805
2031-07_2031-08,2031-07,HH_M/HH_M1,days_to_expiry,"(90, 180]",584,0.9938788546709442,0.14956250281329037
2031-07_2031-08,2031-07,HH_M/HH_M1,days_to_expiry,"(60, 90]",195,0.9883725166023278,0.06776853584394375
2031-07_2031-08,2031-07,HH_M/HH_M1,days_to_expiry,"(30, 60]",190,0.9926838155555652,0.08035154888752849
2031-07_2031-08,2031-07,HH_M/HH_M1,days_to_expiry,"(0, 30]",187,0.9750325377393815,0.10045829669710016
2031-07_2031-08,2031-07,HH_M/HH_M1,days_to_expiry,nan,48,0.8054379212931686,0.022533422073168885
2031-07_2031-08,2031-07,HH_M/HH_M1,month_pair,Oct/Nov,954,0.986815497382464,0.0899387807286825
2031-07_2031-08,2031-07,HH_M/HH_M1,month_pair,Nov/Dec,955,0.9886724822790197,0.08070213608549681
2031-07_2031-08,2031-07,HH_M/HH_M1,month_pair,Dec/Jan,956,0.9941773953573603,0.07480778263683525
2031-07_2031-08,2031-07,HH_M/HH_M1,month_pair,Jan/Feb,954,0.993276966471879,0.08588785989968813
2031-07_2031-08,2031-07,HH_M/HH_M1,month_pair,Feb/Mar,954,0.9376582013014315,0.10832379692238933
2031-07_2031-08,2031-07,HH_M/HH_M1,month_pair,Mar/Apr,954,0.9565281489138808,0.08709587822868803
2031-07_2031-08,2031-07,HH_M/HH_M1,month_pair,Apr/May,954,0.9950663800462543,0.08656324982424231
2031-07_2031-08,2031-07,HH_M/HH_M1,month_pair,May/Jun,953,0.9944879775571789,0.07892943473487245
2031-07_2031-08,2031-07,HH_M/HH_M1,month_pair,Jun/Jul,953,0.9919839512050805,0.07770048098829471
2031-07_2031-08,2031-07,HH_M/HH_M1,month_pair,Jul/Aug,953,0.9970768405212703,0.07640402844163387
2031-07_2031-08,2031-07,HH_M/HH_M1,month_pair,Aug/Sep,953,0.9967369469302862,0.07541046445169318
2031-07_2031-08,2031-07,HH_M/HH_M1,month_pair,Sep/Oct,953,0.997763001680171,0.07823610705748332
2031-07_2031-08,2031-07,HH_M/HH_M1,pooled,all,11446,0.9833772107137593,1.0
2031-07_2031-08,2031-07,Brent_M/Brent_M1,year,2018,327,0.9998117581035211,0.020779524183964438
2031-07_2031-08,2031-07,Brent_M/Brent_M1,year,2019,930,0.9997575186047716,0.01969813959735772
2031-07_2031-08,2031-07,Brent_M/Brent_M1,year,2020,1542,0.9998540090787675,0.138680717199063
2031-07_2031-08,2031-07,Brent_M/Brent_M1,year,2021,2147,0.9998175398469523,0.15967044687165746
2031-07_2031-08,2031-07,Brent_M/Brent_M1,year,2022,2383,0.9996495172336783,0.29944015044131583
2031-07_2031-08,2031-07,Brent_M/Brent_M1,year,2023,1919,0.999731618098053,0.15561945004947733
2031-07_2031-08,2031-07,Brent_M/Brent_M1,year,2024,1326,0.9998308447569975,0.07975775195891456
2031-07_2031-08,2031-07,Brent_M/Brent_M1,year,2025,725,0.9996742661709913,0.07808118680925563
2031-07_2031-08,2031-07,Brent_M/Brent_M1,year,2026,147,0.9927280910032954,0.04827263288899386
2031-07_2031-08,2031-07,Brent_M/Brent_M1,days_to_expiry,"(1460, 2200]",1783,0.9998491699715103,0.09658316136468598
2031-07_2031-08,2031-07,Brent_M/Brent_M1,days_to_expiry,"(1095, 1460]",2411,0.9997891297960602,0.14947488914610357
2031-07_2031-08,2031-07,Brent_M/Brent_M1,days_to_expiry,"(730, 1095]",2412,0.9997703919237018,0.1769606568613282
2031-07_2031-08,2031-07,Brent_M/Brent_M1,days_to_expiry,"(365, 730]",2401,0.9998418618064007,0.22760406244179243
2031-07_2031-08,2031-07,Brent_M/Brent_M1,days_to_expiry,"(180, 365]",1235,0.9997956512601147,0.15336379666749222
2031-07_2031-08,2031-07,Brent_M/Brent_M1,days_to_expiry,"(90, 180]",584,0.9993267561647361,0.0842406119691091
2031-07_2031-08,2031-07,Brent_M/Brent_M1,days_to_expiry,"(60, 90]",195,0.9981173994201753,0.0305295814802732
2031-07_2031-08,2031-07,Brent_M/Brent_M1,days_to_expiry,"(30, 60]",190,0.9961065763127122,0.0326544487104313
2031-07_2031-08,2031-07,Brent_M/Brent_M1,days_to_expiry,"(0, 30]",187,0.9940436782836023,0.038685003815618665
2031-07_2031-08,2031-07,Brent_M/Brent_M1,days_to_expiry,nan,48,0.9975875550096827,0.009903787543165184
2031-07_2031-08,2031-07,Brent_M/Brent_M1,month_pair,Oct/Nov,954,0.999561545696532,0.08169668166508658
2031-07_2031-08,2031-07,Brent_M/Brent_M1,month_pair,Nov/Dec,955,0.9996879320419314,0.0837035505388834
2031-07_2031-08,2031-07,Brent_M/Brent_M1,month_pair,Dec/Jan,956,0.9997400392938147,0.09439088156214248
2031-07_2031-08,2031-07,Brent_M/Brent_M1,month_pair,Jan/Feb,954,0.9997187769716513,0.08590324970704594
2031-07_2031-08,2031-07,Brent_M/Brent_M1,month_pair,Feb/Mar,954,0.9997120721876983,0.0844448473432427
2031-07_2031-08,2031-07,Brent_M/Brent_M1,month_pair,Mar/Apr,954,0.9997296494904697,0.08312305025964162
2031-07_2031-08,2031-07,Brent_M/Brent_M1,month_pair,Apr/May,954,0.9986729253308596,0.08396835875941344
2031-07_2031-08,2031-07,Brent_M/Brent_M1,month_pair,May/Jun,953,0.9980112212832654,0.08286849293229193
2031-07_2031-08,2031-07,Brent_M/Brent_M1,month_pair,Jun/Jul,953,0.9983530310990184,0.07146429886874225
2031-07_2031-08,2031-07,Brent_M/Brent_M1,month_pair,Jul/Aug,953,0.9989027972007669,0.08509370468178375
2031-07_2031-08,2031-07,Brent_M/Brent_M1,month_pair,Aug/Sep,953,0.9991248541283873,0.08458352524238584
2031-07_2031-08,2031-07,Brent_M/Brent_M1,month_pair,Sep/Oct,953,0.99914202523929,0.07875935843933991
2031-07_2031-08,2031-07,Brent_M/Brent_M1,pooled,all,11446,0.9992023197247062,1.0
2031-07_2031-08,2031-07,TTF_M/HH_M,year,2018,327,-0.14447876605967241,0.003035728557409719
2031-07_2031-08,2031-07,TTF_M/HH_M,year,2019,930,0.10506554888928944,0.006094389251178548
2031-07_2031-08,2031-07,TTF_M/HH_M,year,2020,1542,0.04011951452522193,0.017793882978655924
2031-07_2031-08,2031-07,TTF_M/HH_M,year,2021,2147,0.1693592512822283,0.0958675157222591
2031-07_2031-08,2031-07,TTF_M/HH_M,year,2022,2383,0.11749644233532433,0.5476713908097836
2031-07_2031-08,2031-07,TTF_M/HH_M,year,2023,1919,0.1366215084807065,0.16478389527630152
2031-07_2031-08,2031-07,TTF_M/HH_M,year,2024,1326,0.29288136307486434,0.06671743298372525
2031-07_2031-08,2031-07,TTF_M/HH_M,year,2025,725,0.06381045302677259,0.055264021626512096
2031-07_2031-08,2031-07,TTF_M/HH_M,year,2026,147,0.33198477799653797,0.04277174279417403
2031-07_2031-08,2031-07,TTF_M/HH_M,days_to_expiry,"(1460, 2200]",1783,0.09188442670541078,0.03309561824314759
2031-07_2031-08,2031-07,TTF_M/HH_M,days_to_expiry,"(1095, 1460]",2411,0.09752709732330588,0.11032353151669058
2031-07_2031-08,2031-07,TTF_M/HH_M,days_to_expiry,"(730, 1095]",2412,0.12606776438932696,0.15934246888013473
2031-07_2031-08,2031-07,TTF_M/HH_M,days_to_expiry,"(365, 730]",2401,0.15862736029297245,0.2605704865773519
2031-07_2031-08,2031-07,TTF_M/HH_M,days_to_expiry,"(180, 365]",1235,0.1364621827809343,0.20097042278708696
2031-07_2031-08,2031-07,TTF_M/HH_M,days_to_expiry,"(90, 180]",584,0.14040996380189355,0.10055169034921382
2031-07_2031-08,2031-07,TTF_M/HH_M,days_to_expiry,"(60, 90]",195,0.23594936792863225,0.034254355738270105
2031-07_2031-08,2031-07,TTF_M/HH_M,days_to_expiry,"(30, 60]",190,0.2622269035886683,0.038246444433844465
2031-07_2031-08,2031-07,TTF_M/HH_M,days_to_expiry,"(0, 30]",187,0.30790716490322334,0.05106887103098535
2031-07_2031-08,2031-07,TTF_M/HH_M,days_to_expiry,nan,48,0.24307791770244136,0.011576110443274371
2031-07_2031-08,2031-07,TTF_M/HH_M,month_pair,Oct/Nov,954,0.17156558134168337,0.08192437236654387
2031-07_2031-08,2031-07,TTF_M/HH_M,month_pair,Nov/Dec,955,0.06363064784951027,0.08792573041082587
2031-07_2031-08,2031-07,TTF_M/HH_M,month_pair,Dec/Jan,956,0.12452143406822092,0.0874467643381675
2031-07_2031-08,2031-07,TTF_M/HH_M,month_pair,Jan/Feb,954,0.1453906309464864,0.09298753445132345
2031-07_2031-08,2031-07,TTF_M/HH_M,month_pair,Feb/Mar,954,0.2021612588156452,0.10020483059583225
2031-07_2031-08,2031-07,TTF_M/HH_M,month_pair,Mar/Apr,954,0.16288794357734954,0.09969929471329947
2031-07_2031-08,2031-07,TTF_M/HH_M,month_pair,Apr/May,954,0.23179735210852287,0.0762756408601376
2031-07_2031-08,2031-07,TTF_M/HH_M,month_pair,May/Jun,953,0.22529057635591376,0.07002286545747496
2031-07_2031-08,2031-07,TTF_M/HH_M,month_pair,Jun/Jul,953,0.10395347156977575,0.07118304059348214
2031-07_2031-08,2031-07,TTF_M/HH_M,month_pair,Jul/Aug,953,0.10327582524904115,0.07567620049959983
2031-07_2031-08,2031-07,TTF_M/HH_M,month_pair,Aug/Sep,953,0.11712636017197467,0.08337907157683981
2031-07_2031-08,2031-07,TTF_M/HH_M,month_pair,Sep/Oct,953,0.22165610269006408,0.07327465413647312
2031-07_2031-08,2031-07,TTF_M/HH_M,pooled,all,11446,0.1561425685037457,1.0
2031-07_2031-08,2031-07,TTF_M/Brent_M,year,2018,327,0.5360287131569582,0.0055956001702086745
2031-07_2031-08,2031-07,TTF_M/Brent_M,year,2019,930,0.4063077173931847,0.008198581749700956
2031-07_2031-08,2031-07,TTF_M/Brent_M,year,2020,1542,0.6209315015245108,0.03532787043430233
2031-07_2031-08,2031-07,TTF_M/Brent_M,year,2021,2147,0.11632271516930438,0.1163021202255703
2031-07_2031-08,2031-07,TTF_M/Brent_M,year,2022,2383,0.09348931275088668,0.5359322201854995
2031-07_2031-08,2031-07,TTF_M/Brent_M,year,2023,1919,0.1401316685816051,0.16044357167502696
2031-07_2031-08,2031-07,TTF_M/Brent_M,year,2024,1326,0.02265741674456452,0.05651974219910125
2031-07_2031-08,2031-07,TTF_M/Brent_M,year,2025,725,0.5076001870113045,0.0428841509168802
2031-07_2031-08,2031-07,TTF_M/Brent_M,year,2026,147,0.5943554766607196,0.038796142443710005
2031-07_2031-08,2031-07,TTF_M/Brent_M,days_to_expiry,"(1460, 2200]",1783,0.31971866535971105,0.04283499498079895
2031-07_2031-08,2031-07,TTF_M/Brent_M,days_to_expiry,"(1095, 1460]",2411,0.2043137288454266,0.12688904478838978
2031-07_2031-08,2031-07,TTF_M/Brent_M,days_to_expiry,"(730, 1095]",2412,0.21116646811972192,0.17886605107228243
2031-07_2031-08,2031-07,TTF_M/Brent_M,days_to_expiry,"(365, 730]",2401,0.1560175438950644,0.2762161277513754
2031-07_2031-08,2031-07,TTF_M/Brent_M,days_to_expiry,"(180, 365]",1235,0.12477300972528965,0.19272631861079642
2031-07_2031-08,2031-07,TTF_M/Brent_M,days_to_expiry,"(90, 180]",584,0.14721514429843868,0.08648808452983837
2031-07_2031-08,2031-07,TTF_M/Brent_M,days_to_expiry,"(60, 90]",195,0.17237282164329326,0.02518555190483305
2031-07_2031-08,2031-07,TTF_M/Brent_M,days_to_expiry,"(30, 60]",190,0.24151956998032847,0.027416887715196257
2031-07_2031-08,2031-07,TTF_M/Brent_M,days_to_expiry,"(0, 30]",187,0.2940359863698757,0.036393088047364505
2031-07_2031-08,2031-07,TTF_M/Brent_M,days_to_expiry,nan,48,0.1011019132851121,0.006983850599125041
2031-07_2031-08,2031-07,TTF_M/Brent_M,month_pair,Oct/Nov,954,0.18454924836380315,0.07954530022226536
2031-07_2031-08,2031-07,TTF_M/Brent_M,month_pair,Nov/Dec,955,0.14953229057476974,0.0885129138963709
2031-07_2031-08,2031-07,TTF_M/Brent_M,month_pair,Dec/Jan,956,0.15988263016608742,0.09166553487997137
2031-07_2031-08,2031-07,TTF_M/Brent_M,month_pair,Jan/Feb,954,0.18269004408158335,0.09450173180402505
2031-07_2031-08,2031-07,TTF_M/Brent_M,month_pair,Feb/Mar,954,0.1774585032599003,0.0940160200255517
2031-07_2031-08,2031-07,TTF_M/Brent_M,month_pair,Mar/Apr,954,0.15012501950594478,0.09937759239501046
2031-07_2031-08,2031-07,TTF_M/Brent_M,month_pair,Apr/May,954,0.20675798930849026,0.07551926366613007
2031-07_2031-08,2031-07,TTF_M/Brent_M,month_pair,May/Jun,953,0.24836046437221648,0.06990364256593548
2031-07_2031-08,2031-07,TTF_M/Brent_M,month_pair,Jun/Jul,953,0.12807351643342982,0.06964556402902163
2031-07_2031-08,2031-07,TTF_M/Brent_M,month_pair,Jul/Aug,953,0.18517902044162848,0.07746043518488528
2031-07_2031-08,2031-07,TTF_M/Brent_M,month_pair,Aug/Sep,953,0.21507502939151463,0.08632194527128371
2031-07_2031-08,2031-07,TTF_M/Brent_M,month_pair,Sep/Oct,953,0.20669254593131367,0.0735300560595491
2031-07_2031-08,2031-07,TTF_M/Brent_M,pooled,all,11446,0.18187027265278313,1.0
2031-07_2031-08,2031-07,HH_M/Brent_M,year,2018,327,0.05927808246763585,0.00925392306596811
2031-07_2031-08,2031-07,HH_M/Brent_M,year,2019,930,0.15203442901153666,0.010512770558996054
2031-07_2031-08,2031-07,HH_M/Brent_M,year,2020,1542,0.11744625955300779,0.060327445027641056
2031-07_2031-08,2031-07,HH_M/Brent_M,year,2021,2147,0.07525981300966442,0.08794649946069699
2031-07_2031-08,2031-07,HH_M/Brent_M,year,2022,2383,0.3467830030293441,0.39220245620985533
2031-07_2031-08,2031-07,HH_M/Brent_M,year,2023,1919,0.2185886354606518,0.1696360662870365
2031-07_2031-08,2031-07,HH_M/Brent_M,year,2024,1326,0.03768077241231375,0.10365334652307766
2031-07_2031-08,2031-07,HH_M/Brent_M,year,2025,725,0.19205368192379157,0.10585902008023955
2031-07_2031-08,2031-07,HH_M/Brent_M,year,2026,147,0.141717921103914,0.060608472786488614
2031-07_2031-08,2031-07,HH_M/Brent_M,days_to_expiry,"(1460, 2200]",1783,0.15110322389806913,0.05344551882007585
2031-07_2031-08,2031-07,HH_M/Brent_M,days_to_expiry,"(1095, 1460]",2411,0.1993577814041128,0.09422145407449155
2031-07_2031-08,2031-07,HH_M/Brent_M,days_to_expiry,"(730, 1095]",2412,0.23747250300186062,0.11979242753517423
2031-07_2031-08,2031-07,HH_M/Brent_M,days_to_expiry,"(365, 730]",2401,0.30194070638895226,0.1939532776882461
2031-07_2031-08,2031-07,HH_M/Brent_M,days_to_expiry,"(180, 365]",1235,0.24818303530028918,0.1874148755188156
2031-07_2031-08,2031-07,HH_M/Brent_M,days_to_expiry,"(90, 180]",584,0.23250980613104702,0.12624619455117783
2031-07_2031-08,2031-07,HH_M/Brent_M,days_to_expiry,"(60, 90]",195,0.1463190032498796,0.05597333909840601
2031-07_2031-08,2031-07,HH_M/Brent_M,days_to_expiry,"(30, 60]",190,0.12421537141307123,0.06384596836393792
2031-07_2031-08,2031-07,HH_M/Brent_M,days_to_expiry,"(0, 30]",187,0.15106714738603924,0.08222651060641545
2031-07_2031-08,2031-07,HH_M/Brent_M,days_to_expiry,nan,48,0.10479773466202046,0.022880433743259303
2031-07_2031-08,2031-07,HH_M/Brent_M,month_pair,Oct/Nov,954,0.25791408214595696,0.08791608118438686
2031-07_2031-08,2031-07,HH_M/Brent_M,month_pair,Nov/Dec,955,0.2085206282269744,0.08291829227541685
2031-07_2031-08,2031-07,HH_M/Brent_M,month_pair,Dec/Jan,956,0.20970567758250525,0.08113120087355027
2031-07_2031-08,2031-07,HH_M/Brent_M,month_pair,Jan/Feb,954,0.1978184717970698,0.08339537247100123
2031-07_2031-08,2031-07,HH_M/Brent_M,month_pair,Feb/Mar,954,0.20249239811419759,0.10453907095110683
2031-07_2031-08,2031-07,HH_M/Brent_M,month_pair,Mar/Apr,954,0.20082658161215994,0.08788515154114143
2031-07_2031-08,2031-07,HH_M/Brent_M,month_pair,Apr/May,954,0.2244925505222978,0.08424554379636297
2031-07_2031-08,2031-07,HH_M/Brent_M,month_pair,May/Jun,953,0.25506434238330616,0.08038448520946406
2031-07_2031-08,2031-07,HH_M/Brent_M,month_pair,Jun/Jul,953,0.20190029409441984,0.07584260686273821
2031-07_2031-08,2031-07,HH_M/Brent_M,month_pair,Jul/Aug,953,0.22460132613354652,0.07813812941156573
2031-07_2031-08,2031-07,HH_M/Brent_M,month_pair,Aug/Sep,953,0.16314093852171865,0.07659983504523138
2031-07_2031-08,2031-07,HH_M/Brent_M,month_pair,Sep/Oct,953,0.20674209026813364,0.07700423037803411
2031-07_2031-08,2031-07,HH_M/Brent_M,pooled,all,11446,0.21230777665760162,1.0
2031-08_2031-09,2031-08,TTF_M/TTF_M1,year,2017,4,,9.478266971391222e-06
2031-08_2031-09,2031-08,TTF_M/TTF_M1,year,2018,380,0.995214979468293,0.00369031319326723
2031-08_2031-09,2031-08,TTF_M/TTF_M1,year,2019,984,0.9908480685113821,0.0067557238883274124
2031-08_2031-09,2031-08,TTF_M/TTF_M1,year,2020,1595,0.9889646504712186,0.019561454366849022
2031-08_2031-09,2031-08,TTF_M/TTF_M1,year,2021,2193,0.9576904850465798,0.10571825885806296
2031-08_2031-09,2031-08,TTF_M/TTF_M1,year,2022,2383,0.9851119433309211,0.5806314407774976
2031-08_2031-09,2031-08,TTF_M/TTF_M1,year,2023,1919,0.9870728988438817,0.15844113247138975
2031-08_2031-09,2031-08,TTF_M/TTF_M1,year,2024,1326,0.9955624074590642,0.05223922691624626
2031-08_2031-09,2031-08,TTF_M/TTF_M1,year,2025,725,0.9943391031392965,0.036938800229764465
2031-08_2031-09,2031-08,TTF_M/TTF_M1,year,2026,147,0.995076183987661,0.036014171031624014
2031-08_2031-09,2031-08,TTF_M/TTF_M1,days_to_expiry,"(1460, 2200]",1993,0.9855827870506988,0.03729334324869373
2031-08_2031-09,2031-08,TTF_M/TTF_M1,days_to_expiry,"(1095, 1460]",2411,0.9779728012514908,0.12482526548526753
2031-08_2031-09,2031-08,TTF_M/TTF_M1,days_to_expiry,"(730, 1095]",2412,0.9836211423106326,0.181013486211398
2031-08_2031-09,2031-08,TTF_M/TTF_M1,days_to_expiry,"(365, 730]",2401,0.9778694599072129,0.280270245437893
2031-08_2031-09,2031-08,TTF_M/TTF_M1,days_to_expiry,"(180, 365]",1235,0.9901451528152165,0.2004306943901221
2031-08_2031-09,2031-08,TTF_M/TTF_M1,days_to_expiry,"(90, 180]",584,0.9969903309595645,0.08705730684161281
2031-08_2031-09,2031-08,TTF_M/TTF_M1,days_to_expiry,"(60, 90]",195,0.9953435015713061,0.023848364245778953
2031-08_2031-09,2031-08,TTF_M/TTF_M1,days_to_expiry,"(30, 60]",190,0.9925496960334068,0.025438082059334084
2031-08_2031-09,2031-08,TTF_M/TTF_M1,days_to_expiry,"(0, 30]",187,0.9854042182959604,0.03356964532278568
2031-08_2031-09,2031-08,TTF_M/TTF_M1,days_to_expiry,nan,48,0.9859623630705328,0.006253566757114264
2031-08_2031-09,2031-08,TTF_M/TTF_M1,month_pair,Oct/Nov,970,0.9918553427167516,0.07745603466414033
2031-08_2031-09,2031-08,TTF_M/TTF_M1,month_pair,Nov/Dec,971,0.9961608422149153,0.08953447100147098
2031-08_2031-09,2031-08,TTF_M/TTF_M1,month_pair,Dec/Jan,974,0.9903682329782205,0.0917223432810976
2031-08_2031-09,2031-08,TTF_M/TTF_M1,month_pair,Jan/Feb,973,0.9965983599475883,0.09792615621605573
2031-08_2031-09,2031-08,TTF_M/TTF_M1,month_pair,Feb/Mar,972,0.9967374576642689,0.09805984332304084
2031-08_2031-09,2031-08,TTF_M/TTF_M1,month_pair,Mar/Apr,972,0.9057095742557055,0.092909079551046
2031-08_2031-09,2031-08,TTF_M/TTF_M1,month_pair,Apr/May,972,0.981410527329784,0.07476247768848207
2031-08_2031-09,2031-08,TTF_M/TTF_M1,month_pair,May/Jun,970,0.995599811711036,0.06956056648258221
2031-08_2031-09,2031-08,TTF_M/TTF_M1,month_pair,Jun/Jul,972,0.9921851345152692,0.07100307759211441
2031-08_2031-09,2031-08,TTF_M/TTF_M1,month_pair,Jul/Aug,970,0.9981116282061078,0.07719074101015048
2031-08_2031-09,2031-08,TTF_M/TTF_M1,month_pair,Aug/Sep,970,0.998118516598294,0.08692328129005256
2031-08_2031-09,2031-08,TTF_M/TTF_M1,month_pair,Sep/Oct,970,0.9826943796653522,0.07295192789976687
2031-08_2031-09,2031-08,TTF_M/TTF_M1,pooled,all,11656,0.9843490977903098,1.0
2031-08_2031-09,2031-08,HH_M/HH_M1,year,2017,4,,3.205051117329777e-05
2031-08_2031-09,2031-08,HH_M/HH_M1,year,2018,380,0.9948966639669599,0.003255289100285874
2031-08_2031-09,2031-08,HH_M/HH_M1,year,2019,984,0.9943421735426641,0.005908311610098551
2031-08_2031-09,2031-08,HH_M/HH_M1,year,2020,1595,0.9888882328132546,0.016623643011594143
2031-08_2031-09,2031-08,HH_M/HH_M1,year,2021,2193,0.9881975144769737,0.048986426252030264
2031-08_2031-09,2031-08,HH_M/HH_M1,year,2022,2383,0.9910522476024696,0.45916797826954264
2031-08_2031-09,2031-08,HH_M/HH_M1,year,2023,1919,0.9869615071898581,0.1783226769842448
2031-08_2031-09,2031-08,HH_M/HH_M1,year,2024,1326,0.974033597299965,0.11071995415399616
2031-08_2031-09,2031-08,HH_M/HH_M1,year,2025,725,0.9899157528338458,0.11930776603018921
2031-08_2031-09,2031-08,HH_M/HH_M1,year,2026,147,0.9254844482819381,0.057675904076844975
2031-08_2031-09,2031-08,HH_M/HH_M1,days_to_expiry,"(1460, 2200]",1993,0.9958203952149368,0.03350758885889401
2031-08_2031-09,2031-08,HH_M/HH_M1,days_to_expiry,"(1095, 1460]",2411,0.9951808322832721,0.06645742987424037
2031-08_2031-09,2031-08,HH_M/HH_M1,days_to_expiry,"(730, 1095]",2412,0.9911552160961807,0.09139367956627778
2031-08_2031-09,2031-08,HH_M/HH_M1,days_to_expiry,"(365, 730]",2401,0.9901375488129753,0.17877252934421103
2031-08_2031-09,2031-08,HH_M/HH_M1,days_to_expiry,"(180, 365]",1235,0.9892937420598098,0.21030112180666405
2031-08_2031-09,2031-08,HH_M/HH_M1,days_to_expiry,"(90, 180]",584,0.9938788546709442,0.14916905305054232
2031-08_2031-09,2031-08,HH_M/HH_M1,days_to_expiry,"(60, 90]",195,0.9883725166023278,0.06759025911115286
2031-08_2031-09,2031-08,HH_M/HH_M1,days_to_expiry,"(30, 60]",190,0.9926838155555652,0.08014017038521964
2031-08_2031-09,2031-08,HH_M/HH_M1,days_to_expiry,"(0, 30]",187,0.9750325377393815,0.10019402395321
2031-08_2031-09,2031-08,HH_M/HH_M1,days_to_expiry,nan,48,0.8054379212931686,0.02247414404958795
2031-08_2031-09,2031-08,HH_M/HH_M1,month_pair,Oct/Nov,970,0.9868290945067132,0.08980994554888469
2031-08_2031-09,2031-08,HH_M/HH_M1,month_pair,Nov/Dec,971,0.9886739098811966,0.0805499368236764
2031-08_2031-09,2031-08,HH_M/HH_M1,month_pair,Dec/Jan,974,0.9941827998010248,0.07469541318793853
2031-08_2031-09,2031-08,HH_M/HH_M1,month_pair,Jan/Feb,973,0.9932866437788208,0.08581182055191958
2031-08_2031-09,2031-08,HH_M/HH_M1,month_pair,Feb/Mar,972,0.9377412401731581,0.10822944870871187
2031-08_2031-09,2031-08,HH_M/HH_M1,month_pair,Mar/Apr,972,0.9565236232776662,0.08698969855587524
2031-08_2031-09,2031-08,HH_M/HH_M1,month_pair,Apr/May,972,0.9950724726758124,0.08650915400706152
2031-08_2031-09,2031-08,HH_M/HH_M1,month_pair,May/Jun,970,0.9945067322754448,0.07908636031694384
2031-08_2031-09,2031-08,HH_M/HH_M1,month_pair,Jun/Jul,972,0.9920317439981353,0.0781205558513826
2031-08_2031-09,2031-08,HH_M/HH_M1,month_pair,Jul/Aug,970,0.9970838331236951,0.0765769003821975
2031-08_2031-09,2031-08,HH_M/HH_M1,month_pair,Aug/Sep,970,0.9967407155756399,0.07533341717206636
2031-08_2031-09,2031-08,HH_M/HH_M1,month_pair,Sep/Oct,970,0.997768902400021,0.07828734889334191
2031-08_2031-09,2031-08,HH_M/HH_M1,pooled,all,11656,0.983409685696556,1.0
2031-08_2031-09,2031-08,Brent_M/Brent_M1,year,2017,4,,0.00010961995507320648
2031-08_2031-09,2031-08,Brent_M/Brent_M1,year,2018,380,0.9998128522452592,0.022837577730115508
2031-08_2031-09,2031-08,Brent_M/Brent_M1,year,2019,984,0.999760720764292,0.020478662343648205
2031-08_2031-09,2031-08,Brent_M/Brent_M1,year,2020,1595,0.999855325334522,0.14161174971304832
2031-08_2031-09,2031-08,Brent_M/Brent_M1,year,2021,2193,0.9998174836355607,0.1600010224938245
2031-08_2031-09,2031-08,Brent_M/Brent_M1,year,2022,2383,0.9996495172336783,0.2966277701725036
2031-08_2031-09,2031-08,Brent_M/Brent_M1,year,2023,1919,0.999731618098053,0.15415785223062262
2031-08_2031-09,2031-08,Brent_M/Brent_M1,year,2024,1326,0.9998308447569975,0.07900865693086477
2031-08_2031-09,2031-08,Brent_M/Brent_M1,year,2025,725,0.9996742661709913,0.07734783829595789
2031-08_2031-09,2031-08,Brent_M/Brent_M1,year,2026,147,0.9927280910032954,0.04781925013434143
2031-08_2031-09,2031-08,Brent_M/Brent_M1,days_to_expiry,"(1460, 2200]",1993,0.999852011375708,0.10506816809389762
2031-08_2031-09,2031-08,Brent_M/Brent_M1,days_to_expiry,"(1095, 1460]",2411,0.9997891297960602,0.1480710018307324
2031-08_2031-09,2031-08,Brent_M/Brent_M1,days_to_expiry,"(730, 1095]",2412,0.9997703919237018,0.17529861969303476
2031-08_2031-09,2031-08,Brent_M/Brent_M1,days_to_expiry,"(365, 730]",2401,0.9998418618064007,0.22546637591789306
2031-08_2031-09,2031-08,Brent_M/Brent_M1,days_to_expiry,"(180, 365]",1235,0.9997956512601147,0.15192338423428275
2031-08_2031-09,2031-08,Brent_M/Brent_M1,days_to_expiry,"(90, 180]",584,0.9993267561647361,0.08344941334532595
2031-08_2031-09,2031-08,Brent_M/Brent_M1,days_to_expiry,"(60, 90]",195,0.9981173994201753,0.030242843738378287
2031-08_2031-09,2031-08,Brent_M/Brent_M1,days_to_expiry,"(30, 60]",190,0.9961065763127122,0.03234775394319047
2031-08_2031-09,2031-08,Brent_M/Brent_M1,days_to_expiry,"(0, 30]",187,0.9940436782836023,0.038321669301961674
2031-08_2031-09,2031-08,Brent_M/Brent_M1,days_to_expiry,nan,48,0.9975875550096827,0.009810769901303008
2031-08_2031-09,2031-08,Brent_M/Brent_M1,month_pair,Oct/Nov,970,0.9995622536527099,0.08142978133890218
2031-08_2031-09,2031-08,Brent_M/Brent_M1,month_pair,Nov/Dec,971,0.9996884277275465,0.08336916995549502
2031-08_2031-09,2031-08,Brent_M/Brent_M1,month_pair,Dec/Jan,974,0.9997407954156825,0.09421624234002163
2031-08_2031-09,2031-08,Brent_M/Brent_M1,month_pair,Jan/Feb,973,0.9997226335590602,0.08769755549355863
2031-08_2031-09,2031-08,Brent_M/Brent_M1,month_pair,Feb/Mar,972,0.9997127010903722,0.08424634178935075
2031-08_2031-09,2031-08,Brent_M/Brent_M1,month_pair,Mar/Apr,972,0.9997315430292438,0.08334676496547844
2031-08_2031-09,2031-08,Brent_M/Brent_M1,month_pair,Apr/May,972,0.9986783373575999,0.08375633980040366
2031-08_2031-09,2031-08,Brent_M/Brent_M1,month_pair,May/Jun,970,0.9980252214342692,0.08280706506323961
2031-08_2031-09,2031-08,Brent_M/Brent_M1,month_pair,Jun/Jul,972,0.9983576841029362,0.0710900560389874
2031-08_2031-09,2031-08,Brent_M/Brent_M1,month_pair,Jul/Aug,970,0.9989078413909742,0.08483012412704075
2031-08_2031-09,2031-08,Brent_M/Brent_M1,month_pair,Aug/Sep,970,0.9991264346117358,0.08450798956952792
2031-08_2031-09,2031-08,Brent_M/Brent_M1,month_pair,Sep/Oct,970,0.9991447555384079,0.07870256951799398
2031-08_2031-09,2031-08,Brent_M/Brent_M1,pooled,all,11656,0.999206960287554,1.0
2031-08_2031-09,2031-08,TTF_M/HH_M,year,2017,4,,1.4248323400705236e-05
2031-08_2031-09,2031-08,TTF_M/HH_M,year,2018,380,-0.14441735916562082,0.003484080666855523
2031-08_2031-09,2031-08,TTF_M/HH_M,year,2019,984,0.11320975708544968,0.006391304140167114
2031-08_2031-09,2031-08,TTF_M/HH_M,year,2020,1595,0.039965750592568405,0.018495781135097446
2031-08_2031-09,2031-08,TTF_M/HH_M,year,2021,2193,0.16859810409906625,0.09610284675025137
2031-08_2031-09,2031-08,TTF_M/HH_M,year,2022,2383,0.11749644233532433,0.5466120549265971
2031-08_2031-09,2031-08,TTF_M/HH_M,year,2023,1919,0.1366215084807065,0.1644651612760111
2031-08_2031-09,2031-08,TTF_M/HH_M,year,2024,1326,0.29288136307486434,0.06658838448497266
2031-08_2031-09,2031-08,TTF_M/HH_M,year,2025,725,0.06381045302677259,0.055157126940865664
2031-08_2031-09,2031-08,TTF_M/HH_M,year,2026,147,0.33198477799653797,0.04268901135578121
2031-08_2031-09,2031-08,TTF_M/HH_M,days_to_expiry,"(1460, 2200]",1993,0.09088133218579497,0.034965857449345376
2031-08_2031-09,2031-08,TTF_M/HH_M,days_to_expiry,"(1095, 1460]",2411,0.09752709732330588,0.11011013772315562
2031-08_2031-09,2031-08,TTF_M/HH_M,days_to_expiry,"(730, 1095]",2412,0.12606776438932696,0.15903425998364543
2031-08_2031-09,2031-08,TTF_M/HH_M,days_to_expiry,"(365, 730]",2401,0.15862736029297245,0.26006647692637747
2031-08_2031-09,2031-08,TTF_M/HH_M,days_to_expiry,"(180, 365]",1235,0.1364621827809343,0.20058169483107172
2031-08_2031-09,2031-08,TTF_M/HH_M,days_to_expiry,"(90, 180]",584,0.14040996380189355,0.10035719778398329
2031-08_2031-09,2031-08,TTF_M/HH_M,days_to_expiry,"(60, 90]",195,0.23594936792863225,0.03418809909460039
2031-08_2031-09,2031-08,TTF_M/HH_M,days_to_expiry,"(30, 60]",190,0.2622269035886683,0.03817246607442503
2031-08_2031-09,2031-08,TTF_M/HH_M,days_to_expiry,"(0, 30]",187,0.30790716490322334,0.050970090834493886
2031-08_2031-09,2031-08,TTF_M/HH_M,days_to_expiry,nan,48,0.24307791770244136,0.011553719298901907
2031-08_2031-09,2031-08,TTF_M/HH_M,month_pair,Oct/Nov,970,0.1713472088289532,0.08185320304304586
2031-08_2031-09,2031-08,TTF_M/HH_M,month_pair,Nov/Dec,971,0.06387099919214193,0.08785416344150211
2031-08_2031-09,2031-08,TTF_M/HH_M,month_pair,Dec/Jan,974,0.12399439043166326,0.08737377105758644
2031-08_2031-09,2031-08,TTF_M/HH_M,month_pair,Jan/Feb,973,0.14499160489625243,0.09305940862981547
2031-08_2031-09,2031-08,TTF_M/HH_M,month_pair,Feb/Mar,972,0.20244227378492646,0.10014347894355538
2031-08_2031-09,2031-08,TTF_M/HH_M,month_pair,Mar/Apr,972,0.1627507753632673,0.09966287939700262
2031-08_2031-09,2031-08,TTF_M/HH_M,month_pair,Apr/May,972,0.23156222455834527,0.07624805049415824
2031-08_2031-09,2031-08,TTF_M/HH_M,month_pair,May/Jun,970,0.22506851628754904,0.07007487921921059
2031-08_2031-09,2031-08,TTF_M/HH_M,month_pair,Jun/Jul,972,0.10312912049099598,0.07125578894653664
2031-08_2031-09,2031-08,TTF_M/HH_M,month_pair,Jul/Aug,970,0.10398879019122484,0.07572288475023017
2031-08_2031-09,2031-08,TTF_M/HH_M,month_pair,Aug/Sep,970,0.11617039868825275,0.08347304221332012
2031-08_2031-09,2031-08,TTF_M/HH_M,month_pair,Sep/Oct,970,0.22170455011017712,0.07327844986403645
2031-08_2031-09,2031-08,TTF_M/HH_M,pooled,all,11656,0.1559601132159557,1.0
2031-08_2031-09,2031-08,TTF_M/Brent_M,year,2017,4,,2.3582929183012863e-05
2031-08_2031-09,2031-08,TTF_M/Brent_M,year,2018,380,0.5324950555410579,0.006285966932485472
2031-08_2031-09,2031-08,TTF_M/Brent_M,year,2019,984,0.4019571348488876,0.008568904280564397
2031-08_2031-09,2031-08,TTF_M/Brent_M,year,2020,1595,0.6185053850261667,0.03639285234797312
2031-08_2031-09,2031-08,TTF_M/Brent_M,year,2021,2193,0.11755264765672589,0.11652344474634883
2031-08_2031-09,2031-08,TTF_M/Brent_M,year,2022,2383,0.09348931275088668,0.5344099265353517
2031-08_2031-09,2031-08,TTF_M/Brent_M,year,2023,1919,0.1401316685816051,0.15998783824238622
2031-08_2031-09,2031-08,TTF_M/Brent_M,year,2024,1326,0.02265741674456452,0.0563592001726713
2031-08_2031-09,2031-08,TTF_M/Brent_M,year,2025,725,0.5076001870113045,0.04276234023229373
2031-08_2031-09,2031-08,TTF_M/Brent_M,year,2026,147,0.5943554766607196,0.038685943580742135
2031-08_2031-09,2031-08,TTF_M/Brent_M,days_to_expiry,"(1460, 2200]",1993,0.3287818098209784,0.045553783205138074
2031-08_2031-09,2031-08,TTF_M/Brent_M,days_to_expiry,"(1095, 1460]",2411,0.2043137288454266,0.12652862162314732
2031-08_2031-09,2031-08,TTF_M/Brent_M,days_to_expiry,"(730, 1095]",2412,0.21116646811972192,0.17835798933701283
2031-08_2031-09,2031-08,TTF_M/Brent_M,days_to_expiry,"(365, 730]",2401,0.1560175438950644,0.2754315470870541
2031-08_2031-09,2031-08,TTF_M/Brent_M,days_to_expiry,"(180, 365]",1235,0.12477300972528965,0.1921788873499254
2031-08_2031-09,2031-08,TTF_M/Brent_M,days_to_expiry,"(90, 180]",584,0.14721514429843868,0.08624241864722425
2031-08_2031-09,2031-08,TTF_M/Brent_M,days_to_expiry,"(60, 90]",195,0.17237282164329326,0.025114013370115124
2031-08_2031-09,2031-08,TTF_M/Brent_M,days_to_expiry,"(30, 60]",190,0.24151956998032847,0.027339011161961205
2031-08_2031-09,2031-08,TTF_M/Brent_M,days_to_expiry,"(0, 30]",187,0.2940359863698757,0.036289714962565466
2031-08_2031-09,2031-08,TTF_M/Brent_M,days_to_expiry,nan,48,0.1011019132851121,0.006964013255856243
2031-08_2031-09,2031-08,TTF_M/Brent_M,month_pair,Oct/Nov,970,0.1846646366081518,0.07945954497668593
2031-08_2031-09,2031-08,TTF_M/Brent_M,month_pair,Nov/Dec,971,0.15086236070622497,0.08841770881593773
2031-08_2031-09,2031-08,TTF_M/Brent_M,month_pair,Dec/Jan,974,0.1606470997848551,0.0915902611000486
2031-08_2031-09,2031-08,TTF_M/Brent_M,month_pair,Jan/Feb,973,0.18604864368411847,0.09483786811686187
2031-08_2031-09,2031-08,TTF_M/Brent_M,month_pair,Feb/Mar,972,0.17812320020793818,0.09393686603775386
2031-08_2031-09,2031-08,TTF_M/Brent_M,month_pair,Mar/Apr,972,0.1495518474174383,0.09938044548681985
2031-08_2031-09,2031-08,TTF_M/Brent_M,month_pair,Apr/May,972,0.205986583510139,0.07547744192493434
2031-08_2031-09,2031-08,TTF_M/Brent_M,month_pair,May/Jun,970,0.24929075825057065,0.06992870775004263
2031-08_2031-09,2031-08,TTF_M/Brent_M,month_pair,Jun/Jul,972,0.1292767124079145,0.06957974271831037
2031-08_2031-09,2031-08,TTF_M/Brent_M,month_pair,Jul/Aug,970,0.18522431694314453,0.07744470180173291
2031-08_2031-09,2031-08,TTF_M/Brent_M,month_pair,Aug/Sep,970,0.21766352741285547,0.08642803807002425
2031-08_2031-09,2031-08,TTF_M/Brent_M,month_pair,Sep/Oct,970,0.20762008662300854,0.07351867320084753
2031-08_2031-09,2031-08,TTF_M/Brent_M,pooled,all,11656,0.18278790478702409,1.0
2031-08_2031-09,2031-08,HH_M/Brent_M,year,2017,4,,5.946338255190944e-05
2031-08_2031-09,2031-08,HH_M/Brent_M,year,2018,380,0.04571290180237438,0.010311672570605633
2031-08_2031-09,2031-08,HH_M/Brent_M,year,2019,984,0.1449754761442945,0.011027016942201835
2031-08_2031-09,2031-08,HH_M/Brent_M,year,2020,1595,0.11743973866374159,0.06219278248307255
2031-08_2031-09,2031-08,HH_M/Brent_M,year,2021,2193,0.07497285274416783,0.08860708649374074
2031-08_2031-09,2031-08,HH_M/Brent_M,year,2022,2383,0.3467830030293441,0.3902425814896068
2031-08_2031-09,2031-08,HH_M/Brent_M,year,2023,1919,0.2185886354606518,0.1687883779753129
2031-08_2031-09,2031-08,HH_M/Brent_M,year,2024,1326,0.03768077241231375,0.10313538043106765
2031-08_2031-09,2031-08,HH_M/Brent_M,year,2025,725,0.19205368192379157,0.10533003201787378
2031-08_2031-09,2031-08,HH_M/Brent_M,year,2026,147,0.141717921103914,0.060305606213966294
2031-08_2031-09,2031-08,HH_M/Brent_M,days_to_expiry,"(1460, 2200]",1993,0.14558987113194677,0.058175545798820706
2031-08_2031-09,2031-08,HH_M/Brent_M,days_to_expiry,"(1095, 1460]",2411,0.1993577814041128,0.09375062008805968
2031-08_2031-09,2031-08,HH_M/Brent_M,days_to_expiry,"(730, 1095]",2412,0.23747250300186062,0.11919381284858549
2031-08_2031-09,2031-08,HH_M/Brent_M,days_to_expiry,"(365, 730]",2401,0.30194070638895226,0.19298407385019786
2031-08_2031-09,2031-08,HH_M/Brent_M,days_to_expiry,"(180, 365]",1235,0.24818303530028918,0.18647834472735283
2031-08_2031-09,2031-08,HH_M/Brent_M,days_to_expiry,"(90, 180]",584,0.23250980613104702,0.12561532974829132
2031-08_2031-09,2031-08,HH_M/Brent_M,days_to_expiry,"(60, 90]",195,0.1463190032498796,0.05569363475038385
2031-08_2031-09,2031-08,HH_M/Brent_M,days_to_expiry,"(30, 60]",190,0.12421537141307123,0.06352692370369918
2031-08_2031-09,2031-08,HH_M/Brent_M,days_to_expiry,"(0, 30]",187,0.15106714738603924,0.08181561654667623
2031-08_2031-09,2031-08,HH_M/Brent_M,days_to_expiry,nan,48,0.10479773466202046,0.02276609793793293
2031-08_2031-09,2031-08,HH_M/Brent_M,month_pair,Oct/Nov,970,0.25644377332590673,0.08772559179541352
2031-08_2031-09,2031-08,HH_M/Brent_M,month_pair,Nov/Dec,971,0.2085762430258915,0.08270743128285019
2031-08_2031-09,2031-08,HH_M/Brent_M,month_pair,Dec/Jan,974,0.20820360655096004,0.0810387011745573
2031-08_2031-09,2031-08,HH_M/Brent_M,month_pair,Jan/Feb,973,0.19398924321613228,0.08402216170798173
2031-08_2031-09,2031-08,HH_M/Brent_M,month_pair,Feb/Mar,972,0.2028615520772646,0.10434432582468409
2031-08_2031-09,2031-08,HH_M/Brent_M,month_pair,Mar/Apr,972,0.2003465826277381,0.08788512577934932
2031-08_2031-09,2031-08,HH_M/Brent_M,month_pair,Apr/May,972,0.22340363829124069,0.08413717523013196
2031-08_2031-09,2031-08,HH_M/Brent_M,month_pair,May/Jun,970,0.25544351452168,0.0804625190477437
2031-08_2031-09,2031-08,HH_M/Brent_M,month_pair,Jun/Jul,972,0.20030904906128771,0.0759428182967776
2031-08_2031-09,2031-08,HH_M/Brent_M,month_pair,Jul/Aug,970,0.2244702587990031,0.07816077439822919
2031-08_2031-09,2031-08,HH_M/Brent_M,month_pair,Aug/Sep,970,0.16205291632248192,0.07654991764375724
2031-08_2031-09,2031-08,HH_M/Brent_M,month_pair,Sep/Oct,970,0.2072171296619062,0.0770234578185243
2031-08_2031-09,2031-08,HH_M/Brent_M,pooled,all,11656,0.21145776449571266,1.0
2031-09_2031-10,2031-09,TTF_M/TTF_M1,year,2017,12,0.8891620008058366,2.773419924648239e-05
2031-09_2031-10,2031-09,TTF_M/TTF_M1,year,2018,429,0.9956225093653521,0.004120479122347421
2031-09_2031-10,2031-09,TTF_M/TTF_M1,year,2019,1032,0.9910327264408771,0.007068567025788803
2031-09_2031-10,2031-09,TTF_M/TTF_M1,year,2020,1646,0.9888057252049784,0.020050854549410923
2031-09_2031-10,2031-09,TTF_M/TTF_M1,year,2021,2234,0.9577977043923018,0.10588465249231475
2031-09_2031-10,2031-09,TTF_M/TTF_M1,year,2022,2383,0.9851119433309211,0.5796794305498588
2031-09_2031-10,2031-09,TTF_M/TTF_M1,year,2023,1919,0.9870728988438817,0.15818135050300466
2031-09_2031-10,2031-09,TTF_M/TTF_M1,year,2024,1326,0.9955624074590642,0.05215357485744349
2031-09_2031-10,2031-09,TTF_M/TTF_M1,year,2025,725,0.9943391031392965,0.03687823493283815
2031-09_2031-10,2031-09,TTF_M/TTF_M1,year,2026,147,0.995076183987661,0.03595512176774652
2031-09_2031-10,2031-09,TTF_M/TTF_M1,days_to_expiry,"(1460, 2200]",2190,0.9857880432645594,0.0388718085522879
2031-09_2031-10,2031-09,TTF_M/TTF_M1,days_to_expiry,"(1095, 1460]",2411,0.9779728012514908,0.1246206004928748
2031-09_2031-10,2031-09,TTF_M/TTF_M1,days_to_expiry,"(730, 1095]",2412,0.9836211423106326,0.18071669434290558
2031-09_2031-10,2031-09,TTF_M/TTF_M1,days_to_expiry,"(365, 730]",2401,0.9778694599072129,0.2798107110044795
2031-09_2031-10,2031-09,TTF_M/TTF_M1,days_to_expiry,"(180, 365]",1235,0.9901451528152165,0.20010206583577334
2031-09_2031-10,2031-09,TTF_M/TTF_M1,days_to_expiry,"(90, 180]",584,0.9969903309595645,0.08691456664415997
2031-09_2031-10,2031-09,TTF_M/TTF_M1,days_to_expiry,"(60, 90]",195,0.9953435015713061,0.023809262183644604
2031-09_2031-10,2031-09,TTF_M/TTF_M1,days_to_expiry,"(30, 60]",190,0.9925496960334068,0.025396373476933562
2031-09_2031-10,2031-09,TTF_M/TTF_M1,days_to_expiry,"(0, 30]",187,0.9854042182959604,0.033514604132383205
2031-09_2031-10,2031-09,TTF_M/TTF_M1,days_to_expiry,nan,48,0.9859623630705328,0.006243313334557568
2031-09_2031-10,2031-09,TTF_M/TTF_M1,month_pair,Oct/Nov,987,0.9918088032603769,0.07741376019263657
2031-09_2031-10,2031-09,TTF_M/TTF_M1,month_pair,Nov/Dec,988,0.9961646662529865,0.08948299244990174
2031-09_2031-10,2031-09,TTF_M/TTF_M1,month_pair,Dec/Jan,989,0.9903497408859114,0.09168650433404846
2031-09_2031-10,2031-09,TTF_M/TTF_M1,month_pair,Jan/Feb,989,0.9965919167116383,0.09785470952849547
2031-09_2031-10,2031-09,TTF_M/TTF_M1,month_pair,Feb/Mar,989,0.9967308957091682,0.09807942692977067
2031-09_2031-10,2031-09,TTF_M/TTF_M1,month_pair,Mar/Apr,987,0.9057419076144013,0.09285542088275828
2031-09_2031-10,2031-09,TTF_M/TTF_M1,month_pair,Apr/May,989,0.9814603928525034,0.07486430477656426
2031-09_2031-10,2031-09,TTF_M/TTF_M1,month_pair,May/Jun,987,0.9956003282619131,0.06953856911405924
2031-09_2031-10,2031-09,TTF_M/TTF_M1,month_pair,Jun/Jul,988,0.9922121917906431,0.0711408146914778
2031-09_2031-10,2031-09,TTF_M/TTF_M1,month_pair,Jul/Aug,987,0.9980893769821733,0.07719914536636406
2031-09_2031-10,2031-09,TTF_M/TTF_M1,month_pair,Aug/Sep,986,0.9981191196530939,0.08694856838509335
2031-09_2031-10,2031-09,TTF_M/TTF_M1,month_pair,Sep/Oct,987,0.9827217582952762,0.0729357833488301
2031-09_2031-10,2031-09,TTF_M/TTF_M1,pooled,all,11853,0.9843581965377383,1.0
2031-09_2031-10,2031-09,HH_M/HH_M1,year,2017,12,0.9996511282782836,6.781251145746956e-05
2031-09_2031-10,2031-09,HH_M/HH_M1,year,2018,429,0.9951996947220553,0.0036603956503362908
2031-09_2031-10,2031-09,HH_M/HH_M1,year,2019,1032,0.9944804056639833,0.006156394003198067
2031-09_2031-10,2031-09,HH_M/HH_M1,year,2020,1646,0.9892985158152092,0.017410216759704854
2031-09_2031-10,2031-09,HH_M/HH_M1,year,2021,2234,0.9882006805002738,0.04940910045927412
2031-09_2031-10,2031-09,HH_M/HH_M1,year,2022,2383,0.9910522476024696,0.4582259143484737
2031-09_2031-10,2031-09,HH_M/HH_M1,year,2023,1919,0.9869615071898581,0.17795681662758756
2031-09_2031-10,2031-09,HH_M/HH_M1,year,2024,1326,0.974033597299965,0.11049279268131687
2031-09_2031-10,2031-09,HH_M/HH_M1,year,2025,725,0.9899157528338458,0.11906298514998942
2031-09_2031-10,2031-09,HH_M/HH_M1,year,2026,147,0.9254844482819381,0.05755757180866156
2031-09_2031-10,2031-09,HH_M/HH_M1,days_to_expiry,"(1460, 2200]",2190,0.9958260229680369,0.035490518143192804
2031-09_2031-10,2031-09,HH_M/HH_M1,days_to_expiry,"(1095, 1460]",2411,0.9951808322832721,0.06632108076033344
2031-09_2031-10,2031-09,HH_M/HH_M1,days_to_expiry,"(730, 1095]",2412,0.9911552160961807,0.09120616934734309
2031-09_2031-10,2031-09,HH_M/HH_M1,days_to_expiry,"(365, 730]",2401,0.9901375488129753,0.17840574603626322
2031-09_2031-10,2031-09,HH_M/HH_M1,days_to_expiry,"(180, 365]",1235,0.9892937420598098,0.2098696520422414
2031-09_2031-10,2031-09,HH_M/HH_M1,days_to_expiry,"(90, 180]",584,0.9938788546709442,0.14886300648442824
2031-09_2031-10,2031-09,HH_M/HH_M1,days_to_expiry,"(60, 90]",195,0.9883725166023278,0.06745158579868825
2031-09_2031-10,2031-09,HH_M/HH_M1,days_to_expiry,"(30, 60]",190,0.9926838155555652,0.07997574872098959
2031-09_2031-10,2031-09,HH_M/HH_M1,days_to_expiry,"(0, 30]",187,0.9750325377393815,0.09998845827890328
2031-09_2031-10,2031-09,HH_M/HH_M1,days_to_expiry,nan,48,0.8054379212931686,0.022428034387616716
2031-09_2031-10,2031-09,HH_M/HH_M1,month_pair,Oct/Nov,987,0.9868403676723956,0.08977079183379565
2031-09_2031-10,2031-09,HH_M/HH_M1,month_pair,Nov/Dec,988,0.9886843446088543,0.0804822472135751
2031-09_2031-10,2031-09,HH_M/HH_M1,month_pair,Dec/Jan,989,0.9941769454998596,0.074607666671956
2031-09_2031-10,2031-09,HH_M/HH_M1,month_pair,Jan/Feb,989,0.9932877016515033,0.08571246755810188
2031-09_2031-10,2031-09,HH_M/HH_M1,month_pair,Feb/Mar,989,0.937797443909539,0.10816185424276256
2031-09_2031-10,2031-09,HH_M/HH_M1,month_pair,Mar/Apr,987,0.9564829837629234,0.08693420260494653
2031-09_2031-10,2031-09,HH_M/HH_M1,month_pair,Apr/May,989,0.9950775019002887,0.08646812583594252
2031-09_2031-10,2031-09,HH_M/HH_M1,month_pair,May/Jun,987,0.9945129802605179,0.07904506973719716
2031-09_2031-10,2031-09,HH_M/HH_M1,month_pair,Jun/Jul,988,0.9920478415212869,0.07819930154614124
2031-09_2031-10,2031-09,HH_M/HH_M1,month_pair,Jul/Aug,987,0.9970988370350812,0.07693438478642413
2031-09_2031-10,2031-09,HH_M/HH_M1,month_pair,Aug/Sep,986,0.9967481620928775,0.07543043529213923
2031-09_2031-10,2031-09,HH_M/HH_M1,month_pair,Sep/Oct,987,0.9977716252927171,0.07825345267701798
2031-09_2031-10,2031-09,HH_M/HH_M1,pooled,all,11853,0.9834293986827828,1.0
2031-09_2031-10,2031-09,Brent_M/Brent_M1,year,2017,12,0.999982014682695,0.00043997175670929515
2031-09_2031-10,2031-09,Brent_M/Brent_M1,year,2018,429,0.9998170348104937,0.024882233288374814
2031-09_2031-10,2031-09,Brent_M/Brent_M1,year,2019,1032,0.9997606777357204,0.02124376433124752
2031-09_2031-10,2031-09,Brent_M/Brent_M1,year,2020,1646,0.9998563894734858,0.1445552413588057
2031-09_2031-10,2031-09,Brent_M/Brent_M1,year,2021,2234,0.9998176814960391,0.16034845529435182
2031-09_2031-10,2031-09,Brent_M/Brent_M1,year,2022,2383,0.9996495172336783,0.2937151965337491
2031-09_2031-10,2031-09,Brent_M/Brent_M1,year,2023,1919,0.999731618098053,0.15264418378227468
2031-09_2031-10,2031-09,Brent_M/Brent_M1,year,2024,1326,0.9998308447569975,0.07823287477373092
2031-09_2031-10,2031-09,Brent_M/Brent_M1,year,2025,725,0.9996742661709913,0.07658836363616985
2031-09_2031-10,2031-09,Brent_M/Brent_M1,year,2026,147,0.9927280910032954,0.04734971524458619
2031-09_2031-10,2031-09,Brent_M/Brent_M1,days_to_expiry,"(1460, 2200]",2190,0.9998553241334619,0.1138554601959692
2031-09_2031-10,2031-09,Brent_M/Brent_M1,days_to_expiry,"(1095, 1460]",2411,0.9997891297960602,0.14661709987022023
2031-09_2031-10,2031-09,Brent_M/Brent_M1,days_to_expiry,"(730, 1095]",2412,0.9997703919237018,0.17357737107787288
2031-09_2031-10,2031-09,Brent_M/Brent_M1,days_to_expiry,"(365, 730]",2401,0.9998418618064007,0.22325253254597255
2031-09_2031-10,2031-09,Brent_M/Brent_M1,days_to_expiry,"(180, 365]",1235,0.9997956512601147,0.15043165591844163
2031-09_2031-10,2031-09,Brent_M/Brent_M1,days_to_expiry,"(90, 180]",584,0.9993267561647361,0.08263002761708556
2031-09_2031-10,2031-09,Brent_M/Brent_M1,days_to_expiry,"(60, 90]",195,0.9981173994201753,0.029945890727599338
2031-09_2031-10,2031-09,Brent_M/Brent_M1,days_to_expiry,"(30, 60]",190,0.9961065763127122,0.032030132921554294
2031-09_2031-10,2031-09,Brent_M/Brent_M1,days_to_expiry,"(0, 30]",187,0.9940436782836023,0.037945390696162054
2031-09_2031-10,2031-09,Brent_M/Brent_M1,days_to_expiry,nan,48,0.9975875550096827,0.009714438429122223
2031-09_2031-10,2031-09,Brent_M/Brent_M1,month_pair,Oct/Nov,987,0.9995628441093679,0.0811153041935012
2031-09_2031-10,2031-09,Brent_M/Brent_M1,month_pair,Nov/Dec,988,0.9996890562572848,0.08301698552333904
2031-09_2031-10,2031-09,Brent_M/Brent_M1,month_pair,Dec/Jan,989,0.9997408743208286,0.09372821731135057
2031-09_2031-10,2031-09,Brent_M/Brent_M1,month_pair,Jan/Feb,989,0.9997236654548802,0.08758064023419189
2031-09_2031-10,2031-09,Brent_M/Brent_M1,month_pair,Feb/Mar,989,0.9997171417767077,0.08636132337210922
2031-09_2031-10,2031-09,Brent_M/Brent_M1,month_pair,Mar/Apr,987,0.9997314641851677,0.08319875766237708
2031-09_2031-10,2031-09,Brent_M/Brent_M1,month_pair,Apr/May,989,0.9986872900854509,0.08375035155084366
2031-09_2031-10,2031-09,Brent_M/Brent_M1,month_pair,May/Jun,987,0.998039900601156,0.08276808887244418
2031-09_2031-10,2031-09,Brent_M/Brent_M1,month_pair,Jun/Jul,988,0.9983678482526837,0.07097947916201398
2031-09_2031-10,2031-09,Brent_M/Brent_M1,month_pair,Jul/Aug,987,0.99891108202516,0.08435437200436051
2031-09_2031-10,2031-09,Brent_M/Brent_M1,month_pair,Aug/Sep,986,0.9991284519326035,0.08415776014538152
2031-09_2031-10,2031-09,Brent_M/Brent_M1,month_pair,Sep/Oct,987,0.9991467293190914,0.07898871996808715
2031-09_2031-10,2031-09,Brent_M/Brent_M1,pooled,all,11853,0.9992116540275923,1.0
2031-09_2031-10,2031-09,TTF_M/HH_M,year,2017,12,0.22244426033912695,3.1993583459921175e-05
2031-09_2031-10,2031-09,TTF_M/HH_M,year,2018,429,-0.13590735990391917,0.0038965935756860963
2031-09_2031-10,2031-09,TTF_M/HH_M,year,2019,1032,0.11746213319345826,0.006684611227176024
2031-09_2031-10,2031-09,TTF_M/HH_M,year,2020,1646,0.037271256351099416,0.019019442504933107
2031-09_2031-10,2031-09,TTF_M/HH_M,year,2021,2234,0.16758619941139927,0.09630103541937043
2031-09_2031-10,2031-09,TTF_M/HH_M,year,2022,2383,0.11749644233532433,0.5457096325039592
2031-09_2031-10,2031-09,TTF_M/HH_M,year,2023,1919,0.1366215084807065,0.16419363954878138
2031-09_2031-10,2031-09,TTF_M/HH_M,year,2024,1326,0.29288136307486434,0.06647845121382563
2031-09_2031-10,2031-09,TTF_M/HH_M,year,2025,725,0.06381045302677259,0.055066065963210474
2031-09_2031-10,2031-09,TTF_M/HH_M,year,2026,147,0.33198477799653797,0.04261853445959772
2031-09_2031-10,2031-09,TTF_M/HH_M,days_to_expiry,"(1460, 2200]",2190,0.08874490342532504,0.03655906865096422
2031-09_2031-10,2031-09,TTF_M/HH_M,days_to_expiry,"(1095, 1460]",2411,0.09752709732330588,0.10992835275089684
2031-09_2031-10,2031-09,TTF_M/HH_M,days_to_expiry,"(730, 1095]",2412,0.12606776438932696,0.15877170433584478
2031-09_2031-10,2031-09,TTF_M/HH_M,days_to_expiry,"(365, 730]",2401,0.15862736029297245,0.25963712338753836
2031-09_2031-10,2031-09,TTF_M/HH_M,days_to_expiry,"(180, 365]",1235,0.1364621827809343,0.20025054695872813
2031-09_2031-10,2031-09,TTF_M/HH_M,days_to_expiry,"(90, 180]",584,0.14040996380189355,0.10019151430748999
2031-09_2031-10,2031-09,TTF_M/HH_M,days_to_expiry,"(60, 90]",195,0.23594936792863225,0.03413165667454714
2031-09_2031-10,2031-09,TTF_M/HH_M,days_to_expiry,"(30, 60]",190,0.2622269035886683,0.038109445712904505
2031-09_2031-10,2031-09,TTF_M/HH_M,days_to_expiry,"(0, 30]",187,0.30790716490322334,0.05088594239239792
2031-09_2031-10,2031-09,TTF_M/HH_M,days_to_expiry,nan,48,0.24307791770244136,0.01153464482868812
2031-09_2031-10,2031-09,TTF_M/HH_M,month_pair,Oct/Nov,987,0.17120743314861042,0.08181310721543768
2031-09_2031-10,2031-09,TTF_M/HH_M,month_pair,Nov/Dec,988,0.06377238489163918,0.08780432657118635
2031-09_2031-10,2031-09,TTF_M/HH_M,month_pair,Dec/Jan,989,0.12419223025585847,0.08733439267048403
2031-09_2031-10,2031-09,TTF_M/HH_M,month_pair,Jan/Feb,989,0.14470775689419693,0.0929829027556102
2031-09_2031-10,2031-09,TTF_M/HH_M,month_pair,Feb/Mar,989,0.20225240940417147,0.10013796456174587
2031-09_2031-10,2031-09,TTF_M/HH_M,month_pair,Mar/Apr,987,0.1628830445765401,0.09958237942260882
2031-09_2031-10,2031-09,TTF_M/HH_M,month_pair,Apr/May,989,0.2317903193851873,0.07631895556154972
2031-09_2031-10,2031-09,TTF_M/HH_M,month_pair,May/Jun,987,0.22472647592069256,0.07005601451375804
2031-09_2031-10,2031-09,TTF_M/HH_M,month_pair,Jun/Jul,988,0.10297906172870479,0.07138103890354391
2031-09_2031-10,2031-09,TTF_M/HH_M,month_pair,Jul/Aug,987,0.10340836776410699,0.07580337662866594
2031-09_2031-10,2031-09,TTF_M/HH_M,month_pair,Aug/Sep,986,0.11583870339788259,0.08351873316256844
2031-09_2031-10,2031-09,TTF_M/HH_M,month_pair,Sep/Oct,987,0.22101504972215874,0.07326680803284102
2031-09_2031-10,2031-09,TTF_M/HH_M,pooled,all,11853,0.15576519174689415,1.0
2031-09_2031-10,2031-09,TTF_M/Brent_M,year,2017,12,-0.5012414578358197,8.103565712743419e-05
2031-09_2031-10,2031-09,TTF_M/Brent_M,year,2018,429,0.5281168334810505,0.006953818506769887
2031-09_2031-10,2031-09,TTF_M/Brent_M,year,2019,1032,0.40025897215664424,0.008955817420773374
2031-09_2031-10,2031-09,TTF_M/Brent_M,year,2020,1646,0.6195594270866336,0.03732505910035062
2031-09_2031-10,2031-09,TTF_M/Brent_M,year,2021,2234,0.11827909115678442,0.1167504970869805
2031-09_2031-10,2031-09,TTF_M/Brent_M,year,2022,2383,0.09348931275088668,0.5329512724229934
2031-09_2031-10,2031-09,TTF_M/Brent_M,year,2023,1919,0.1401316685816051,0.15955115676138806
2031-09_2031-10,2031-09,TTF_M/Brent_M,year,2024,1326,0.02265741674456452,0.056205369611113325
2031-09_2031-10,2031-09,TTF_M/Brent_M,year,2025,725,0.5076001870113045,0.04264562184751692
2031-09_2031-10,2031-09,TTF_M/Brent_M,year,2026,147,0.5943554766607196,0.03858035158498647
2031-09_2031-10,2031-09,TTF_M/Brent_M,days_to_expiry,"(1460, 2200]",2190,0.3374372720813288,0.04815891239534331
2031-09_2031-10,2031-09,TTF_M/Brent_M,days_to_expiry,"(1095, 1460]",2411,0.2043137288454266,0.12618326596057913
2031-09_2031-10,2031-09,TTF_M/Brent_M,days_to_expiry,"(730, 1095]",2412,0.21116646811972192,0.17787116713985593
2031-09_2031-10,2031-09,TTF_M/Brent_M,days_to_expiry,"(365, 730]",2401,0.1560175438950644,0.27467976584407383
2031-09_2031-10,2031-09,TTF_M/Brent_M,days_to_expiry,"(180, 365]",1235,0.12477300972528965,0.19165434147152305
2031-09_2031-10,2031-09,TTF_M/Brent_M,days_to_expiry,"(90, 180]",584,0.14721514429843868,0.08600702283518337
2031-09_2031-10,2031-09,TTF_M/Brent_M,days_to_expiry,"(60, 90]",195,0.17237282164329326,0.025045465506272787
2031-09_2031-10,2031-09,TTF_M/Brent_M,days_to_expiry,"(30, 60]",190,0.24151956998032847,0.02726439024068128
2031-09_2031-10,2031-09,TTF_M/Brent_M,days_to_expiry,"(0, 30]",187,0.2940359863698757,0.03619066339309026
2031-09_2031-10,2031-09,TTF_M/Brent_M,days_to_expiry,nan,48,0.1011019132851121,0.006945005213397098
2031-09_2031-10,2031-09,TTF_M/Brent_M,month_pair,Oct/Nov,987,0.18526535949537468,0.07938260532187723
2031-09_2031-10,2031-09,TTF_M/Brent_M,month_pair,Nov/Dec,988,0.15060989186383944,0.08832311660017582
2031-09_2031-10,2031-09,TTF_M/Brent_M,month_pair,Dec/Jan,989,0.1617971288513837,0.09150158603602025
2031-09_2031-10,2031-09,TTF_M/Brent_M,month_pair,Jan/Feb,989,0.18620121848598234,0.09475127910885231
2031-09_2031-10,2031-09,TTF_M/Brent_M,month_pair,Feb/Mar,989,0.18086801509822234,0.0942342060339059
2031-09_2031-10,2031-09,TTF_M/Brent_M,month_pair,Mar/Apr,987,0.14970356332117918,0.09927144397230428
2031-09_2031-10,2031-09,TTF_M/Brent_M,month_pair,Apr/May,989,0.20835351759357995,0.07557133889833098
2031-09_2031-10,2031-09,TTF_M/Brent_M,month_pair,May/Jun,987,0.24859401678087395,0.06992526625114541
2031-09_2031-10,2031-09,TTF_M/Brent_M,month_pair,Jun/Jul,988,0.13147517500747835,0.06968478882513386
2031-09_2031-10,2031-09,TTF_M/Brent_M,month_pair,Jul/Aug,987,0.18631590376118987,0.07739449707678712
2031-09_2031-10,2031-09,TTF_M/Brent_M,month_pair,Aug/Sep,986,0.21838763535974545,0.08640354534672248
2031-09_2031-10,2031-09,TTF_M/Brent_M,month_pair,Sep/Oct,987,0.208243337379141,0.07355632652874429
2031-09_2031-10,2031-09,TTF_M/Brent_M,pooled,all,11853,0.18369989365071882,1.0
2031-09_2031-10,2031-09,HH_M/Brent_M,year,2017,12,0.018940932710741314,0.00020293846670482076
2031-09_2031-10,2031-09,HH_M/Brent_M,year,2018,429,0.036461557728573235,0.011342445065780034
2031-09_2031-10,2031-09,HH_M/Brent_M,year,2019,1032,0.1472772111820228,0.011482653859138211
2031-09_2031-10,2031-09,HH_M/Brent_M,year,2020,1646,0.11429016510865155,0.06397214258961682
2031-09_2031-10,2031-09,HH_M/Brent_M,year,2021,2234,0.07332006123466807,0.08918298491610936
2031-09_2031-10,2031-09,HH_M/Brent_M,year,2022,2383,0.3467830030293441,0.3883639045320239
2031-09_2031-10,2031-09,HH_M/Brent_M,year,2023,1919,0.2185886354606518,0.16797580945652238
2031-09_2031-10,2031-09,HH_M/Brent_M,year,2024,1326,0.03768077241231375,0.10263887371468682
2031-09_2031-10,2031-09,HH_M/Brent_M,year,2025,725,0.19205368192379157,0.10482295997222948
2031-09_2031-10,2031-09,HH_M/Brent_M,year,2026,147,0.141717921103914,0.060015287427188126
2031-09_2031-10,2031-09,HH_M/Brent_M,days_to_expiry,"(1460, 2200]",2190,0.13800343898167203,0.06270960739056651
2031-09_2031-10,2031-09,HH_M/Brent_M,days_to_expiry,"(1095, 1460]",2411,0.1993577814041128,0.09329929279044331
2031-09_2031-10,2031-09,HH_M/Brent_M,days_to_expiry,"(730, 1095]",2412,0.23747250300186062,0.11861999881519548
2031-09_2031-10,2031-09,HH_M/Brent_M,days_to_expiry,"(365, 730]",2401,0.30194070638895226,0.1920550242028249
2031-09_2031-10,2031-09,HH_M/Brent_M,days_to_expiry,"(180, 365]",1235,0.24818303530028918,0.18558061447969457
2031-09_2031-10,2031-09,HH_M/Brent_M,days_to_expiry,"(90, 180]",584,0.23250980613104702,0.1250106017234395
2031-09_2031-10,2031-09,HH_M/Brent_M,days_to_expiry,"(60, 90]",195,0.1463190032498796,0.05542551857533654
2031-09_2031-10,2031-09,HH_M/Brent_M,days_to_expiry,"(30, 60]",190,0.12421537141307123,0.0632210970886417
2031-09_2031-10,2031-09,HH_M/Brent_M,days_to_expiry,"(0, 30]",187,0.15106714738603924,0.08142174585991016
2031-09_2031-10,2031-09,HH_M/Brent_M,days_to_expiry,nan,48,0.10479773466202046,0.022656499073947328
2031-09_2031-10,2031-09,HH_M/Brent_M,month_pair,Oct/Nov,987,0.25661191981254333,0.08757054208137167
2031-09_2031-10,2031-09,HH_M/Brent_M,month_pair,Nov/Dec,988,0.20825118209661134,0.08254079296646477
2031-09_2031-10,2031-09,HH_M/Brent_M,month_pair,Dec/Jan,989,0.20820974101366488,0.0808473902355828
2031-09_2031-10,2031-09,HH_M/Brent_M,month_pair,Jan/Feb,989,0.19202517625306645,0.08393638477782348
2031-09_2031-10,2031-09,HH_M/Brent_M,month_pair,Feb/Mar,989,0.19890204247721943,0.10501340809355582
2031-09_2031-10,2031-09,HH_M/Brent_M,month_pair,Mar/Apr,987,0.20024384795829497,0.08777190243447941
2031-09_2031-10,2031-09,HH_M/Brent_M,month_pair,Apr/May,989,0.22199788952786625,0.0841134771164122
2031-09_2031-10,2031-09,HH_M/Brent_M,month_pair,May/Jun,987,0.2544206734069259,0.08043315154673433
2031-09_2031-10,2031-09,HH_M/Brent_M,month_pair,Jun/Jul,988,0.20094272312739708,0.07593427694826313
2031-09_2031-10,2031-09,HH_M/Brent_M,month_pair,Jul/Aug,987,0.2234500948275071,0.07821809710272379
2031-09_2031-10,2031-09,HH_M/Brent_M,month_pair,Aug/Sep,986,0.1595249258191328,0.07650502133040904
2031-09_2031-10,2031-09,HH_M/Brent_M,month_pair,Sep/Oct,987,0.20668640860576953,0.07711555536617958
2031-09_2031-10,2031-09,HH_M/Brent_M,pooled,all,11853,0.21043212272846867,1.0
2031-10_2031-11,2031-10,TTF_M/TTF_M1,year,2017,25,0.9416595985988714,7.727852246237218e-05
2031-10_2031-11,2031-10,TTF_M/TTF_M1,year,2018,484,0.9959265748673536,0.004513865895755334
2031-10_2031-11,2031-10,TTF_M/TTF_M1,year,2019,1081,0.9910164959677531,0.007380594622070351
2031-10_2031-11,2031-10,TTF_M/TTF_M1,year,2020,1697,0.989027601811378,0.02077028196505133
2031-10_2031-11,2031-10,TTF_M/TTF_M1,year,2021,2276,0.9579140805787495,0.10605864132163537
2031-10_2031-11,2031-10,TTF_M/TTF_M1,year,2022,2383,0.9851119433309211,0.5785720172353775
2031-10_2031-11,2031-10,TTF_M/TTF_M1,year,2023,1919,0.9870728988438817,0.1578791625618464
2031-10_2031-11,2031-10,TTF_M/TTF_M1,year,2024,1326,0.9955624074590642,0.05205394123211346
2031-10_2031-11,2031-10,TTF_M/TTF_M1,year,2025,725,0.9943391031392965,0.03680778315168653
2031-10_2031-11,2031-10,TTF_M/TTF_M1,year,2026,147,0.995076183987661,0.03588643349200137
2031-10_2031-11,2031-10,TTF_M/TTF_M1,days_to_expiry,"(1460, 2200]",2400,0.9861759279785008,0.04070793745395154
2031-10_2031-11,2031-10,TTF_M/TTF_M1,days_to_expiry,"(1095, 1460]",2411,0.9779728012514908,0.12438252664555273
2031-10_2031-11,2031-10,TTF_M/TTF_M1,days_to_expiry,"(730, 1095]",2412,0.9836211423106326,0.18037145512461117
2031-10_2031-11,2031-10,TTF_M/TTF_M1,days_to_expiry,"(365, 730]",2401,0.9778694599072129,0.27927616364852637
2031-10_2031-11,2031-10,TTF_M/TTF_M1,days_to_expiry,"(180, 365]",1235,0.9901451528152165,0.1997197930134454
2031-10_2031-11,2031-10,TTF_M/TTF_M1,days_to_expiry,"(90, 180]",584,0.9969903309595645,0.0867485259960852
2031-10_2031-11,2031-10,TTF_M/TTF_M1,days_to_expiry,"(60, 90]",195,0.9953435015713061,0.0237637772266829
2031-10_2031-11,2031-10,TTF_M/TTF_M1,days_to_expiry,"(30, 60]",190,0.9925496960334068,0.025347856519722885
2031-10_2031-11,2031-10,TTF_M/TTF_M1,days_to_expiry,"(0, 30]",187,0.9854042182959604,0.03345057819513274
2031-10_2031-11,2031-10,TTF_M/TTF_M1,days_to_expiry,nan,48,0.9859623630705328,0.006231386176289058
2031-10_2031-11,2031-10,TTF_M/TTF_M1,month_pair,Oct/Nov,1006,0.9918246169029323,0.077412131170788
2031-10_2031-11,2031-10,TTF_M/TTF_M1,month_pair,Nov/Dec,1006,0.996162610008722,0.08944260372869169
2031-10_2031-11,2031-10,TTF_M/TTF_M1,month_pair,Dec/Jan,1006,0.9903483240319262,0.09162710984493946
2031-10_2031-11,2031-10,TTF_M/TTF_M1,month_pair,Jan/Feb,1005,0.9965950245577162,0.09781731210911637
2031-10_2031-11,2031-10,TTF_M/TTF_M1,month_pair,Feb/Mar,1005,0.9967340774945498,0.09804151477185194
2031-10_2031-11,2031-10,TTF_M/TTF_M1,month_pair,Mar/Apr,1005,0.9060052105585523,0.09300680350247166
2031-10_2031-11,2031-10,TTF_M/TTF_M1,month_pair,Apr/May,1005,0.9814912191978908,0.07485870392858444
2031-10_2031-11,2031-10,TTF_M/TTF_M1,month_pair,May/Jun,1005,0.9956091478456892,0.06957575555828427
2031-10_2031-11,2031-10,TTF_M/TTF_M1,month_pair,Jun/Jul,1005,0.992199821215922,0.0710910307529918
2031-10_2031-11,2031-10,TTF_M/TTF_M1,month_pair,Jul/Aug,1005,0.9980928019354355,0.07723175424716246
2031-10_2031-11,2031-10,TTF_M/TTF_M1,month_pair,Aug/Sep,1005,0.9981128055646927,0.08689558597292879
2031-10_2031-11,2031-10,TTF_M/TTF_M1,month_pair,Sep/Oct,1005,0.9827245909755009,0.0729996944121891
2031-10_2031-11,2031-10,TTF_M/TTF_M1,pooled,all,12063,0.9843767649777727,1.0
2031-10_2031-11,2031-10,HH_M/HH_M1,year,2017,25,0.9961085845071327,0.00011727525372676474
2031-10_2031-11,2031-10,HH_M/HH_M1,year,2018,484,0.9954001321443692,0.004225274803036021
2031-10_2031-11,2031-10,HH_M/HH_M1,year,2019,1081,0.9946245057189547,0.00641798364403487
2031-10_2031-11,2031-10,HH_M/HH_M1,year,2020,1697,0.9894559215464088,0.01809024677206076
2031-10_2031-11,2031-10,HH_M/HH_M1,year,2021,2276,0.9883052814861399,0.05012640849986506
2031-10_2031-11,2031-10,HH_M/HH_M1,year,2022,2383,0.9910522476024696,0.4570977052531078
2031-10_2031-11,2031-10,HH_M/HH_M1,year,2023,1919,0.9869615071898581,0.17751866484957848
2031-10_2031-11,2031-10,HH_M/HH_M1,year,2024,1326,0.974033597299965,0.11022074570673078
2031-10_2031-11,2031-10,HH_M/HH_M1,year,2025,725,0.9899157528338458,0.11876983729745333
2031-10_2031-11,2031-10,HH_M/HH_M1,year,2026,147,0.9254844482819381,0.057415857920406155
2031-10_2031-11,2031-10,HH_M/HH_M1,days_to_expiry,"(1460, 2200]",2400,0.9957878847088276,0.03786526024293808
2031-10_2031-11,2031-10,HH_M/HH_M1,days_to_expiry,"(1095, 1460]",2411,0.9951808322832721,0.06615779002494433
2031-10_2031-11,2031-10,HH_M/HH_M1,days_to_expiry,"(730, 1095]",2412,0.9911552160961807,0.09098160843407072
2031-10_2031-11,2031-10,HH_M/HH_M1,days_to_expiry,"(365, 730]",2401,0.9901375488129753,0.17796648893831002
2031-10_2031-11,2031-10,HH_M/HH_M1,days_to_expiry,"(180, 365]",1235,0.9892937420598098,0.2093529269010804
2031-10_2031-11,2031-10,HH_M/HH_M1,days_to_expiry,"(90, 180]",584,0.9938788546709442,0.14849648727933693
2031-10_2031-11,2031-10,HH_M/HH_M1,days_to_expiry,"(60, 90]",195,0.9883725166023278,0.06728551161952896
2031-10_2031-11,2031-10,HH_M/HH_M1,days_to_expiry,"(30, 60]",190,0.9926838155555652,0.07977883849769064
2031-10_2031-11,2031-10,HH_M/HH_M1,days_to_expiry,"(0, 30]",187,0.9750325377393815,0.09974227427985496
2031-10_2031-11,2031-10,HH_M/HH_M1,days_to_expiry,nan,48,0.8054379212931686,0.02237281378224509
2031-10_2031-11,2031-10,HH_M/HH_M1,month_pair,Oct/Nov,1006,0.9868493611457296,0.08969462219377086
2031-10_2031-11,2031-10,HH_M/HH_M1,month_pair,Nov/Dec,1006,0.988699832041295,0.08047133608342429
2031-10_2031-11,2031-10,HH_M/HH_M1,month_pair,Dec/Jan,1006,0.9941746923584635,0.07457845472292995
2031-10_2031-11,2031-10,HH_M/HH_M1,month_pair,Jan/Feb,1005,0.9932907634390276,0.08559166527773426
2031-10_2031-11,2031-10,HH_M/HH_M1,month_pair,Feb/Mar,1005,0.9378186954641317,0.1079542324352211
2031-10_2031-11,2031-10,HH_M/HH_M1,month_pair,Mar/Apr,1005,0.9564443411618544,0.0869402457385631
2031-10_2031-11,2031-10,HH_M/HH_M1,month_pair,Apr/May,1005,0.9950884280785475,0.08652162404001963
2031-10_2031-11,2031-10,HH_M/HH_M1,month_pair,May/Jun,1005,0.9945193495554908,0.07900630243489418
2031-10_2031-11,2031-10,HH_M/HH_M1,month_pair,Jun/Jul,1005,0.9920594808458951,0.07816313230644066
2031-10_2031-11,2031-10,HH_M/HH_M1,month_pair,Jul/Aug,1005,0.9971066187849644,0.07704996111846699
2031-10_2031-11,2031-10,HH_M/HH_M1,month_pair,Aug/Sep,1005,0.99675695952964,0.07547816992730629
2031-10_2031-11,2031-10,HH_M/HH_M1,month_pair,Sep/Oct,1005,0.9977756543213729,0.07855025372122873
2031-10_2031-11,2031-10,HH_M/HH_M1,pooled,all,12063,0.9834513070743333,1.0
2031-10_2031-11,2031-10,Brent_M/Brent_M1,year,2017,25,0.9999628587624201,0.0007527595050292049
2031-10_2031-11,2031-10,Brent_M/Brent_M1,year,2018,484,0.9998235708377294,0.027706675169509424
2031-10_2031-11,2031-10,Brent_M/Brent_M1,year,2019,1081,0.9997630395389702,0.022017132493177768
2031-10_2031-11,2031-10,Brent_M/Brent_M1,year,2020,1697,0.9998584865900232,0.14792410410238854
2031-10_2031-11,2031-10,Brent_M/Brent_M1,year,2021,2276,0.9998176126124819,0.1596640650238228
2031-10_2031-11,2031-10,Brent_M/Brent_M1,year,2022,2383,0.9996495172336783,0.2907283318376692
2031-10_2031-11,2031-10,Brent_M/Brent_M1,year,2023,1919,0.999731618098053,0.15109190617123586
2031-10_2031-11,2031-10,Brent_M/Brent_M1,year,2024,1326,0.9998308447569975,0.07743730473005547
2031-10_2031-11,2031-10,Brent_M/Brent_M1,year,2025,725,0.9996742661709913,0.07580951704540749
2031-10_2031-11,2031-10,Brent_M/Brent_M1,year,2026,147,0.9927280910032954,0.046868203921704266
2031-10_2031-11,2031-10,Brent_M/Brent_M1,days_to_expiry,"(1460, 2200]",2400,0.9998597163700552,0.12286688988296032
2031-10_2031-11,2031-10,Brent_M/Brent_M1,days_to_expiry,"(1095, 1460]",2411,0.9997891297960602,0.14512611321167443
2031-10_2031-11,2031-10,Brent_M/Brent_M1,days_to_expiry,"(730, 1095]",2412,0.9997703919237018,0.1718122185497459
2031-10_2031-11,2031-10,Brent_M/Brent_M1,days_to_expiry,"(365, 730]",2401,0.9998418618064007,0.22098222063960385
2031-10_2031-11,2031-10,Brent_M/Brent_M1,days_to_expiry,"(180, 365]",1235,0.9997956512601147,0.14890187806718222
2031-10_2031-11,2031-10,Brent_M/Brent_M1,days_to_expiry,"(90, 180]",584,0.9993267561647361,0.08178974180539375
2031-10_2031-11,2031-10,Brent_M/Brent_M1,days_to_expiry,"(60, 90]",195,0.9981173994201753,0.029641363332141082
2031-10_2031-11,2031-10,Brent_M/Brent_M1,days_to_expiry,"(30, 60]",190,0.9961065763127122,0.03170441033599122
2031-10_2031-11,2031-10,Brent_M/Brent_M1,days_to_expiry,"(0, 30]",187,0.9940436782836023,0.03755951434660007
2031-10_2031-11,2031-10,Brent_M/Brent_M1,days_to_expiry,nan,48,0.9975875550096827,0.00961564982870722
2031-10_2031-11,2031-10,Brent_M/Brent_M1,month_pair,Oct/Nov,1006,0.9995652529724548,0.08122435872627669
2031-10_2031-11,2031-10,Brent_M/Brent_M1,month_pair,Nov/Dec,1006,0.9996886143281981,0.08361530969634365
2031-10_2031-11,2031-10,Brent_M/Brent_M1,month_pair,Dec/Jan,1006,0.9997412928676722,0.09366668486771099
2031-10_2031-11,2031-10,Brent_M/Brent_M1,month_pair,Jan/Feb,1005,0.9997236820616103,0.08701023377848398
2031-10_2031-11,2031-10,Brent_M/Brent_M1,month_pair,Feb/Mar,1005,0.9997190916735108,0.0864597075154242
2031-10_2031-11,2031-10,Brent_M/Brent_M1,month_pair,Mar/Apr,1005,0.9997364601135179,0.08471215086517464
2031-10_2031-11,2031-10,Brent_M/Brent_M1,month_pair,Apr/May,1005,0.9986937232406997,0.0834356281607638
2031-10_2031-11,2031-10,Brent_M/Brent_M1,month_pair,May/Jun,1005,0.9980542170244006,0.08271858943565617
2031-10_2031-11,2031-10,Brent_M/Brent_M1,month_pair,Jun/Jul,1005,0.9983741067042523,0.07069185687092301
2031-10_2031-11,2031-10,Brent_M/Brent_M1,month_pair,Jul/Aug,1005,0.9989156846550529,0.08402088852822305
2031-10_2031-11,2031-10,Brent_M/Brent_M1,month_pair,Aug/Sep,1005,0.9991302794976917,0.08385039708645944
2031-10_2031-11,2031-10,Brent_M/Brent_M1,month_pair,Sep/Oct,1005,0.9991485784985705,0.07859419446856042
2031-10_2031-11,2031-10,Brent_M/Brent_M1,pooled,all,12063,0.9992168193350196,1.0
2031-10_2031-11,2031-10,TTF_M/HH_M,year,2017,25,0.13913907591942123,8.416566616250861e-05
2031-10_2031-11,2031-10,TTF_M/HH_M,year,2018,484,-0.1408110444957498,0.004313997066081732
2031-10_2031-11,2031-10,TTF_M/HH_M,year,2019,1081,0.12006756689901238,0.006976984633203304
2031-10_2031-11,2031-10,TTF_M/HH_M,year,2020,1697,0.03764363528571543,0.019695079952550737
2031-10_2031-11,2031-10,TTF_M/HH_M,year,2021,2276,0.16442373156746984,0.09658471115896143
2031-10_2031-11,2031-10,TTF_M/HH_M,year,2022,2383,0.11749644233532433,0.5446349894033437
2031-10_2031-11,2031-10,TTF_M/HH_M,year,2023,1919,0.1366215084807065,0.16387029989817561
2031-10_2031-11,2031-10,TTF_M/HH_M,year,2024,1326,0.29288136307486434,0.06634753798693473
2031-10_2031-11,2031-10,TTF_M/HH_M,year,2025,725,0.06381045302677259,0.05495762666813357
2031-10_2031-11,2031-10,TTF_M/HH_M,year,2026,147,0.33198477799653797,0.042534607566452734
2031-10_2031-11,2031-10,TTF_M/HH_M,days_to_expiry,"(1460, 2200]",2400,0.08287275908081033,0.03845633248516517
2031-10_2031-11,2031-10,TTF_M/HH_M,days_to_expiry,"(1095, 1460]",2411,0.09752709732330588,0.10971187545453004
2031-10_2031-11,2031-10,TTF_M/HH_M,days_to_expiry,"(730, 1095]",2412,0.12606776438932696,0.1584590418749412
2031-10_2031-11,2031-10,TTF_M/HH_M,days_to_expiry,"(365, 730]",2401,0.15862736029297245,0.2591258308856417
2031-10_2031-11,2031-10,TTF_M/HH_M,days_to_expiry,"(180, 365]",1235,0.1364621827809343,0.19985620195203244
2031-10_2031-11,2031-10,TTF_M/HH_M,days_to_expiry,"(90, 180]",584,0.14040996380189355,0.09999421135885643
2031-10_2031-11,2031-10,TTF_M/HH_M,days_to_expiry,"(60, 90]",195,0.23594936792863225,0.034064442634015035
2031-10_2031-11,2031-10,TTF_M/HH_M,days_to_expiry,"(30, 60]",190,0.2622269035886683,0.038034398379186506
2031-10_2031-11,2031-10,TTF_M/HH_M,days_to_expiry,"(0, 30]",187,0.30790716490322334,0.050785734839418895
2031-10_2031-11,2031-10,TTF_M/HH_M,days_to_expiry,nan,48,0.24307791770244136,0.011511930136212704
2031-10_2031-11,2031-10,TTF_M/HH_M,month_pair,Oct/Nov,1006,0.1711447206546129,0.08179788305302393
2031-10_2031-11,2031-10,TTF_M/HH_M,month_pair,Nov/Dec,1006,0.06329844299593866,0.08777427153499007
2031-10_2031-11,2031-10,TTF_M/HH_M,month_pair,Dec/Jan,1006,0.12329974524868817,0.08728465291643503
2031-10_2031-11,2031-10,TTF_M/HH_M,month_pair,Jan/Feb,1005,0.14394985360525347,0.09292934077680191
2031-10_2031-11,2031-10,TTF_M/HH_M,month_pair,Feb/Mar,1005,0.20186486461347278,0.10006266078988617
2031-10_2031-11,2031-10,TTF_M/HH_M,month_pair,Mar/Apr,1005,0.16205255080973105,0.09966436497999552
2031-10_2031-11,2031-10,TTF_M/HH_M,month_pair,Apr/May,1005,0.23199228956808637,0.07632350499799516
2031-10_2031-11,2031-10,TTF_M/HH_M,month_pair,May/Jun,1005,0.22475740330752614,0.07008008848004083
2031-10_2031-11,2031-10,TTF_M/HH_M,month_pair,Jun/Jul,1005,0.10309173837893502,0.0713399708053613
2031-10_2031-11,2031-10,TTF_M/HH_M,month_pair,Jul/Aug,1005,0.10289501226090901,0.0758561645669294
2031-10_2031-11,2031-10,TTF_M/HH_M,month_pair,Aug/Sep,1005,0.11606371938881058,0.08349236355989374
2031-10_2031-11,2031-10,TTF_M/HH_M,month_pair,Sep/Oct,1005,0.22028453322389796,0.07339473353864708
2031-10_2031-11,2031-10,TTF_M/HH_M,pooled,all,12063,0.15540403356925037,1.0
2031-10_2031-11,2031-10,TTF_M/Brent_M,year,2017,25,0.02052496735308014,0.00017044962964475553
2031-10_2031-11,2031-10,TTF_M/Brent_M,year,2018,484,0.530901950213024,0.007706000437888775
2031-10_2031-11,2031-10,TTF_M/Brent_M,year,2019,1081,0.3953448974240005,0.009339995944776134
2031-10_2031-11,2031-10,TTF_M/Brent_M,year,2020,1697,0.6190469470301112,0.038517231848468024
2031-10_2031-11,2031-10,TTF_M/Brent_M,year,2021,2276,0.1191010103451387,0.11686029426331127
2031-10_2031-11,2031-10,TTF_M/Brent_M,year,2022,2383,0.09348931275088668,0.5313280530603347
2031-10_2031-11,2031-10,TTF_M/Brent_M,year,2023,1919,0.1401316685816051,0.15906520890763357
2031-10_2031-11,2031-10,TTF_M/Brent_M,year,2024,1326,0.02265741674456452,0.05603418389684837
2031-10_2031-11,2031-10,TTF_M/Brent_M,year,2025,725,0.5076001870113045,0.042515735303103964
2031-10_2031-11,2031-10,TTF_M/Brent_M,year,2026,147,0.5943554766607196,0.03846284670799046
2031-10_2031-11,2031-10,TTF_M/Brent_M,days_to_expiry,"(1460, 2200]",2400,0.34730219584622113,0.051057952070302066
2031-10_2031-11,2031-10,TTF_M/Brent_M,days_to_expiry,"(1095, 1460]",2411,0.2043137288454266,0.1257989472974122
2031-10_2031-11,2031-10,TTF_M/Brent_M,days_to_expiry,"(730, 1095]",2412,0.21116646811972192,0.17732942169801194
2031-10_2031-11,2031-10,TTF_M/Brent_M,days_to_expiry,"(365, 730]",2401,0.1560175438950644,0.27384316869623027
2031-10_2031-11,2031-10,TTF_M/Brent_M,days_to_expiry,"(180, 365]",1235,0.12477300972528965,0.19107061636547384
2031-10_2031-11,2031-10,TTF_M/Brent_M,days_to_expiry,"(90, 180]",584,0.14721514429843868,0.08574506968484001
2031-10_2031-11,2031-10,TTF_M/Brent_M,days_to_expiry,"(60, 90]",195,0.17237282164329326,0.02496918407744393
2031-10_2031-11,2031-10,TTF_M/Brent_M,days_to_expiry,"(30, 60]",190,0.24151956998032847,0.02718135059251879
2031-10_2031-11,2031-10,TTF_M/Brent_M,days_to_expiry,"(0, 30]",187,0.2940359863698757,0.03608043683278945
2031-10_2031-11,2031-10,TTF_M/Brent_M,days_to_expiry,nan,48,0.1011019132851121,0.006923852684977569
2031-10_2031-11,2031-10,TTF_M/Brent_M,month_pair,Oct/Nov,1006,0.18706756453273937,0.07939978650894192
2031-10_2031-11,2031-10,TTF_M/Brent_M,month_pair,Nov/Dec,1006,0.1524150920316187,0.08837090535503983
2031-10_2031-11,2031-10,TTF_M/Brent_M,month_pair,Dec/Jan,1006,0.16249251724275557,0.09144454487777368
2031-10_2031-11,2031-10,TTF_M/Brent_M,month_pair,Jan/Feb,1005,0.1872493027589739,0.09462967983545201
2031-10_2031-11,2031-10,TTF_M/Brent_M,month_pair,Feb/Mar,1005,0.17998082423745157,0.09420588122681514
2031-10_2031-11,2031-10,TTF_M/Brent_M,month_pair,Mar/Apr,1005,0.15306898901614738,0.09956413373363147
2031-10_2031-11,2031-10,TTF_M/Brent_M,month_pair,Apr/May,1005,0.20938390893225284,0.07552834751655682
2031-10_2031-11,2031-10,TTF_M/Brent_M,month_pair,May/Jun,1005,0.2507256561834348,0.06996669282712938
2031-10_2031-11,2031-10,TTF_M/Brent_M,month_pair,Jun/Jul,1005,0.13167645834628788,0.06960709048211301
2031-10_2031-11,2031-10,TTF_M/Brent_M,month_pair,Jul/Aug,1005,0.18727630773148324,0.07738639344695597
2031-10_2031-11,2031-10,TTF_M/Brent_M,month_pair,Aug/Sep,1005,0.2185373325660084,0.08631645923170737
2031-10_2031-11,2031-10,TTF_M/Brent_M,month_pair,Sep/Oct,1005,0.20970663427401742,0.0735800849578834
2031-10_2031-11,2031-10,TTF_M/Brent_M,pooled,all,12063,0.18481603911314096,1.0
2031-10_2031-11,2031-10,HH_M/Brent_M,year,2017,25,-0.010585295675392847,0.00035054397398402286
2031-10_2031-11,2031-10,HH_M/Brent_M,year,2018,484,0.02024868506835736,0.012759684604707394
2031-10_2031-11,2031-10,HH_M/Brent_M,year,2019,1081,0.14083873815075734,0.011951012028952648
2031-10_2031-11,2031-10,HH_M/Brent_M,year,2020,1697,0.11308495476417516,0.06584772758820984
2031-10_2031-11,2031-10,HH_M/Brent_M,year,2021,2276,0.06871014208777118,0.08955463031227101
2031-10_2031-11,2031-10,HH_M/Brent_M,year,2022,2383,0.3467830030293441,0.3863460216248802
2031-10_2031-11,2031-10,HH_M/Brent_M,year,2023,1919,0.2185886354606518,0.16710303134619725
2031-10_2031-11,2031-10,HH_M/Brent_M,year,2024,1326,0.03768077241231375,0.10210557691119802
2031-10_2031-11,2031-10,HH_M/Brent_M,year,2025,725,0.19205368192379157,0.10427831497114717
2031-10_2031-11,2031-10,HH_M/Brent_M,year,2026,147,0.141717921103914,0.05970345663845257
2031-10_2031-11,2031-10,HH_M/Brent_M,days_to_expiry,"(1460, 2200]",2400,0.12445334532130854,0.06757963326116263
2031-10_2031-11,2031-10,HH_M/Brent_M,days_to_expiry,"(1095, 1460]",2411,0.1993577814041128,0.09281452310414279
2031-10_2031-11,2031-10,HH_M/Brent_M,days_to_expiry,"(730, 1095]",2412,0.23747250300186062,0.11800366638764143
2031-10_2031-11,2031-10,HH_M/Brent_M,days_to_expiry,"(365, 730]",2401,0.30194070638895226,0.19105713396110188
2031-10_2031-11,2031-10,HH_M/Brent_M,days_to_expiry,"(180, 365]",1235,0.24818303530028918,0.18461636433830447
2031-10_2031-11,2031-10,HH_M/Brent_M,days_to_expiry,"(90, 180]",584,0.23250980613104702,0.12436106464369093
2031-10_2031-11,2031-10,HH_M/Brent_M,days_to_expiry,"(60, 90]",195,0.1463190032498796,0.055137535564434646
2031-10_2031-11,2031-10,HH_M/Brent_M,days_to_expiry,"(30, 60]",190,0.12421537141307123,0.06289260937467722
2031-10_2031-11,2031-10,HH_M/Brent_M,days_to_expiry,"(0, 30]",187,0.15106714738603924,0.08099869019659228
2031-10_2031-11,2031-10,HH_M/Brent_M,days_to_expiry,nan,48,0.10479773466202046,0.022538779168251855
2031-10_2031-11,2031-10,HH_M/Brent_M,month_pair,Oct/Nov,1006,0.25586121410415225,0.08754476686740106
2031-10_2031-11,2031-10,HH_M/Brent_M,month_pair,Nov/Dec,1006,0.20611944922698183,0.08275953682020878
2031-10_2031-11,2031-10,HH_M/Brent_M,month_pair,Dec/Jan,1006,0.20647709129418093,0.08085550526905942
2031-10_2031-11,2031-10,HH_M/Brent_M,month_pair,Jan/Feb,1005,0.19159613896333352,0.08367034758475106
2031-10_2031-11,2031-10,HH_M/Brent_M,month_pair,Feb/Mar,1005,0.19709313322171568,0.10486390945834434
2031-10_2031-11,2031-10,HH_M/Brent_M,month_pair,Mar/Apr,1005,0.19489787922847865,0.0883052597169902
2031-10_2031-11,2031-10,HH_M/Brent_M,month_pair,Apr/May,1005,0.22297258053821847,0.08403113306605328
2031-10_2031-11,2031-10,HH_M/Brent_M,month_pair,May/Jun,1005,0.25314513821291207,0.08040242501879707
2031-10_2031-11,2031-10,HH_M/Brent_M,month_pair,Jun/Jul,1005,0.19921818866095284,0.07579210269145814
2031-10_2031-11,2031-10,HH_M/Brent_M,month_pair,Jul/Aug,1005,0.22375214691952874,0.07818211302250976
2031-10_2031-11,2031-10,HH_M/Brent_M,month_pair,Aug/Sep,1005,0.15801023986837612,0.07644504498824085
2031-10_2031-11,2031-10,HH_M/Brent_M,month_pair,Sep/Oct,1005,0.20389239023627995,0.07714785549618616
2031-10_2031-11,2031-10,HH_M/Brent_M,pooled,all,12063,0.20891323673559825,1.0
2031-11_2031-12,2031-11,TTF_M/TTF_M1,year,2017,41,0.9692403566942603,0.0001589912269813717
2031-11_2031-12,2031-11,TTF_M/TTF_M1,year,2018,533,0.9961296145897351,0.005013237978341483
2031-11_2031-12,2031-11,TTF_M/TTF_M1,year,2019,1136,0.9913412484325203,0.007755734227927199
2031-11_2031-12,2031-11,TTF_M/TTF_M1,year,2020,1746,0.9888007530346495,0.021303209087834136
2031-11_2031-12,2031-11,TTF_M/TTF_M1,year,2021,2308,0.958039572722667,0.10615388556267773
2031-11_2031-12,2031-11,TTF_M/TTF_M1,year,2022,2383,0.9851119433309211,0.5775075864944292
2031-11_2031-12,2031-11,TTF_M/TTF_M1,year,2023,1919,0.9870728988438817,0.15758870358875432
2031-11_2031-12,2031-11,TTF_M/TTF_M1,year,2024,1326,0.9955624074590642,0.0519581747353172
2031-11_2031-12,2031-11,TTF_M/TTF_M1,year,2025,725,0.9943391031392965,0.03674006584990615
2031-11_2031-12,2031-11,TTF_M/TTF_M1,year,2026,147,0.995076183987661,0.03582041124783131
2031-11_2031-12,2031-11,TTF_M/TTF_M1,days_to_expiry,"(1460, 2200]",2601,0.9864657228640699,0.0424727997882914
2031-11_2031-12,2031-11,TTF_M/TTF_M1,days_to_expiry,"(1095, 1460]",2411,0.9779728012514908,0.124153693274677
2031-11_2031-12,2031-11,TTF_M/TTF_M1,days_to_expiry,"(730, 1095]",2412,0.9836211423106326,0.18003961584461692
2031-11_2031-12,2031-11,TTF_M/TTF_M1,days_to_expiry,"(365, 730]",2401,0.9778694599072129,0.27876236394002674
2031-11_2031-12,2031-11,TTF_M/TTF_M1,days_to_expiry,"(180, 365]",1235,0.9901451528152165,0.19935235753276803
2031-11_2031-12,2031-11,TTF_M/TTF_M1,days_to_expiry,"(90, 180]",584,0.9969903309595645,0.08658892996473302
2031-11_2031-12,2031-11,TTF_M/TTF_M1,days_to_expiry,"(60, 90]",195,0.9953435015713061,0.023720057699558178
2031-11_2031-12,2031-11,TTF_M/TTF_M1,days_to_expiry,"(30, 60]",190,0.9925496960334068,0.02530122267485485
2031-11_2031-12,2031-11,TTF_M/TTF_M1,days_to_expiry,"(0, 30]",187,0.9854042182959604,0.033389037327837545
2031-11_2031-12,2031-11,TTF_M/TTF_M1,days_to_expiry,nan,48,0.9859623630705328,0.006219921952636389
2031-11_2031-12,2031-11,TTF_M/TTF_M1,month_pair,Oct/Nov,1022,0.9918290114619093,0.07734833946771281
2031-11_2031-12,2031-11,TTF_M/TTF_M1,month_pair,Nov/Dec,1023,0.9961671471769517,0.08946594448035132
2031-11_2031-12,2031-11,TTF_M/TTF_M1,month_pair,Dec/Jan,1023,0.9903512695610753,0.09156325891638561
2031-11_2031-12,2031-11,TTF_M/TTF_M1,month_pair,Jan/Feb,1022,0.9965979073613948,0.09774363965023201
2031-11_2031-12,2031-11,TTF_M/TTF_M1,month_pair,Feb/Mar,1021,0.996739283420327,0.09805320274477163
2031-11_2031-12,2031-11,TTF_M/TTF_M1,month_pair,Mar/Apr,1022,0.9061062855704052,0.09295659908849573
2031-11_2031-12,2031-11,TTF_M/TTF_M1,month_pair,Apr/May,1023,0.981543229469568,0.07494748185524157
2031-11_2031-12,2031-11,TTF_M/TTF_M1,month_pair,May/Jun,1022,0.9956200571746805,0.06967552841915332
2031-11_2031-12,2031-11,TTF_M/TTF_M1,month_pair,Jun/Jul,1022,0.9922259611586147,0.07120764217223213
2031-11_2031-12,2031-11,TTF_M/TTF_M1,month_pair,Jul/Aug,1021,0.9980425472595064,0.077186732820147
2031-11_2031-12,2031-11,TTF_M/TTF_M1,month_pair,Aug/Sep,1021,0.9981142424564942,0.08686303070716446
2031-11_2031-12,2031-11,TTF_M/TTF_M1,month_pair,Sep/Oct,1022,0.9826630982632389,0.07298859967811244
2031-11_2031-12,2031-11,TTF_M/TTF_M1,pooled,all,12264,0.9843918337214838,1.0
2031-11_2031-12,2031-11,HH_M/HH_M1,year,2017,41,0.9958579188785692,0.00018150529907114593
2031-11_2031-12,2031-11,HH_M/HH_M1,year,2018,533,0.9956870355283228,0.004656448109713268
2031-11_2031-12,2031-11,HH_M/HH_M1,year,2019,1136,0.994679174287137,0.0067575809981897895
2031-11_2031-12,2031-11,HH_M/HH_M1,year,2020,1746,0.9898153296202733,0.018978604467053406
2031-11_2031-12,2031-11,HH_M/HH_M1,year,2021,2308,0.9883469385376779,0.05029039817717799
2031-11_2031-12,2031-11,HH_M/HH_M1,year,2022,2383,0.9910522476024696,0.45616102652446056
2031-11_2031-12,2031-11,HH_M/HH_M1,year,2023,1919,0.9869615071898581,0.17715489588860683
2031-11_2031-12,2031-11,HH_M/HH_M1,year,2024,1326,0.974033597299965,0.10999488277464285
2031-11_2031-12,2031-11,HH_M/HH_M1,year,2025,725,0.9899157528338458,0.11852645567701878
2031-11_2031-12,2031-11,HH_M/HH_M1,year,2026,147,0.9254844482819381,0.057298202084065226
2031-11_2031-12,2031-11,HH_M/HH_M1,days_to_expiry,"(1460, 2200]",2601,0.9958519016692506,0.0398368543561132
2031-11_2031-12,2031-11,HH_M/HH_M1,days_to_expiry,"(1095, 1460]",2411,0.9951808322832721,0.0660222203339603
2031-11_2031-12,2031-11,HH_M/HH_M1,days_to_expiry,"(730, 1095]",2412,0.9911552160961807,0.09079517009421706
2031-11_2031-12,2031-11,HH_M/HH_M1,days_to_expiry,"(365, 730]",2401,0.9901375488129753,0.17760180230198522
2031-11_2031-12,2031-11,HH_M/HH_M1,days_to_expiry,"(180, 365]",1235,0.9892937420598098,0.20892392358044526
2031-11_2031-12,2031-11,HH_M/HH_M1,days_to_expiry,"(90, 180]",584,0.9938788546709442,0.14819219019073882
2031-11_2031-12,2031-11,HH_M/HH_M1,days_to_expiry,"(60, 90]",195,0.9883725166023278,0.06714763101598216
2031-11_2031-12,2031-11,HH_M/HH_M1,days_to_expiry,"(30, 60]",190,0.9926838155555652,0.07961535672966122
2031-11_2031-12,2031-11,HH_M/HH_M1,days_to_expiry,"(0, 30]",187,0.9750325377393815,0.099537883696417
2031-11_2031-12,2031-11,HH_M/HH_M1,days_to_expiry,nan,48,0.8054379212931686,0.022326967700479684
2031-11_2031-12,2031-11,HH_M/HH_M1,month_pair,Oct/Nov,1022,0.9868699335630233,0.08968393027134111
2031-11_2031-12,2031-11,HH_M/HH_M1,month_pair,Nov/Dec,1023,0.9887038803397606,0.08038191079674233
2031-11_2031-12,2031-11,HH_M/HH_M1,month_pair,Dec/Jan,1023,0.9941765236166624,0.0745718384004083
2031-11_2031-12,2031-11,HH_M/HH_M1,month_pair,Jan/Feb,1022,0.9933068875184097,0.08564354761025089
2031-11_2031-12,2031-11,HH_M/HH_M1,month_pair,Feb/Mar,1021,0.9378400558022728,0.10784265916713953
2031-11_2031-12,2031-11,HH_M/HH_M1,month_pair,Mar/Apr,1022,0.956443723935596,0.08684890612318111
2031-11_2031-12,2031-11,HH_M/HH_M1,month_pair,Apr/May,1023,0.9950944119462397,0.08651357339607725
2031-11_2031-12,2031-11,HH_M/HH_M1,month_pair,May/Jun,1022,0.994527821810899,0.07902530665220764
2031-11_2031-12,2031-11,HH_M/HH_M1,month_pair,Jun/Jul,1022,0.9920704930822775,0.07816446393986998
2031-11_2031-12,2031-11,HH_M/HH_M1,month_pair,Jul/Aug,1021,0.9971058268887125,0.07695975123653485
2031-11_2031-12,2031-11,HH_M/HH_M1,month_pair,Aug/Sep,1021,0.9967690837025039,0.07564080644110979
2031-11_2031-12,2031-11,HH_M/HH_M1,month_pair,Sep/Oct,1022,0.997783411436245,0.07872330596513712
2031-11_2031-12,2031-11,HH_M/HH_M1,pooled,all,12264,0.9834743235967549,1.0
2031-11_2031-12,2031-11,Brent_M/Brent_M1,year,2017,41,0.9999675764503493,0.0012101414781282584
2031-11_2031-12,2031-11,Brent_M/Brent_M1,year,2018,533,0.9998256541772114,0.029403844753826215
2031-11_2031-12,2031-11,Brent_M/Brent_M1,year,2019,1136,0.9997612954325175,0.022816349559982643
2031-11_2031-12,2031-11,Brent_M/Brent_M1,year,2020,1746,0.9998604108573262,0.15110862330908456
2031-11_2031-12,2031-11,Brent_M/Brent_M1,year,2021,2308,0.9998182899755704,0.15951872967091596
2031-11_2031-12,2031-11,Brent_M/Brent_M1,year,2022,2383,0.9996495172336783,0.28801416239532496
2031-11_2031-12,2031-11,Brent_M/Brent_M1,year,2023,1919,0.999731618098053,0.14968134865135682
2031-11_2031-12,2031-11,Brent_M/Brent_M1,year,2024,1326,0.9998308447569975,0.0767143687682684
2031-11_2031-12,2031-11,Brent_M/Brent_M1,year,2025,725,0.9996742661709913,0.07510177771603793
2031-11_2031-12,2031-11,Brent_M/Brent_M1,year,2026,147,0.9927280910032954,0.04643065369707436
2031-11_2031-12,2031-11,Brent_M/Brent_M1,days_to_expiry,"(1460, 2200]",2601,0.9998630544389421,0.13105559261206806
2031-11_2031-12,2031-11,Brent_M/Brent_M1,days_to_expiry,"(1095, 1460]",2411,0.9997891297960602,0.14377125089304338
2031-11_2031-12,2031-11,Brent_M/Brent_M1,days_to_expiry,"(730, 1095]",2412,0.9997703919237018,0.1702082212012196
2031-11_2031-12,2031-11,Brent_M/Brent_M1,days_to_expiry,"(365, 730]",2401,0.9998418618064007,0.21891918403505206
2031-11_2031-12,2031-11,Brent_M/Brent_M1,days_to_expiry,"(180, 365]",1235,0.9997956512601147,0.1475117661203931
2031-11_2031-12,2031-11,Brent_M/Brent_M1,days_to_expiry,"(90, 180]",584,0.9993267561647361,0.08102617254297532
2031-11_2031-12,2031-11,Brent_M/Brent_M1,days_to_expiry,"(60, 90]",195,0.9981173994201753,0.029364638727844717
2031-11_2031-12,2031-11,Brent_M/Brent_M1,days_to_expiry,"(30, 60]",190,0.9961065763127122,0.03140842562346744
2031-11_2031-12,2031-11,Brent_M/Brent_M1,days_to_expiry,"(0, 30]",187,0.9940436782836023,0.03720886779810422
2031-11_2031-12,2031-11,Brent_M/Brent_M1,days_to_expiry,nan,48,0.9975875550096827,0.00952588044583217
2031-11_2031-12,2031-11,Brent_M/Brent_M1,month_pair,Oct/Nov,1022,0.9995654809714364,0.08080892540885341
2031-11_2031-12,2031-11,Brent_M/Brent_M1,month_pair,Nov/Dec,1023,0.9996888904330342,0.08334348186515698
2031-11_2031-12,2031-11,Brent_M/Brent_M1,month_pair,Dec/Jan,1023,0.9997410686332006,0.09365745304848146
2031-11_2031-12,2031-11,Brent_M/Brent_M1,month_pair,Jan/Feb,1022,0.9997235788684404,0.0867379310995029
2031-11_2031-12,2031-11,Brent_M/Brent_M1,month_pair,Feb/Mar,1021,0.9997195187038115,0.08604257940600757
2031-11_2031-12,2031-11,Brent_M/Brent_M1,month_pair,Mar/Apr,1022,0.9997376441090653,0.08462917689480372
2031-11_2031-12,2031-11,Brent_M/Brent_M1,month_pair,Apr/May,1023,0.9987310858237125,0.0856014364780716
2031-11_2031-12,2031-11,Brent_M/Brent_M1,month_pair,May/Jun,1022,0.9980675512649995,0.08266350002693286
2031-11_2031-12,2031-11,Brent_M/Brent_M1,month_pair,Jun/Jul,1022,0.9983870880817329,0.07083175243583707
2031-11_2031-12,2031-11,Brent_M/Brent_M1,month_pair,Jul/Aug,1021,0.9989203417776295,0.08380051724589907
2031-11_2031-12,2031-11,Brent_M/Brent_M1,month_pair,Aug/Sep,1021,0.9991346588530271,0.08369738529451391
2031-11_2031-12,2031-11,Brent_M/Brent_M1,month_pair,Sep/Oct,1022,0.999148770231813,0.07818586079593949
2031-11_2031-12,2031-11,Brent_M/Brent_M1,pooled,all,12264,0.9992216023362736,1.0
2031-11_2031-12,2031-11,TTF_M/HH_M,year,2017,41,0.04721181129196415,0.00016053206319473787
2031-11_2031-12,2031-11,TTF_M/HH_M,year,2018,533,-0.14514980651415,0.0047840298440383205
2031-11_2031-12,2031-11,TTF_M/HH_M,year,2019,1136,0.11467426215363594,0.007331708324212493
2031-11_2031-12,2031-11,TTF_M/HH_M,year,2020,1746,0.03292086517553743,0.020279579857097198
2031-11_2031-12,2031-11,TTF_M/HH_M,year,2021,2308,0.16321005689683313,0.0966834885140322
2031-11_2031-12,2031-11,TTF_M/HH_M,year,2022,2383,0.11749644233532433,0.543645793976343
2031-11_2031-12,2031-11,TTF_M/HH_M,year,2023,1919,0.1366215084807065,0.16357266982586227
2031-11_2031-12,2031-11,TTF_M/HH_M,year,2024,1326,0.29288136307486434,0.0662270340118939
2031-11_2031-12,2031-11,TTF_M/HH_M,year,2025,725,0.06381045302677259,0.0548578096640177
2031-11_2031-12,2031-11,TTF_M/HH_M,year,2026,147,0.33198477799653797,0.04245735391930808
2031-11_2031-12,2031-11,TTF_M/HH_M,days_to_expiry,"(1460, 2200]",2601,0.07489254902865526,0.04020273992734773
2031-11_2031-12,2031-11,TTF_M/HH_M,days_to_expiry,"(1095, 1460]",2411,0.09752709732330588,0.10951261083217045
2031-11_2031-12,2031-11,TTF_M/HH_M,days_to_expiry,"(730, 1095]",2412,0.12606776438932696,0.15817124002115046
2031-11_2031-12,2031-11,TTF_M/HH_M,days_to_expiry,"(365, 730]",2401,0.15862736029297245,0.25865519258307756
2031-11_2031-12,2031-11,TTF_M/HH_M,days_to_expiry,"(180, 365]",1235,0.1364621827809343,0.1994932123445428
2031-11_2031-12,2031-11,TTF_M/HH_M,days_to_expiry,"(90, 180]",584,0.14040996380189355,0.09981259648187052
2031-11_2031-12,2031-11,TTF_M/HH_M,days_to_expiry,"(60, 90]",195,0.23594936792863225,0.03400257295701575
2031-11_2031-12,2031-11,TTF_M/HH_M,days_to_expiry,"(30, 60]",190,0.2622269035886683,0.0379653182545573
2031-11_2031-12,2031-11,TTF_M/HH_M,days_to_expiry,"(0, 30]",187,0.30790716490322334,0.0506934950501335
2031-11_2031-12,2031-11,TTF_M/HH_M,days_to_expiry,nan,48,0.24307791770244136,0.011491021548133985
2031-11_2031-12,2031-11,TTF_M/HH_M,month_pair,Oct/Nov,1022,0.17127678990377676,0.08174770838662337
2031-11_2031-12,2031-11,TTF_M/HH_M,month_pair,Nov/Dec,1023,0.06282929176339426,0.08777784334802764
2031-11_2031-12,2031-11,TTF_M/HH_M,month_pair,Dec/Jan,1023,0.12275866217190412,0.08723602492765367
2031-11_2031-12,2031-11,TTF_M/HH_M,month_pair,Jan/Feb,1022,0.14270822481924458,0.09288548876580875
2031-11_2031-12,2031-11,TTF_M/HH_M,month_pair,Feb/Mar,1021,0.20112424238607413,0.10004281064537879
2031-11_2031-12,2031-11,TTF_M/HH_M,month_pair,Mar/Apr,1022,0.1616820646162326,0.09958809713530338
2031-11_2031-12,2031-11,TTF_M/HH_M,month_pair,Apr/May,1023,0.23129020219250684,0.07638871521415498
2031-11_2031-12,2031-11,TTF_M/HH_M,month_pair,May/Jun,1022,0.2244667566036848,0.07016180833338732
2031-11_2031-12,2031-11,TTF_M/HH_M,month_pair,Jun/Jul,1022,0.1025459029439535,0.07143210480920144
2031-11_2031-12,2031-11,TTF_M/HH_M,month_pair,Jul/Aug,1021,0.10271963268200779,0.07580385958434746
2031-11_2031-12,2031-11,TTF_M/HH_M,month_pair,Aug/Sep,1021,0.11592391217439958,0.0835048129567769
2031-11_2031-12,2031-11,TTF_M/HH_M,month_pair,Sep/Oct,1022,0.21998828669244663,0.07343072589333637
2031-11_2031-12,2031-11,TTF_M/HH_M,pooled,all,12264,0.15495070269314304,1.0
2031-11_2031-12,2031-11,TTF_M/Brent_M,year,2017,41,0.3339818043021404,0.0003046854135117364
2031-11_2031-12,2031-11,TTF_M/Brent_M,year,2018,533,0.523573400234029,0.008386443975390605
2031-11_2031-12,2031-11,TTF_M/Brent_M,year,2019,1136,0.3893560006833636,0.009779255471253025
2031-11_2031-12,2031-11,TTF_M/Brent_M,year,2020,1746,0.6192334026156409,0.03952826713600373
2031-11_2031-12,2031-11,TTF_M/Brent_M,year,2021,2308,0.1203831385267166,0.11695782098649285
2031-11_2031-12,2031-11,TTF_M/Brent_M,year,2022,2383,0.09348931275088668,0.5298109466588307
2031-11_2031-12,2031-11,TTF_M/Brent_M,year,2023,1919,0.1401316685816051,0.15861102839655306
2031-11_2031-12,2031-11,TTF_M/Brent_M,year,2024,1326,0.02265741674456452,0.05587418892085693
2031-11_2031-12,2031-11,TTF_M/Brent_M,year,2025,725,0.5076001870113045,0.04239433969106827
2031-11_2031-12,2031-11,TTF_M/Brent_M,year,2026,147,0.5943554766607196,0.03835302335003925
2031-11_2031-12,2031-11,TTF_M/Brent_M,days_to_expiry,"(1460, 2200]",2601,0.3556061684269067,0.05376747596477465
2031-11_2031-12,2031-11,TTF_M/Brent_M,days_to_expiry,"(1095, 1460]",2411,0.2043137288454266,0.12543975228192578
2031-11_2031-12,2031-11,TTF_M/Brent_M,days_to_expiry,"(730, 1095]",2412,0.21116646811972192,0.1768230911941292
2031-11_2031-12,2031-11,TTF_M/Brent_M,days_to_expiry,"(365, 730]",2401,0.1560175438950644,0.27306126150754656
2031-11_2031-12,2031-11,TTF_M/Brent_M,days_to_expiry,"(180, 365]",1235,0.12477300972528965,0.19052505048850238
2031-11_2031-12,2031-11,TTF_M/Brent_M,days_to_expiry,"(90, 180]",584,0.14721514429843868,0.08550024091405137
2031-11_2031-12,2031-11,TTF_M/Brent_M,days_to_expiry,"(60, 90]",195,0.17237282164329326,0.024897889311835307
2031-11_2031-12,2031-11,TTF_M/Brent_M,days_to_expiry,"(30, 60]",190,0.24151956998032847,0.027103739405328654
2031-11_2031-12,2031-11,TTF_M/Brent_M,days_to_expiry,"(0, 30]",187,0.2940359863698757,0.03597741599401986
2031-11_2031-12,2031-11,TTF_M/Brent_M,days_to_expiry,nan,48,0.1011019132851121,0.006904082937886392
2031-11_2031-12,2031-11,TTF_M/Brent_M,month_pair,Oct/Nov,1022,0.18820456263172022,0.07928960951735214
2031-11_2031-12,2031-11,TTF_M/Brent_M,month_pair,Nov/Dec,1023,0.15451558316427472,0.0883499593996883
2031-11_2031-12,2031-11,TTF_M/Brent_M,month_pair,Dec/Jan,1023,0.16395668713800116,0.09139367720925852
2031-11_2031-12,2031-11,TTF_M/Brent_M,month_pair,Jan/Feb,1022,0.18730381184850237,0.0945213521226356
2031-11_2031-12,2031-11,TTF_M/Brent_M,month_pair,Feb/Mar,1021,0.1812755392005715,0.09414695189334252
2031-11_2031-12,2031-11,TTF_M/Brent_M,month_pair,Mar/Apr,1022,0.15368026359185405,0.09947804976232724
2031-11_2031-12,2031-11,TTF_M/Brent_M,month_pair,Apr/May,1023,0.2131676434320162,0.07591677388863154
2031-11_2031-12,2031-11,TTF_M/Brent_M,month_pair,May/Jun,1022,0.2514753768407035,0.07005689357875582
2031-11_2031-12,2031-11,TTF_M/Brent_M,month_pair,Jun/Jul,1022,0.1337880702925765,0.06972798635997436
2031-11_2031-12,2031-11,TTF_M/Brent_M,month_pair,Jul/Aug,1021,0.1876295208091958,0.07732382219599691
2031-11_2031-12,2031-11,TTF_M/Brent_M,month_pair,Aug/Sep,1021,0.21879514498501945,0.08626895204968693
2031-11_2031-12,2031-11,TTF_M/Brent_M,month_pair,Sep/Oct,1022,0.20863681568628414,0.0735259720223502
2031-11_2031-12,2031-11,TTF_M/Brent_M,pooled,all,12264,0.18587664358333916,1.0
2031-11_2031-12,2031-11,HH_M/Brent_M,year,2017,41,-0.12448387680405995,0.0005599014714112795
2031-11_2031-12,2031-11,HH_M/Brent_M,year,2018,533,0.01586997959318136,0.013687925087649575
2031-11_2031-12,2031-11,HH_M/Brent_M,year,2019,1136,0.12596822117330403,0.012473706398238655
2031-11_2031-12,2031-11,HH_M/Brent_M,year,2020,1746,0.10703148113899243,0.06778034854560319
2031-11_2031-12,2031-11,HH_M/Brent_M,year,2021,2308,0.0663713654928323,0.08979100416760673
2031-11_2031-12,2031-11,HH_M/Brent_M,year,2022,2383,0.3467830030293441,0.38454081827069914
2031-11_2031-12,2031-11,HH_M/Brent_M,year,2023,1919,0.2185886354606518,0.1663222417539781
2031-11_2031-12,2031-11,HH_M/Brent_M,year,2024,1326,0.03768077241231375,0.10162848818864441
2031-11_2031-12,2031-11,HH_M/Brent_M,year,2025,725,0.19205368192379157,0.10379107412118953
2031-11_2031-12,2031-11,HH_M/Brent_M,year,2026,147,0.141717921103914,0.059424491994979206
2031-11_2031-12,2031-11,HH_M/Brent_M,days_to_expiry,"(1460, 2200]",2601,0.11224085833781364,0.07193637120934798
2031-11_2031-12,2031-11,HH_M/Brent_M,days_to_expiry,"(1095, 1460]",2411,0.1993577814041128,0.09238084686821407
2031-11_2031-12,2031-11,HH_M/Brent_M,days_to_expiry,"(730, 1095]",2412,0.23747250300186062,0.11745229377748043
2031-11_2031-12,2031-11,HH_M/Brent_M,days_to_expiry,"(365, 730]",2401,0.30194070638895226,0.19016441872718734
2031-11_2031-12,2031-11,HH_M/Brent_M,days_to_expiry,"(180, 365]",1235,0.24818303530028918,0.1837537436265949
2031-11_2031-12,2031-11,HH_M/Brent_M,days_to_expiry,"(90, 180]",584,0.23250980613104702,0.1237799870643745
2031-11_2031-12,2031-11,HH_M/Brent_M,days_to_expiry,"(60, 90]",195,0.1463190032498796,0.05487990520571223
2031-11_2031-12,2031-11,HH_M/Brent_M,days_to_expiry,"(30, 60]",190,0.12421537141307123,0.0625987434020994
2031-11_2031-12,2031-11,HH_M/Brent_M,days_to_expiry,"(0, 30]",187,0.15106714738603924,0.08062022348788335
2031-11_2031-12,2031-11,HH_M/Brent_M,days_to_expiry,nan,48,0.10479773466202046,0.022433466631105608
2031-11_2031-12,2031-11,HH_M/Brent_M,month_pair,Oct/Nov,1022,0.25504402013654776,0.08736592558125938
2031-11_2031-12,2031-11,HH_M/Brent_M,month_pair,Nov/Dec,1023,0.20498140511391602,0.08261003779178273
2031-11_2031-12,2031-11,HH_M/Brent_M,month_pair,Dec/Jan,1023,0.2051076422952735,0.08088992491646829
2031-11_2031-12,2031-11,HH_M/Brent_M,month_pair,Jan/Feb,1022,0.1899982978567897,0.08361281712921916
2031-11_2031-12,2031-11,HH_M/Brent_M,month_pair,Feb/Mar,1021,0.1963882642839865,0.10457690363289139
2031-11_2031-12,2031-11,HH_M/Brent_M,month_pair,Mar/Apr,1022,0.19337228659095984,0.08820150982683808
2031-11_2031-12,2031-11,HH_M/Brent_M,month_pair,Apr/May,1023,0.21572568215197857,0.08483512580578216
2031-11_2031-12,2031-11,HH_M/Brent_M,month_pair,May/Jun,1022,0.2537583853162636,0.08040178757260272
2031-11_2031-12,2031-11,HH_M/Brent_M,month_pair,Jun/Jul,1022,0.19802778140245453,0.0758311612747511
2031-11_2031-12,2031-11,HH_M/Brent_M,month_pair,Jul/Aug,1021,0.2220910866229708,0.07806627214909513
2031-11_2031-12,2031-11,HH_M/Brent_M,month_pair,Aug/Sep,1021,0.158358642789713,0.07650485479992286
2031-11_2031-12,2031-11,HH_M/Brent_M,month_pair,Sep/Oct,1022,0.2025402392970096,0.07710367951938686
2031-11_2031-12,2031-11,HH_M/Brent_M,pooled,all,12264,0.20742957020089836,1.0
