pair,m0,series,dim,bucket,n,corr,var_share
2026-10_2026-11,2026-10,TTF_M/TTF_M1,year,2022,6,,0.4364007134597627
2026-10_2026-11,2026-10,TTF_M/TTF_M1,year,2023,6,,0.4120209823202396
2026-10_2026-11,2026-10,TTF_M/TTF_M1,year,2024,6,,0.1321937477760609
2026-10_2026-11,2026-10,TTF_M/TTF_M1,year,2025,6,,0.019384556443936763
2026-10_2026-11,2026-10,TTF_M/TTF_M1,days_to_expiry,"(30, 60]",4,,0.17274110119939937
2026-10_2026-11,2026-10,TTF_M/TTF_M1,days_to_expiry,"(0, 30]",16,0.9451159144481491,0.7181640337385794
2026-10_2026-11,2026-10,TTF_M/TTF_M1,days_to_expiry,nan,4,,0.10909486506202115
2026-10_2026-11,2026-10,TTF_M/TTF_M1,month_pair,Oct/Nov,24,0.9548557455864046,1.0
2026-10_2026-11,2026-10,TTF_M/TTF_M1,pooled,all,24,0.9548557455864046,1.0
2026-10_2026-11,2026-10,HH_M/HH_M1,year,2022,6,,0.7421166973017554
2026-10_2026-11,2026-10,HH_M/HH_M1,year,2023,6,,0.0730992024192869
2026-10_2026-11,2026-10,HH_M/HH_M1,year,2024,6,,0.15925016514448212
2026-10_2026-11,2026-10,HH_M/HH_M1,year,2025,6,,0.025533935134475508
2026-10_2026-11,2026-10,HH_M/HH_M1,days_to_expiry,"(30, 60]",4,,0.03248922065443983
2026-10_2026-11,2026-10,HH_M/HH_M1,days_to_expiry,"(0, 30]",16,0.958893174868663,0.7756577493901472
2026-10_2026-11,2026-10,HH_M/HH_M1,days_to_expiry,nan,4,,0.19185302995541298
2026-10_2026-11,2026-10,HH_M/HH_M1,month_pair,Oct/Nov,24,0.9601224559418773,1.0
2026-10_2026-11,2026-10,HH_M/HH_M1,pooled,all,24,0.9601224559418773,1.0
2026-10_2026-11,2026-10,Brent_M/Brent_M1,year,2022,6,,0.5540670641167615
2026-10_2026-11,2026-10,Brent_M/Brent_M1,year,2023,6,,0.11533130607580754
2026-10_2026-11,2026-10,Brent_M/Brent_M1,year,2024,6,,0.22390803093998918
2026-10_2026-11,2026-10,Brent_M/Brent_M1,year,2025,6,,0.10669359886744167
2026-10_2026-11,2026-10,Brent_M/Brent_M1,days_to_expiry,"(30, 60]",4,,0.18858241148265403
2026-10_2026-11,2026-10,Brent_M/Brent_M1,days_to_expiry,"(0, 30]",16,0.9993839807844113,0.706506328524367
2026-10_2026-11,2026-10,Brent_M/Brent_M1,days_to_expiry,nan,4,,0.10491125999297896
2026-10_2026-11,2026-10,Brent_M/Brent_M1,month_pair,Oct/Nov,24,0.9988885535494021,1.0
2026-10_2026-11,2026-10,Brent_M/Brent_M1,pooled,all,24,0.9988885535494021,1.0
2026-10_2026-11,2026-10,TTF_M/HH_M,year,2022,6,,0.48043127310909295
2026-10_2026-11,2026-10,TTF_M/HH_M,year,2023,6,,0.3489016867366662
2026-10_2026-11,2026-10,TTF_M/HH_M,year,2024,6,,0.1505579026338249
2026-10_2026-11,2026-10,TTF_M/HH_M,year,2025,6,,0.020109137520415953
2026-10_2026-11,2026-10,TTF_M/HH_M,days_to_expiry,"(30, 60]",4,,0.10457384968296657
2026-10_2026-11,2026-10,TTF_M/HH_M,days_to_expiry,"(0, 30]",16,0.5010530598682564,0.7557939417922415
2026-10_2026-11,2026-10,TTF_M/HH_M,days_to_expiry,nan,4,,0.139632208524792
2026-10_2026-11,2026-10,TTF_M/HH_M,month_pair,Oct/Nov,24,0.3460207271134332,1.0
2026-10_2026-11,2026-10,TTF_M/HH_M,pooled,all,24,0.3460207271134332,1.0
2026-10_2026-11,2026-10,TTF_M/Brent_M,year,2022,6,,0.4102844905677615
2026-10_2026-11,2026-10,TTF_M/Brent_M,year,2023,6,,0.42585200397595385
2026-10_2026-11,2026-10,TTF_M/Brent_M,year,2024,6,,0.13540195235024285
2026-10_2026-11,2026-10,TTF_M/Brent_M,year,2025,6,,0.028461553106041794
2026-10_2026-11,2026-10,TTF_M/Brent_M,days_to_expiry,"(30, 60]",4,,0.14879092013345452
2026-10_2026-11,2026-10,TTF_M/Brent_M,days_to_expiry,"(0, 30]",16,0.2811672202450957,0.7417896291753653
2026-10_2026-11,2026-10,TTF_M/Brent_M,days_to_expiry,nan,4,,0.10941945069118011
2026-10_2026-11,2026-10,TTF_M/Brent_M,month_pair,Oct/Nov,24,0.2984150951644886,1.0
2026-10_2026-11,2026-10,TTF_M/Brent_M,pooled,all,24,0.2984150951644886,1.0
2026-10_2026-11,2026-10,HH_M/Brent_M,year,2022,6,,0.644620451311693
2026-10_2026-11,2026-10,HH_M/Brent_M,year,2023,6,,0.09357001396125689
2026-10_2026-11,2026-10,HH_M/Brent_M,year,2024,6,,0.21496331276805347
2026-10_2026-11,2026-10,HH_M/Brent_M,year,2025,6,,0.04684622195899672
2026-10_2026-11,2026-10,HH_M/Brent_M,days_to_expiry,"(30, 60]",4,,0.06361567402934087
2026-10_2026-11,2026-10,HH_M/Brent_M,days_to_expiry,"(0, 30]",16,0.38995991783751904,0.7569667961531826
2026-10_2026-11,2026-10,HH_M/Brent_M,days_to_expiry,nan,4,,0.1794175298174766
2026-10_2026-11,2026-10,HH_M/Brent_M,month_pair,Oct/Nov,24,0.23988856370050668,1.0
2026-10_2026-11,2026-10,HH_M/Brent_M,pooled,all,24,0.23988856370050668,1.0
2026-11_2026-12,2026-11,TTF_M/TTF_M1,year,2022,6,,0.40360336882379066
2026-11_2026-12,2026-11,TTF_M/TTF_M1,year,2023,6,,0.5254014768556491
2026-11_2026-12,2026-11,TTF_M/TTF_M1,year,2024,6,,0.05192249482669613
2026-11_2026-12,2026-11,TTF_M/TTF_M1,year,2025,6,,0.019072659493864125
2026-11_2026-12,2026-11,TTF_M/TTF_M1,days_to_expiry,"(30, 60]",4,,0.051114334976812364
2026-11_2026-12,2026-11,TTF_M/TTF_M1,days_to_expiry,"(0, 30]",16,0.9841781182394852,0.8297584992908762
2026-11_2026-12,2026-11,TTF_M/TTF_M1,days_to_expiry,nan,4,,0.1191271657323114
2026-11_2026-12,2026-11,TTF_M/TTF_M1,month_pair,Nov/Dec,24,0.9767490979588231,1.0
2026-11_2026-12,2026-11,TTF_M/TTF_M1,pooled,all,24,0.9767490979588231,1.0
2026-11_2026-12,2026-11,HH_M/HH_M1,year,2022,6,,0.4436917999578855
2026-11_2026-12,2026-11,HH_M/HH_M1,year,2023,6,,0.19644482455879347
2026-11_2026-12,2026-11,HH_M/HH_M1,year,2024,6,,0.11232908967562238
2026-11_2026-12,2026-11,HH_M/HH_M1,year,2025,6,,0.2475342858076986
2026-11_2026-12,2026-11,HH_M/HH_M1,days_to_expiry,"(30, 60]",4,,0.19251615710595124
2026-11_2026-12,2026-11,HH_M/HH_M1,days_to_expiry,"(0, 30]",16,0.9801475160098867,0.7501024826650335
2026-11_2026-12,2026-11,HH_M/HH_M1,days_to_expiry,nan,4,,0.05738136022901523
2026-11_2026-12,2026-11,HH_M/HH_M1,month_pair,Nov/Dec,24,0.9667243484684195,1.0
2026-11_2026-12,2026-11,HH_M/HH_M1,pooled,all,24,0.9667243484684195,1.0
2026-11_2026-12,2026-11,Brent_M/Brent_M1,year,2022,6,,0.27472506173936023
2026-11_2026-12,2026-11,Brent_M/Brent_M1,year,2023,6,,0.3195704236236073
2026-11_2026-12,2026-11,Brent_M/Brent_M1,year,2024,6,,0.2308680282517663
2026-11_2026-12,2026-11,Brent_M/Brent_M1,year,2025,6,,0.1748364863852661
2026-11_2026-12,2026-11,Brent_M/Brent_M1,days_to_expiry,"(30, 60]",4,,0.020531575922824407
2026-11_2026-12,2026-11,Brent_M/Brent_M1,days_to_expiry,"(0, 30]",16,0.9990608686651428,0.771387284969226
2026-11_2026-12,2026-11,Brent_M/Brent_M1,days_to_expiry,nan,4,,0.20808113910794962
2026-11_2026-12,2026-11,Brent_M/Brent_M1,month_pair,Nov/Dec,24,0.9988095949595701,1.0
2026-11_2026-12,2026-11,Brent_M/Brent_M1,pooled,all,24,0.9988095949595701,1.0
2026-11_2026-12,2026-11,TTF_M/HH_M,year,2022,6,,0.4310126886639765
2026-11_2026-12,2026-11,TTF_M/HH_M,year,2023,6,,0.38137170709689167
2026-11_2026-12,2026-11,TTF_M/HH_M,year,2024,6,,0.07655819050275046
2026-11_2026-12,2026-11,TTF_M/HH_M,year,2025,6,,0.11105741373638126
2026-11_2026-12,2026-11,TTF_M/HH_M,days_to_expiry,"(30, 60]",4,,0.09752841880722389
2026-11_2026-12,2026-11,TTF_M/HH_M,days_to_expiry,"(0, 30]",16,0.1160182989311872,0.8121826334451525
2026-11_2026-12,2026-11,TTF_M/HH_M,days_to_expiry,nan,4,,0.09028894774762354
2026-11_2026-12,2026-11,TTF_M/HH_M,month_pair,Nov/Dec,24,0.1655324957953396,1.0
2026-11_2026-12,2026-11,TTF_M/HH_M,pooled,all,24,0.1655324957953396,1.0
2026-11_2026-12,2026-11,TTF_M/Brent_M,year,2022,6,,0.4115971445438186
2026-11_2026-12,2026-11,TTF_M/Brent_M,year,2023,6,,0.48341774916862035
2026-11_2026-12,2026-11,TTF_M/Brent_M,year,2024,6,,0.06728046146711646
2026-11_2026-12,2026-11,TTF_M/Brent_M,year,2025,6,,0.03770464482044469
2026-11_2026-12,2026-11,TTF_M/Brent_M,days_to_expiry,"(30, 60]",4,,0.039971209230032834
2026-11_2026-12,2026-11,TTF_M/Brent_M,days_to_expiry,"(0, 30]",16,0.3094615402629317,0.8292684078914323
2026-11_2026-12,2026-11,TTF_M/Brent_M,days_to_expiry,nan,4,,0.13076038287853495
2026-11_2026-12,2026-11,TTF_M/Brent_M,month_pair,Nov/Dec,24,0.1335735044248158,1.0
2026-11_2026-12,2026-11,TTF_M/Brent_M,pooled,all,24,0.1335735044248158,1.0
2026-11_2026-12,2026-11,HH_M/Brent_M,year,2022,6,,0.39758538009199273
2026-11_2026-12,2026-11,HH_M/Brent_M,year,2023,6,,0.22532523150961575
2026-11_2026-12,2026-11,HH_M/Brent_M,year,2024,6,,0.1432083462184281
2026-11_2026-12,2026-11,HH_M/Brent_M,year,2025,6,,0.23388104217996344
2026-11_2026-12,2026-11,HH_M/Brent_M,days_to_expiry,"(30, 60]",4,,0.14653705453565932
2026-11_2026-12,2026-11,HH_M/Brent_M,days_to_expiry,"(0, 30]",16,-0.09355600187729857,0.7756655596805003
2026-11_2026-12,2026-11,HH_M/Brent_M,days_to_expiry,nan,4,,0.07779738578384038
2026-11_2026-12,2026-11,HH_M/Brent_M,month_pair,Nov/Dec,24,-0.11771751695942347,1.0
2026-11_2026-12,2026-11,HH_M/Brent_M,pooled,all,24,-0.11771751695942347,1.0
2026-12_2027-01,2026-12,TTF_M/TTF_M1,year,2022,8,0.9931906739077138,0.5707997742411165
2026-12_2027-01,2026-12,TTF_M/TTF_M1,year,2023,8,0.9982852403370008,0.2822696500394013
2026-12_2027-01,2026-12,TTF_M/TTF_M1,year,2024,8,0.9986590246666659,0.0838342202762097
2026-12_2027-01,2026-12,TTF_M/TTF_M1,year,2025,8,0.9994796306834208,0.06309635544327243
2026-12_2027-01,2026-12,TTF_M/TTF_M1,days_to_expiry,"(30, 60]",13,0.9974046861194804,0.2780704441194292
2026-12_2027-01,2026-12,TTF_M/TTF_M1,days_to_expiry,"(0, 30]",15,0.9957166562586522,0.6508973616288013
2026-12_2027-01,2026-12,TTF_M/TTF_M1,days_to_expiry,nan,4,,0.07103219425176928
2026-12_2027-01,2026-12,TTF_M/TTF_M1,month_pair,Dec/Jan,32,0.9950656096733861,1.0
2026-12_2027-01,2026-12,TTF_M/TTF_M1,pooled,all,32,0.9950656096733861,1.0
2026-12_2027-01,2026-12,HH_M/HH_M1,year,2022,8,0.9984115118204412,0.42341141052624365
2026-12_2027-01,2026-12,HH_M/HH_M1,year,2023,8,0.9751964890394342,0.18811092908176485
2026-12_2027-01,2026-12,HH_M/HH_M1,year,2024,8,0.9790234718581754,0.16295146512090505
2026-12_2027-01,2026-12,HH_M/HH_M1,year,2025,8,0.9839790088472945,0.22552619527108653
2026-12_2027-01,2026-12,HH_M/HH_M1,days_to_expiry,"(30, 60]",13,0.9981989557971418,0.50895982674419
2026-12_2027-01,2026-12,HH_M/HH_M1,days_to_expiry,"(0, 30]",15,0.985849784144008,0.37658827204141865
2026-12_2027-01,2026-12,HH_M/HH_M1,days_to_expiry,nan,4,,0.11445190121439121
2026-12_2027-01,2026-12,HH_M/HH_M1,month_pair,Dec/Jan,32,0.9815695769442038,1.0
2026-12_2027-01,2026-12,HH_M/HH_M1,pooled,all,32,0.9815695769442038,1.0
2026-12_2027-01,2026-12,Brent_M/Brent_M1,year,2022,8,0.9992896481756108,0.5813502355946603
2026-12_2027-01,2026-12,Brent_M/Brent_M1,year,2023,8,0.9974336585369953,0.0540021305768905
2026-12_2027-01,2026-12,Brent_M/Brent_M1,year,2024,8,0.999932645045547,0.2642305470759799
2026-12_2027-01,2026-12,Brent_M/Brent_M1,year,2025,8,0.9988648479241895,0.10041708675246919
2026-12_2027-01,2026-12,Brent_M/Brent_M1,days_to_expiry,"(30, 60]",13,0.9998393362663265,0.5268642608315511
2026-12_2027-01,2026-12,Brent_M/Brent_M1,days_to_expiry,"(0, 30]",15,0.9986334199210671,0.4164968505478702
2026-12_2027-01,2026-12,Brent_M/Brent_M1,days_to_expiry,nan,4,,0.056638888620578455
2026-12_2027-01,2026-12,Brent_M/Brent_M1,month_pair,Dec/Jan,32,0.9990077477783219,1.0
2026-12_2027-01,2026-12,Brent_M/Brent_M1,pooled,all,32,0.9990077477783219,1.0
2026-12_2027-01,2026-12,TTF_M/HH_M,year,2022,8,0.2675656612162986,0.4989703871299777
2026-12_2027-01,2026-12,TTF_M/HH_M,year,2023,8,0.26297146627957124,0.22491361645240207
2026-12_2027-01,2026-12,TTF_M/HH_M,year,2024,8,0.6035477621527223,0.13289554038571236
2026-12_2027-01,2026-12,TTF_M/HH_M,year,2025,8,0.4298910761516698,0.1432204560319077
2026-12_2027-01,2026-12,TTF_M/HH_M,days_to_expiry,"(30, 60]",13,0.37033163192934754,0.3888227797294583
2026-12_2027-01,2026-12,TTF_M/HH_M,days_to_expiry,"(0, 30]",15,0.2319889822447807,0.5127042469335061
2026-12_2027-01,2026-12,TTF_M/HH_M,days_to_expiry,nan,4,,0.09847297333703535
2026-12_2027-01,2026-12,TTF_M/HH_M,month_pair,Dec/Jan,32,0.299068172296501,1.0
2026-12_2027-01,2026-12,TTF_M/HH_M,pooled,all,32,0.299068172296501,1.0
2026-12_2027-01,2026-12,TTF_M/Brent_M,year,2022,8,-0.679068210437546,0.5879584661344806
2026-12_2027-01,2026-12,TTF_M/Brent_M,year,2023,8,0.12083811555016447,0.22582796430054178
2026-12_2027-01,2026-12,TTF_M/Brent_M,year,2024,8,-0.8312901886470847,0.11700757492510801
2026-12_2027-01,2026-12,TTF_M/Brent_M,year,2025,8,0.30100481571995913,0.06920599463986969
2026-12_2027-01,2026-12,TTF_M/Brent_M,days_to_expiry,"(30, 60]",13,-0.44461718513416854,0.3250096582233919
2026-12_2027-01,2026-12,TTF_M/Brent_M,days_to_expiry,"(0, 30]",15,-0.5678413276661334,0.6069591528258466
2026-12_2027-01,2026-12,TTF_M/Brent_M,days_to_expiry,nan,4,,0.06803118895076148
2026-12_2027-01,2026-12,TTF_M/Brent_M,month_pair,Dec/Jan,32,-0.45255690502988016,1.0
2026-12_2027-01,2026-12,TTF_M/Brent_M,pooled,all,32,-0.45255690502988016,1.0
2026-12_2027-01,2026-12,HH_M/Brent_M,year,2022,8,0.017743579831447264,0.44109276965897304
2026-12_2027-01,2026-12,HH_M/Brent_M,year,2023,8,-0.6196452796620034,0.14701946782597192
2026-12_2027-01,2026-12,HH_M/Brent_M,year,2024,8,-0.27687551848073505,0.2079496701874487
2026-12_2027-01,2026-12,HH_M/Brent_M,year,2025,8,0.18056159393624652,0.20393809232760646
2026-12_2027-01,2026-12,HH_M/Brent_M,days_to_expiry,"(30, 60]",13,0.026990641263216895,0.5159243953000416
2026-12_2027-01,2026-12,HH_M/Brent_M,days_to_expiry,"(0, 30]",15,-0.08956589730321883,0.3709862472478429
2026-12_2027-01,2026-12,HH_M/Brent_M,days_to_expiry,nan,4,,0.11308935745211561
2026-12_2027-01,2026-12,HH_M/Brent_M,month_pair,Dec/Jan,32,-0.07369843826936154,1.0
2026-12_2027-01,2026-12,HH_M/Brent_M,pooled,all,32,-0.07369843826936154,1.0
2027-01_2027-02,2027-01,TTF_M/TTF_M1,year,2022,13,0.9969376289328443,0.5515293206886405
2027-01_2027-02,2027-01,TTF_M/TTF_M1,year,2023,13,0.9990334128268009,0.30778774395150266
2027-01_2027-02,2027-01,TTF_M/TTF_M1,year,2024,13,0.9997917339955873,0.09474939440134479
2027-01_2027-02,2027-01,TTF_M/TTF_M1,year,2025,13,0.9961461781237404,0.045933540958511786
2027-01_2027-02,2027-01,TTF_M/TTF_M1,days_to_expiry,"(60, 90]",17,0.9991231993522901,0.30051510369691276
2027-01_2027-02,2027-01,TTF_M/TTF_M1,days_to_expiry,"(30, 60]",16,0.9946322600041825,0.14360201287404795
2027-01_2027-02,2027-01,TTF_M/TTF_M1,days_to_expiry,"(0, 30]",15,0.9987890254884373,0.33704545360072197
2027-01_2027-02,2027-01,TTF_M/TTF_M1,days_to_expiry,nan,4,,0.21883742982831708
2027-01_2027-02,2027-01,TTF_M/TTF_M1,month_pair,Jan/Feb,52,0.9981336840740203,1.0
2027-01_2027-02,2027-01,TTF_M/TTF_M1,pooled,all,52,0.9981336840740203,1.0
2027-01_2027-02,2027-01,HH_M/HH_M1,year,2022,13,0.9989430406683683,0.56342144843233
2027-01_2027-02,2027-01,HH_M/HH_M1,year,2023,13,0.9874358470545667,0.13486325810652733
2027-01_2027-02,2027-01,HH_M/HH_M1,year,2024,13,0.9568683134678287,0.06696261332390537
2027-01_2027-02,2027-01,HH_M/HH_M1,year,2025,13,0.9791701024703829,0.23475268013723738
2027-01_2027-02,2027-01,HH_M/HH_M1,days_to_expiry,"(60, 90]",17,0.998533641324375,0.11920306353869214
2027-01_2027-02,2027-01,HH_M/HH_M1,days_to_expiry,"(30, 60]",16,0.9971422283460624,0.1951796286132542
2027-01_2027-02,2027-01,HH_M/HH_M1,days_to_expiry,"(0, 30]",15,0.9967653231372705,0.6222078315710954
2027-01_2027-02,2027-01,HH_M/HH_M1,days_to_expiry,nan,4,,0.0634094762769584
2027-01_2027-02,2027-01,HH_M/HH_M1,month_pair,Jan/Feb,52,0.9884707201615094,1.0
2027-01_2027-02,2027-01,HH_M/HH_M1,pooled,all,52,0.9884707201615094,1.0
2027-01_2027-02,2027-01,Brent_M/Brent_M1,year,2022,13,0.9988122186763836,0.4135800345600049
2027-01_2027-02,2027-01,Brent_M/Brent_M1,year,2023,13,0.9995293466313463,0.2604468560314384
2027-01_2027-02,2027-01,Brent_M/Brent_M1,year,2024,13,0.9996016226293314,0.11037572138707438
2027-01_2027-02,2027-01,Brent_M/Brent_M1,year,2025,13,0.9993125712758688,0.2155973880214824
2027-01_2027-02,2027-01,Brent_M/Brent_M1,days_to_expiry,"(60, 90]",17,0.9995571052308188,0.570007161507213
2027-01_2027-02,2027-01,Brent_M/Brent_M1,days_to_expiry,"(30, 60]",16,0.9983446234010257,0.2439125852582777
2027-01_2027-02,2027-01,Brent_M/Brent_M1,days_to_expiry,"(0, 30]",15,0.9980293974524842,0.13755428411098783
2027-01_2027-02,2027-01,Brent_M/Brent_M1,days_to_expiry,nan,4,,0.048525969123521494
2027-01_2027-02,2027-01,Brent_M/Brent_M1,month_pair,Jan/Feb,52,0.9989988018930396,1.0
2027-01_2027-02,2027-01,Brent_M/Brent_M1,pooled,all,52,0.9989988018930396,1.0
2027-01_2027-02,2027-01,TTF_M/HH_M,year,2022,13,0.3618089019410558,0.5548266599604476
2027-01_2027-02,2027-01,TTF_M/HH_M,year,2023,13,0.11631749629643107,0.1982904526443827
2027-01_2027-02,2027-01,TTF_M/HH_M,year,2024,13,-0.0411230185008768,0.08030312828455757
2027-01_2027-02,2027-01,TTF_M/HH_M,year,2025,13,-0.2816150343397707,0.16657975911061224
2027-01_2027-02,2027-01,TTF_M/HH_M,days_to_expiry,"(60, 90]",17,0.06314659507905858,0.19125300722894678
2027-01_2027-02,2027-01,TTF_M/HH_M,days_to_expiry,"(30, 60]",16,-0.004259755991546849,0.1716812946084105
2027-01_2027-02,2027-01,TTF_M/HH_M,days_to_expiry,"(0, 30]",15,0.26067188091080096,0.49666977671840273
2027-01_2027-02,2027-01,TTF_M/HH_M,days_to_expiry,nan,4,,0.14039592144423998
2027-01_2027-02,2027-01,TTF_M/HH_M,month_pair,Jan/Feb,52,0.21536919404352683,1.0
2027-01_2027-02,2027-01,TTF_M/HH_M,pooled,all,52,0.21536919404352683,1.0
2027-01_2027-02,2027-01,TTF_M/Brent_M,year,2022,13,-0.3948469007720412,0.5355201341043985
2027-01_2027-02,2027-01,TTF_M/Brent_M,year,2023,13,0.7653175006956595,0.2978180730389436
2027-01_2027-02,2027-01,TTF_M/Brent_M,year,2024,13,-0.22499380371143365,0.09479989994287501
2027-01_2027-02,2027-01,TTF_M/Brent_M,year,2025,13,0.1287840927377979,0.0718618929137828
2027-01_2027-02,2027-01,TTF_M/Brent_M,days_to_expiry,"(60, 90]",17,0.3464781713842926,0.34209631129143436
2027-01_2027-02,2027-01,TTF_M/Brent_M,days_to_expiry,"(30, 60]",16,-0.30839825133671867,0.15613333514187924
2027-01_2027-02,2027-01,TTF_M/Brent_M,days_to_expiry,"(0, 30]",15,-0.24248834687874135,0.3033924437457697
2027-01_2027-02,2027-01,TTF_M/Brent_M,days_to_expiry,nan,4,,0.19837790982091666
2027-01_2027-02,2027-01,TTF_M/Brent_M,month_pair,Jan/Feb,52,0.018874931758831214,1.0
2027-01_2027-02,2027-01,TTF_M/Brent_M,pooled,all,52,0.018874931758831214,1.0
2027-01_2027-02,2027-01,HH_M/Brent_M,year,2022,13,0.2593656074146523,0.5384204241124235
2027-01_2027-02,2027-01,HH_M/Brent_M,year,2023,13,-0.025928426770427514,0.14125769865136886
2027-01_2027-02,2027-01,HH_M/Brent_M,year,2024,13,0.0469589067530176,0.07602793142525036
2027-01_2027-02,2027-01,HH_M/Brent_M,year,2025,13,0.524823792582241,0.24429394581095745
2027-01_2027-02,2027-01,HH_M/Brent_M,days_to_expiry,"(60, 90]",17,-0.10781978599017109,0.16450938548750593
2027-01_2027-02,2027-01,HH_M/Brent_M,days_to_expiry,"(30, 60]",16,0.28537043862659844,0.1979501719454449
2027-01_2027-02,2027-01,HH_M/Brent_M,days_to_expiry,"(0, 30]",15,0.7476069865839869,0.5575070968568113
2027-01_2027-02,2027-01,HH_M/Brent_M,days_to_expiry,nan,4,,0.0800333457102381
2027-01_2027-02,2027-01,HH_M/Brent_M,month_pair,Jan/Feb,52,0.22963557848512173,1.0
2027-01_2027-02,2027-01,HH_M/Brent_M,pooled,all,52,0.22963557848512173,1.0
2027-02_2027-03,2027-02,TTF_M/TTF_M1,year,2022,13,0.9996965477065367,0.36694570345286576
2027-02_2027-03,2027-02,TTF_M/TTF_M1,year,2023,16,0.9992742821597218,0.3146409143637646
2027-02_2027-03,2027-02,TTF_M/TTF_M1,year,2024,17,0.9998043201019025,0.1656321097321467
2027-02_2027-03,2027-02,TTF_M/TTF_M1,year,2025,17,0.9980124991026001,0.03838477075129536
2027-02_2027-03,2027-02,TTF_M/TTF_M1,year,2026,4,,0.11439650169992756
2027-02_2027-03,2027-02,TTF_M/TTF_M1,days_to_expiry,"(90, 180]",16,0.9994909133744782,0.11032286194357112
2027-02_2027-03,2027-02,TTF_M/TTF_M1,days_to_expiry,"(60, 90]",18,0.9996807349363795,0.16127385335815267
2027-02_2027-03,2027-02,TTF_M/TTF_M1,days_to_expiry,"(30, 60]",14,0.9997369588702386,0.2681067480747541
2027-02_2027-03,2027-02,TTF_M/TTF_M1,days_to_expiry,"(0, 30]",15,0.9987339303153419,0.3765468274898067
2027-02_2027-03,2027-02,TTF_M/TTF_M1,days_to_expiry,nan,4,,0.08374970913371532
2027-02_2027-03,2027-02,TTF_M/TTF_M1,month_pair,Feb/Mar,67,0.9986869244832122,1.0
2027-02_2027-03,2027-02,TTF_M/TTF_M1,pooled,all,67,0.9986869244832122,1.0
2027-02_2027-03,2027-02,HH_M/HH_M1,year,2022,13,0.9927257966790803,0.2813972443424646
2027-02_2027-03,2027-02,HH_M/HH_M1,year,2023,16,0.9789473048243551,0.152508818898662
2027-02_2027-03,2027-02,HH_M/HH_M1,year,2024,17,0.9380827076427071,0.18441140746387127
2027-02_2027-03,2027-02,HH_M/HH_M1,year,2025,17,0.9809882058333643,0.15113016276774444
2027-02_2027-03,2027-02,HH_M/HH_M1,year,2026,4,,0.2305523665272574
2027-02_2027-03,2027-02,HH_M/HH_M1,days_to_expiry,"(90, 180]",16,0.992601677029251,0.064107017472767
2027-02_2027-03,2027-02,HH_M/HH_M1,days_to_expiry,"(60, 90]",18,0.9947512194526459,0.10612976535802884
2027-02_2027-03,2027-02,HH_M/HH_M1,days_to_expiry,"(30, 60]",14,0.9945567234380809,0.3342467796198195
2027-02_2027-03,2027-02,HH_M/HH_M1,days_to_expiry,"(0, 30]",15,0.957782620226832,0.3761994204811802
2027-02_2027-03,2027-02,HH_M/HH_M1,days_to_expiry,nan,4,,0.11931701706820415
2027-02_2027-03,2027-02,HH_M/HH_M1,month_pair,Feb/Mar,67,0.9164324522121312,1.0
2027-02_2027-03,2027-02,HH_M/HH_M1,pooled,all,67,0.9164324522121312,1.0
2027-02_2027-03,2027-02,Brent_M/Brent_M1,year,2022,13,0.999145265217651,0.2666439609820874
2027-02_2027-03,2027-02,Brent_M/Brent_M1,year,2023,16,0.9993077539497753,0.2728365402154544
2027-02_2027-03,2027-02,Brent_M/Brent_M1,year,2024,17,0.9999235649607267,0.20804489625050912
2027-02_2027-03,2027-02,Brent_M/Brent_M1,year,2025,17,0.9991260251204953,0.17459239189223857
2027-02_2027-03,2027-02,Brent_M/Brent_M1,year,2026,4,,0.07788221065971053
2027-02_2027-03,2027-02,Brent_M/Brent_M1,days_to_expiry,"(90, 180]",16,0.9996407059015174,0.36156540119570096
2027-02_2027-03,2027-02,Brent_M/Brent_M1,days_to_expiry,"(60, 90]",18,0.9989543432194802,0.1442160404498639
2027-02_2027-03,2027-02,Brent_M/Brent_M1,days_to_expiry,"(30, 60]",14,0.9990919270524872,0.21463832430319538
2027-02_2027-03,2027-02,Brent_M/Brent_M1,days_to_expiry,"(0, 30]",15,0.9990483735325014,0.2353095840295252
2027-02_2027-03,2027-02,Brent_M/Brent_M1,days_to_expiry,nan,4,,0.04427065002171452
2027-02_2027-03,2027-02,Brent_M/Brent_M1,month_pair,Feb/Mar,67,0.9992623408978635,1.0
2027-02_2027-03,2027-02,Brent_M/Brent_M1,pooled,all,67,0.9992623408978635,1.0
2027-02_2027-03,2027-02,TTF_M/HH_M,year,2022,13,0.36796812970719706,0.27799370067871787
2027-02_2027-03,2027-02,TTF_M/HH_M,year,2023,16,0.28434392525607605,0.18553979639911417
2027-02_2027-03,2027-02,TTF_M/HH_M,year,2024,17,0.574593507049922,0.182896980999907
2027-02_2027-03,2027-02,TTF_M/HH_M,year,2025,17,-0.32691701757658437,0.10705098755755267
2027-02_2027-03,2027-02,TTF_M/HH_M,year,2026,4,,0.24651853436470825
2027-02_2027-03,2027-02,TTF_M/HH_M,days_to_expiry,"(90, 180]",16,0.32152429716057107,0.0699028369425225
2027-02_2027-03,2027-02,TTF_M/HH_M,days_to_expiry,"(60, 90]",18,0.08762345866247129,0.1153849801603964
2027-02_2027-03,2027-02,TTF_M/HH_M,days_to_expiry,"(30, 60]",14,0.3163252118025949,0.2810369761411537
2027-02_2027-03,2027-02,TTF_M/HH_M,days_to_expiry,"(0, 30]",15,0.6849310108312988,0.38904774766300304
2027-02_2027-03,2027-02,TTF_M/HH_M,days_to_expiry,nan,4,,0.14462745909292438
2027-02_2027-03,2027-02,TTF_M/HH_M,month_pair,Feb/Mar,67,0.39686289833678773,1.0
2027-02_2027-03,2027-02,TTF_M/HH_M,pooled,all,67,0.39686289833678773,1.0
2027-02_2027-03,2027-02,TTF_M/Brent_M,year,2022,13,-0.3483524564239655,0.35034718156424755
2027-02_2027-03,2027-02,TTF_M/Brent_M,year,2023,16,0.18722104439527332,0.30013802224017433
2027-02_2027-03,2027-02,TTF_M/Brent_M,year,2024,17,-0.09526218890018533,0.17021841812799574
2027-02_2027-03,2027-02,TTF_M/Brent_M,year,2025,17,0.00330428215376766,0.060248610663158744
2027-02_2027-03,2027-02,TTF_M/Brent_M,year,2026,4,,0.11904776740442373
2027-02_2027-03,2027-02,TTF_M/Brent_M,days_to_expiry,"(90, 180]",16,0.13904237337138703,0.14605346231824265
2027-02_2027-03,2027-02,TTF_M/Brent_M,days_to_expiry,"(60, 90]",18,-0.3398170393971645,0.15725856204412422
2027-02_2027-03,2027-02,TTF_M/Brent_M,days_to_expiry,"(30, 60]",14,-0.23495790974714953,0.2588543659172113
2027-02_2027-03,2027-02,TTF_M/Brent_M,days_to_expiry,"(0, 30]",15,0.07795291043756868,0.36346649637599154
2027-02_2027-03,2027-02,TTF_M/Brent_M,days_to_expiry,nan,4,,0.07436711334443029
2027-02_2027-03,2027-02,TTF_M/Brent_M,month_pair,Feb/Mar,67,-0.015559918900914885,1.0
2027-02_2027-03,2027-02,TTF_M/Brent_M,pooled,all,67,-0.015559918900914885,1.0
2027-02_2027-03,2027-02,HH_M/Brent_M,year,2022,13,0.26589358378996975,0.24209494746045535
2027-02_2027-03,2027-02,HH_M/Brent_M,year,2023,16,0.26335808278886835,0.14382112863333343
2027-02_2027-03,2027-02,HH_M/Brent_M,year,2024,17,0.14431306659606086,0.19239984696035312
2027-02_2027-03,2027-02,HH_M/Brent_M,year,2025,17,0.4190416800826851,0.13941651346355
2027-02_2027-03,2027-02,HH_M/Brent_M,year,2026,4,,0.28226756348230814
2027-02_2027-03,2027-02,HH_M/Brent_M,days_to_expiry,"(90, 180]",16,0.1253111744647625,0.07635967761880319
2027-02_2027-03,2027-02,HH_M/Brent_M,days_to_expiry,"(60, 90]",18,0.3191444590913057,0.09974585248897098
2027-02_2027-03,2027-02,HH_M/Brent_M,days_to_expiry,"(30, 60]",14,0.5225294026399664,0.2818763671661262
2027-02_2027-03,2027-02,HH_M/Brent_M,days_to_expiry,"(0, 30]",15,0.08359278204139062,0.3789490199708585
2027-02_2027-03,2027-02,HH_M/Brent_M,days_to_expiry,nan,4,,0.16306908275524112
2027-02_2027-03,2027-02,HH_M/Brent_M,month_pair,Feb/Mar,67,0.27918787585599214,1.0
2027-02_2027-03,2027-02,HH_M/Brent_M,pooled,all,67,0.27918787585599214,1.0
2027-03_2027-04,2027-03,TTF_M/TTF_M1,year,2022,12,0.9979422822415207,0.37453505809430226
2027-03_2027-04,2027-03,TTF_M/TTF_M1,year,2023,20,0.998036170607728,0.28063152466625424
2027-03_2027-04,2027-03,TTF_M/TTF_M1,year,2024,20,0.9978092993676685,0.12719585534656228
2027-03_2027-04,2027-03,TTF_M/TTF_M1,year,2025,20,0.997610253643257,0.1497540666844958
2027-03_2027-04,2027-03,TTF_M/TTF_M1,year,2026,8,0.9528552424412018,0.06788349520838527
2027-03_2027-04,2027-03,TTF_M/TTF_M1,days_to_expiry,"(90, 180]",31,0.9978121699434397,0.2704646853864024
2027-03_2027-04,2027-03,TTF_M/TTF_M1,days_to_expiry,"(60, 90]",16,0.9982226379960393,0.18780071669356946
2027-03_2027-04,2027-03,TTF_M/TTF_M1,days_to_expiry,"(30, 60]",13,0.9950481198468618,0.32834022186091344
2027-03_2027-04,2027-03,TTF_M/TTF_M1,days_to_expiry,"(0, 30]",16,0.9512747426114058,0.1699327058481648
2027-03_2027-04,2027-03,TTF_M/TTF_M1,days_to_expiry,nan,4,,0.04346167021094973
2027-03_2027-04,2027-03,TTF_M/TTF_M1,month_pair,Mar/Apr,80,0.9874588214153589,1.0
2027-03_2027-04,2027-03,TTF_M/TTF_M1,pooled,all,80,0.9874588214153589,1.0
2027-03_2027-04,2027-03,HH_M/HH_M1,year,2022,12,0.96669637550658,0.23396958895398914
2027-03_2027-04,2027-03,HH_M/HH_M1,year,2023,20,0.9943591366704225,0.23070502646992996
2027-03_2027-04,2027-03,HH_M/HH_M1,year,2024,20,0.9699475821148448,0.18638294168223732
2027-03_2027-04,2027-03,HH_M/HH_M1,year,2025,20,0.9957151226651695,0.20861410733722838
2027-03_2027-04,2027-03,HH_M/HH_M1,year,2026,8,0.9984051750677523,0.1403283355566152
2027-03_2027-04,2027-03,HH_M/HH_M1,days_to_expiry,"(90, 180]",31,0.9826081339411473,0.17985869578299812
2027-03_2027-04,2027-03,HH_M/HH_M1,days_to_expiry,"(60, 90]",16,0.9697192379441796,0.24663026372654506
2027-03_2027-04,2027-03,HH_M/HH_M1,days_to_expiry,"(30, 60]",13,0.9962426399406473,0.2749942447769548
2027-03_2027-04,2027-03,HH_M/HH_M1,days_to_expiry,"(0, 30]",16,0.9959556925562086,0.27768597530756
2027-03_2027-04,2027-03,HH_M/HH_M1,days_to_expiry,nan,4,,0.020830820405942207
2027-03_2027-04,2027-03,HH_M/HH_M1,month_pair,Mar/Apr,80,0.9785506665018915,1.0
2027-03_2027-04,2027-03,HH_M/HH_M1,pooled,all,80,0.9785506665018915,1.0
2027-03_2027-04,2027-03,Brent_M/Brent_M1,year,2022,12,0.9995201230113469,0.38411359853636384
2027-03_2027-04,2027-03,Brent_M/Brent_M1,year,2023,20,0.9996170244771626,0.31845190800353235
2027-03_2027-04,2027-03,Brent_M/Brent_M1,year,2024,20,0.999626181217746,0.13235433080349493
2027-03_2027-04,2027-03,Brent_M/Brent_M1,year,2025,20,0.9975008592605916,0.12345455674570173
2027-03_2027-04,2027-03,Brent_M/Brent_M1,year,2026,8,0.987730264571081,0.04162560591090708
2027-03_2027-04,2027-03,Brent_M/Brent_M1,days_to_expiry,"(90, 180]",31,0.9997024418980767,0.44365932654746887
2027-03_2027-04,2027-03,Brent_M/Brent_M1,days_to_expiry,"(60, 90]",16,0.9988599796968778,0.17199623429830518
2027-03_2027-04,2027-03,Brent_M/Brent_M1,days_to_expiry,"(30, 60]",13,0.9988251869677035,0.20894222047506655
2027-03_2027-04,2027-03,Brent_M/Brent_M1,days_to_expiry,"(0, 30]",16,0.9989842505266477,0.13801794230957454
2027-03_2027-04,2027-03,Brent_M/Brent_M1,days_to_expiry,nan,4,,0.03738427636958478
2027-03_2027-04,2027-03,Brent_M/Brent_M1,month_pair,Mar/Apr,80,0.9992351122918924,1.0
2027-03_2027-04,2027-03,Brent_M/Brent_M1,pooled,all,80,0.9992351122918924,1.0
2027-03_2027-04,2027-03,TTF_M/HH_M,year,2022,12,0.32443136528723465,0.3151493318022414
2027-03_2027-04,2027-03,TTF_M/HH_M,year,2023,20,0.3453778984752627,0.24382646581326162
2027-03_2027-04,2027-03,TTF_M/HH_M,year,2024,20,0.7183271268140935,0.1505160446832188
2027-03_2027-04,2027-03,TTF_M/HH_M,year,2025,20,-0.08122000564304271,0.17685492017305046
2027-03_2027-04,2027-03,TTF_M/HH_M,year,2026,8,0.8380210656838591,0.11365323752822772
2027-03_2027-04,2027-03,TTF_M/HH_M,days_to_expiry,"(90, 180]",31,0.18095290049680848,0.2262021141280755
2027-03_2027-04,2027-03,TTF_M/HH_M,days_to_expiry,"(60, 90]",16,0.19873788531756648,0.2261070132416873
2027-03_2027-04,2027-03,TTF_M/HH_M,days_to_expiry,"(30, 60]",13,0.7485270404315145,0.29524939701639674
2027-03_2027-04,2027-03,TTF_M/HH_M,days_to_expiry,"(0, 30]",16,0.2479541275696627,0.22516771534515584
2027-03_2027-04,2027-03,TTF_M/HH_M,days_to_expiry,nan,4,,0.02727376026868463
2027-03_2027-04,2027-03,TTF_M/HH_M,month_pair,Mar/Apr,80,0.37856385692396033,1.0
2027-03_2027-04,2027-03,TTF_M/HH_M,pooled,all,80,0.37856385692396033,1.0
2027-03_2027-04,2027-03,TTF_M/Brent_M,year,2022,12,-0.6165092156250277,0.3691552617886062
2027-03_2027-04,2027-03,TTF_M/Brent_M,year,2023,20,0.1931960029643359,0.2745745100942852
2027-03_2027-04,2027-03,TTF_M/Brent_M,year,2024,20,-0.28607522752569103,0.12625536836791681
2027-03_2027-04,2027-03,TTF_M/Brent_M,year,2025,20,0.42029303492687986,0.1432838030948141
2027-03_2027-04,2027-03,TTF_M/Brent_M,year,2026,8,0.4311909030265236,0.08673105665437761
2027-03_2027-04,2027-03,TTF_M/Brent_M,days_to_expiry,"(90, 180]",31,-0.3699977721607432,0.2914766392244652
2027-03_2027-04,2027-03,TTF_M/Brent_M,days_to_expiry,"(60, 90]",16,-0.11879782424630181,0.17880905309268888
2027-03_2027-04,2027-03,TTF_M/Brent_M,days_to_expiry,"(30, 60]",13,0.2057182270837284,0.3156655425706916
2027-03_2027-04,2027-03,TTF_M/Brent_M,days_to_expiry,"(0, 30]",16,-0.05372030403715052,0.17394108739882594
2027-03_2027-04,2027-03,TTF_M/Brent_M,days_to_expiry,nan,4,,0.040107677713328245
2027-03_2027-04,2027-03,TTF_M/Brent_M,month_pair,Mar/Apr,80,-0.0991811157255262,1.0
2027-03_2027-04,2027-03,TTF_M/Brent_M,pooled,all,80,-0.0991811157255262,1.0
2027-03_2027-04,2027-03,HH_M/Brent_M,year,2022,12,-0.12476150115839724,0.2813362026589461
2027-03_2027-04,2027-03,HH_M/Brent_M,year,2023,20,0.23505340415614195,0.23367217090491377
2027-03_2027-04,2027-03,HH_M/Brent_M,year,2024,20,-0.2674873041324692,0.16866164277402648
2027-03_2027-04,2027-03,HH_M/Brent_M,year,2025,20,0.551716925358259,0.19526710507022935
2027-03_2027-04,2027-03,HH_M/Brent_M,year,2026,8,0.4253384604400365,0.12106287859188446
2027-03_2027-04,2027-03,HH_M/Brent_M,days_to_expiry,"(90, 180]",31,0.07387355207908952,0.2180830696850071
2027-03_2027-04,2027-03,HH_M/Brent_M,days_to_expiry,"(60, 90]",16,0.16833811725759285,0.2570199887132758
2027-03_2027-04,2027-03,HH_M/Brent_M,days_to_expiry,"(30, 60]",13,0.12282738233484891,0.25604000637894264
2027-03_2027-04,2027-03,HH_M/Brent_M,days_to_expiry,"(0, 30]",16,0.053378146168205416,0.2513968446247789
2027-03_2027-04,2027-03,HH_M/Brent_M,days_to_expiry,nan,4,,0.017460090597995602
2027-03_2027-04,2027-03,HH_M/Brent_M,month_pair,Mar/Apr,80,0.0792779958287118,1.0
2027-03_2027-04,2027-03,HH_M/Brent_M,pooled,all,80,0.0792779958287118,1.0
2027-04_2027-05,2027-04,TTF_M/TTF_M1,year,2022,13,0.9987155523237353,0.25808475367951167
2027-04_2027-05,2027-04,TTF_M/TTF_M1,year,2023,25,0.9987065903978648,0.17978936526703945
2027-04_2027-05,2027-04,TTF_M/TTF_M1,year,2024,25,0.9995417613886793,0.13444689621059605
2027-04_2027-05,2027-04,TTF_M/TTF_M1,year,2025,25,0.9990167972190294,0.08551379992475144
2027-04_2027-05,2027-04,TTF_M/TTF_M1,year,2026,12,0.9934834786218804,0.34216518491810155
2027-04_2027-05,2027-04,TTF_M/TTF_M1,days_to_expiry,"(90, 180]",48,0.9990698020889937,0.3681497616080438
2027-04_2027-05,2027-04,TTF_M/TTF_M1,days_to_expiry,"(60, 90]",16,0.9971187794963117,0.13435333475925382
2027-04_2027-05,2027-04,TTF_M/TTF_M1,days_to_expiry,"(30, 60]",16,0.9756547177438454,0.06417653824064842
2027-04_2027-05,2027-04,TTF_M/TTF_M1,days_to_expiry,"(0, 30]",16,0.9995128737293842,0.41623702144401487
2027-04_2027-05,2027-04,TTF_M/TTF_M1,days_to_expiry,nan,4,,0.017083343948039145
2027-04_2027-05,2027-04,TTF_M/TTF_M1,month_pair,Apr/May,100,0.9972947712147411,1.0
2027-04_2027-05,2027-04,TTF_M/TTF_M1,pooled,all,100,0.9972947712147411,1.0
2027-04_2027-05,2027-04,HH_M/HH_M1,year,2022,13,0.9990837897731383,0.14925247354303284
2027-04_2027-05,2027-04,HH_M/HH_M1,year,2023,25,0.9932663395401877,0.2828669523126772
2027-04_2027-05,2027-04,HH_M/HH_M1,year,2024,25,0.9870284527221418,0.23612520899207606
2027-04_2027-05,2027-04,HH_M/HH_M1,year,2025,25,0.9952804837621043,0.14882493257165452
2027-04_2027-05,2027-04,HH_M/HH_M1,year,2026,12,0.9987001354688907,0.18293043258055933
2027-04_2027-05,2027-04,HH_M/HH_M1,days_to_expiry,"(90, 180]",48,0.9983773901081407,0.3223954435224827
2027-04_2027-05,2027-04,HH_M/HH_M1,days_to_expiry,"(60, 90]",16,0.998691836541615,0.27746303197810773
2027-04_2027-05,2027-04,HH_M/HH_M1,days_to_expiry,"(30, 60]",16,0.9951865155441619,0.18025496188697696
2027-04_2027-05,2027-04,HH_M/HH_M1,days_to_expiry,"(0, 30]",16,0.9926517740212268,0.19997001829141953
2027-04_2027-05,2027-04,HH_M/HH_M1,days_to_expiry,nan,4,,0.01991654432101306
2027-04_2027-05,2027-04,HH_M/HH_M1,month_pair,Apr/May,100,0.9934446427723199,1.0
2027-04_2027-05,2027-04,HH_M/HH_M1,pooled,all,100,0.9934446427723199,1.0
2027-04_2027-05,2027-04,Brent_M/Brent_M1,year,2022,13,0.9996356298845215,0.13468647211285323
2027-04_2027-05,2027-04,Brent_M/Brent_M1,year,2023,25,0.9995618080953472,0.23752424003535558
2027-04_2027-05,2027-04,Brent_M/Brent_M1,year,2024,25,0.9997984734246212,0.1351396025522612
2027-04_2027-05,2027-04,Brent_M/Brent_M1,year,2025,25,0.9991263219672498,0.09269839051538871
2027-04_2027-05,2027-04,Brent_M/Brent_M1,year,2026,12,0.9878170621061106,0.39995129478414143
2027-04_2027-05,2027-04,Brent_M/Brent_M1,days_to_expiry,"(90, 180]",48,0.9996397187473562,0.30951826137453337
2027-04_2027-05,2027-04,Brent_M/Brent_M1,days_to_expiry,"(60, 90]",16,0.9995903037884682,0.1338765070603522
2027-04_2027-05,2027-04,Brent_M/Brent_M1,days_to_expiry,"(30, 60]",16,0.9996110824025825,0.12118224188697611
2027-04_2027-05,2027-04,Brent_M/Brent_M1,days_to_expiry,"(0, 30]",16,0.9907057830097331,0.42882584130880586
2027-04_2027-05,2027-04,Brent_M/Brent_M1,days_to_expiry,nan,4,,0.006597148369332596
2027-04_2027-05,2027-04,Brent_M/Brent_M1,month_pair,Apr/May,100,0.9955741301613429,1.0
2027-04_2027-05,2027-04,Brent_M/Brent_M1,pooled,all,100,0.9955741301613429,1.0
2027-04_2027-05,2027-04,TTF_M/HH_M,year,2022,13,0.7724962217836135,0.21412753176416802
2027-04_2027-05,2027-04,TTF_M/HH_M,year,2023,25,0.11242585336084018,0.22068461183208088
2027-04_2027-05,2027-04,TTF_M/HH_M,year,2024,25,0.7290595611058699,0.17830527169053578
2027-04_2027-05,2027-04,TTF_M/HH_M,year,2025,25,-0.45159314302582365,0.1094974458309046
2027-04_2027-05,2027-04,TTF_M/HH_M,year,2026,12,0.5587240542011469,0.2773851388823107
2027-04_2027-05,2027-04,TTF_M/HH_M,days_to_expiry,"(90, 180]",48,0.49072843020076806,0.34938041485867916
2027-04_2027-05,2027-04,TTF_M/HH_M,days_to_expiry,"(60, 90]",16,0.6408404840229012,0.19328471881583853
2027-04_2027-05,2027-04,TTF_M/HH_M,days_to_expiry,"(30, 60]",16,0.1492339932355889,0.11246844874579293
2027-04_2027-05,2027-04,TTF_M/HH_M,days_to_expiry,"(0, 30]",16,0.3012674353865763,0.322889719523161
2027-04_2027-05,2027-04,TTF_M/HH_M,days_to_expiry,nan,4,,0.021976698056528295
2027-04_2027-05,2027-04,TTF_M/HH_M,month_pair,Apr/May,100,0.3972698369402378,1.0
2027-04_2027-05,2027-04,TTF_M/HH_M,pooled,all,100,0.3972698369402378,1.0
2027-04_2027-05,2027-04,TTF_M/Brent_M,year,2022,13,-0.3192037605584362,0.23921203202425165
2027-04_2027-05,2027-04,TTF_M/Brent_M,year,2023,25,-0.22139331387898575,0.18609648646102933
2027-04_2027-05,2027-04,TTF_M/Brent_M,year,2024,25,0.0401335870625429,0.13453062715636732
2027-04_2027-05,2027-04,TTF_M/Brent_M,year,2025,25,0.2681477451318134,0.08457187164430852
2027-04_2027-05,2027-04,TTF_M/Brent_M,year,2026,12,0.5910660896774564,0.35558898271404316
2027-04_2027-05,2027-04,TTF_M/Brent_M,days_to_expiry,"(90, 180]",48,-0.0943264628252398,0.3584533711758718
2027-04_2027-05,2027-04,TTF_M/Brent_M,days_to_expiry,"(60, 90]",16,-0.4206367086415176,0.1356752405288935
2027-04_2027-05,2027-04,TTF_M/Brent_M,days_to_expiry,"(30, 60]",16,0.14376066145893115,0.07570233615249619
2027-04_2027-05,2027-04,TTF_M/Brent_M,days_to_expiry,"(0, 30]",16,0.6163957835279401,0.413831239417469
2027-04_2027-05,2027-04,TTF_M/Brent_M,days_to_expiry,nan,4,,0.016337812725269428
2027-04_2027-05,2027-04,TTF_M/Brent_M,month_pair,Apr/May,100,0.2221793915982837,1.0
2027-04_2027-05,2027-04,TTF_M/Brent_M,pooled,all,100,0.2221793915982837,1.0
2027-04_2027-05,2027-04,HH_M/Brent_M,year,2022,13,0.18229850814875606,0.14166949997598316
2027-04_2027-05,2027-04,HH_M/Brent_M,year,2023,25,0.2690205017804867,0.2729869240285696
2027-04_2027-05,2027-04,HH_M/Brent_M,year,2024,25,0.08266569380972688,0.2186435656047566
2027-04_2027-05,2027-04,HH_M/Brent_M,year,2025,25,0.06500661038309445,0.13573253331316784
2027-04_2027-05,2027-04,HH_M/Brent_M,year,2026,12,0.18937461126278396,0.23096747707752288
2027-04_2027-05,2027-04,HH_M/Brent_M,days_to_expiry,"(90, 180]",48,0.2563097213331724,0.3147949717193101
2027-04_2027-05,2027-04,HH_M/Brent_M,days_to_expiry,"(60, 90]",16,-0.22346238679684374,0.24645952670483046
2027-04_2027-05,2027-04,HH_M/Brent_M,days_to_expiry,"(30, 60]",16,0.3741782538348758,0.16691646851718278
2027-04_2027-05,2027-04,HH_M/Brent_M,days_to_expiry,"(0, 30]",16,0.24233694994810015,0.24906357739930046
2027-04_2027-05,2027-04,HH_M/Brent_M,days_to_expiry,nan,4,,0.02276545565937621
2027-04_2027-05,2027-04,HH_M/Brent_M,month_pair,Apr/May,100,0.17211364738721838,1.0
2027-04_2027-05,2027-04,HH_M/Brent_M,pooled,all,100,0.17211364738721838,1.0
2027-05_2027-06,2027-05,TTF_M/TTF_M1,year,2022,13,0.9993534642581007,0.22244033694023116
2027-05_2027-06,2027-05,TTF_M/TTF_M1,year,2023,29,0.9996699239787228,0.23527756132984398
2027-05_2027-06,2027-05,TTF_M/TTF_M1,year,2024,29,0.9995906099432523,0.12344330186791849
2027-05_2027-06,2027-05,TTF_M/TTF_M1,year,2025,29,0.9996866650107452,0.13605077003134342
2027-05_2027-06,2027-05,TTF_M/TTF_M1,year,2026,16,0.9983027582992202,0.282788029830663
2027-05_2027-06,2027-05,TTF_M/TTF_M1,days_to_expiry,"(180, 365]",16,0.9998427024111983,0.12954667786598353
2027-05_2027-06,2027-05,TTF_M/TTF_M1,days_to_expiry,"(90, 180]",48,0.9993325232537081,0.31171308477479687
2027-05_2027-06,2027-05,TTF_M/TTF_M1,days_to_expiry,"(60, 90]",16,0.9994956882052496,0.1222219392875199
2027-05_2027-06,2027-05,TTF_M/TTF_M1,days_to_expiry,"(30, 60]",17,0.9985836762923772,0.2874410901378138
2027-05_2027-06,2027-05,TTF_M/TTF_M1,days_to_expiry,"(0, 30]",15,0.9996280077977532,0.13097114235210616
2027-05_2027-06,2027-05,TTF_M/TTF_M1,days_to_expiry,nan,4,,0.01810606558177971
2027-05_2027-06,2027-05,TTF_M/TTF_M1,month_pair,May/Jun,116,0.9992223920662758,1.0
2027-05_2027-06,2027-05,TTF_M/TTF_M1,pooled,all,116,0.9992223920662758,1.0
2027-05_2027-06,2027-05,HH_M/HH_M1,year,2022,13,0.9991885259234027,0.10989434204923865
2027-05_2027-06,2027-05,HH_M/HH_M1,year,2023,29,0.9956280367921327,0.30442097677756264
2027-05_2027-06,2027-05,HH_M/HH_M1,year,2024,29,0.9828624029384491,0.1685441385164041
2027-05_2027-06,2027-05,HH_M/HH_M1,year,2025,29,0.9967602435081572,0.1694435843126738
2027-05_2027-06,2027-05,HH_M/HH_M1,year,2026,16,0.9970612311586343,0.24769695834412095
2027-05_2027-06,2027-05,HH_M/HH_M1,days_to_expiry,"(180, 365]",16,0.9981478435081582,0.03841894984476342
2027-05_2027-06,2027-05,HH_M/HH_M1,days_to_expiry,"(90, 180]",48,0.9979872408783848,0.4129284894641239
2027-05_2027-06,2027-05,HH_M/HH_M1,days_to_expiry,"(60, 90]",16,0.998045023337256,0.2581199160386594
2027-05_2027-06,2027-05,HH_M/HH_M1,days_to_expiry,"(30, 60]",17,0.9904236817203408,0.1511349954026789
2027-05_2027-06,2027-05,HH_M/HH_M1,days_to_expiry,"(0, 30]",15,0.9834123768987169,0.12337449315451467
2027-05_2027-06,2027-05,HH_M/HH_M1,days_to_expiry,nan,4,,0.016023156095259755
2027-05_2027-06,2027-05,HH_M/HH_M1,month_pair,May/Jun,116,0.9934224968327937,1.0
2027-05_2027-06,2027-05,HH_M/HH_M1,pooled,all,116,0.9934224968327937,1.0
2027-05_2027-06,2027-05,Brent_M/Brent_M1,year,2022,13,0.9997560857731296,0.10293479817357593
2027-05_2027-06,2027-05,Brent_M/Brent_M1,year,2023,29,0.9997772162155464,0.26895430021341254
2027-05_2027-06,2027-05,Brent_M/Brent_M1,year,2024,29,0.9998370975944355,0.13402005238153286
2027-05_2027-06,2027-05,Brent_M/Brent_M1,year,2025,29,0.9996573512802419,0.16654677029349926
2027-05_2027-06,2027-05,Brent_M/Brent_M1,year,2026,16,0.9858907537266914,0.32754407893797943
2027-05_2027-06,2027-05,Brent_M/Brent_M1,days_to_expiry,"(180, 365]",16,0.9998440851228504,0.09404325330312706
2027-05_2027-06,2027-05,Brent_M/Brent_M1,days_to_expiry,"(90, 180]",48,0.99975821942274,0.2534890522417531
2027-05_2027-06,2027-05,Brent_M/Brent_M1,days_to_expiry,"(60, 90]",16,0.9997982432098992,0.11193628626819967
2027-05_2027-06,2027-05,Brent_M/Brent_M1,days_to_expiry,"(30, 60]",17,0.9971185182742243,0.22030129805861673
2027-05_2027-06,2027-05,Brent_M/Brent_M1,days_to_expiry,"(0, 30]",15,0.981740115965752,0.23553218561497488
2027-05_2027-06,2027-05,Brent_M/Brent_M1,days_to_expiry,nan,4,,0.08469792451332861
2027-05_2027-06,2027-05,Brent_M/Brent_M1,month_pair,May/Jun,116,0.9940304902129156,1.0
2027-05_2027-06,2027-05,Brent_M/Brent_M1,pooled,all,116,0.9940304902129156,1.0
2027-05_2027-06,2027-05,TTF_M/HH_M,year,2022,13,0.44573886865008894,0.17483249000280382
2027-05_2027-06,2027-05,TTF_M/HH_M,year,2023,29,0.2919095477131933,0.26118096168987476
2027-05_2027-06,2027-05,TTF_M/HH_M,year,2024,29,0.48327260596455807,0.14690345267214902
2027-05_2027-06,2027-05,TTF_M/HH_M,year,2025,29,-0.12892974254414596,0.14783489477157244
2027-05_2027-06,2027-05,TTF_M/HH_M,year,2026,16,0.3632867957018802,0.2692482008636001
2027-05_2027-06,2027-05,TTF_M/HH_M,days_to_expiry,"(180, 365]",16,0.5406764836103642,0.09309862975526247
2027-05_2027-06,2027-05,TTF_M/HH_M,days_to_expiry,"(90, 180]",48,0.4964984484651912,0.3530939367066732
2027-05_2027-06,2027-05,TTF_M/HH_M,days_to_expiry,"(60, 90]",16,0.1646579110508613,0.1752036741433441
2027-05_2027-06,2027-05,TTF_M/HH_M,days_to_expiry,"(30, 60]",17,0.06057891614600597,0.23415580044190673
2027-05_2027-06,2027-05,TTF_M/HH_M,days_to_expiry,"(0, 30]",15,0.17579191202941222,0.12594489408090198
2027-05_2027-06,2027-05,TTF_M/HH_M,days_to_expiry,nan,4,,0.01850306487191162
2027-05_2027-06,2027-05,TTF_M/HH_M,month_pair,May/Jun,116,0.29530200653056116,1.0
2027-05_2027-06,2027-05,TTF_M/HH_M,pooled,all,116,0.29530200653056116,1.0
2027-05_2027-06,2027-05,TTF_M/Brent_M,year,2022,13,-0.18450563766804007,0.20077053768307837
2027-05_2027-06,2027-05,TTF_M/Brent_M,year,2023,29,0.07924576917014568,0.2372492213868192
2027-05_2027-06,2027-05,TTF_M/Brent_M,year,2024,29,-0.14176058000175135,0.12549379530202825
2027-05_2027-06,2027-05,TTF_M/Brent_M,year,2025,29,0.5936230900913158,0.13951799524842853
2027-05_2027-06,2027-05,TTF_M/Brent_M,year,2026,16,0.6387199289743648,0.2969684503796457
2027-05_2027-06,2027-05,TTF_M/Brent_M,days_to_expiry,"(180, 365]",16,-0.028325875906014906,0.12305155541571182
2027-05_2027-06,2027-05,TTF_M/Brent_M,days_to_expiry,"(90, 180]",48,-0.027464517386635138,0.29987914757749556
2027-05_2027-06,2027-05,TTF_M/Brent_M,days_to_expiry,"(60, 90]",16,0.09390780912557485,0.11886813061819311
2027-05_2027-06,2027-05,TTF_M/Brent_M,days_to_expiry,"(30, 60]",17,0.6428309181057187,0.27744731186917954
2027-05_2027-06,2027-05,TTF_M/Brent_M,days_to_expiry,"(0, 30]",15,0.6080803104792394,0.15021966038064047
2027-05_2027-06,2027-05,TTF_M/Brent_M,days_to_expiry,nan,4,,0.030534194138779547
2027-05_2027-06,2027-05,TTF_M/Brent_M,month_pair,May/Jun,116,0.30465993398679797,1.0
2027-05_2027-06,2027-05,TTF_M/Brent_M,pooled,all,116,0.30465993398679797,1.0
2027-05_2027-06,2027-05,HH_M/Brent_M,year,2022,13,0.446648261686762,0.10184052795843809
2027-05_2027-06,2027-05,HH_M/Brent_M,year,2023,29,0.1682552329450213,0.2916580741688991
2027-05_2027-06,2027-05,HH_M/Brent_M,year,2024,29,0.02325886827044321,0.16654623568747107
2027-05_2027-06,2027-05,HH_M/Brent_M,year,2025,29,0.18958291625984394,0.1648429023622901
2027-05_2027-06,2027-05,HH_M/Brent_M,year,2026,16,0.3523006889423424,0.27511225982290183
2027-05_2027-06,2027-05,HH_M/Brent_M,days_to_expiry,"(180, 365]",16,0.09500333674665547,0.05126641535148169
2027-05_2027-06,2027-05,HH_M/Brent_M,days_to_expiry,"(90, 180]",48,0.2801449073351684,0.37004670833225606
2027-05_2027-06,2027-05,HH_M/Brent_M,days_to_expiry,"(60, 90]",16,0.43513515838336503,0.2173015645303217
2027-05_2027-06,2027-05,HH_M/Brent_M,days_to_expiry,"(30, 60]",17,0.1272755998262181,0.17232867812711578
2027-05_2027-06,2027-05,HH_M/Brent_M,days_to_expiry,"(0, 30]",15,0.2126192668444758,0.15280870472204208
2027-05_2027-06,2027-05,HH_M/Brent_M,days_to_expiry,nan,4,,0.036247928936783
2027-05_2027-06,2027-05,HH_M/Brent_M,month_pair,May/Jun,116,0.21826488822991746,1.0
2027-05_2027-06,2027-05,HH_M/Brent_M,pooled,all,116,0.21826488822991746,1.0
2027-06_2027-07,2027-06,TTF_M/TTF_M1,year,2022,12,0.9990371445335022,0.16301281012633206
2027-06_2027-07,2027-06,TTF_M/TTF_M1,year,2023,33,0.999638948966233,0.27380119362299293
2027-06_2027-07,2027-06,TTF_M/TTF_M1,year,2024,33,0.9996827738270889,0.17107510636440645
2027-06_2027-07,2027-06,TTF_M/TTF_M1,year,2025,34,0.9996457020000159,0.09476145537823841
2027-06_2027-07,2027-06,TTF_M/TTF_M1,year,2026,20,0.9984372491635776,0.29734943450803014
2027-06_2027-07,2027-06,TTF_M/TTF_M1,days_to_expiry,"(180, 365]",32,0.9988210327060514,0.14384296167795252
2027-06_2027-07,2027-06,TTF_M/TTF_M1,days_to_expiry,"(90, 180]",48,0.9997362509875661,0.3450376842334619
2027-06_2027-07,2027-06,TTF_M/TTF_M1,days_to_expiry,"(60, 90]",16,0.9983276107388347,0.23668114341485796
2027-06_2027-07,2027-06,TTF_M/TTF_M1,days_to_expiry,"(30, 60]",16,0.9995856785140024,0.13790883522691214
2027-06_2027-07,2027-06,TTF_M/TTF_M1,days_to_expiry,"(0, 30]",16,0.99971425092203,0.07861456978445192
2027-06_2027-07,2027-06,TTF_M/TTF_M1,days_to_expiry,nan,4,,0.05791480566236364
2027-06_2027-07,2027-06,TTF_M/TTF_M1,month_pair,Jun/Jul,132,0.9992319744071091,1.0
2027-06_2027-07,2027-06,TTF_M/TTF_M1,pooled,all,132,0.9992319744071091,1.0
2027-06_2027-07,2027-06,HH_M/HH_M1,year,2022,12,0.9997447477472536,0.11767988140134722
2027-06_2027-07,2027-06,HH_M/HH_M1,year,2023,33,0.9845793349198046,0.27093490250621305
2027-06_2027-07,2027-06,HH_M/HH_M1,year,2024,33,0.9832338395654863,0.170146954759607
2027-06_2027-07,2027-06,HH_M/HH_M1,year,2025,34,0.9933513848392403,0.2191095286418582
2027-06_2027-07,2027-06,HH_M/HH_M1,year,2026,20,0.9879396172105859,0.2221287326909747
2027-06_2027-07,2027-06,HH_M/HH_M1,days_to_expiry,"(180, 365]",32,0.9970426270188956,0.0821427148315085
2027-06_2027-07,2027-06,HH_M/HH_M1,days_to_expiry,"(90, 180]",48,0.9951623428930093,0.5149677502740188
2027-06_2027-07,2027-06,HH_M/HH_M1,days_to_expiry,"(60, 90]",16,0.9880270308324579,0.09961169340806374
2027-06_2027-07,2027-06,HH_M/HH_M1,days_to_expiry,"(30, 60]",16,0.9768195614088582,0.095193173202236
2027-06_2027-07,2027-06,HH_M/HH_M1,days_to_expiry,"(0, 30]",16,0.9824643753613059,0.14890045071472055
2027-06_2027-07,2027-06,HH_M/HH_M1,days_to_expiry,nan,4,,0.059184217569452524
2027-06_2027-07,2027-06,HH_M/HH_M1,month_pair,Jun/Jul,132,0.9874969926915372,1.0
2027-06_2027-07,2027-06,HH_M/HH_M1,pooled,all,132,0.9874969926915372,1.0
2027-06_2027-07,2027-06,Brent_M/Brent_M1,year,2022,12,0.9997538172937879,0.11125415318734544
2027-06_2027-07,2027-06,Brent_M/Brent_M1,year,2023,33,0.999778308502263,0.22874096901622193
2027-06_2027-07,2027-06,Brent_M/Brent_M1,year,2024,33,0.9996540399006503,0.12722207829689683
2027-06_2027-07,2027-06,Brent_M/Brent_M1,year,2025,34,0.9996105701087148,0.19737447163397864
2027-06_2027-07,2027-06,Brent_M/Brent_M1,year,2026,20,0.9926470490032205,0.33540832786555697
2027-06_2027-07,2027-06,Brent_M/Brent_M1,days_to_expiry,"(180, 365]",32,0.9998127417325322,0.2066184917639555
2027-06_2027-07,2027-06,Brent_M/Brent_M1,days_to_expiry,"(90, 180]",48,0.999664391242915,0.19167644906341944
2027-06_2027-07,2027-06,Brent_M/Brent_M1,days_to_expiry,"(60, 90]",16,0.9979083821858266,0.18691169122987666
2027-06_2027-07,2027-06,Brent_M/Brent_M1,days_to_expiry,"(30, 60]",16,0.9886911919513187,0.19695227257522002
2027-06_2027-07,2027-06,Brent_M/Brent_M1,days_to_expiry,"(0, 30]",16,0.99601647260089,0.1258944332072326
2027-06_2027-07,2027-06,Brent_M/Brent_M1,days_to_expiry,nan,4,,0.09194666216029564
2027-06_2027-07,2027-06,Brent_M/Brent_M1,month_pair,Jun/Jul,132,0.9960864447878349,1.0
2027-06_2027-07,2027-06,Brent_M/Brent_M1,pooled,all,132,0.9960864447878349,1.0
2027-06_2027-07,2027-06,TTF_M/HH_M,year,2022,12,0.37079579135023955,0.1403153132698033
2027-06_2027-07,2027-06,TTF_M/HH_M,year,2023,33,0.16999200489748542,0.2761076554187005
2027-06_2027-07,2027-06,TTF_M/HH_M,year,2024,33,0.14732595761021963,0.17348389325593447
2027-06_2027-07,2027-06,TTF_M/HH_M,year,2025,34,-0.09902924612678246,0.13883598408700004
2027-06_2027-07,2027-06,TTF_M/HH_M,year,2026,20,0.3643912489012121,0.27125715396856165
2027-06_2027-07,2027-06,TTF_M/HH_M,days_to_expiry,"(180, 365]",32,0.09970219592755711,0.1178900047084545
2027-06_2027-07,2027-06,TTF_M/HH_M,days_to_expiry,"(90, 180]",48,0.30035934609517356,0.4053407796170024
2027-06_2027-07,2027-06,TTF_M/HH_M,days_to_expiry,"(60, 90]",16,0.08601902598524441,0.18636140273973484
2027-06_2027-07,2027-06,TTF_M/HH_M,days_to_expiry,"(30, 60]",16,-0.001752247087775159,0.12073056775899751
2027-06_2027-07,2027-06,TTF_M/HH_M,days_to_expiry,"(0, 30]",16,0.08946651046886826,0.10857472184958954
2027-06_2027-07,2027-06,TTF_M/HH_M,days_to_expiry,nan,4,,0.061102523326221264
2027-06_2027-07,2027-06,TTF_M/HH_M,month_pair,Jun/Jul,132,0.22747076942044014,1.0
2027-06_2027-07,2027-06,TTF_M/HH_M,pooled,all,132,0.22747076942044014,1.0
2027-06_2027-07,2027-06,TTF_M/Brent_M,year,2022,12,-0.5112298605778878,0.15083419742618387
2027-06_2027-07,2027-06,TTF_M/Brent_M,year,2023,33,0.03259538203730585,0.26411224737222544
2027-06_2027-07,2027-06,TTF_M/Brent_M,year,2024,33,0.006123760198909612,0.1622836892379277
2027-06_2027-07,2027-06,TTF_M/Brent_M,year,2025,34,0.39264738353163164,0.11249442403102093
2027-06_2027-07,2027-06,TTF_M/Brent_M,year,2026,20,0.6344331027896696,0.31027544193264195
2027-06_2027-07,2027-06,TTF_M/Brent_M,days_to_expiry,"(180, 365]",32,0.07697586044785355,0.1538290045466447
2027-06_2027-07,2027-06,TTF_M/Brent_M,days_to_expiry,"(90, 180]",48,-0.10062815922107028,0.31358269307208547
2027-06_2027-07,2027-06,TTF_M/Brent_M,days_to_expiry,"(60, 90]",16,0.5999793587028789,0.23029629544868455
2027-06_2027-07,2027-06,TTF_M/Brent_M,days_to_expiry,"(30, 60]",16,0.3802239767363179,0.14906128727259432
2027-06_2027-07,2027-06,TTF_M/Brent_M,days_to_expiry,"(0, 30]",16,0.37075279556318863,0.08686126305696677
2027-06_2027-07,2027-06,TTF_M/Brent_M,days_to_expiry,nan,4,,0.06636945660302403
2027-06_2027-07,2027-06,TTF_M/Brent_M,month_pair,Jun/Jul,132,0.24380004473975278,1.0
2027-06_2027-07,2027-06,TTF_M/Brent_M,pooled,all,132,0.24380004473975278,1.0
2027-06_2027-07,2027-06,HH_M/Brent_M,year,2022,12,-0.20521571147964626,0.1070248910480272
2027-06_2027-07,2027-06,HH_M/Brent_M,year,2023,33,0.06888619067948923,0.26288828226345423
2027-06_2027-07,2027-06,HH_M/Brent_M,year,2024,33,-0.22448348287848352,0.1623432135741062
2027-06_2027-07,2027-06,HH_M/Brent_M,year,2025,34,0.28231499519268427,0.20531276692286218
2027-06_2027-07,2027-06,HH_M/Brent_M,year,2026,20,0.27498387146080555,0.2624308461915501
2027-06_2027-07,2027-06,HH_M/Brent_M,days_to_expiry,"(180, 365]",32,-0.023066027724032337,0.109982944023666
2027-06_2027-07,2027-06,HH_M/Brent_M,days_to_expiry,"(90, 180]",48,0.1422952465098947,0.4181562840069931
2027-06_2027-07,2027-06,HH_M/Brent_M,days_to_expiry,"(60, 90]",16,0.08797725340535195,0.12548587083870108
2027-06_2027-07,2027-06,HH_M/Brent_M,days_to_expiry,"(30, 60]",16,0.3211692475535022,0.12289936083239061
2027-06_2027-07,2027-06,HH_M/Brent_M,days_to_expiry,"(0, 30]",16,0.11988928852000472,0.14972179737788552
2027-06_2027-07,2027-06,HH_M/Brent_M,days_to_expiry,nan,4,,0.07375374292036364
2027-06_2027-07,2027-06,HH_M/Brent_M,month_pair,Jun/Jul,132,0.10190770412914125,1.0
2027-06_2027-07,2027-06,HH_M/Brent_M,pooled,all,132,0.10190770412914125,1.0
2027-07_2027-08,2027-07,TTF_M/TTF_M1,year,2022,12,0.9997356806600377,0.14944472071903284
2027-07_2027-08,2027-07,TTF_M/TTF_M1,year,2023,37,0.9988243423885984,0.3513157117163148
2027-07_2027-08,2027-07,TTF_M/TTF_M1,year,2024,38,0.9995666101821941,0.10570459796640957
2027-07_2027-08,2027-07,TTF_M/TTF_M1,year,2025,38,0.9997235953938619,0.0914732561854968
2027-07_2027-08,2027-07,TTF_M/TTF_M1,year,2026,25,0.9992673739056998,0.302061713412746
2027-07_2027-08,2027-07,TTF_M/TTF_M1,days_to_expiry,"(180, 365]",50,0.9997435332614322,0.23849373174999725
2027-07_2027-08,2027-07,TTF_M/TTF_M1,days_to_expiry,"(90, 180]",48,0.9993842510494831,0.43122003135609305
2027-07_2027-08,2027-07,TTF_M/TTF_M1,days_to_expiry,"(60, 90]",16,0.9994104770380395,0.07411732324454509
2027-07_2027-08,2027-07,TTF_M/TTF_M1,days_to_expiry,"(30, 60]",16,0.998884273904901,0.06648578355887524
2027-07_2027-08,2027-07,TTF_M/TTF_M1,days_to_expiry,"(0, 30]",16,0.9984410569021369,0.17170259512183467
2027-07_2027-08,2027-07,TTF_M/TTF_M1,days_to_expiry,nan,4,,0.017980534968654777
2027-07_2027-08,2027-07,TTF_M/TTF_M1,month_pair,Jul/Aug,150,0.9991176424903511,1.0
2027-07_2027-08,2027-07,TTF_M/TTF_M1,pooled,all,150,0.9991176424903511,1.0
2027-07_2027-08,2027-07,HH_M/HH_M1,year,2022,12,0.9998941740084692,0.11729976739165529
2027-07_2027-08,2027-07,HH_M/HH_M1,year,2023,37,0.9952323503575315,0.21134913411523384
2027-07_2027-08,2027-07,HH_M/HH_M1,year,2024,38,0.9973735066367598,0.23818654850035403
2027-07_2027-08,2027-07,HH_M/HH_M1,year,2025,38,0.9931483727809991,0.2893698744561184
2027-07_2027-08,2027-07,HH_M/HH_M1,year,2026,25,0.9983545683997702,0.14379467553663855
2027-07_2027-08,2027-07,HH_M/HH_M1,days_to_expiry,"(180, 365]",50,0.9994298873030927,0.21721857335135683
2027-07_2027-08,2027-07,HH_M/HH_M1,days_to_expiry,"(90, 180]",48,0.999125400576831,0.3972323269741237
2027-07_2027-08,2027-07,HH_M/HH_M1,days_to_expiry,"(60, 90]",16,0.9953146044001988,0.07078836082531326
2027-07_2027-08,2027-07,HH_M/HH_M1,days_to_expiry,"(30, 60]",16,0.9933010256418273,0.07002984692544853
2027-07_2027-08,2027-07,HH_M/HH_M1,days_to_expiry,"(0, 30]",16,0.9955540661133265,0.1746211012394499
2027-07_2027-08,2027-07,HH_M/HH_M1,days_to_expiry,nan,4,,0.07010979068430791
2027-07_2027-08,2027-07,HH_M/HH_M1,month_pair,Jul/Aug,150,0.9956475205241755,1.0
2027-07_2027-08,2027-07,HH_M/HH_M1,pooled,all,150,0.9956475205241755,1.0
2027-07_2027-08,2027-07,Brent_M/Brent_M1,year,2022,12,0.9998406393280475,0.11811237398217146
2027-07_2027-08,2027-07,Brent_M/Brent_M1,year,2023,37,0.999819458048248,0.23588540909461692
2027-07_2027-08,2027-07,Brent_M/Brent_M1,year,2024,38,0.9997920438771691,0.13121739559278428
2027-07_2027-08,2027-07,Brent_M/Brent_M1,year,2025,38,0.9998074590465971,0.25015376796095706
2027-07_2027-08,2027-07,Brent_M/Brent_M1,year,2026,25,0.9928332119278422,0.26463105336947024
2027-07_2027-08,2027-07,Brent_M/Brent_M1,days_to_expiry,"(180, 365]",50,0.99987100837355,0.2640117045167827
2027-07_2027-08,2027-07,Brent_M/Brent_M1,days_to_expiry,"(90, 180]",48,0.999295871719336,0.26028790121942647
2027-07_2027-08,2027-07,Brent_M/Brent_M1,days_to_expiry,"(60, 90]",16,0.9940251286491119,0.12470960636358652
2027-07_2027-08,2027-07,Brent_M/Brent_M1,days_to_expiry,"(30, 60]",16,0.9934187746470631,0.09233694865294173
2027-07_2027-08,2027-07,Brent_M/Brent_M1,days_to_expiry,"(0, 30]",16,0.9965926878898235,0.16858095460756045
2027-07_2027-08,2027-07,Brent_M/Brent_M1,days_to_expiry,nan,4,,0.09007288463970209
2027-07_2027-08,2027-07,Brent_M/Brent_M1,month_pair,Jul/Aug,150,0.9973752582899198,1.0
2027-07_2027-08,2027-07,Brent_M/Brent_M1,pooled,all,150,0.9973752582899198,1.0
2027-07_2027-08,2027-07,TTF_M/HH_M,year,2022,12,0.29876131581099225,0.13505104255600894
2027-07_2027-08,2027-07,TTF_M/HH_M,year,2023,37,0.10467152579715037,0.30788867242946283
2027-07_2027-08,2027-07,TTF_M/HH_M,year,2024,38,0.14432093495640025,0.14819455651965036
2027-07_2027-08,2027-07,TTF_M/HH_M,year,2025,38,0.19947975649382177,0.1557450469161052
2027-07_2027-08,2027-07,TTF_M/HH_M,year,2026,25,0.0800713461836918,0.2531206815787729
2027-07_2027-08,2027-07,TTF_M/HH_M,days_to_expiry,"(180, 365]",50,0.3359397871728127,0.22581213536549732
2027-07_2027-08,2027-07,TTF_M/HH_M,days_to_expiry,"(90, 180]",48,0.00753454148058554,0.4190010685255263
2027-07_2027-08,2027-07,TTF_M/HH_M,days_to_expiry,"(60, 90]",16,0.12678834546756618,0.07176779031006973
2027-07_2027-08,2027-07,TTF_M/HH_M,days_to_expiry,"(30, 60]",16,-0.005314943414943907,0.06769707421226198
2027-07_2027-08,2027-07,TTF_M/HH_M,days_to_expiry,"(0, 30]",16,0.1732889705398729,0.1767618206631744
2027-07_2027-08,2027-07,TTF_M/HH_M,days_to_expiry,nan,4,,0.038960110923470376
2027-07_2027-08,2027-07,TTF_M/HH_M,month_pair,Jul/Aug,150,0.15315978429163563,1.0
2027-07_2027-08,2027-07,TTF_M/HH_M,pooled,all,150,0.15315978429163563,1.0
2027-07_2027-08,2027-07,TTF_M/Brent_M,year,2022,12,-0.45304253027073405,0.1403567664211195
2027-07_2027-08,2027-07,TTF_M/Brent_M,year,2023,37,0.23708692301597636,0.33460773956978246
2027-07_2027-08,2027-07,TTF_M/Brent_M,year,2024,38,0.01810850189486593,0.10766113745676295
2027-07_2027-08,2027-07,TTF_M/Brent_M,year,2025,38,0.5180685505615595,0.11673160696192572
2027-07_2027-08,2027-07,TTF_M/Brent_M,year,2026,25,0.5109383740538068,0.30064274959040943
2027-07_2027-08,2027-07,TTF_M/Brent_M,days_to_expiry,"(180, 365]",50,-0.1252927753864725,0.2376727454045587
2027-07_2027-08,2027-07,TTF_M/Brent_M,days_to_expiry,"(90, 180]",48,0.3926545127345895,0.40315465230681463
2027-07_2027-08,2027-07,TTF_M/Brent_M,days_to_expiry,"(60, 90]",16,0.46962580001657644,0.0817546111158127
2027-07_2027-08,2027-07,TTF_M/Brent_M,days_to_expiry,"(30, 60]",16,0.32292550915977447,0.07129993897374472
2027-07_2027-08,2027-07,TTF_M/Brent_M,days_to_expiry,"(0, 30]",16,0.3028452811541817,0.17606619630662862
2027-07_2027-08,2027-07,TTF_M/Brent_M,days_to_expiry,nan,4,,0.03005185589244065
2027-07_2027-08,2027-07,TTF_M/Brent_M,month_pair,Jul/Aug,150,0.2503650103456677,1.0
2027-07_2027-08,2027-07,TTF_M/Brent_M,pooled,all,150,0.2503650103456677,1.0
2027-07_2027-08,2027-07,HH_M/Brent_M,year,2022,12,-0.15324052330626117,0.11284277279494982
2027-07_2027-08,2027-07,HH_M/Brent_M,year,2023,37,0.22733283561823395,0.21263561153830893
2027-07_2027-08,2027-07,HH_M/Brent_M,year,2024,38,0.1187633038472627,0.20881294478036633
2027-07_2027-08,2027-07,HH_M/Brent_M,year,2025,38,0.47133786919804593,0.28203573860001635
2027-07_2027-08,2027-07,HH_M/Brent_M,year,2026,25,-0.09505499101617107,0.18367293228635861
2027-07_2027-08,2027-07,HH_M/Brent_M,days_to_expiry,"(180, 365]",50,-0.04926485588682619,0.22366536356048466
2027-07_2027-08,2027-07,HH_M/Brent_M,days_to_expiry,"(90, 180]",48,0.15385447870029328,0.3491971760629579
2027-07_2027-08,2027-07,HH_M/Brent_M,days_to_expiry,"(60, 90]",16,0.39985539419256333,0.08522992127402125
2027-07_2027-08,2027-07,HH_M/Brent_M,days_to_expiry,"(30, 60]",16,-0.13542263104296326,0.0796931912888645
2027-07_2027-08,2027-07,HH_M/Brent_M,days_to_expiry,"(0, 30]",16,0.3181117585046552,0.1758485790597586
2027-07_2027-08,2027-07,HH_M/Brent_M,days_to_expiry,nan,4,,0.08636576875391316
2027-07_2027-08,2027-07,HH_M/Brent_M,month_pair,Jul/Aug,150,0.16609839352470013,1.0
2027-07_2027-08,2027-07,HH_M/Brent_M,pooled,all,150,0.16609839352470013,1.0
2027-08_2027-09,2027-08,TTF_M/TTF_M1,year,2022,13,0.9996308586442098,0.13603939169645926
2027-08_2027-09,2027-08,TTF_M/TTF_M1,year,2023,41,0.9964081524157714,0.3392935756970323
2027-08_2027-09,2027-08,TTF_M/TTF_M1,year,2024,42,0.9991614577310496,0.11709543870861404
2027-08_2027-09,2027-08,TTF_M/TTF_M1,year,2025,42,0.999653417820227,0.144821121219389
2027-08_2027-09,2027-08,TTF_M/TTF_M1,year,2026,29,0.9990395697319401,0.26275047267850526
2027-08_2027-09,2027-08,TTF_M/TTF_M1,days_to_expiry,"(180, 365]",67,0.9996578392944971,0.29394544644687465
2027-08_2027-09,2027-08,TTF_M/TTF_M1,days_to_expiry,"(90, 180]",48,0.9990367706528532,0.4048511679236859
2027-08_2027-09,2027-08,TTF_M/TTF_M1,days_to_expiry,"(60, 90]",16,0.9967265364127404,0.05755898145123301
2027-08_2027-09,2027-08,TTF_M/TTF_M1,days_to_expiry,"(30, 60]",17,0.997070262933282,0.13093842184762278
2027-08_2027-09,2027-08,TTF_M/TTF_M1,days_to_expiry,"(0, 30]",15,0.9978587216623237,0.10829209887774971
2027-08_2027-09,2027-08,TTF_M/TTF_M1,days_to_expiry,nan,4,,0.004413883452833714
2027-08_2027-09,2027-08,TTF_M/TTF_M1,month_pair,Aug/Sep,167,0.9982719724164439,1.0
2027-08_2027-09,2027-08,TTF_M/TTF_M1,pooled,all,167,0.9982719724164439,1.0
2027-08_2027-09,2027-08,HH_M/HH_M1,year,2022,13,0.99981891293207,0.1152421982375057
2027-08_2027-09,2027-08,HH_M/HH_M1,year,2023,41,0.9892792515678561,0.24792365099737404
2027-08_2027-09,2027-08,HH_M/HH_M1,year,2024,42,0.9929836167491441,0.26303586229634535
2027-08_2027-09,2027-08,HH_M/HH_M1,year,2025,42,0.999197565855639,0.2653037751761323
2027-08_2027-09,2027-08,HH_M/HH_M1,year,2026,29,0.9963231690223695,0.10849451329264263
2027-08_2027-09,2027-08,HH_M/HH_M1,days_to_expiry,"(180, 365]",67,0.9996158412472661,0.35432390042885825
2027-08_2027-09,2027-08,HH_M/HH_M1,days_to_expiry,"(90, 180]",48,0.9993238335178732,0.2649922029681388
2027-08_2027-09,2027-08,HH_M/HH_M1,days_to_expiry,"(60, 90]",16,0.9973648260953654,0.09139926542182249
2027-08_2027-09,2027-08,HH_M/HH_M1,days_to_expiry,"(30, 60]",17,0.9985416431661172,0.13659327730837378
2027-08_2027-09,2027-08,HH_M/HH_M1,days_to_expiry,"(0, 30]",15,0.9956844401382668,0.09326667982636305
2027-08_2027-09,2027-08,HH_M/HH_M1,days_to_expiry,nan,4,,0.05942467404644369
2027-08_2027-09,2027-08,HH_M/HH_M1,month_pair,Aug/Sep,167,0.9946225388455993,1.0
2027-08_2027-09,2027-08,HH_M/HH_M1,pooled,all,167,0.9946225388455993,1.0
2027-08_2027-09,2027-08,Brent_M/Brent_M1,year,2022,13,0.9998656409553865,0.11839067216342825
2027-08_2027-09,2027-08,Brent_M/Brent_M1,year,2023,41,0.9996476698755438,0.24040784350187724
2027-08_2027-09,2027-08,Brent_M/Brent_M1,year,2024,42,0.9997432879063091,0.10054508385650168
2027-08_2027-09,2027-08,Brent_M/Brent_M1,year,2025,42,0.9995348116024884,0.22278381902454156
2027-08_2027-09,2027-08,Brent_M/Brent_M1,year,2026,29,0.9954792470801661,0.3178725814536513
2027-08_2027-09,2027-08,Brent_M/Brent_M1,days_to_expiry,"(180, 365]",67,0.9998131986971572,0.2857452002234256
2027-08_2027-09,2027-08,Brent_M/Brent_M1,days_to_expiry,"(90, 180]",48,0.9981988214335749,0.3861938940428903
2027-08_2027-09,2027-08,Brent_M/Brent_M1,days_to_expiry,"(60, 90]",16,0.994564264957764,0.054104691262785186
2027-08_2027-09,2027-08,Brent_M/Brent_M1,days_to_expiry,"(30, 60]",17,0.9991342351081657,0.13706005699620882
2027-08_2027-09,2027-08,Brent_M/Brent_M1,days_to_expiry,"(0, 30]",15,0.9957932778638487,0.10867859330649897
2027-08_2027-09,2027-08,Brent_M/Brent_M1,days_to_expiry,nan,4,,0.02821756416819123
2027-08_2027-09,2027-08,Brent_M/Brent_M1,month_pair,Aug/Sep,167,0.9979746691115229,1.0
2027-08_2027-09,2027-08,Brent_M/Brent_M1,pooled,all,167,0.9979746691115229,1.0
2027-08_2027-09,2027-08,TTF_M/HH_M,year,2022,13,0.2949575318488924,0.12637493860450622
2027-08_2027-09,2027-08,TTF_M/HH_M,year,2023,41,0.06585424810873401,0.3170315513165972
2027-08_2027-09,2027-08,TTF_M/HH_M,year,2024,42,0.22797914302021466,0.16356935444701196
2027-08_2027-09,2027-08,TTF_M/HH_M,year,2025,42,0.2236867945578973,0.17716770508325827
2027-08_2027-09,2027-08,TTF_M/HH_M,year,2026,29,0.28130513527710693,0.21585645054862618
2027-08_2027-09,2027-08,TTF_M/HH_M,days_to_expiry,"(180, 365]",67,0.35080637848882573,0.30402339064026185
2027-08_2027-09,2027-08,TTF_M/HH_M,days_to_expiry,"(90, 180]",48,0.015796680301955638,0.3599357101276344
2027-08_2027-09,2027-08,TTF_M/HH_M,days_to_expiry,"(60, 90]",16,0.3433933439626326,0.06720315711469217
2027-08_2027-09,2027-08,TTF_M/HH_M,days_to_expiry,"(30, 60]",17,0.22358667200106833,0.13807592103919283
2027-08_2027-09,2027-08,TTF_M/HH_M,days_to_expiry,"(0, 30]",15,0.3313868337642707,0.10482471664173622
2027-08_2027-09,2027-08,TTF_M/HH_M,days_to_expiry,nan,4,,0.025937104436482398
2027-08_2027-09,2027-08,TTF_M/HH_M,month_pair,Aug/Sep,167,0.18908146109843832,1.0
2027-08_2027-09,2027-08,TTF_M/HH_M,pooled,all,167,0.18908146109843832,1.0
2027-08_2027-09,2027-08,TTF_M/Brent_M,year,2022,13,-0.44350691978735224,0.13011470481979834
2027-08_2027-09,2027-08,TTF_M/Brent_M,year,2023,41,0.21679253030534845,0.32944125410810116
2027-08_2027-09,2027-08,TTF_M/Brent_M,year,2024,42,-0.10575667414808211,0.11414988681354045
2027-08_2027-09,2027-08,TTF_M/Brent_M,year,2025,42,0.5985299620224082,0.15400190188745014
2027-08_2027-09,2027-08,TTF_M/Brent_M,year,2026,29,0.7017459603709664,0.27229225237111016
2027-08_2027-09,2027-08,TTF_M/Brent_M,days_to_expiry,"(180, 365]",67,0.03391680398315455,0.2876824786164084
2027-08_2027-09,2027-08,TTF_M/Brent_M,days_to_expiry,"(90, 180]",48,0.5061297901669243,0.39946760282591354
2027-08_2027-09,2027-08,TTF_M/Brent_M,days_to_expiry,"(60, 90]",16,0.5069090345426921,0.056801775063708385
2027-08_2027-09,2027-08,TTF_M/Brent_M,days_to_expiry,"(30, 60]",17,0.27159348324762794,0.1382726147333505
2027-08_2027-09,2027-08,TTF_M/Brent_M,days_to_expiry,"(0, 30]",15,0.42116995971507554,0.10968353937353997
2027-08_2027-09,2027-08,TTF_M/Brent_M,days_to_expiry,nan,4,,0.00809198938707936
2027-08_2027-09,2027-08,TTF_M/Brent_M,month_pair,Aug/Sep,167,0.3202112646130963,1.0
2027-08_2027-09,2027-08,TTF_M/Brent_M,pooled,all,167,0.3202112646130963,1.0
2027-08_2027-09,2027-08,HH_M/Brent_M,year,2022,13,-0.14826197574111732,0.11212239150911096
2027-08_2027-09,2027-08,HH_M/Brent_M,year,2023,41,0.14815015556551,0.24357802580037352
2027-08_2027-09,2027-08,HH_M/Brent_M,year,2024,42,-0.014965741707063438,0.22033562214808627
2027-08_2027-09,2027-08,HH_M/Brent_M,year,2025,42,0.0757094324499968,0.24855317776559843
2027-08_2027-09,2027-08,HH_M/Brent_M,year,2026,29,0.10034008695546745,0.1754107827768309
2027-08_2027-09,2027-08,HH_M/Brent_M,days_to_expiry,"(180, 365]",67,0.0550416540661192,0.320485132365071
2027-08_2027-09,2027-08,HH_M/Brent_M,days_to_expiry,"(90, 180]",48,0.19468124376765222,0.2965867183941424
2027-08_2027-09,2027-08,HH_M/Brent_M,days_to_expiry,"(60, 90]",16,0.05043513728151068,0.08075416722640644
2027-08_2027-09,2027-08,HH_M/Brent_M,days_to_expiry,"(30, 60]",17,0.025939639467770406,0.13874053379050674
2027-08_2027-09,2027-08,HH_M/Brent_M,days_to_expiry,"(0, 30]",15,-0.2028486048508056,0.10121512097723379
2027-08_2027-09,2027-08,HH_M/Brent_M,days_to_expiry,nan,4,,0.062218327246639685
2027-08_2027-09,2027-08,HH_M/Brent_M,month_pair,Aug/Sep,167,0.04900897848351333,1.0
2027-08_2027-09,2027-08,HH_M/Brent_M,pooled,all,167,0.04900897848351333,1.0
2027-09_2027-10,2027-09,TTF_M/TTF_M1,year,2022,13,0.9976030302483349,0.1674302944556669
2027-09_2027-10,2027-09,TTF_M/TTF_M1,year,2023,46,0.9822625386321833,0.32172638466217496
2027-09_2027-10,2027-09,TTF_M/TTF_M1,year,2024,46,0.9940944545265429,0.1003858317800536
2027-09_2027-10,2027-09,TTF_M/TTF_M1,year,2025,46,0.9976024715802896,0.10991575876983653
2027-09_2027-10,2027-09,TTF_M/TTF_M1,year,2026,33,0.9996752348380805,0.30054173033226805
2027-09_2027-10,2027-09,TTF_M/TTF_M1,days_to_expiry,"(180, 365]",84,0.9958255878734431,0.34829233364747325
2027-09_2027-10,2027-09,TTF_M/TTF_M1,days_to_expiry,"(90, 180]",48,0.9987967783880451,0.363723495178755
2027-09_2027-10,2027-09,TTF_M/TTF_M1,days_to_expiry,"(60, 90]",16,0.9902750490790456,0.0684251865947217
2027-09_2027-10,2027-09,TTF_M/TTF_M1,days_to_expiry,"(30, 60]",16,0.9746086344981579,0.07577824756417807
2027-09_2027-10,2027-09,TTF_M/TTF_M1,days_to_expiry,"(0, 30]",16,0.9817078377974345,0.10903276156437265
2027-09_2027-10,2027-09,TTF_M/TTF_M1,days_to_expiry,nan,4,,0.034747975450499416
2027-09_2027-10,2027-09,TTF_M/TTF_M1,month_pair,Sep/Oct,184,0.9924202726773916,1.0
2027-09_2027-10,2027-09,TTF_M/TTF_M1,pooled,all,184,0.9924202726773916,1.0
2027-09_2027-10,2027-09,HH_M/HH_M1,year,2022,13,0.9998840092333342,0.11944472558047098
2027-09_2027-10,2027-09,HH_M/HH_M1,year,2023,46,0.996233284874656,0.2925065079934584
2027-09_2027-10,2027-09,HH_M/HH_M1,year,2024,46,0.9969533563217872,0.19020832773918836
2027-09_2027-10,2027-09,HH_M/HH_M1,year,2025,46,0.9972601726835985,0.25538798169108723
2027-09_2027-10,2027-09,HH_M/HH_M1,year,2026,33,0.9983035072732158,0.14245245699579492
2027-09_2027-10,2027-09,HH_M/HH_M1,days_to_expiry,"(180, 365]",84,0.9994559086504157,0.44807421611865234
2027-09_2027-10,2027-09,HH_M/HH_M1,days_to_expiry,"(90, 180]",48,0.9976582005242495,0.2534826881751914
2027-09_2027-10,2027-09,HH_M/HH_M1,days_to_expiry,"(60, 90]",16,0.997284024305425,0.06967023930280022
2027-09_2027-10,2027-09,HH_M/HH_M1,days_to_expiry,"(30, 60]",16,0.9967742090747783,0.14267073594255375
2027-09_2027-10,2027-09,HH_M/HH_M1,days_to_expiry,"(0, 30]",16,0.9901649939352998,0.05833341869498972
2027-09_2027-10,2027-09,HH_M/HH_M1,days_to_expiry,nan,4,,0.027768701765812472
2027-09_2027-10,2027-09,HH_M/HH_M1,month_pair,Sep/Oct,184,0.9969013930921378,1.0
2027-09_2027-10,2027-09,HH_M/HH_M1,pooled,all,184,0.9969013930921378,1.0
2027-09_2027-10,2027-09,Brent_M/Brent_M1,year,2022,13,0.9998532392109469,0.06953530965205419
2027-09_2027-10,2027-09,Brent_M/Brent_M1,year,2023,46,0.9998021271445303,0.22161863523740677
2027-09_2027-10,2027-09,Brent_M/Brent_M1,year,2024,46,0.9995687668037814,0.12529302707295947
2027-09_2027-10,2027-09,Brent_M/Brent_M1,year,2025,46,0.9996173971148903,0.2056874230597305
2027-09_2027-10,2027-09,Brent_M/Brent_M1,year,2026,33,0.9976471376977134,0.3778656049778491
2027-09_2027-10,2027-09,Brent_M/Brent_M1,days_to_expiry,"(180, 365]",84,0.9998479125259367,0.3002424343540891
2027-09_2027-10,2027-09,Brent_M/Brent_M1,days_to_expiry,"(90, 180]",48,0.9990316620467183,0.3708401979597851
2027-09_2027-10,2027-09,Brent_M/Brent_M1,days_to_expiry,"(60, 90]",16,0.9993797501757092,0.12311115869522796
2027-09_2027-10,2027-09,Brent_M/Brent_M1,days_to_expiry,"(30, 60]",16,0.9940877175990722,0.08906715758887915
2027-09_2027-10,2027-09,Brent_M/Brent_M1,days_to_expiry,"(0, 30]",16,0.9989281813088366,0.1078550582708755
2027-09_2027-10,2027-09,Brent_M/Brent_M1,days_to_expiry,nan,4,,0.00888399313114316
2027-09_2027-10,2027-09,Brent_M/Brent_M1,month_pair,Sep/Oct,184,0.9985512627168119,1.0
2027-09_2027-10,2027-09,Brent_M/Brent_M1,pooled,all,184,0.9985512627168119,1.0
2027-09_2027-10,2027-09,TTF_M/HH_M,year,2022,13,0.7570829450752983,0.14630855332595996
2027-09_2027-10,2027-09,TTF_M/HH_M,year,2023,46,0.19316569355996607,0.326641047091796
2027-09_2027-10,2027-09,TTF_M/HH_M,year,2024,46,0.26083260477640563,0.1321041425773927
2027-09_2027-10,2027-09,TTF_M/HH_M,year,2025,46,0.11636346790081423,0.15142016778110062
2027-09_2027-10,2027-09,TTF_M/HH_M,year,2026,33,0.4043815607291706,0.24352608922375066
2027-09_2027-10,2027-09,TTF_M/HH_M,days_to_expiry,"(180, 365]",84,0.43068643845934934,0.3715705543918512
2027-09_2027-10,2027-09,TTF_M/HH_M,days_to_expiry,"(90, 180]",48,0.2493325743392784,0.32305685553344277
2027-09_2027-10,2027-09,TTF_M/HH_M,days_to_expiry,"(60, 90]",16,0.24933785754884683,0.07391302926955313
2027-09_2027-10,2027-09,TTF_M/HH_M,days_to_expiry,"(30, 60]",16,0.27745256225353476,0.10056173665323313
2027-09_2027-10,2027-09,TTF_M/HH_M,days_to_expiry,"(0, 30]",16,0.3774963469695742,0.09968897988716408
2027-09_2027-10,2027-09,TTF_M/HH_M,days_to_expiry,nan,4,,0.03120884426475563
2027-09_2027-10,2027-09,TTF_M/HH_M,month_pair,Sep/Oct,184,0.2919677492371985,1.0
2027-09_2027-10,2027-09,TTF_M/HH_M,pooled,all,184,0.2919677492371985,1.0
2027-09_2027-10,2027-09,TTF_M/Brent_M,year,2022,13,-0.2663640894315474,0.14484625522063543
2027-09_2027-10,2027-09,TTF_M/Brent_M,year,2023,46,-0.08561818005558153,0.31937955204462953
2027-09_2027-10,2027-09,TTF_M/Brent_M,year,2024,46,-0.15088563688740658,0.10558741468313913
2027-09_2027-10,2027-09,TTF_M/Brent_M,year,2025,46,0.5298171976288256,0.12267294864981196
2027-09_2027-10,2027-09,TTF_M/Brent_M,year,2026,33,0.60932927089709,0.307513829401784
2027-09_2027-10,2027-09,TTF_M/Brent_M,days_to_expiry,"(180, 365]",84,-0.15032223863935731,0.33443908555814167
2027-09_2027-10,2027-09,TTF_M/Brent_M,days_to_expiry,"(90, 180]",48,0.4707318230061054,0.35658653417783376
2027-09_2027-10,2027-09,TTF_M/Brent_M,days_to_expiry,"(60, 90]",16,0.431823891168886,0.08186619900897155
2027-09_2027-10,2027-09,TTF_M/Brent_M,days_to_expiry,"(30, 60]",16,0.3928740208486322,0.083281087914086
2027-09_2027-10,2027-09,TTF_M/Brent_M,days_to_expiry,"(0, 30]",16,0.2783931507258897,0.1164614859176765
2027-09_2027-10,2027-09,TTF_M/Brent_M,days_to_expiry,nan,4,,0.02736560742329058
2027-09_2027-10,2027-09,TTF_M/Brent_M,month_pair,Sep/Oct,184,0.22971491819112222,1.0
2027-09_2027-10,2027-09,TTF_M/Brent_M,pooled,all,184,0.22971491819112222,1.0
2027-09_2027-10,2027-09,HH_M/Brent_M,year,2022,13,0.22729986505486743,0.10045272602098834
2027-09_2027-10,2027-09,HH_M/Brent_M,year,2023,46,0.21403896319844518,0.2716508430276762
2027-09_2027-10,2027-09,HH_M/Brent_M,year,2024,46,-0.0534297594166947,0.17513575751087948
2027-09_2027-10,2027-09,HH_M/Brent_M,year,2025,46,-0.011903250372468302,0.2366809142846705
2027-09_2027-10,2027-09,HH_M/Brent_M,year,2026,33,0.15438906200004882,0.21607975915578523
2027-09_2027-10,2027-09,HH_M/Brent_M,days_to_expiry,"(180, 365]",84,0.14869529732095102,0.39159607605078794
2027-09_2027-10,2027-09,HH_M/Brent_M,days_to_expiry,"(90, 180]",48,0.12863159448152117,0.28948185959485645
2027-09_2027-10,2027-09,HH_M/Brent_M,days_to_expiry,"(60, 90]",16,0.23404845333391536,0.0896923053864396
2027-09_2027-10,2027-09,HH_M/Brent_M,days_to_expiry,"(30, 60]",16,0.03672588194996699,0.1294585247587046
2027-09_2027-10,2027-09,HH_M/Brent_M,days_to_expiry,"(0, 30]",16,0.22042216932137199,0.07474203507674576
2027-09_2027-10,2027-09,HH_M/Brent_M,days_to_expiry,nan,4,,0.025029199132465676
2027-09_2027-10,2027-09,HH_M/Brent_M,month_pair,Sep/Oct,184,0.09672534226899118,1.0
2027-09_2027-10,2027-09,HH_M/Brent_M,pooled,all,184,0.09672534226899118,1.0
2028-01_2028-02,2028-01,TTF_M/TTF_M1,year,2021,13,0.9999594186503062,0.31026584642903887
2028-01_2028-02,2028-01,TTF_M/TTF_M1,year,2022,63,0.9922899970649431,0.4560606452635863
2028-01_2028-02,2028-01,TTF_M/TTF_M1,year,2023,63,0.9991393706841019,0.1348843816776895
2028-01_2028-02,2028-01,TTF_M/TTF_M1,year,2024,63,0.9991163651788836,0.05056551611891367
2028-01_2028-02,2028-01,TTF_M/TTF_M1,year,2025,50,0.9988444200840948,0.048223610510771765
2028-01_2028-02,2028-01,TTF_M/TTF_M1,days_to_expiry,"(365, 730]",48,0.9993151557825463,0.2796130744834259
2028-01_2028-02,2028-01,TTF_M/TTF_M1,days_to_expiry,"(180, 365]",103,0.9929869801354346,0.4351740915567964
2028-01_2028-02,2028-01,TTF_M/TTF_M1,days_to_expiry,"(90, 180]",49,0.998962543998294,0.17061392929323846
2028-01_2028-02,2028-01,TTF_M/TTF_M1,days_to_expiry,"(60, 90]",17,0.9991231993522901,0.03443870171941765
2028-01_2028-02,2028-01,TTF_M/TTF_M1,days_to_expiry,"(30, 60]",16,0.9946322600041825,0.01645663338327616
2028-01_2028-02,2028-01,TTF_M/TTF_M1,days_to_expiry,"(0, 30]",15,0.9987890254884373,0.03862503980547961
2028-01_2028-02,2028-01,TTF_M/TTF_M1,days_to_expiry,nan,4,,0.02507852975836578
2028-01_2028-02,2028-01,TTF_M/TTF_M1,month_pair,Jan/Feb,252,0.9960886075124472,1.0
2028-01_2028-02,2028-01,TTF_M/TTF_M1,pooled,all,252,0.9960886075124472,1.0
2028-01_2028-02,2028-01,HH_M/HH_M1,year,2021,13,0.9958134352183036,0.010624284900035173
2028-01_2028-02,2028-01,HH_M/HH_M1,year,2022,63,0.9983076784657697,0.5888249009734129
2028-01_2028-02,2028-01,HH_M/HH_M1,year,2023,63,0.9924924016805469,0.14002491720480295
2028-01_2028-02,2028-01,HH_M/HH_M1,year,2024,63,0.9768710676471744,0.08108738758895179
2028-01_2028-02,2028-01,HH_M/HH_M1,year,2025,50,0.9815272022092029,0.17943850933279723
2028-01_2028-02,2028-01,HH_M/HH_M1,days_to_expiry,"(365, 730]",48,0.9958852543591745,0.06803601699480707
2028-01_2028-02,2028-01,HH_M/HH_M1,days_to_expiry,"(180, 365]",103,0.9974539376337255,0.306511339306735
2028-01_2028-02,2028-01,HH_M/HH_M1,days_to_expiry,"(90, 180]",49,0.9978110248396826,0.11754550196775605
2028-01_2028-02,2028-01,HH_M/HH_M1,days_to_expiry,"(60, 90]",17,0.998533641324375,0.060544087287480376
2028-01_2028-02,2028-01,HH_M/HH_M1,days_to_expiry,"(30, 60]",16,0.9971422283460624,0.09913312729301785
2028-01_2028-02,2028-01,HH_M/HH_M1,days_to_expiry,"(0, 30]",15,0.9967653231372705,0.31602380129573304
2028-01_2028-02,2028-01,HH_M/HH_M1,days_to_expiry,nan,4,,0.03220612585447069
2028-01_2028-02,2028-01,HH_M/HH_M1,month_pair,Jan/Feb,252,0.9924400513584083,1.0
2028-01_2028-02,2028-01,HH_M/HH_M1,pooled,all,252,0.9924400513584083,1.0
2028-01_2028-02,2028-01,Brent_M/Brent_M1,year,2021,13,0.999901369777447,0.09605776041677551
2028-01_2028-02,2028-01,Brent_M/Brent_M1,year,2022,63,0.9995160868849575,0.4366557837708942
2028-01_2028-02,2028-01,Brent_M/Brent_M1,year,2023,63,0.9997285643507531,0.19904203319462954
2028-01_2028-02,2028-01,Brent_M/Brent_M1,year,2024,63,0.9998536706239264,0.12004042591809344
2028-01_2028-02,2028-01,Brent_M/Brent_M1,year,2025,50,0.9996853008317497,0.14820399669960743
2028-01_2028-02,2028-01,Brent_M/Brent_M1,days_to_expiry,"(365, 730]",48,0.9998777263334723,0.2099526044935714
2028-01_2028-02,2028-01,Brent_M/Brent_M1,days_to_expiry,"(180, 365]",103,0.999787934548161,0.43991732327475985
2028-01_2028-02,2028-01,Brent_M/Brent_M1,days_to_expiry,"(90, 180]",49,0.9997379821023463,0.17123475149421907
2028-01_2028-02,2028-01,Brent_M/Brent_M1,days_to_expiry,"(60, 90]",17,0.9995571052308188,0.10197161398047613
2028-01_2028-02,2028-01,Brent_M/Brent_M1,days_to_expiry,"(30, 60]",16,0.9983446234010257,0.04363482017168012
2028-01_2028-02,2028-01,Brent_M/Brent_M1,days_to_expiry,"(0, 30]",15,0.9980293974524842,0.024607817774845445
2028-01_2028-02,2028-01,Brent_M/Brent_M1,days_to_expiry,nan,4,,0.008681068810447955
2028-01_2028-02,2028-01,Brent_M/Brent_M1,month_pair,Jan/Feb,252,0.9996261705025192,1.0
2028-01_2028-02,2028-01,Brent_M/Brent_M1,pooled,all,252,0.9996261705025192,1.0
2028-01_2028-02,2028-01,TTF_M/HH_M,year,2021,13,0.3793361529787635,0.22945720067094533
2028-01_2028-02,2028-01,TTF_M/HH_M,year,2022,63,0.17456407248499092,0.4948384271721268
2028-01_2028-02,2028-01,TTF_M/HH_M,year,2023,63,0.12588294808697542,0.13461183587357053
2028-01_2028-02,2028-01,TTF_M/HH_M,year,2024,63,0.23202409806791477,0.05878420969991564
2028-01_2028-02,2028-01,TTF_M/HH_M,year,2025,50,0.022035709690938692,0.08230832658344173
2028-01_2028-02,2028-01,TTF_M/HH_M,days_to_expiry,"(365, 730]",48,0.1501880196428046,0.2219196254585894
2028-01_2028-02,2028-01,TTF_M/HH_M,days_to_expiry,"(180, 365]",103,0.09517673218640912,0.4077715657467456
2028-01_2028-02,2028-01,TTF_M/HH_M,days_to_expiry,"(90, 180]",49,0.28224678403319897,0.15308060129829948
2028-01_2028-02,2028-01,TTF_M/HH_M,days_to_expiry,"(60, 90]",17,0.06314659507905858,0.04154554793863352
2028-01_2028-02,2028-01,TTF_M/HH_M,days_to_expiry,"(30, 60]",16,-0.004259755991546849,0.03729401988844042
2028-01_2028-02,2028-01,TTF_M/HH_M,days_to_expiry,"(0, 30]",15,0.26067188091080096,0.10789068531415864
2028-01_2028-02,2028-01,TTF_M/HH_M,days_to_expiry,nan,4,,0.030497954355132775
2028-01_2028-02,2028-01,TTF_M/HH_M,month_pair,Jan/Feb,252,0.15012714688873816,1.0
2028-01_2028-02,2028-01,TTF_M/HH_M,pooled,all,252,0.15012714688873816,1.0
2028-01_2028-02,2028-01,TTF_M/Brent_M,year,2021,13,0.06070821177436967,0.2818711644246721
2028-01_2028-02,2028-01,TTF_M/Brent_M,year,2022,63,0.12164988048194039,0.4615739877245304
2028-01_2028-02,2028-01,TTF_M/Brent_M,year,2023,63,0.3271840652461229,0.14119399880057143
2028-01_2028-02,2028-01,TTF_M/Brent_M,year,2024,63,0.027640017230000025,0.057633692330967774
2028-01_2028-02,2028-01,TTF_M/Brent_M,year,2025,50,0.4618897538447523,0.057727156719258495
2028-01_2028-02,2028-01,TTF_M/Brent_M,days_to_expiry,"(365, 730]",48,0.12119910902750301,0.26680150595051044
2028-01_2028-02,2028-01,TTF_M/Brent_M,days_to_expiry,"(180, 365]",103,0.1989213389954449,0.44442991367028484
2028-01_2028-02,2028-01,TTF_M/Brent_M,days_to_expiry,"(90, 180]",49,0.2472879697392927,0.16567643736144985
2028-01_2028-02,2028-01,TTF_M/Brent_M,days_to_expiry,"(60, 90]",17,0.3464781713842926,0.04210936807533167
2028-01_2028-02,2028-01,TTF_M/Brent_M,days_to_expiry,"(30, 60]",16,-0.30839825133671867,0.01921878681912327
2028-01_2028-02,2028-01,TTF_M/Brent_M,days_to_expiry,"(0, 30]",15,-0.24248834687874135,0.037345226076060466
2028-01_2028-02,2028-01,TTF_M/Brent_M,days_to_expiry,nan,4,,0.024418762047239573
2028-01_2028-02,2028-01,TTF_M/Brent_M,month_pair,Jan/Feb,252,0.16070454615510532,1.0
2028-01_2028-02,2028-01,TTF_M/Brent_M,pooled,all,252,0.16070454615510532,1.0
2028-01_2028-02,2028-01,HH_M/Brent_M,year,2021,13,0.2180416847525529,0.031777464365219533
2028-01_2028-02,2028-01,HH_M/Brent_M,year,2022,63,0.21594251908906653,0.5468975225500746
2028-01_2028-02,2028-01,HH_M/Brent_M,year,2023,63,0.18874858079937973,0.15125367674308712
2028-01_2028-02,2028-01,HH_M/Brent_M,year,2024,63,0.0945196646615199,0.09253994071998632
2028-01_2028-02,2028-01,HH_M/Brent_M,year,2025,50,0.21021264019555483,0.17753139562163253
2028-01_2028-02,2028-01,HH_M/Brent_M,days_to_expiry,"(365, 730]",48,0.21672344224963588,0.10380460762993009
2028-01_2028-02,2028-01,HH_M/Brent_M,days_to_expiry,"(180, 365]",103,0.22049313956640315,0.3324562571828944
2028-01_2028-02,2028-01,HH_M/Brent_M,days_to_expiry,"(90, 180]",49,0.09912856149434622,0.13094269513255474
2028-01_2028-02,2028-01,HH_M/Brent_M,days_to_expiry,"(60, 90]",17,-0.10781978599017109,0.07119907639456584
2028-01_2028-02,2028-01,HH_M/Brent_M,days_to_expiry,"(30, 60]",16,0.28537043862659844,0.0856721297261886
2028-01_2028-02,2028-01,HH_M/Brent_M,days_to_expiry,"(0, 30]",15,0.7476069865839869,0.24128708682481453
2028-01_2028-02,2028-01,HH_M/Brent_M,days_to_expiry,nan,4,,0.03463814710905179
2028-01_2028-02,2028-01,HH_M/Brent_M,month_pair,Jan/Feb,252,0.19219460903140123,1.0
2028-01_2028-02,2028-01,HH_M/Brent_M,pooled,all,252,0.19219460903140123,1.0
2028-02_2028-03,2028-02,TTF_M/TTF_M1,year,2021,13,0.9992881233370642,0.3018129224674574
2028-02_2028-03,2028-02,TTF_M/TTF_M1,year,2022,63,0.9949175299992619,0.4049391123620953
2028-02_2028-03,2028-02,TTF_M/TTF_M1,year,2023,66,0.999263734806543,0.1684958289693486
2028-02_2028-03,2028-02,TTF_M/TTF_M1,year,2024,67,0.9980998299877544,0.05944751246405186
2028-02_2028-03,2028-02,TTF_M/TTF_M1,year,2025,54,0.9990731417791482,0.04756459757550972
2028-02_2028-03,2028-02,TTF_M/TTF_M1,year,2026,4,,0.017740026161537182
2028-02_2028-03,2028-02,TTF_M/TTF_M1,days_to_expiry,"(365, 730]",64,0.9981954228073685,0.4063230961584026
2028-02_2028-03,2028-02,TTF_M/TTF_M1,days_to_expiry,"(180, 365]",103,0.9947497945647791,0.29203226043905767
2028-02_2028-03,2028-02,TTF_M/TTF_M1,days_to_expiry,"(90, 180]",49,0.9992821259259873,0.16367804940788636
2028-02_2028-03,2028-02,TTF_M/TTF_M1,days_to_expiry,"(60, 90]",18,0.9996807349363795,0.025009526823208367
2028-02_2028-03,2028-02,TTF_M/TTF_M1,days_to_expiry,"(30, 60]",14,0.9997369588702386,0.041576627381550504
2028-02_2028-03,2028-02,TTF_M/TTF_M1,days_to_expiry,"(0, 30]",15,0.9987339303153419,0.05839296194769241
2028-02_2028-03,2028-02,TTF_M/TTF_M1,days_to_expiry,nan,4,,0.012987477842202059
2028-02_2028-03,2028-02,TTF_M/TTF_M1,month_pair,Feb/Mar,267,0.9972073162441626,1.0
2028-02_2028-03,2028-02,TTF_M/TTF_M1,pooled,all,267,0.9972073162441626,1.0
2028-02_2028-03,2028-02,HH_M/HH_M1,year,2021,13,0.9612860170312829,0.007194453576897027
2028-02_2028-03,2028-02,HH_M/HH_M1,year,2022,63,0.9856960015041649,0.40170183889134115
2028-02_2028-03,2028-02,HH_M/HH_M1,year,2023,66,0.9810560879638974,0.1438700714096305
2028-02_2028-03,2028-02,HH_M/HH_M1,year,2024,67,0.9302110800943931,0.1462084342835479
2028-02_2028-03,2028-02,HH_M/HH_M1,year,2025,54,0.9825013229201199,0.14521721368846172
2028-02_2028-03,2028-02,HH_M/HH_M1,year,2026,4,,0.15580798815012173
2028-02_2028-03,2028-02,HH_M/HH_M1,days_to_expiry,"(365, 730]",64,0.9779390623783066,0.06890532682364466
2028-02_2028-03,2028-02,HH_M/HH_M1,days_to_expiry,"(180, 365]",103,0.9798184361706845,0.22399333462904014
2028-02_2028-03,2028-02,HH_M/HH_M1,days_to_expiry,"(90, 180]",49,0.9901668036336662,0.07462202407389197
2028-02_2028-03,2028-02,HH_M/HH_M1,days_to_expiry,"(60, 90]",18,0.9947512194526459,0.07172281712980803
2028-02_2028-03,2028-02,HH_M/HH_M1,days_to_expiry,"(30, 60]",14,0.9945567234380809,0.22588498683688052
2028-02_2028-03,2028-02,HH_M/HH_M1,days_to_expiry,"(0, 30]",15,0.957782620226832,0.25423670869795456
2028-02_2028-03,2028-02,HH_M/HH_M1,days_to_expiry,nan,4,,0.08063480180878009
2028-02_2028-03,2028-02,HH_M/HH_M1,month_pair,Feb/Mar,267,0.9300129100359795,1.0
2028-02_2028-03,2028-02,HH_M/HH_M1,pooled,all,267,0.9300129100359795,1.0
2028-02_2028-03,2028-02,Brent_M/Brent_M1,year,2021,13,0.9999035977950872,0.09002641469483973
2028-02_2028-03,2028-02,Brent_M/Brent_M1,year,2022,63,0.9996518261965703,0.3737737706933309
2028-02_2028-03,2028-02,Brent_M/Brent_M1,year,2023,66,0.999724281845892,0.23677405461540127
2028-02_2028-03,2028-02,Brent_M/Brent_M1,year,2024,67,0.9998839479864492,0.1379954790950981
2028-02_2028-03,2028-02,Brent_M/Brent_M1,year,2025,54,0.9995859292302165,0.1420585045919114
2028-02_2028-03,2028-02,Brent_M/Brent_M1,year,2026,4,,0.019371776309418574
2028-02_2028-03,2028-02,Brent_M/Brent_M1,days_to_expiry,"(365, 730]",64,0.9999023616070687,0.2102021450755834
2028-02_2028-03,2028-02,Brent_M/Brent_M1,days_to_expiry,"(180, 365]",103,0.999819280433681,0.440288044935228
2028-02_2028-03,2028-02,Brent_M/Brent_M1,days_to_expiry,"(90, 180]",49,0.9997072775151642,0.1907108733453911
2028-02_2028-03,2028-02,Brent_M/Brent_M1,days_to_expiry,"(60, 90]",18,0.9989543432194802,0.03587110396790589
2028-02_2028-03,2028-02,Brent_M/Brent_M1,days_to_expiry,"(30, 60]",14,0.9990919270524872,0.053387359842635915
2028-02_2028-03,2028-02,Brent_M/Brent_M1,days_to_expiry,"(0, 30]",15,0.9990483735325014,0.05852895785404813
2028-02_2028-03,2028-02,Brent_M/Brent_M1,days_to_expiry,nan,4,,0.011011514979207677
2028-02_2028-03,2028-02,Brent_M/Brent_M1,month_pair,Feb/Mar,267,0.9996727926232643,1.0
2028-02_2028-03,2028-02,Brent_M/Brent_M1,pooled,all,267,0.9996727926232643,1.0
2028-02_2028-03,2028-02,TTF_M/HH_M,year,2021,13,0.43252802109416005,0.19911997265555972
2028-02_2028-03,2028-02,TTF_M/HH_M,year,2022,63,0.17948815513574054,0.3934850991458943
2028-02_2028-03,2028-02,TTF_M/HH_M,year,2023,66,0.2667192986640259,0.1540489465892777
2028-02_2028-03,2028-02,TTF_M/HH_M,year,2024,67,0.4397085151149888,0.09123415284917116
2028-02_2028-03,2028-02,TTF_M/HH_M,year,2025,54,0.0018579998518265107,0.07686433878492284
2028-02_2028-03,2028-02,TTF_M/HH_M,year,2026,4,,0.08524748997517423
2028-02_2028-03,2028-02,TTF_M/HH_M,days_to_expiry,"(365, 730]",64,0.26143124069805773,0.2871488311958296
2028-02_2028-03,2028-02,TTF_M/HH_M,days_to_expiry,"(180, 365]",103,0.04538288205972647,0.26427884166775784
2028-02_2028-03,2028-02,TTF_M/HH_M,days_to_expiry,"(90, 180]",49,0.3309339431590256,0.126939518520172
2028-02_2028-03,2028-02,TTF_M/HH_M,days_to_expiry,"(60, 90]",18,0.08762345866247129,0.03990077243018543
2028-02_2028-03,2028-02,TTF_M/HH_M,days_to_expiry,"(30, 60]",14,0.3163252118025949,0.09718416048507902
2028-02_2028-03,2028-02,TTF_M/HH_M,days_to_expiry,"(0, 30]",15,0.6849310108312988,0.13453489026386947
2028-02_2028-03,2028-02,TTF_M/HH_M,days_to_expiry,nan,4,,0.05001298543710649
2028-02_2028-03,2028-02,TTF_M/HH_M,month_pair,Feb/Mar,267,0.211700683565649,1.0
2028-02_2028-03,2028-02,TTF_M/HH_M,pooled,all,267,0.211700683565649,1.0
2028-02_2028-03,2028-02,TTF_M/Brent_M,year,2021,13,0.06000059189578182,0.27646686017717115
2028-02_2028-03,2028-02,TTF_M/Brent_M,year,2022,63,0.13945073839671937,0.405083058511227
2028-02_2028-03,2028-02,TTF_M/Brent_M,year,2023,66,0.12260713932982499,0.17377581774960885
2028-02_2028-03,2028-02,TTF_M/Brent_M,year,2024,67,-0.09349327489325024,0.06739715877770346
2028-02_2028-03,2028-02,TTF_M/Brent_M,year,2025,54,0.41005949473554454,0.05737891397056089
2028-02_2028-03,2028-02,TTF_M/Brent_M,year,2026,4,,0.019898190813728758
2028-02_2028-03,2028-02,TTF_M/Brent_M,days_to_expiry,"(365, 730]",64,0.03441417120474157,0.38262053460986456
2028-02_2028-03,2028-02,TTF_M/Brent_M,days_to_expiry,"(180, 365]",103,0.2529841569034221,0.3132211685276473
2028-02_2028-03,2028-02,TTF_M/Brent_M,days_to_expiry,"(90, 180]",49,0.18050825750431773,0.1614257490626609
2028-02_2028-03,2028-02,TTF_M/Brent_M,days_to_expiry,"(60, 90]",18,-0.3398170393971645,0.026284918590840447
2028-02_2028-03,2028-02,TTF_M/Brent_M,days_to_expiry,"(30, 60]",14,-0.23495790974714953,0.04326610803619353
2028-02_2028-03,2028-02,TTF_M/Brent_M,days_to_expiry,"(0, 30]",15,0.07795291043756868,0.060751460165713145
2028-02_2028-03,2028-02,TTF_M/Brent_M,days_to_expiry,nan,4,,0.012430061007080094
2028-02_2028-03,2028-02,TTF_M/Brent_M,month_pair,Feb/Mar,267,0.12363407992990474,1.0
2028-02_2028-03,2028-02,TTF_M/Brent_M,pooled,all,267,0.12363407992990474,1.0
2028-02_2028-03,2028-02,HH_M/Brent_M,year,2021,13,0.2424012003159063,0.021552910021523902
2028-02_2028-03,2028-02,HH_M/Brent_M,year,2022,63,0.2678497920491515,0.36474909721794685
2028-02_2028-03,2028-02,HH_M/Brent_M,year,2023,66,0.2753565789663721,0.1494115932967381
2028-02_2028-03,2028-02,HH_M/Brent_M,year,2024,67,0.09754787542247631,0.15089517703145458
2028-02_2028-03,2028-02,HH_M/Brent_M,year,2025,54,0.201056189745887,0.13602140479467006
2028-02_2028-03,2028-02,HH_M/Brent_M,year,2026,4,,0.17736981763766652
2028-02_2028-03,2028-02,HH_M/Brent_M,days_to_expiry,"(365, 730]",64,0.21978407737659544,0.0890383129306689
2028-02_2028-03,2028-02,HH_M/Brent_M,days_to_expiry,"(180, 365]",103,0.21528504881037838,0.2413642787018052
2028-02_2028-03,2028-02,HH_M/Brent_M,days_to_expiry,"(90, 180]",49,0.19327816612422236,0.08920512551914035
2028-02_2028-03,2028-02,HH_M/Brent_M,days_to_expiry,"(60, 90]",18,0.3191444590913057,0.06267777794876264
2028-02_2028-03,2028-02,HH_M/Brent_M,days_to_expiry,"(30, 60]",14,0.5225294026399664,0.17712399973919563
2028-02_2028-03,2028-02,HH_M/Brent_M,days_to_expiry,"(0, 30]",15,0.08359278204139062,0.23812200642889825
2028-02_2028-03,2028-02,HH_M/Brent_M,days_to_expiry,nan,4,,0.102468498731529
2028-02_2028-03,2028-02,HH_M/Brent_M,month_pair,Feb/Mar,267,0.22308447860670447,1.0
2028-02_2028-03,2028-02,HH_M/Brent_M,pooled,all,267,0.22308447860670447,1.0
2028-03_2028-04,2028-03,TTF_M/TTF_M1,year,2021,13,0.8933842057631984,0.16591419242093824
2028-03_2028-04,2028-03,TTF_M/TTF_M1,year,2022,63,0.8728982454204438,0.4302608099529539
2028-03_2028-04,2028-03,TTF_M/TTF_M1,year,2023,70,0.9884968147843873,0.21917813965016802
2028-03_2028-04,2028-03,TTF_M/TTF_M1,year,2024,71,0.9908409504531631,0.07536310533549717
2028-03_2028-04,2028-03,TTF_M/TTF_M1,year,2025,58,0.980962049203173,0.09263761813938182
2028-03_2028-04,2028-03,TTF_M/TTF_M1,year,2026,8,0.9528552424412018,0.01664613450106082
2028-03_2028-04,2028-03,TTF_M/TTF_M1,days_to_expiry,"(365, 730]",79,0.8189523039073492,0.3196905206256149
2028-03_2028-04,2028-03,TTF_M/TTF_M1,days_to_expiry,"(180, 365]",104,0.914247526506183,0.3694230731520312
2028-03_2028-04,2028-03,TTF_M/TTF_M1,days_to_expiry,"(90, 180]",51,0.9863738672967379,0.13199250965658593
2028-03_2028-04,2028-03,TTF_M/TTF_M1,days_to_expiry,"(60, 90]",16,0.9982226379960393,0.046051782983187045
2028-03_2028-04,2028-03,TTF_M/TTF_M1,days_to_expiry,"(30, 60]",13,0.9950481198468618,0.08051435004085915
2028-03_2028-04,2028-03,TTF_M/TTF_M1,days_to_expiry,"(0, 30]",16,0.9512747426114058,0.04167025679797849
2028-03_2028-04,2028-03,TTF_M/TTF_M1,days_to_expiry,nan,4,,0.01065750674374309
2028-03_2028-04,2028-03,TTF_M/TTF_M1,month_pair,Mar/Apr,283,0.8781412499148294,1.0
2028-03_2028-04,2028-03,TTF_M/TTF_M1,pooled,all,283,0.8781412499148294,1.0
2028-03_2028-04,2028-03,HH_M/HH_M1,year,2021,13,0.9038304282711713,0.011272849521405994
2028-03_2028-04,2028-03,HH_M/HH_M1,year,2022,63,0.9263335080888105,0.38985349100831485
2028-03_2028-04,2028-03,HH_M/HH_M1,year,2023,70,0.9889830821835273,0.19661865697590805
2028-03_2028-04,2028-03,HH_M/HH_M1,year,2024,71,0.9741352449250535,0.1510185487666418
2028-03_2028-04,2028-03,HH_M/HH_M1,year,2025,58,0.9907863039127611,0.17092195626228535
2028-03_2028-04,2028-03,HH_M/HH_M1,year,2026,8,0.9984051750677523,0.08031449746544395
2028-03_2028-04,2028-03,HH_M/HH_M1,days_to_expiry,"(365, 730]",79,0.9106400562903583,0.12077436481308886
2028-03_2028-04,2028-03,HH_M/HH_M1,days_to_expiry,"(180, 365]",104,0.9347027192786335,0.2713696873842374
2028-03_2028-04,2028-03,HH_M/HH_M1,days_to_expiry,"(90, 180]",51,0.9794277538672438,0.13846224739590543
2028-03_2028-04,2028-03,HH_M/HH_M1,days_to_expiry,"(60, 90]",16,0.9697192379441796,0.1411545687647373
2028-03_2028-04,2028-03,HH_M/HH_M1,days_to_expiry,"(30, 60]",13,0.9962426399406473,0.15738820308489898
2028-03_2028-04,2028-03,HH_M/HH_M1,days_to_expiry,"(0, 30]",16,0.9959556925562086,0.15892876853107527
2028-03_2028-04,2028-03,HH_M/HH_M1,days_to_expiry,nan,4,,0.011922160026056802
2028-03_2028-04,2028-03,HH_M/HH_M1,month_pair,Mar/Apr,283,0.9581876777656675,1.0
2028-03_2028-04,2028-03,HH_M/HH_M1,pooled,all,283,0.9581876777656675,1.0
2028-03_2028-04,2028-03,Brent_M/Brent_M1,year,2021,13,0.9998545867355291,0.0722883358830188
2028-03_2028-04,2028-03,Brent_M/Brent_M1,year,2022,63,0.9997124301930422,0.38915617523281404
2028-03_2028-04,2028-03,Brent_M/Brent_M1,year,2023,70,0.9997905481587327,0.2662868061910791
2028-03_2028-04,2028-03,Brent_M/Brent_M1,year,2024,71,0.9998030238724958,0.11922228905996006
2028-03_2028-04,2028-03,Brent_M/Brent_M1,year,2025,58,0.9992747360521642,0.14108958341421785
2028-03_2028-04,2028-03,Brent_M/Brent_M1,year,2026,8,0.987730264571081,0.0119568102189102
2028-03_2028-04,2028-03,Brent_M/Brent_M1,days_to_expiry,"(365, 730]",79,0.9998546313904179,0.2175100595653349
2028-03_2028-04,2028-03,Brent_M/Brent_M1,days_to_expiry,"(180, 365]",104,0.9998509884111574,0.4397698600827564
2028-03_2028-04,2028-03,Brent_M/Brent_M1,days_to_expiry,"(90, 180]",51,0.9996965861144562,0.18291316093384022
2028-03_2028-04,2028-03,Brent_M/Brent_M1,days_to_expiry,"(60, 90]",16,0.9988599796968778,0.04940531883845037
2028-03_2028-04,2028-03,Brent_M/Brent_M1,days_to_expiry,"(30, 60]",13,0.9988251869677035,0.060017924598749044
2028-03_2028-04,2028-03,Brent_M/Brent_M1,days_to_expiry,"(0, 30]",16,0.9989842505266477,0.03964517289026816
2028-03_2028-04,2028-03,Brent_M/Brent_M1,days_to_expiry,nan,4,,0.010738503090600988
2028-03_2028-04,2028-03,Brent_M/Brent_M1,month_pair,Mar/Apr,283,0.9996610901085291,1.0
2028-03_2028-04,2028-03,Brent_M/Brent_M1,pooled,all,283,0.9996610901085291,1.0
2028-03_2028-04,2028-03,TTF_M/HH_M,year,2021,13,0.14058355598909797,0.17867511030631925
2028-03_2028-04,2028-03,TTF_M/HH_M,year,2022,63,0.09123999388256777,0.39251650281870604
2028-03_2028-04,2028-03,TTF_M/HH_M,year,2023,70,0.26913077813817526,0.19178714620831191
2028-03_2028-04,2028-03,TTF_M/HH_M,year,2024,71,0.5133903230653222,0.08883877015848247
2028-03_2028-04,2028-03,TTF_M/HH_M,year,2025,58,0.0854445180165876,0.1108590972303732
2028-03_2028-04,2028-03,TTF_M/HH_M,year,2026,8,0.8380210656838591,0.03732337327780724
2028-03_2028-04,2028-03,TTF_M/HH_M,days_to_expiry,"(365, 730]",79,0.21208298674650705,0.3321896378404907
2028-03_2028-04,2028-03,TTF_M/HH_M,days_to_expiry,"(180, 365]",104,-0.032872570334005695,0.2936964478736084
2028-03_2028-04,2028-03,TTF_M/HH_M,days_to_expiry,"(90, 180]",51,0.12452670919416742,0.12000107100853379
2028-03_2028-04,2028-03,TTF_M/HH_M,days_to_expiry,"(60, 90]",16,0.19873788531756648,0.07425284698866243
2028-03_2028-04,2028-03,TTF_M/HH_M,days_to_expiry,"(30, 60]",13,0.7485270404315145,0.09695899293808988
2028-03_2028-04,2028-03,TTF_M/HH_M,days_to_expiry,"(0, 30]",16,0.2479541275696627,0.07394438445144175
2028-03_2028-04,2028-03,TTF_M/HH_M,days_to_expiry,nan,4,,0.008956618899173197
2028-03_2028-04,2028-03,TTF_M/HH_M,month_pair,Mar/Apr,283,0.19171002906423446,1.0
2028-03_2028-04,2028-03,TTF_M/HH_M,pooled,all,283,0.19171002906423446,1.0
2028-03_2028-04,2028-03,TTF_M/Brent_M,year,2021,13,-0.06962293064732261,0.2315408406109653
2028-03_2028-04,2028-03,TTF_M/Brent_M,year,2022,63,-0.17087430597144668,0.37910250431592
2028-03_2028-04,2028-03,TTF_M/Brent_M,year,2023,70,0.15370646981422464,0.20334367550440877
2028-03_2028-04,2028-03,TTF_M/Brent_M,year,2024,71,-0.04685763310433714,0.07299243531000445
2028-03_2028-04,2028-03,TTF_M/Brent_M,year,2025,58,0.602628879645201,0.0929825545669394
2028-03_2028-04,2028-03,TTF_M/Brent_M,year,2026,8,0.4311909030265236,0.02003798969176196
2028-03_2028-04,2028-03,TTF_M/Brent_M,days_to_expiry,"(365, 730]",79,-0.05614673461651833,0.3984427221141716
2028-03_2028-04,2028-03,TTF_M/Brent_M,days_to_expiry,"(180, 365]",104,0.13974303664732698,0.3188950669826973
2028-03_2028-04,2028-03,TTF_M/Brent_M,days_to_expiry,"(90, 180]",51,-0.08269440026399776,0.1189678625664201
2028-03_2028-04,2028-03,TTF_M/Brent_M,days_to_expiry,"(60, 90]",16,-0.11879782424630181,0.04131131454956362
2028-03_2028-04,2028-03,TTF_M/Brent_M,days_to_expiry,"(30, 60]",13,0.2057182270837284,0.07293007985919316
2028-03_2028-04,2028-03,TTF_M/Brent_M,days_to_expiry,"(0, 30]",16,-0.05372030403715052,0.04018663960432239
2028-03_2028-04,2028-03,TTF_M/Brent_M,days_to_expiry,nan,4,,0.00926631432363182
2028-03_2028-04,2028-03,TTF_M/Brent_M,month_pair,Mar/Apr,283,0.03336165748223977,1.0
2028-03_2028-04,2028-03,TTF_M/Brent_M,pooled,all,283,0.03336165748223977,1.0
2028-03_2028-04,2028-03,HH_M/Brent_M,year,2021,13,-0.2509563947422549,0.023560596920372465
2028-03_2028-04,2028-03,HH_M/Brent_M,year,2022,63,0.3069306707224512,0.4178138021543875
2028-03_2028-04,2028-03,HH_M/Brent_M,year,2023,70,0.31115628230462905,0.20078678243404363
2028-03_2028-04,2028-03,HH_M/Brent_M,year,2024,71,-0.11304624701156833,0.13478307275622248
2028-03_2028-04,2028-03,HH_M/Brent_M,year,2025,58,0.2677834206831764,0.16124120243652937
2028-03_2028-04,2028-03,HH_M/Brent_M,year,2026,8,0.4253384604400365,0.06181454329844457
2028-03_2028-04,2028-03,HH_M/Brent_M,days_to_expiry,"(365, 730]",79,0.14330655030562092,0.1457805514271495
2028-03_2028-04,2028-03,HH_M/Brent_M,days_to_expiry,"(180, 365]",104,0.45471328836062824,0.30578791034505626
2028-03_2028-04,2028-03,HH_M/Brent_M,days_to_expiry,"(90, 180]",51,0.06533286427753102,0.1491858032268829
2028-03_2028-04,2028-03,HH_M/Brent_M,days_to_expiry,"(60, 90]",16,0.16833811725759285,0.13123406122236017
2028-03_2028-04,2028-03,HH_M/Brent_M,days_to_expiry,"(30, 60]",13,0.12282738233484891,0.13073368355794363
2028-03_2028-04,2028-03,HH_M/Brent_M,days_to_expiry,"(0, 30]",16,0.053378146168205416,0.1283628913990855
2028-03_2028-04,2028-03,HH_M/Brent_M,days_to_expiry,nan,4,,0.008915098821521951
2028-03_2028-04,2028-03,HH_M/Brent_M,month_pair,Mar/Apr,283,0.21473779051521125,1.0
2028-03_2028-04,2028-03,HH_M/Brent_M,pooled,all,283,0.21473779051521125,1.0
2028-04_2028-05,2028-04,TTF_M/TTF_M1,year,2021,13,0.44653211484069855,0.023839861838281566
2028-04_2028-05,2028-04,TTF_M/TTF_M1,year,2022,64,0.9707361504831808,0.3926093566798432
2028-04_2028-05,2028-04,TTF_M/TTF_M1,year,2023,75,0.9988678001416867,0.23717327452058534
2028-04_2028-05,2028-04,TTF_M/TTF_M1,year,2024,75,0.9980513369133358,0.11190739172113587
2028-04_2028-05,2028-04,TTF_M/TTF_M1,year,2025,62,0.9973126753742609,0.07551285213848015
2028-04_2028-05,2028-04,TTF_M/TTF_M1,year,2026,12,0.9934834786218804,0.15895726310167393
2028-04_2028-05,2028-04,TTF_M/TTF_M1,days_to_expiry,"(365, 730]",97,0.9205502092742648,0.22255061674913687
2028-04_2028-05,2028-04,TTF_M/TTF_M1,days_to_expiry,"(180, 365]",104,0.9845279342592207,0.31288644666887006
2028-04_2028-05,2028-04,TTF_M/TTF_M1,days_to_expiry,"(90, 180]",48,0.9990698020889937,0.1710287343545935
2028-04_2028-05,2028-04,TTF_M/TTF_M1,days_to_expiry,"(60, 90]",16,0.9971187794963117,0.062415579735342515
2028-04_2028-05,2028-04,TTF_M/TTF_M1,days_to_expiry,"(30, 60]",16,0.9756547177438454,0.029814041064742208
2028-04_2028-05,2028-04,TTF_M/TTF_M1,days_to_expiry,"(0, 30]",16,0.9995128737293842,0.19336829299617356
2028-04_2028-05,2028-04,TTF_M/TTF_M1,days_to_expiry,nan,4,,0.007936288431141284
2028-04_2028-05,2028-04,TTF_M/TTF_M1,month_pair,Apr/May,301,0.9751302007047743,1.0
2028-04_2028-05,2028-04,TTF_M/TTF_M1,pooled,all,301,0.9751302007047743,1.0
2028-04_2028-05,2028-04,HH_M/HH_M1,year,2021,13,0.9878185692561675,0.009736552497706984
2028-04_2028-05,2028-04,HH_M/HH_M1,year,2022,64,0.9988696693075712,0.32981652876903395
2028-04_2028-05,2028-04,HH_M/HH_M1,year,2023,75,0.99406075996254,0.232996885847979
2028-04_2028-05,2028-04,HH_M/HH_M1,year,2024,75,0.9874733815020121,0.17645594057832775
2028-04_2028-05,2028-04,HH_M/HH_M1,year,2025,62,0.995843470252497,0.1349544516218373
2028-04_2028-05,2028-04,HH_M/HH_M1,year,2026,12,0.9987001354688907,0.11603964068511495
2028-04_2028-05,2028-04,HH_M/HH_M1,days_to_expiry,"(365, 730]",97,0.9957279253101232,0.09623160502373046
2028-04_2028-05,2028-04,HH_M/HH_M1,days_to_expiry,"(180, 365]",104,0.9983360967703726,0.26943085447975784
2028-04_2028-05,2028-04,HH_M/HH_M1,days_to_expiry,"(90, 180]",48,0.9983773901081407,0.2045075327113337
2028-04_2028-05,2028-04,HH_M/HH_M1,days_to_expiry,"(60, 90]",16,0.998691836541615,0.17600521728369783
2028-04_2028-05,2028-04,HH_M/HH_M1,days_to_expiry,"(30, 60]",16,0.9951865155441619,0.11434248918567741
2028-04_2028-05,2028-04,HH_M/HH_M1,days_to_expiry,"(0, 30]",16,0.9926517740212268,0.12684848957602152
2028-04_2028-05,2028-04,HH_M/HH_M1,days_to_expiry,nan,4,,0.012633811739781193
2028-04_2028-05,2028-04,HH_M/HH_M1,month_pair,Apr/May,301,0.9949518471804569,1.0
2028-04_2028-05,2028-04,HH_M/HH_M1,pooled,all,301,0.9949518471804569,1.0
2028-04_2028-05,2028-04,Brent_M/Brent_M1,year,2021,13,0.9998940442898762,0.04553619438468122
2028-04_2028-05,2028-04,Brent_M/Brent_M1,year,2022,64,0.9997183310851587,0.2647708542290663
2028-04_2028-05,2028-04,Brent_M/Brent_M1,year,2023,75,0.999758726624101,0.24234777193369073
2028-04_2028-05,2028-04,Brent_M/Brent_M1,year,2024,75,0.9998400075372479,0.13519981882692536
2028-04_2028-05,2028-04,Brent_M/Brent_M1,year,2025,62,0.9996501104260578,0.13170068752841543
2028-04_2028-05,2028-04,Brent_M/Brent_M1,year,2026,12,0.9878170621061106,0.18044467309722095
2028-04_2028-05,2028-04,Brent_M/Brent_M1,days_to_expiry,"(365, 730]",97,0.9999173548714666,0.2567406610836855
2028-04_2028-05,2028-04,Brent_M/Brent_M1,days_to_expiry,"(180, 365]",104,0.9997971871589415,0.2920927207544476
2028-04_2028-05,2028-04,Brent_M/Brent_M1,days_to_expiry,"(90, 180]",48,0.9996397187473562,0.13964430724368898
2028-04_2028-05,2028-04,Brent_M/Brent_M1,days_to_expiry,"(60, 90]",16,0.9995903037884682,0.060400610941742386
2028-04_2028-05,2028-04,Brent_M/Brent_M1,days_to_expiry,"(30, 60]",16,0.9996110824025825,0.05467338225342033
2028-04_2028-05,2028-04,Brent_M/Brent_M1,days_to_expiry,"(0, 30]",16,0.9907057830097331,0.1934719046037113
2028-04_2028-05,2028-04,Brent_M/Brent_M1,days_to_expiry,nan,4,,0.0029764131193038617
2028-04_2028-05,2028-04,Brent_M/Brent_M1,month_pair,Apr/May,301,0.9977246638095466,1.0
2028-04_2028-05,2028-04,Brent_M/Brent_M1,pooled,all,301,0.9977246638095466,1.0
2028-04_2028-05,2028-04,TTF_M/HH_M,year,2021,13,-0.02075861190347355,0.024347620284159915
2028-04_2028-05,2028-04,TTF_M/HH_M,year,2022,64,0.33335201248496904,0.37206832337764806
2028-04_2028-05,2028-04,TTF_M/HH_M,year,2023,75,0.1411724650566219,0.2331921080401901
2028-04_2028-05,2028-04,TTF_M/HH_M,year,2024,75,0.5891169222855407,0.1333692326193127
2028-04_2028-05,2028-04,TTF_M/HH_M,year,2025,62,-0.24254353737424436,0.09380641816523967
2028-04_2028-05,2028-04,TTF_M/HH_M,year,2026,12,0.5587240542011469,0.1432162975134497
2028-04_2028-05,2028-04,TTF_M/HH_M,days_to_expiry,"(365, 730]",97,0.24374516740069987,0.19536650952115098
2028-04_2028-05,2028-04,TTF_M/HH_M,days_to_expiry,"(180, 365]",104,0.11686854911850134,0.2883250173914944
2028-04_2028-05,2028-04,TTF_M/HH_M,days_to_expiry,"(90, 180]",48,0.49072843020076806,0.18038806852231118
2028-04_2028-05,2028-04,TTF_M/HH_M,days_to_expiry,"(60, 90]",16,0.6408404840229012,0.0997945380429243
2028-04_2028-05,2028-04,TTF_M/HH_M,days_to_expiry,"(30, 60]",16,0.1492339932355889,0.05806841304244377
2028-04_2028-05,2028-04,TTF_M/HH_M,days_to_expiry,"(0, 30]",16,0.3012674353865763,0.1667106980626075
2028-04_2028-05,2028-04,TTF_M/HH_M,days_to_expiry,nan,4,,0.011346755417067962
2028-04_2028-05,2028-04,TTF_M/HH_M,month_pair,Apr/May,301,0.29317373046049366,1.0
2028-04_2028-05,2028-04,TTF_M/HH_M,pooled,all,301,0.29317373046049366,1.0
2028-04_2028-05,2028-04,TTF_M/Brent_M,year,2021,13,0.016082718984849052,0.03325856088276116
2028-04_2028-05,2028-04,TTF_M/Brent_M,year,2022,64,-0.006636519086222377,0.37337698239119915
2028-04_2028-05,2028-04,TTF_M/Brent_M,year,2023,75,-0.024923557284719993,0.23341822080132835
2028-04_2028-05,2028-04,TTF_M/Brent_M,year,2024,75,0.036115436294270935,0.11413190326577632
2028-04_2028-05,2028-04,TTF_M/Brent_M,year,2025,62,0.3806857704037409,0.08281512347247323
2028-04_2028-05,2028-04,TTF_M/Brent_M,year,2026,12,0.5910660896774564,0.16299920918646182
2028-04_2028-05,2028-04,TTF_M/Brent_M,days_to_expiry,"(365, 730]",97,0.17009798604171855,0.24428622387654467
2028-04_2028-05,2028-04,TTF_M/Brent_M,days_to_expiry,"(180, 365]",104,0.08854414931264572,0.2973215955154802
2028-04_2028-05,2028-04,TTF_M/Brent_M,days_to_expiry,"(90, 180]",48,-0.0943264628252398,0.1643122224595878
2028-04_2028-05,2028-04,TTF_M/Brent_M,days_to_expiry,"(60, 90]",16,-0.4206367086415176,0.06219246936055102
2028-04_2028-05,2028-04,TTF_M/Brent_M,days_to_expiry,"(30, 60]",16,0.14376066145893115,0.034701358946060676
2028-04_2028-05,2028-04,TTF_M/Brent_M,days_to_expiry,"(0, 30]",16,0.6163957835279401,0.18969700424027466
2028-04_2028-05,2028-04,TTF_M/Brent_M,days_to_expiry,nan,4,,0.0074891256015009785
2028-04_2028-05,2028-04,TTF_M/Brent_M,month_pair,Apr/May,301,0.15949566189083078,1.0
2028-04_2028-05,2028-04,TTF_M/Brent_M,pooled,all,301,0.15949566189083078,1.0
2028-04_2028-05,2028-04,HH_M/Brent_M,year,2021,13,0.1398891217622138,0.01982284466968758
2028-04_2028-05,2028-04,HH_M/Brent_M,year,2022,64,0.4132056181041046,0.305625960318546
2028-04_2028-05,2028-04,HH_M/Brent_M,year,2023,75,0.33107007715938647,0.23574458635243697
2028-04_2028-05,2028-04,HH_M/Brent_M,year,2024,75,0.039109086518766684,0.16819643827014755
2028-04_2028-05,2028-04,HH_M/Brent_M,year,2025,62,0.07898582354652971,0.13459127976634622
2028-04_2028-05,2028-04,HH_M/Brent_M,year,2026,12,0.18937461126278396,0.13601889062283573
2028-04_2028-05,2028-04,HH_M/Brent_M,days_to_expiry,"(365, 730]",97,0.3057248896889536,0.13949324969867646
2028-04_2028-05,2028-04,HH_M/Brent_M,days_to_expiry,"(180, 365]",104,0.38810462504415444,0.2715974703286208
2028-04_2028-05,2028-04,HH_M/Brent_M,days_to_expiry,"(90, 180]",48,0.2563097213331724,0.18538568013424622
2028-04_2028-05,2028-04,HH_M/Brent_M,days_to_expiry,"(60, 90]",16,-0.22346238679684374,0.1451423024141548
2028-04_2028-05,2028-04,HH_M/Brent_M,days_to_expiry,"(30, 60]",16,0.3741782538348758,0.0982986572900404
2028-04_2028-05,2028-04,HH_M/Brent_M,days_to_expiry,"(0, 30]",16,0.24233694994810015,0.14667585203364755
2028-04_2028-05,2028-04,HH_M/Brent_M,days_to_expiry,nan,4,,0.013406788100613735
2028-04_2028-05,2028-04,HH_M/Brent_M,month_pair,Apr/May,301,0.24137650033629923,1.0
2028-04_2028-05,2028-04,HH_M/Brent_M,pooled,all,301,0.24137650033629923,1.0
2028-05_2028-06,2028-05,TTF_M/TTF_M1,year,2021,13,0.9684386831285878,0.017116882827617728
2028-05_2028-06,2028-05,TTF_M/TTF_M1,year,2022,63,0.994591386695527,0.4304796139921994
2028-05_2028-06,2028-05,TTF_M/TTF_M1,year,2023,79,0.9987930459528769,0.23248020741576014
2028-05_2028-06,2028-05,TTF_M/TTF_M1,year,2024,78,0.9988388045726315,0.09738413480303847
2028-05_2028-06,2028-05,TTF_M/TTF_M1,year,2025,67,0.9990763729031072,0.09563866812876994
2028-05_2028-06,2028-05,TTF_M/TTF_M1,year,2026,16,0.9983027582992202,0.12690049283261437
2028-05_2028-06,2028-05,TTF_M/TTF_M1,days_to_expiry,"(365, 730]",114,0.9911136765833266,0.2667465567516866
2028-05_2028-06,2028-05,TTF_M/TTF_M1,days_to_expiry,"(180, 365]",102,0.9979494740431036,0.34263947124695776
2028-05_2028-06,2028-05,TTF_M/TTF_M1,days_to_expiry,"(90, 180]",48,0.9993325232537081,0.13988054623098148
2028-05_2028-06,2028-05,TTF_M/TTF_M1,days_to_expiry,"(60, 90]",16,0.9994956882052496,0.054846820566739486
2028-05_2028-06,2028-05,TTF_M/TTF_M1,days_to_expiry,"(30, 60]",17,0.9985836762923772,0.12898854318789602
2028-05_2028-06,2028-05,TTF_M/TTF_M1,days_to_expiry,"(0, 30]",15,0.9996280077977532,0.058773005778516185
2028-05_2028-06,2028-05,TTF_M/TTF_M1,days_to_expiry,nan,4,,0.008125056237222468
2028-05_2028-06,2028-05,TTF_M/TTF_M1,month_pair,May/Jun,316,0.9965167583361828,1.0
2028-05_2028-06,2028-05,TTF_M/TTF_M1,pooled,all,316,0.9965167583361828,1.0
2028-05_2028-06,2028-05,HH_M/HH_M1,year,2021,13,0.9981000000363496,0.0066066361544300685
2028-05_2028-06,2028-05,HH_M/HH_M1,year,2022,63,0.9995702148302653,0.25238717447677406
2028-05_2028-06,2028-05,HH_M/HH_M1,year,2023,79,0.9948128620749564,0.2741422923310715
2028-05_2028-06,2028-05,HH_M/HH_M1,year,2024,78,0.9835048349475801,0.14177665258796088
2028-05_2028-06,2028-05,HH_M/HH_M1,year,2025,67,0.9957133212395772,0.1575755325741166
2028-05_2028-06,2028-05,HH_M/HH_M1,year,2026,16,0.9970612311586343,0.16751171187564676
2028-05_2028-06,2028-05,HH_M/HH_M1,days_to_expiry,"(365, 730]",114,0.9951402127013177,0.13944601001725154
2028-05_2028-06,2028-05,HH_M/HH_M1,days_to_expiry,"(180, 365]",102,0.9972343899308364,0.21025901302584246
2028-05_2028-06,2028-05,HH_M/HH_M1,days_to_expiry,"(90, 180]",48,0.9979872408783848,0.2792539666807826
2028-05_2028-06,2028-05,HH_M/HH_M1,days_to_expiry,"(60, 90]",16,0.998045023337256,0.17456051658399502
2028-05_2028-06,2028-05,HH_M/HH_M1,days_to_expiry,"(30, 60]",17,0.9904236817203408,0.10220909442516632
2028-05_2028-06,2028-05,HH_M/HH_M1,days_to_expiry,"(0, 30]",15,0.9834123768987169,0.08343531018007566
2028-05_2028-06,2028-05,HH_M/HH_M1,days_to_expiry,nan,4,,0.010836089086886323
2028-05_2028-06,2028-05,HH_M/HH_M1,month_pair,May/Jun,316,0.9939665776854755,1.0
2028-05_2028-06,2028-05,HH_M/HH_M1,pooled,all,316,0.9939665776854755,1.0
2028-05_2028-06,2028-05,Brent_M/Brent_M1,year,2021,13,0.9998645498539749,0.0495470033909362
2028-05_2028-06,2028-05,Brent_M/Brent_M1,year,2022,63,0.9997845364360299,0.2520538944403827
2028-05_2028-06,2028-05,Brent_M/Brent_M1,year,2023,79,0.999824570452056,0.24577578309912337
2028-05_2028-06,2028-05,Brent_M/Brent_M1,year,2024,78,0.9998574861124511,0.13335897002689856
2028-05_2028-06,2028-05,Brent_M/Brent_M1,year,2025,67,0.9997583803484773,0.15611318709018085
2028-05_2028-06,2028-05,Brent_M/Brent_M1,year,2026,16,0.9858907537266914,0.1631511619524782
2028-05_2028-06,2028-05,Brent_M/Brent_M1,days_to_expiry,"(365, 730]",114,0.9998627613116865,0.33137437293258437
2028-05_2028-06,2028-05,Brent_M/Brent_M1,days_to_expiry,"(180, 365]",102,0.9998128959162879,0.21736454373008174
2028-05_2028-06,2028-05,Brent_M/Brent_M1,days_to_expiry,"(90, 180]",48,0.99975821942274,0.12626402391265767
2028-05_2028-06,2028-05,Brent_M/Brent_M1,days_to_expiry,"(60, 90]",16,0.9997982432098992,0.05575596184951956
2028-05_2028-06,2028-05,Brent_M/Brent_M1,days_to_expiry,"(30, 60]",17,0.9971185182742243,0.10973305600406917
2028-05_2028-06,2028-05,Brent_M/Brent_M1,days_to_expiry,"(0, 30]",15,0.981740115965752,0.11731962881113828
2028-05_2028-06,2028-05,Brent_M/Brent_M1,days_to_expiry,nan,4,,0.042188412759949175
2028-05_2028-06,2028-05,Brent_M/Brent_M1,month_pair,May/Jun,316,0.9966249960900461,1.0
2028-05_2028-06,2028-05,Brent_M/Brent_M1,pooled,all,316,0.9966249960900461,1.0
2028-05_2028-06,2028-05,TTF_M/HH_M,year,2021,13,0.05495258613682854,0.012981536285289263
2028-05_2028-06,2028-05,TTF_M/HH_M,year,2022,63,0.34051741408918346,0.3690651793533085
2028-05_2028-06,2028-05,TTF_M/HH_M,year,2023,79,0.2702966726729356,0.2468373497396806
2028-05_2028-06,2028-05,TTF_M/HH_M,year,2024,78,0.4021953095415664,0.11470743821293537
2028-05_2028-06,2028-05,TTF_M/HH_M,year,2025,67,-0.08383146340911889,0.11479336453623815
2028-05_2028-06,2028-05,TTF_M/HH_M,year,2026,16,0.3632867957018802,0.14161513187254804
2028-05_2028-06,2028-05,TTF_M/HH_M,days_to_expiry,"(365, 730]",114,0.2844822626165075,0.2277501557492868
2028-05_2028-06,2028-05,TTF_M/HH_M,days_to_expiry,"(180, 365]",102,0.2588399154327573,0.2952514586322868
2028-05_2028-06,2028-05,TTF_M/HH_M,days_to_expiry,"(90, 180]",48,0.4964984484651912,0.18571505491858112
2028-05_2028-06,2028-05,TTF_M/HH_M,days_to_expiry,"(60, 90]",16,0.1646579110508613,0.09215100171062608
2028-05_2028-06,2028-05,TTF_M/HH_M,days_to_expiry,"(30, 60]",17,0.06057891614600597,0.12315775723642207
2028-05_2028-06,2028-05,TTF_M/HH_M,days_to_expiry,"(0, 30]",15,0.17579191202941222,0.06624260710650584
2028-05_2028-06,2028-05,TTF_M/HH_M,days_to_expiry,nan,4,,0.009731964646291226
2028-05_2028-06,2028-05,TTF_M/HH_M,month_pair,May/Jun,316,0.2771961959004546,1.0
2028-05_2028-06,2028-05,TTF_M/HH_M,pooled,all,316,0.2771961959004546,1.0
2028-05_2028-06,2028-05,TTF_M/Brent_M,year,2021,13,-0.02322204558384181,0.02138689298221346
2028-05_2028-06,2028-05,TTF_M/Brent_M,year,2022,63,0.22172885158625433,0.39737945438114103
2028-05_2028-06,2028-05,TTF_M/Brent_M,year,2023,79,0.12901555268183199,0.23503262597664865
2028-05_2028-06,2028-05,TTF_M/Brent_M,year,2024,78,-0.09967111318173576,0.10364967228793699
2028-05_2028-06,2028-05,TTF_M/Brent_M,year,2025,67,0.5311682404731778,0.10530186126879679
2028-05_2028-06,2028-05,TTF_M/Brent_M,year,2026,16,0.6387199289743648,0.13724949310326293
2028-05_2028-06,2028-05,TTF_M/Brent_M,days_to_expiry,"(365, 730]",114,0.3192142644809004,0.2787326669124743
2028-05_2028-06,2028-05,TTF_M/Brent_M,days_to_expiry,"(180, 365]",102,0.11310095894175733,0.3159692977473446
2028-05_2028-06,2028-05,TTF_M/Brent_M,days_to_expiry,"(90, 180]",48,-0.027464517386635138,0.1385947259536592
2028-05_2028-06,2028-05,TTF_M/Brent_M,days_to_expiry,"(60, 90]",16,0.09390780912557485,0.054937117571320485
2028-05_2028-06,2028-05,TTF_M/Brent_M,days_to_expiry,"(30, 60]",17,0.6428309181057187,0.12822743583780297
2028-05_2028-06,2028-05,TTF_M/Brent_M,days_to_expiry,"(0, 30]",15,0.6080803104792394,0.0694268102050222
2028-05_2028-06,2028-05,TTF_M/Brent_M,days_to_expiry,nan,4,,0.014111945772376072
2028-05_2028-06,2028-05,TTF_M/Brent_M,month_pair,May/Jun,316,0.26408374292593445,1.0
2028-05_2028-06,2028-05,TTF_M/Brent_M,pooled,all,316,0.26408374292593445,1.0
2028-05_2028-06,2028-05,HH_M/Brent_M,year,2021,13,0.5007790359284451,0.01905118343186367
2028-05_2028-06,2028-05,HH_M/Brent_M,year,2022,63,0.46903653353937136,0.2405259463725824
2028-05_2028-06,2028-05,HH_M/Brent_M,year,2023,79,0.2266173963258564,0.26473243557013026
2028-05_2028-06,2028-05,HH_M/Brent_M,year,2024,78,-0.005410227718954188,0.14498612016682397
2028-05_2028-06,2028-05,HH_M/Brent_M,year,2025,67,0.24622522626401525,0.15609195673064657
2028-05_2028-06,2028-05,HH_M/Brent_M,year,2026,16,0.3523006889423424,0.1746123577279532
2028-05_2028-06,2028-05,HH_M/Brent_M,days_to_expiry,"(365, 730]",114,0.3504905901146619,0.1923504108003216
2028-05_2028-06,2028-05,HH_M/Brent_M,days_to_expiry,"(180, 365]",102,0.3532293912207513,0.20549318883492818
2028-05_2028-06,2028-05,HH_M/Brent_M,days_to_expiry,"(90, 180]",48,0.2801449073351684,0.2348667713062221
2028-05_2028-06,2028-05,HH_M/Brent_M,days_to_expiry,"(60, 90]",16,0.43513515838336503,0.13792020226593266
2028-05_2028-06,2028-05,HH_M/Brent_M,days_to_expiry,"(30, 60]",17,0.1272755998262181,0.10937613907605409
2028-05_2028-06,2028-05,HH_M/Brent_M,days_to_expiry,"(0, 30]",15,0.2126192668444758,0.09698691083431392
2028-05_2028-06,2028-05,HH_M/Brent_M,days_to_expiry,nan,4,,0.023006376882227515
2028-05_2028-06,2028-05,HH_M/Brent_M,month_pair,May/Jun,316,0.2653903887863684,1.0
2028-05_2028-06,2028-05,HH_M/Brent_M,pooled,all,316,0.2653903887863684,1.0
2028-06_2028-07,2028-06,TTF_M/TTF_M1,year,2021,13,0.9269692735941464,0.019199547757792527
2028-06_2028-07,2028-06,TTF_M/TTF_M1,year,2022,62,0.9961921392794577,0.4231355846493418
2028-06_2028-07,2028-06,TTF_M/TTF_M1,year,2023,83,0.9981158322793491,0.20705248816655666
2028-06_2028-07,2028-06,TTF_M/TTF_M1,year,2024,83,0.9989223045091626,0.13274625642581714
2028-06_2028-07,2028-06,TTF_M/TTF_M1,year,2025,72,0.9987993633144514,0.07902197184025467
2028-06_2028-07,2028-06,TTF_M/TTF_M1,year,2026,20,0.9984372491635776,0.13884415116023707
2028-06_2028-07,2028-06,TTF_M/TTF_M1,days_to_expiry,"(365, 730]",130,0.9909012901303522,0.2685916749726858
2028-06_2028-07,2028-06,TTF_M/TTF_M1,days_to_expiry,"(180, 365]",103,0.9979410049568486,0.3316349155289449
2028-06_2028-07,2028-06,TTF_M/TTF_M1,days_to_expiry,"(90, 180]",48,0.9997362509875661,0.16111167140758487
2028-06_2028-07,2028-06,TTF_M/TTF_M1,days_to_expiry,"(60, 90]",16,0.9983276107388347,0.11051573885600523
2028-06_2028-07,2028-06,TTF_M/TTF_M1,days_to_expiry,"(30, 60]",16,0.9995856785140024,0.06439506164273709
2028-06_2028-07,2028-06,TTF_M/TTF_M1,days_to_expiry,"(0, 30]",16,0.99971425092203,0.036708235980366974
2028-06_2028-07,2028-06,TTF_M/TTF_M1,days_to_expiry,nan,4,,0.027042701611675046
2028-06_2028-07,2028-06,TTF_M/TTF_M1,month_pair,Jun/Jul,333,0.99657842699006,1.0
2028-06_2028-07,2028-06,TTF_M/TTF_M1,pooled,all,333,0.99657842699006,1.0
2028-06_2028-07,2028-06,HH_M/HH_M1,year,2021,13,0.9980621476370153,0.008341146615924312
2028-06_2028-07,2028-06,HH_M/HH_M1,year,2022,62,0.9997651428061561,0.3188899722591341
2028-06_2028-07,2028-06,HH_M/HH_M1,year,2023,83,0.9860154282573779,0.2221908148649464
2028-06_2028-07,2028-06,HH_M/HH_M1,year,2024,83,0.9849340326580407,0.13578919767363826
2028-06_2028-07,2028-06,HH_M/HH_M1,year,2025,72,0.993565860360621,0.17528643697756977
2028-06_2028-07,2028-06,HH_M/HH_M1,year,2026,20,0.9879396172105859,0.1395024316087871
2028-06_2028-07,2028-06,HH_M/HH_M1,days_to_expiry,"(365, 730]",130,0.9974422017616367,0.18279772372332964
2028-06_2028-07,2028-06,HH_M/HH_M1,days_to_expiry,"(180, 365]",103,0.9977054232555386,0.24076481319089185
2028-06_2028-07,2028-06,HH_M/HH_M1,days_to_expiry,"(90, 180]",48,0.9951623428930093,0.32341270079308
2028-06_2028-07,2028-06,HH_M/HH_M1,days_to_expiry,"(60, 90]",16,0.9880270308324579,0.06255864911643863
2028-06_2028-07,2028-06,HH_M/HH_M1,days_to_expiry,"(30, 60]",16,0.9768195614088582,0.05978370728267301
2028-06_2028-07,2028-06,HH_M/HH_M1,days_to_expiry,"(0, 30]",16,0.9824643753613059,0.09351322852611701
2028-06_2028-07,2028-06,HH_M/HH_M1,days_to_expiry,nan,4,,0.037169177367469795
2028-06_2028-07,2028-06,HH_M/HH_M1,month_pair,Jun/Jul,333,0.9901828662946858,1.0
2028-06_2028-07,2028-06,HH_M/HH_M1,pooled,all,333,0.9901828662946858,1.0
2028-06_2028-07,2028-06,Brent_M/Brent_M1,year,2021,13,0.999719805083586,0.029744090958323713
2028-06_2028-07,2028-06,Brent_M/Brent_M1,year,2022,62,0.9997400005406831,0.24103889223589284
2028-06_2028-07,2028-06,Brent_M/Brent_M1,year,2023,83,0.999811103032143,0.2316729609495224
2028-06_2028-07,2028-06,Brent_M/Brent_M1,year,2024,83,0.9997710121981952,0.13757917776343775
2028-06_2028-07,2028-06,Brent_M/Brent_M1,year,2025,72,0.9996933799441612,0.17835021274375248
2028-06_2028-07,2028-06,Brent_M/Brent_M1,year,2026,20,0.9926470490032205,0.18161466534907061
2028-06_2028-07,2028-06,Brent_M/Brent_M1,days_to_expiry,"(365, 730]",130,0.9997872345854477,0.26363276485786463
2028-06_2028-07,2028-06,Brent_M/Brent_M1,days_to_expiry,"(180, 365]",103,0.9998247416414464,0.30677230519696663
2028-06_2028-07,2028-06,Brent_M/Brent_M1,days_to_expiry,"(90, 180]",48,0.999664391242915,0.10378768581412395
2028-06_2028-07,2028-06,Brent_M/Brent_M1,days_to_expiry,"(60, 90]",16,0.9979083821858266,0.1012076965070156
2028-06_2028-07,2028-06,Brent_M/Brent_M1,days_to_expiry,"(30, 60]",16,0.9886911919513187,0.10664440355763952
2028-06_2028-07,2028-06,Brent_M/Brent_M1,days_to_expiry,"(0, 30]",16,0.99601647260089,0.06816847840882247
2028-06_2028-07,2028-06,Brent_M/Brent_M1,days_to_expiry,nan,4,,0.04978666565756715
2028-06_2028-07,2028-06,Brent_M/Brent_M1,month_pair,Jun/Jul,333,0.9975330870594004,1.0
2028-06_2028-07,2028-06,Brent_M/Brent_M1,pooled,all,333,0.9975330870594004,1.0
2028-06_2028-07,2028-06,TTF_M/HH_M,year,2021,13,0.38365587963280773,0.01662472425770603
2028-06_2028-07,2028-06,TTF_M/HH_M,year,2022,62,0.10316540194536787,0.37904589191987115
2028-06_2028-07,2028-06,TTF_M/HH_M,year,2023,83,0.18784202169229883,0.21619415614473697
2028-06_2028-07,2028-06,TTF_M/HH_M,year,2024,83,0.14525836375687295,0.13661281748391807
2028-06_2028-07,2028-06,TTF_M/HH_M,year,2025,72,-0.06938119888272647,0.10857738139432199
2028-06_2028-07,2028-06,TTF_M/HH_M,year,2026,20,0.3643912489012121,0.14294502879944554
2028-06_2028-07,2028-06,TTF_M/HH_M,days_to_expiry,"(365, 730]",130,0.1776835486856515,0.23689059115951094
2028-06_2028-07,2028-06,TTF_M/HH_M,days_to_expiry,"(180, 365]",103,-0.013031436466098379,0.2982618026614357
2028-06_2028-07,2028-06,TTF_M/HH_M,days_to_expiry,"(90, 180]",48,0.30035934609517356,0.21360339651229052
2028-06_2028-07,2028-06,TTF_M/HH_M,days_to_expiry,"(60, 90]",16,0.08601902598524441,0.09820731247819528
2028-06_2028-07,2028-06,TTF_M/HH_M,days_to_expiry,"(30, 60]",16,-0.001752247087775159,0.06362167497814074
2028-06_2028-07,2028-06,TTF_M/HH_M,days_to_expiry,"(0, 30]",16,0.08946651046886826,0.057215879893365455
2028-06_2028-07,2028-06,TTF_M/HH_M,days_to_expiry,nan,4,,0.032199342317061196
2028-06_2028-07,2028-06,TTF_M/HH_M,month_pair,Jun/Jul,333,0.16313904393335518,1.0
2028-06_2028-07,2028-06,TTF_M/HH_M,pooled,all,333,0.16313904393335518,1.0
2028-06_2028-07,2028-06,TTF_M/Brent_M,year,2021,13,-0.1847934851432012,0.022023029428136515
2028-06_2028-07,2028-06,TTF_M/Brent_M,year,2022,62,-0.18530830938135776,0.38668347980640877
2028-06_2028-07,2028-06,TTF_M/Brent_M,year,2023,83,0.07459474083478679,0.21241587741862814
2028-06_2028-07,2028-06,TTF_M/Brent_M,year,2024,83,0.07094385703770838,0.13344207040362577
2028-06_2028-07,2028-06,TTF_M/Brent_M,year,2025,72,0.40808387597043333,0.09519937850837891
2028-06_2028-07,2028-06,TTF_M/Brent_M,year,2026,20,0.6344331027896696,0.15023616443482168
2028-06_2028-07,2028-06,TTF_M/Brent_M,days_to_expiry,"(365, 730]",130,0.09964575676710848,0.26504920966576645
2028-06_2028-07,2028-06,TTF_M/Brent_M,days_to_expiry,"(180, 365]",103,-0.014370815503825074,0.325232625012903
2028-06_2028-07,2028-06,TTF_M/Brent_M,days_to_expiry,"(90, 180]",48,-0.10062815922107028,0.15183754391531748
2028-06_2028-07,2028-06,TTF_M/Brent_M,days_to_expiry,"(60, 90]",16,0.5999793587028789,0.11151005666529662
2028-06_2028-07,2028-06,TTF_M/Brent_M,days_to_expiry,"(30, 60]",16,0.3802239767363179,0.07217585744479675
2028-06_2028-07,2028-06,TTF_M/Brent_M,days_to_expiry,"(0, 30]",16,0.37075279556318863,0.0420584462578116
2028-06_2028-07,2028-06,TTF_M/Brent_M,days_to_expiry,nan,4,,0.032136261038107926
2028-06_2028-07,2028-06,TTF_M/Brent_M,month_pair,Jun/Jul,333,0.1331474892219863,1.0
2028-06_2028-07,2028-06,TTF_M/Brent_M,pooled,all,333,0.1331474892219863,1.0
2028-06_2028-07,2028-06,HH_M/Brent_M,year,2021,13,-0.07332624352329917,0.014095220023521565
2028-06_2028-07,2028-06,HH_M/Brent_M,year,2022,62,0.2740605332755327,0.27794312791901116
2028-06_2028-07,2028-06,HH_M/Brent_M,year,2023,83,0.13747488614128028,0.22953913779235072
2028-06_2028-07,2028-06,HH_M/Brent_M,year,2024,83,-0.10488936560687953,0.14146212721438486
2028-06_2028-07,2028-06,HH_M/Brent_M,year,2025,72,0.3036760169311211,0.1741086928617085
2028-06_2028-07,2028-06,HH_M/Brent_M,year,2026,20,0.27498387146080555,0.1628516941890231
2028-06_2028-07,2028-06,HH_M/Brent_M,days_to_expiry,"(365, 730]",130,0.1983344198751617,0.19765871742690913
2028-06_2028-07,2028-06,HH_M/Brent_M,days_to_expiry,"(180, 365]",103,0.31519277704600396,0.25004040969064273
2028-06_2028-07,2028-06,HH_M/Brent_M,days_to_expiry,"(90, 180]",48,0.1422952465098947,0.2594872526403406
2028-06_2028-07,2028-06,HH_M/Brent_M,days_to_expiry,"(60, 90]",16,0.08797725340535195,0.07787036836344811
2028-06_2028-07,2028-06,HH_M/Brent_M,days_to_expiry,"(30, 60]",16,0.3211692475535022,0.07626530728668326
2028-06_2028-07,2028-06,HH_M/Brent_M,days_to_expiry,"(0, 30]",16,0.11988928852000472,0.09290999405693862
2028-06_2028-07,2028-06,HH_M/Brent_M,days_to_expiry,nan,4,,0.04576795053503746
2028-06_2028-07,2028-06,HH_M/Brent_M,month_pair,Jun/Jul,333,0.18632900077451106,1.0
2028-06_2028-07,2028-06,HH_M/Brent_M,pooled,all,333,0.18632900077451106,1.0
2028-07_2028-08,2028-07,TTF_M/TTF_M1,year,2021,13,0.9826369895739764,0.028978879082482412
2028-07_2028-08,2028-07,TTF_M/TTF_M1,year,2022,63,0.9987102930613773,0.39078009106690836
2028-07_2028-08,2028-07,TTF_M/TTF_M1,year,2023,86,0.9988406240650057,0.24709834329556224
2028-07_2028-08,2028-07,TTF_M/TTF_M1,year,2024,88,0.9994085213886141,0.09535437131569682
2028-07_2028-08,2028-07,TTF_M/TTF_M1,year,2025,75,0.9995205377929759,0.08618341002836026
2028-07_2028-08,2028-07,TTF_M/TTF_M1,year,2026,25,0.9992673739056998,0.15160490521098996
2028-07_2028-08,2028-07,TTF_M/TTF_M1,days_to_expiry,"(365, 730]",147,0.99735416953468,0.26292967528066613
2028-07_2028-08,2028-07,TTF_M/TTF_M1,days_to_expiry,"(180, 365]",103,0.9989083241420816,0.35486999780181855
2028-07_2028-08,2028-07,TTF_M/TTF_M1,days_to_expiry,"(90, 180]",48,0.9993842510494831,0.21642952110746386
2028-07_2028-08,2028-07,TTF_M/TTF_M1,days_to_expiry,"(60, 90]",16,0.9994104770380395,0.037199516741228345
2028-07_2028-08,2028-07,TTF_M/TTF_M1,days_to_expiry,"(30, 60]",16,0.998884273904901,0.03336924365700281
2028-07_2028-08,2028-07,TTF_M/TTF_M1,days_to_expiry,"(0, 30]",16,0.9984410569021369,0.08617760709831263
2028-07_2028-08,2028-07,TTF_M/TTF_M1,days_to_expiry,nan,4,,0.0090244383135078
2028-07_2028-08,2028-07,TTF_M/TTF_M1,month_pair,Jul/Aug,350,0.9984884107277248,1.0
2028-07_2028-08,2028-07,TTF_M/TTF_M1,pooled,all,350,0.9984884107277248,1.0
2028-07_2028-08,2028-07,HH_M/HH_M1,year,2021,13,0.9997184019295556,0.01019139348406498
2028-07_2028-08,2028-07,HH_M/HH_M1,year,2022,63,0.9998102429093862,0.2736980418324467
2028-07_2028-08,2028-07,HH_M/HH_M1,year,2023,86,0.9962951064883605,0.2006985549109204
2028-07_2028-08,2028-07,HH_M/HH_M1,year,2024,88,0.9969784787823195,0.1866508180069186
2028-07_2028-08,2028-07,HH_M/HH_M1,year,2025,75,0.9935028625068933,0.23041406798125974
2028-07_2028-08,2028-07,HH_M/HH_M1,year,2026,25,0.9983545683997702,0.0983471237843897
2028-07_2028-08,2028-07,HH_M/HH_M1,days_to_expiry,"(365, 730]",147,0.9992887664711587,0.25281266185474055
2028-07_2028-08,2028-07,HH_M/HH_M1,days_to_expiry,"(180, 365]",103,0.9992585990996251,0.21181075639470737
2028-07_2028-08,2028-07,HH_M/HH_M1,days_to_expiry,"(90, 180]",48,0.999125400576831,0.27168361197164925
2028-07_2028-08,2028-07,HH_M/HH_M1,days_to_expiry,"(60, 90]",16,0.9953146044001988,0.04841508671026743
2028-07_2028-08,2028-07,HH_M/HH_M1,days_to_expiry,"(30, 60]",16,0.9933010256418273,0.04789630769342428
2028-07_2028-08,2028-07,HH_M/HH_M1,days_to_expiry,"(0, 30]",16,0.9955540661133265,0.11943059083983164
2028-07_2028-08,2028-07,HH_M/HH_M1,days_to_expiry,nan,4,,0.0479509845353796
2028-07_2028-08,2028-07,HH_M/HH_M1,month_pair,Jul/Aug,350,0.9964694339928118,1.0
2028-07_2028-08,2028-07,HH_M/HH_M1,pooled,all,350,0.9964694339928118,1.0
2028-07_2028-08,2028-07,Brent_M/Brent_M1,year,2021,13,0.9998573101787194,0.04675193382574762
2028-07_2028-08,2028-07,Brent_M/Brent_M1,year,2022,63,0.9998370850092675,0.23881379489489118
2028-07_2028-08,2028-07,Brent_M/Brent_M1,year,2023,86,0.9998269428197061,0.22247634347750017
2028-07_2028-08,2028-07,Brent_M/Brent_M1,year,2024,88,0.9998277346960969,0.12436416752789016
2028-07_2028-08,2028-07,Brent_M/Brent_M1,year,2025,75,0.9998039772632777,0.21917205939922516
2028-07_2028-08,2028-07,Brent_M/Brent_M1,year,2026,25,0.9928332119278422,0.14842170087474577
2028-07_2028-08,2028-07,Brent_M/Brent_M1,days_to_expiry,"(365, 730]",147,0.999852802448254,0.3396854668239713
2028-07_2028-08,2028-07,Brent_M/Brent_M1,days_to_expiry,"(180, 365]",103,0.999861159099803,0.24752611228344726
2028-07_2028-08,2028-07,Brent_M/Brent_M1,days_to_expiry,"(90, 180]",48,0.999295871719336,0.1459857886072338
2028-07_2028-08,2028-07,Brent_M/Brent_M1,days_to_expiry,"(60, 90]",16,0.9940251286491119,0.06994497303406394
2028-07_2028-08,2028-07,Brent_M/Brent_M1,days_to_expiry,"(30, 60]",16,0.9934187746470631,0.05178835513880309
2028-07_2028-08,2028-07,Brent_M/Brent_M1,days_to_expiry,"(0, 30]",16,0.9965926878898235,0.09455077814699522
2028-07_2028-08,2028-07,Brent_M/Brent_M1,days_to_expiry,nan,4,,0.05051852596548545
2028-07_2028-08,2028-07,Brent_M/Brent_M1,month_pair,Jul/Aug,350,0.9983397042322179,1.0
2028-07_2028-08,2028-07,Brent_M/Brent_M1,pooled,all,350,0.9983397042322179,1.0
2028-07_2028-08,2028-07,TTF_M/HH_M,year,2021,13,0.4587575001465283,0.023770225982740537
2028-07_2028-08,2028-07,TTF_M/HH_M,year,2022,63,0.09091762920797879,0.35683976251368166
2028-07_2028-08,2028-07,TTF_M/HH_M,year,2023,86,0.119812615587718,0.23674307763172975
2028-07_2028-08,2028-07,TTF_M/HH_M,year,2024,88,0.13889790025184534,0.11878354444238405
2028-07_2028-08,2028-07,TTF_M/HH_M,year,2025,75,0.16765841078237909,0.12379459802965992
2028-07_2028-08,2028-07,TTF_M/HH_M,year,2026,25,0.0800713461836918,0.1400687913998041
2028-07_2028-08,2028-07,TTF_M/HH_M,days_to_expiry,"(365, 730]",147,0.1268477014873043,0.2564580848069335
2028-07_2028-08,2028-07,TTF_M/HH_M,days_to_expiry,"(180, 365]",103,0.16037514761520902,0.31513141218956986
2028-07_2028-08,2028-07,TTF_M/HH_M,days_to_expiry,"(90, 180]",48,0.00753454148058554,0.23186162781144595
2028-07_2028-08,2028-07,TTF_M/HH_M,days_to_expiry,"(60, 90]",16,0.12678834546756618,0.03971397195782935
2028-07_2028-08,2028-07,TTF_M/HH_M,days_to_expiry,"(30, 60]",16,-0.005314943414943907,0.03746136944271557
2028-07_2028-08,2028-07,TTF_M/HH_M,days_to_expiry,"(0, 30]",16,0.1732889705398729,0.09781426958671743
2028-07_2028-08,2028-07,TTF_M/HH_M,days_to_expiry,nan,4,,0.02155926420478808
2028-07_2028-08,2028-07,TTF_M/HH_M,month_pair,Jul/Aug,350,0.12734011072309012,1.0
2028-07_2028-08,2028-07,TTF_M/HH_M,pooled,all,350,0.12734011072309012,1.0
2028-07_2028-08,2028-07,TTF_M/Brent_M,year,2021,13,-0.13812722871574004,0.031125649165238755
2028-07_2028-08,2028-07,TTF_M/Brent_M,year,2022,63,-0.02868356024613564,0.36466574712773175
2028-07_2028-08,2028-07,TTF_M/Brent_M,year,2023,86,0.19471220525505673,0.24560848618629033
2028-07_2028-08,2028-07,TTF_M/Brent_M,year,2024,88,0.06969433921748412,0.09811473438209017
2028-07_2028-08,2028-07,TTF_M/Brent_M,year,2025,75,0.49170151170643234,0.1056624436777387
2028-07_2028-08,2028-07,TTF_M/Brent_M,year,2026,25,0.5109383740538068,0.15482293946091044
2028-07_2028-08,2028-07,TTF_M/Brent_M,days_to_expiry,"(365, 730]",147,0.18315677159492147,0.27225865839755153
2028-07_2028-08,2028-07,TTF_M/Brent_M,days_to_expiry,"(180, 365]",103,-0.034370752341401835,0.33516328492744707
2028-07_2028-08,2028-07,TTF_M/Brent_M,days_to_expiry,"(90, 180]",48,0.3926545127345895,0.20761381544214527
2028-07_2028-08,2028-07,TTF_M/Brent_M,days_to_expiry,"(60, 90]",16,0.46962580001657644,0.0421014284384975
2028-07_2028-08,2028-07,TTF_M/Brent_M,days_to_expiry,"(30, 60]",16,0.32292550915977447,0.036717553143516185
2028-07_2028-08,2028-07,TTF_M/Brent_M,days_to_expiry,"(0, 30]",16,0.3028452811541817,0.09066936119042036
2028-07_2028-08,2028-07,TTF_M/Brent_M,days_to_expiry,nan,4,,0.015475898460422298
2028-07_2028-08,2028-07,TTF_M/Brent_M,month_pair,Jul/Aug,350,0.19347949046090387,1.0
2028-07_2028-08,2028-07,TTF_M/Brent_M,pooled,all,350,0.19347949046090387,1.0
2028-07_2028-08,2028-07,HH_M/Brent_M,year,2021,13,-0.33731663872774625,0.022336143682196198
2028-07_2028-08,2028-07,HH_M/Brent_M,year,2022,63,0.29351656604243426,0.25321578388743293
2028-07_2028-08,2028-07,HH_M/Brent_M,year,2023,86,0.22701165262686127,0.20487160842649385
2028-07_2028-08,2028-07,HH_M/Brent_M,year,2024,88,0.12022677229812391,0.16862989712579152
2028-07_2028-08,2028-07,HH_M/Brent_M,year,2025,75,0.4146605958037065,0.23141761856354173
2028-07_2028-08,2028-07,HH_M/Brent_M,year,2026,25,-0.09505499101617107,0.11952894831454382
2028-07_2028-08,2028-07,HH_M/Brent_M,days_to_expiry,"(365, 730]",147,0.3178743683216694,0.2749801700094954
2028-07_2028-08,2028-07,HH_M/Brent_M,days_to_expiry,"(180, 365]",103,0.0527931616578339,0.21980405606745262
2028-07_2028-08,2028-07,HH_M/Brent_M,days_to_expiry,"(90, 180]",48,0.15385447870029328,0.2272472633264206
2028-07_2028-08,2028-07,HH_M/Brent_M,days_to_expiry,"(60, 90]",16,0.39985539419256333,0.05546512884616121
2028-07_2028-08,2028-07,HH_M/Brent_M,days_to_expiry,"(30, 60]",16,-0.13542263104296326,0.05186198763210581
2028-07_2028-08,2028-07,HH_M/Brent_M,days_to_expiry,"(0, 30]",16,0.3181117585046552,0.11443708910167455
2028-07_2028-08,2028-07,HH_M/Brent_M,days_to_expiry,nan,4,,0.0562043050166899
2028-07_2028-08,2028-07,HH_M/Brent_M,month_pair,Jul/Aug,350,0.2159654324167747,1.0
2028-07_2028-08,2028-07,HH_M/Brent_M,pooled,all,350,0.2159654324167747,1.0
2028-08_2028-09,2028-08,TTF_M/TTF_M1,year,2021,13,0.984970347552638,0.02709490604148915
2028-08_2028-09,2028-08,TTF_M/TTF_M1,year,2022,62,0.99935198824315,0.3602118156196386
2028-08_2028-09,2028-08,TTF_M/TTF_M1,year,2023,91,0.9967662842231624,0.2656908763099124
2028-08_2028-09,2028-08,TTF_M/TTF_M1,year,2024,92,0.9988733864455156,0.10081160404616327
2028-08_2028-09,2028-08,TTF_M/TTF_M1,year,2025,79,0.9994480972510433,0.10764824361438562
2028-08_2028-09,2028-08,TTF_M/TTF_M1,year,2026,29,0.9990395697319401,0.13854255436841087
2028-08_2028-09,2028-08,TTF_M/TTF_M1,days_to_expiry,"(365, 730]",163,0.9976361141612194,0.3149089528849096
2028-08_2028-09,2028-08,TTF_M/TTF_M1,days_to_expiry,"(180, 365]",103,0.9996834447117589,0.3128039856475122
2028-08_2028-09,2028-08,TTF_M/TTF_M1,days_to_expiry,"(90, 180]",48,0.9990367706528532,0.213469130507754
2028-08_2028-09,2028-08,TTF_M/TTF_M1,days_to_expiry,"(60, 90]",16,0.9967265364127404,0.030349586951476333
2028-08_2028-09,2028-08,TTF_M/TTF_M1,days_to_expiry,"(30, 60]",17,0.997070262933282,0.06904095449500676
2028-08_2028-09,2028-08,TTF_M/TTF_M1,days_to_expiry,"(0, 30]",15,0.9978587216623237,0.05710004569543564
2028-08_2028-09,2028-08,TTF_M/TTF_M1,days_to_expiry,nan,4,,0.0023273438179054113
2028-08_2028-09,2028-08,TTF_M/TTF_M1,month_pair,Aug/Sep,366,0.9982499984769122,1.0
2028-08_2028-09,2028-08,TTF_M/TTF_M1,pooled,all,366,0.9982499984769122,1.0
2028-08_2028-09,2028-08,HH_M/HH_M1,year,2021,13,0.9994713830324742,0.010070041397076216
2028-08_2028-09,2028-08,HH_M/HH_M1,year,2022,62,0.999783628474917,0.27292289648677764
2028-08_2028-09,2028-08,HH_M/HH_M1,year,2023,91,0.9913447996236009,0.22076045788649645
2028-08_2028-09,2028-08,HH_M/HH_M1,year,2024,92,0.9933983136903347,0.20812543308643
2028-08_2028-09,2028-08,HH_M/HH_M1,year,2025,79,0.9991561510284742,0.2143682377572469
2028-08_2028-09,2028-08,HH_M/HH_M1,year,2026,29,0.9963231690223695,0.07375293338597286
2028-08_2028-09,2028-08,HH_M/HH_M1,days_to_expiry,"(365, 730]",163,0.9993767511093496,0.2759227428987453
2028-08_2028-09,2028-08,HH_M/HH_M1,days_to_expiry,"(180, 365]",103,0.9995758919314918,0.2851563852951548
2028-08_2028-09,2028-08,HH_M/HH_M1,days_to_expiry,"(90, 180]",48,0.9993238335178732,0.18013770190014466
2028-08_2028-09,2028-08,HH_M/HH_M1,days_to_expiry,"(60, 90]",16,0.9973648260953654,0.06213184178263559
2028-08_2028-09,2028-08,HH_M/HH_M1,days_to_expiry,"(30, 60]",17,0.9985416431661172,0.09285404926535923
2028-08_2028-09,2028-08,HH_M/HH_M1,days_to_expiry,"(0, 30]",15,0.9956844401382668,0.06340128192299176
2028-08_2028-09,2028-08,HH_M/HH_M1,days_to_expiry,nan,4,,0.040395996934968696
2028-08_2028-09,2028-08,HH_M/HH_M1,month_pair,Aug/Sep,366,0.9959451249295165,1.0
2028-08_2028-09,2028-08,HH_M/HH_M1,pooled,all,366,0.9959451249295165,1.0
2028-08_2028-09,2028-08,Brent_M/Brent_M1,year,2021,13,0.999861151684694,0.0477352654287165
2028-08_2028-09,2028-08,Brent_M/Brent_M1,year,2022,62,0.9998455541134398,0.2567430955147977
2028-08_2028-09,2028-08,Brent_M/Brent_M1,year,2023,91,0.9997276366934601,0.21985134802948123
2028-08_2028-09,2028-08,Brent_M/Brent_M1,year,2024,92,0.9998313474383086,0.11278212287274966
2028-08_2028-09,2028-08,Brent_M/Brent_M1,year,2025,79,0.9996449503688455,0.18248846886353792
2028-08_2028-09,2028-08,Brent_M/Brent_M1,year,2026,29,0.9954792470801661,0.18039969929071697
2028-08_2028-09,2028-08,Brent_M/Brent_M1,days_to_expiry,"(365, 730]",163,0.9998457211509482,0.365646212631283
2028-08_2028-09,2028-08,Brent_M/Brent_M1,days_to_expiry,"(180, 365]",103,0.9998344014332883,0.22899843867082068
2028-08_2028-09,2028-08,Brent_M/Brent_M1,days_to_expiry,"(90, 180]",48,0.9981988214335749,0.2191735507184876
2028-08_2028-09,2028-08,Brent_M/Brent_M1,days_to_expiry,"(60, 90]",16,0.994564264957764,0.03070560533842927
2028-08_2028-09,2028-08,Brent_M/Brent_M1,days_to_expiry,"(30, 60]",17,0.9991342351081657,0.077784604616771
2028-08_2028-09,2028-08,Brent_M/Brent_M1,days_to_expiry,"(0, 30]",15,0.9957932778638487,0.06167749814146588
2028-08_2028-09,2028-08,Brent_M/Brent_M1,days_to_expiry,nan,4,,0.016014089882742655
2028-08_2028-09,2028-08,Brent_M/Brent_M1,month_pair,Aug/Sep,366,0.9986936677961822,1.0
2028-08_2028-09,2028-08,Brent_M/Brent_M1,pooled,all,366,0.9986936677961822,1.0
2028-08_2028-09,2028-08,TTF_M/HH_M,year,2021,13,0.40626195709549506,0.02295611845441626
2028-08_2028-09,2028-08,TTF_M/HH_M,year,2022,62,0.06939909918005051,0.3339131116210384
2028-08_2028-09,2028-08,TTF_M/HH_M,year,2023,91,0.06469733662322123,0.25760658432537825
2028-08_2028-09,2028-08,TTF_M/HH_M,year,2024,92,0.24211834658320242,0.1295162373574055
2028-08_2028-09,2028-08,TTF_M/HH_M,year,2025,79,0.2197952556768278,0.13266482256998155
2028-08_2028-09,2028-08,TTF_M/HH_M,year,2026,29,0.28130513527710693,0.1233431256717802
2028-08_2028-09,2028-08,TTF_M/HH_M,days_to_expiry,"(365, 730]",163,0.06023941098730951,0.30082248925480437
2028-08_2028-09,2028-08,TTF_M/HH_M,days_to_expiry,"(180, 365]",103,0.2566289854018687,0.3014876100047057
2028-08_2028-09,2028-08,TTF_M/HH_M,days_to_expiry,"(90, 180]",48,0.015796680301955638,0.2056718500429211
2028-08_2028-09,2028-08,TTF_M/HH_M,days_to_expiry,"(60, 90]",16,0.3433933439626326,0.03840074008661874
2028-08_2028-09,2028-08,TTF_M/HH_M,days_to_expiry,"(30, 60]",17,0.22358667200106833,0.07889834025204373
2028-08_2028-09,2028-08,TTF_M/HH_M,days_to_expiry,"(0, 30]",15,0.3313868337642707,0.05989817846716515
2028-08_2028-09,2028-08,TTF_M/HH_M,days_to_expiry,nan,4,,0.0148207918917413
2028-08_2028-09,2028-08,TTF_M/HH_M,month_pair,Aug/Sep,366,0.14745625153948805,1.0
2028-08_2028-09,2028-08,TTF_M/HH_M,pooled,all,366,0.14745625153948805,1.0
2028-08_2028-09,2028-08,TTF_M/Brent_M,year,2021,13,-0.14859917463656164,0.0300963963637449
2028-08_2028-09,2028-08,TTF_M/Brent_M,year,2022,62,-0.03665603257094402,0.3412163533512279
2028-08_2028-09,2028-08,TTF_M/Brent_M,year,2023,91,0.18679285333485898,0.2622070148260864
2028-08_2028-09,2028-08,TTF_M/Brent_M,year,2024,92,-0.024299987153557197,0.10233244107404046
2028-08_2028-09,2028-08,TTF_M/Brent_M,year,2025,79,0.5428279061934247,0.11748272382154129
2028-08_2028-09,2028-08,TTF_M/Brent_M,year,2026,29,0.7017459603709664,0.14666507056335917
2028-08_2028-09,2028-08,TTF_M/Brent_M,days_to_expiry,"(365, 730]",163,0.02912411427036924,0.3189568971482344
2028-08_2028-09,2028-08,TTF_M/Brent_M,days_to_expiry,"(180, 365]",103,0.1598874132044177,0.2973667454545108
2028-08_2028-09,2028-08,TTF_M/Brent_M,days_to_expiry,"(90, 180]",48,0.5061297901669243,0.2151656672052071
2028-08_2028-09,2028-08,TTF_M/Brent_M,days_to_expiry,"(60, 90]",16,0.5069090345426921,0.03059520157220139
2028-08_2028-09,2028-08,TTF_M/Brent_M,days_to_expiry,"(30, 60]",17,0.27159348324762794,0.07447792810941796
2028-08_2028-09,2028-08,TTF_M/Brent_M,days_to_expiry,"(0, 30]",15,0.42116995971507554,0.05907896350989239
2028-08_2028-09,2028-08,TTF_M/Brent_M,days_to_expiry,nan,4,,0.0043585970005361315
2028-08_2028-09,2028-08,TTF_M/Brent_M,month_pair,Aug/Sep,366,0.22314890822970584,1.0
2028-08_2028-09,2028-08,TTF_M/Brent_M,pooled,all,366,0.22314890822970584,1.0
2028-08_2028-09,2028-08,HH_M/Brent_M,year,2021,13,-0.32833936597661106,0.02229242028737685
2028-08_2028-09,2028-08,HH_M/Brent_M,year,2022,62,0.23308342045207706,0.26066667282349937
2028-08_2028-09,2028-08,HH_M/Brent_M,year,2023,91,0.19931215639421657,0.21952105428664345
2028-08_2028-09,2028-08,HH_M/Brent_M,year,2024,92,0.031822619845258214,0.18106772031833732
2028-08_2028-09,2028-08,HH_M/Brent_M,year,2025,79,0.08135992304712236,0.2023774838224284
2028-08_2028-09,2028-08,HH_M/Brent_M,year,2026,29,0.10034008695546745,0.11407464846171456
2028-08_2028-09,2028-08,HH_M/Brent_M,days_to_expiry,"(365, 730]",163,0.27507746398079547,0.29879462064112494
2028-08_2028-09,2028-08,HH_M/Brent_M,days_to_expiry,"(180, 365]",103,0.08541627023452342,0.25929742807526873
2028-08_2028-09,2028-08,HH_M/Brent_M,days_to_expiry,"(90, 180]",48,0.19468124376765222,0.19287882479989799
2028-08_2028-09,2028-08,HH_M/Brent_M,days_to_expiry,"(60, 90]",16,0.05043513728151068,0.052516744366228274
2028-08_2028-09,2028-08,HH_M/Brent_M,days_to_expiry,"(30, 60]",17,0.025939639467770406,0.09022693684503165
2028-08_2028-09,2028-08,HH_M/Brent_M,days_to_expiry,"(0, 30]",15,-0.2028486048508056,0.06582308773558998
2028-08_2028-09,2028-08,HH_M/Brent_M,days_to_expiry,nan,4,,0.04046235753685842
2028-08_2028-09,2028-08,HH_M/Brent_M,month_pair,Aug/Sep,366,0.12627620566613212,1.0
2028-08_2028-09,2028-08,HH_M/Brent_M,pooled,all,366,0.12627620566613212,1.0
2028-09_2028-10,2028-09,TTF_M/TTF_M1,year,2021,13,0.8991013765355839,0.013907977452312707
2028-09_2028-10,2028-09,TTF_M/TTF_M1,year,2022,64,0.9959219108873069,0.3293379707495207
2028-09_2028-10,2028-09,TTF_M/TTF_M1,year,2023,96,0.9871212831014711,0.28775676101476605
2028-09_2028-10,2028-09,TTF_M/TTF_M1,year,2024,96,0.9952700646878687,0.1009856819587505
2028-09_2028-10,2028-09,TTF_M/TTF_M1,year,2025,83,0.9968906190711274,0.09168705163122678
2028-09_2028-10,2028-09,TTF_M/TTF_M1,year,2026,33,0.9996752348380805,0.17632455719342316
2028-09_2028-10,2028-09,TTF_M/TTF_M1,days_to_expiry,"(365, 730]",182,0.9929853992198595,0.3878320034519841
2028-09_2028-10,2028-09,TTF_M/TTF_M1,days_to_expiry,"(180, 365]",103,0.9960776413928265,0.2298182125026327
2028-09_2028-10,2028-09,TTF_M/TTF_M1,days_to_expiry,"(90, 180]",48,0.9987967783880451,0.21339260992919223
2028-09_2028-10,2028-09,TTF_M/TTF_M1,days_to_expiry,"(60, 90]",16,0.9902750490790456,0.04014431112063202
2028-09_2028-10,2028-09,TTF_M/TTF_M1,days_to_expiry,"(30, 60]",16,0.9746086344981579,0.04445827184090287
2028-09_2028-10,2028-09,TTF_M/TTF_M1,days_to_expiry,"(0, 30]",16,0.9817078377974345,0.0639683327209152
2028-09_2028-10,2028-09,TTF_M/TTF_M1,days_to_expiry,nan,4,,0.020386258433740787
2028-09_2028-10,2028-09,TTF_M/TTF_M1,month_pair,Sep/Oct,385,0.9927223955210984,1.0
2028-09_2028-10,2028-09,TTF_M/TTF_M1,pooled,all,385,0.9927223955210984,1.0
2028-09_2028-10,2028-09,HH_M/HH_M1,year,2021,13,0.9987248266542376,0.008102018433611951
2028-09_2028-10,2028-09,HH_M/HH_M1,year,2022,64,0.9998382751452518,0.296547807574895
2028-09_2028-10,2028-09,HH_M/HH_M1,year,2023,96,0.9965534574246742,0.2527838622969426
2028-09_2028-10,2028-09,HH_M/HH_M1,year,2024,96,0.9966798402374496,0.1464940964538651
2028-09_2028-10,2028-09,HH_M/HH_M1,year,2025,83,0.9974426676092629,0.20054294175613935
2028-09_2028-10,2028-09,HH_M/HH_M1,year,2026,33,0.9983035072732158,0.0955292734845461
2028-09_2028-10,2028-09,HH_M/HH_M1,days_to_expiry,"(365, 730]",182,0.9993063089256703,0.28787872868910025
2028-09_2028-10,2028-09,HH_M/HH_M1,days_to_expiry,"(180, 365]",103,0.9994667954710412,0.3419972996820348
2028-09_2028-10,2028-09,HH_M/HH_M1,days_to_expiry,"(90, 180]",48,0.9976582005242495,0.16998665767485205
2028-09_2028-10,2028-09,HH_M/HH_M1,days_to_expiry,"(60, 90]",16,0.997284024305425,0.04672118322457183
2028-09_2028-10,2028-09,HH_M/HH_M1,days_to_expiry,"(30, 60]",16,0.9967742090747783,0.09567565235115601
2028-09_2028-10,2028-09,HH_M/HH_M1,days_to_expiry,"(0, 30]",16,0.9901649939352998,0.03911865913247606
2028-09_2028-10,2028-09,HH_M/HH_M1,days_to_expiry,nan,4,,0.018621819245809173
2028-09_2028-10,2028-09,HH_M/HH_M1,month_pair,Sep/Oct,385,0.9975181134917188,1.0
2028-09_2028-10,2028-09,HH_M/HH_M1,pooled,all,385,0.9975181134917188,1.0
2028-09_2028-10,2028-09,Brent_M/Brent_M1,year,2021,13,0.99989523949028,0.03605444862412829
2028-09_2028-10,2028-09,Brent_M/Brent_M1,year,2022,64,0.9997692801073979,0.19394341886397162
2028-09_2028-10,2028-09,Brent_M/Brent_M1,year,2023,96,0.9998245578790789,0.2203129143981083
2028-09_2028-10,2028-09,Brent_M/Brent_M1,year,2024,96,0.9996979154276061,0.13044815339266083
2028-09_2028-10,2028-09,Brent_M/Brent_M1,year,2025,83,0.9996791768505686,0.18812420338529087
2028-09_2028-10,2028-09,Brent_M/Brent_M1,year,2026,33,0.9976471376977134,0.23111686133584014
2028-09_2028-10,2028-09,Brent_M/Brent_M1,days_to_expiry,"(365, 730]",182,0.9998373725116942,0.3414618084488464
2028-09_2028-10,2028-09,Brent_M/Brent_M1,days_to_expiry,"(180, 365]",103,0.9998319689686376,0.23054006169339217
2028-09_2028-10,2028-09,Brent_M/Brent_M1,days_to_expiry,"(90, 180]",48,0.9990316620467183,0.22681985732639365
2028-09_2028-10,2028-09,Brent_M/Brent_M1,days_to_expiry,"(60, 90]",16,0.9993797501757092,0.07529942979257813
2028-09_2028-10,2028-09,Brent_M/Brent_M1,days_to_expiry,"(30, 60]",16,0.9940877175990722,0.05447683419413924
2028-09_2028-10,2028-09,Brent_M/Brent_M1,days_to_expiry,"(0, 30]",16,0.9989281813088366,0.06596822314171766
2028-09_2028-10,2028-09,Brent_M/Brent_M1,days_to_expiry,nan,4,,0.005433785402932699
2028-09_2028-10,2028-09,Brent_M/Brent_M1,month_pair,Sep/Oct,385,0.9989307318601341,1.0
2028-09_2028-10,2028-09,Brent_M/Brent_M1,pooled,all,385,0.9989307318601341,1.0
2028-09_2028-10,2028-09,TTF_M/HH_M,year,2021,13,0.09698719212153506,0.012880272193384458
2028-09_2028-10,2028-09,TTF_M/HH_M,year,2022,64,0.3504777998008862,0.30903367722243774
2028-09_2028-10,2028-09,TTF_M/HH_M,year,2023,96,0.18920799864648377,0.28900196003962947
2028-09_2028-10,2028-09,TTF_M/HH_M,year,2024,96,0.24847004223644859,0.11699193021361269
2028-09_2028-10,2028-09,TTF_M/HH_M,year,2025,83,0.10329815276083597,0.12138857576458696
2028-09_2028-10,2028-09,TTF_M/HH_M,year,2026,33,0.4043815607291706,0.15070358456634855
2028-09_2028-10,2028-09,TTF_M/HH_M,days_to_expiry,"(365, 730]",182,0.20726789875368956,0.3516801986428208
2028-09_2028-10,2028-09,TTF_M/HH_M,days_to_expiry,"(180, 365]",103,0.37645711649771235,0.2594227825528602
2028-09_2028-10,2028-09,TTF_M/HH_M,days_to_expiry,"(90, 180]",48,0.2493325743392784,0.19992037117177422
2028-09_2028-10,2028-09,TTF_M/HH_M,days_to_expiry,"(60, 90]",16,0.24933785754884683,0.045740308533615354
2028-09_2028-10,2028-09,TTF_M/HH_M,days_to_expiry,"(30, 60]",16,0.27745256225353476,0.06223158361457952
2028-09_2028-10,2028-09,TTF_M/HH_M,days_to_expiry,"(0, 30]",16,0.3774963469695742,0.06169148717760067
2028-09_2028-10,2028-09,TTF_M/HH_M,days_to_expiry,nan,4,,0.019313268306749037
2028-09_2028-10,2028-09,TTF_M/HH_M,month_pair,Sep/Oct,385,0.2603137221475054,1.0
2028-09_2028-10,2028-09,TTF_M/HH_M,pooled,all,385,0.2603137221475054,1.0
2028-09_2028-10,2028-09,TTF_M/Brent_M,year,2021,13,0.05144202355273887,0.018137842970637662
2028-09_2028-10,2028-09,TTF_M/Brent_M,year,2022,64,0.03250226355210839,0.29680311944433985
2028-09_2028-10,2028-09,TTF_M/Brent_M,year,2023,96,0.0017998803859365876,0.2879892094414856
2028-09_2028-10,2028-09,TTF_M/Brent_M,year,2024,96,-0.06933679751413842,0.10670264688100123
2028-09_2028-10,2028-09,TTF_M/Brent_M,year,2025,83,0.49495846153661466,0.10627712718357783
2028-09_2028-10,2028-09,TTF_M/Brent_M,year,2026,33,0.60932927089709,0.18409005407895782
2028-09_2028-10,2028-09,TTF_M/Brent_M,days_to_expiry,"(365, 730]",182,0.1521248719182366,0.37294960617952055
2028-09_2028-10,2028-09,TTF_M/Brent_M,days_to_expiry,"(180, 365]",103,-0.10476011222727945,0.22861906157506362
2028-09_2028-10,2028-09,TTF_M/Brent_M,days_to_expiry,"(90, 180]",48,0.4707318230061054,0.21346693411585713
2028-09_2028-10,2028-09,TTF_M/Brent_M,days_to_expiry,"(60, 90]",16,0.431823891168886,0.04900837478469794
2028-09_2028-10,2028-09,TTF_M/Brent_M,days_to_expiry,"(30, 60]",16,0.3928740208486322,0.04985538376496049
2028-09_2028-10,2028-09,TTF_M/Brent_M,days_to_expiry,"(0, 30]",16,0.2783931507258897,0.06971849455488739
2028-09_2028-10,2028-09,TTF_M/Brent_M,days_to_expiry,nan,4,,0.01638214502501287
2028-09_2028-10,2028-09,TTF_M/Brent_M,month_pair,Sep/Oct,385,0.20022702846792914,1.0
2028-09_2028-10,2028-09,TTF_M/Brent_M,pooled,all,385,0.20022702846792914,1.0
2028-09_2028-10,2028-09,HH_M/Brent_M,year,2021,13,0.12497976748529459,0.01681015244788457
2028-09_2028-10,2028-09,HH_M/Brent_M,year,2022,64,0.4515732995476583,0.2558984512791031
2028-09_2028-10,2028-09,HH_M/Brent_M,year,2023,96,0.24222519015636917,0.2435854764410172
2028-09_2028-10,2028-09,HH_M/Brent_M,year,2024,96,-0.02346506997709065,0.14561113537626824
2028-09_2028-10,2028-09,HH_M/Brent_M,year,2025,83,0.018844657326446995,0.19551572207767906
2028-09_2028-10,2028-09,HH_M/Brent_M,year,2026,33,0.15438906200004882,0.14257906237804774
2028-09_2028-10,2028-09,HH_M/Brent_M,days_to_expiry,"(365, 730]",182,0.32086858690352454,0.2978418338646156
2028-09_2028-10,2028-09,HH_M/Brent_M,days_to_expiry,"(180, 365]",103,0.21740230283830653,0.30070612193320884
2028-09_2028-10,2028-09,HH_M/Brent_M,days_to_expiry,"(90, 180]",48,0.12863159448152117,0.19101304202552025
2028-09_2028-10,2028-09,HH_M/Brent_M,days_to_expiry,"(60, 90]",16,0.23404845333391536,0.059182983424672576
2028-09_2028-10,2028-09,HH_M/Brent_M,days_to_expiry,"(30, 60]",16,0.03672588194996699,0.08542250856376518
2028-09_2028-10,2028-09,HH_M/Brent_M,days_to_expiry,"(0, 30]",16,0.22042216932137199,0.04931812828329992
2028-09_2028-10,2028-09,HH_M/Brent_M,days_to_expiry,nan,4,,0.01651538190491757
2028-09_2028-10,2028-09,HH_M/Brent_M,month_pair,Sep/Oct,385,0.18683930626601095,1.0
2028-09_2028-10,2028-09,HH_M/Brent_M,pooled,all,385,0.18683930626601095,1.0
2028-10_2028-11,2028-10,TTF_M/TTF_M1,year,2020,13,0.9981241017198488,0.0025073135653568192
2028-10_2028-11,2028-10,TTF_M/TTF_M1,year,2021,63,0.9981141089224774,0.12845094596780035
2028-10_2028-11,2028-10,TTF_M/TTF_M1,year,2022,102,0.9972794744406498,0.5777760745151811
2028-10_2028-11,2028-10,TTF_M/TTF_M1,year,2023,99,0.9686894048976303,0.17985726674306493
2028-10_2028-11,2028-10,TTF_M/TTF_M1,year,2024,88,0.9949224228151188,0.07480705709876397
2028-10_2028-11,2028-10,TTF_M/TTF_M1,year,2025,37,0.9555693536292192,0.03660134210983301
2028-10_2028-11,2028-10,TTF_M/TTF_M1,days_to_expiry,"(365, 730]",199,0.9973465060703652,0.27757685999629017
2028-10_2028-11,2028-10,TTF_M/TTF_M1,days_to_expiry,"(180, 365]",103,0.9961146146482043,0.4847851434662387
2028-10_2028-11,2028-10,TTF_M/TTF_M1,days_to_expiry,"(90, 180]",48,0.9832742314368423,0.08677624826127626
2028-10_2028-11,2028-10,TTF_M/TTF_M1,days_to_expiry,"(60, 90]",16,0.9824789821208022,0.046845266860437634
2028-10_2028-11,2028-10,TTF_M/TTF_M1,days_to_expiry,"(30, 60]",16,0.9790595553596788,0.04790643850328125
2028-10_2028-11,2028-10,TTF_M/TTF_M1,days_to_expiry,"(0, 30]",16,0.9451159144481491,0.048710524371139464
2028-10_2028-11,2028-10,TTF_M/TTF_M1,days_to_expiry,nan,4,,0.007399518541336671
2028-10_2028-11,2028-10,TTF_M/TTF_M1,month_pair,Oct/Nov,402,0.9894584270950775,1.0
2028-10_2028-11,2028-10,TTF_M/TTF_M1,pooled,all,402,0.9894584270950775,1.0
2028-10_2028-11,2028-10,HH_M/HH_M1,year,2020,13,0.9926489674178886,0.004378427307106605
2028-10_2028-11,2028-10,HH_M/HH_M1,year,2021,63,0.9973972311146219,0.050363599101237604
2028-10_2028-11,2028-10,HH_M/HH_M1,year,2022,102,0.9984658769053805,0.6029627099497125
2028-10_2028-11,2028-10,HH_M/HH_M1,year,2023,99,0.9622535488237456,0.1559089619966519
2028-10_2028-11,2028-10,HH_M/HH_M1,year,2024,88,0.9694274956219553,0.08810508267348666
2028-10_2028-11,2028-10,HH_M/HH_M1,year,2025,37,0.9873438132226353,0.09828121897180497
2028-10_2028-11,2028-10,HH_M/HH_M1,days_to_expiry,"(365, 730]",199,0.9925540382084481,0.22427569312478332
2028-10_2028-11,2028-10,HH_M/HH_M1,days_to_expiry,"(180, 365]",103,0.9895930934281493,0.24519215948624792
2028-10_2028-11,2028-10,HH_M/HH_M1,days_to_expiry,"(90, 180]",48,0.9894434115443097,0.2455870416688028
2028-10_2028-11,2028-10,HH_M/HH_M1,days_to_expiry,"(60, 90]",16,0.9913437863987519,0.13310361951519972
2028-10_2028-11,2028-10,HH_M/HH_M1,days_to_expiry,"(30, 60]",16,0.9761523048699928,0.059165809412159785
2028-10_2028-11,2028-10,HH_M/HH_M1,days_to_expiry,"(0, 30]",16,0.958893174868663,0.07429850748840336
2028-10_2028-11,2028-10,HH_M/HH_M1,days_to_expiry,nan,4,,0.01837716930440326
2028-10_2028-11,2028-10,HH_M/HH_M1,month_pair,Oct/Nov,402,0.9855779265298024,1.0
2028-10_2028-11,2028-10,HH_M/HH_M1,pooled,all,402,0.9855779265298024,1.0
2028-10_2028-11,2028-10,Brent_M/Brent_M1,year,2020,13,0.9998932449188518,0.022920174217702666
2028-10_2028-11,2028-10,Brent_M/Brent_M1,year,2021,63,0.9998334899797736,0.1270844811277679
2028-10_2028-11,2028-10,Brent_M/Brent_M1,year,2022,102,0.9991086047421649,0.3825168266621587
2028-10_2028-11,2028-10,Brent_M/Brent_M1,year,2023,99,0.9995014053603006,0.21610455513650415
2028-10_2028-11,2028-10,Brent_M/Brent_M1,year,2024,88,0.9997230345186837,0.12960024871197354
2028-10_2028-11,2028-10,Brent_M/Brent_M1,year,2025,37,0.9998323902229705,0.12177371414389299
2028-10_2028-11,2028-10,Brent_M/Brent_M1,days_to_expiry,"(365, 730]",199,0.9998313421032515,0.36327032484650823
2028-10_2028-11,2028-10,Brent_M/Brent_M1,days_to_expiry,"(180, 365]",103,0.99971847236356,0.2926649006344015
2028-10_2028-11,2028-10,Brent_M/Brent_M1,days_to_expiry,"(90, 180]",48,0.9994416164366476,0.18259450950305822
2028-10_2028-11,2028-10,Brent_M/Brent_M1,days_to_expiry,"(60, 90]",16,0.9983170155596491,0.05064427128453441
2028-10_2028-11,2028-10,Brent_M/Brent_M1,days_to_expiry,"(30, 60]",16,0.9989533268423282,0.04026320518274662
2028-10_2028-11,2028-10,Brent_M/Brent_M1,days_to_expiry,"(0, 30]",16,0.9993839807844113,0.06143945777551202
2028-10_2028-11,2028-10,Brent_M/Brent_M1,days_to_expiry,nan,4,,0.009123330773238906
2028-10_2028-11,2028-10,Brent_M/Brent_M1,month_pair,Oct/Nov,402,0.9994399552469134,1.0
2028-10_2028-11,2028-10,Brent_M/Brent_M1,pooled,all,402,0.9994399552469134,1.0
2028-10_2028-11,2028-10,TTF_M/HH_M,year,2020,13,0.11846128213089176,0.0030239703370471653
2028-10_2028-11,2028-10,TTF_M/HH_M,year,2021,63,0.03602200586517735,0.10278490240267057
2028-10_2028-11,2028-10,TTF_M/HH_M,year,2022,102,0.1263133369834484,0.5645470699681217
2028-10_2028-11,2028-10,TTF_M/HH_M,year,2023,99,0.21444451505603654,0.19036042736815795
2028-10_2028-11,2028-10,TTF_M/HH_M,year,2024,88,0.2914420455777878,0.0843081693842277
2028-10_2028-11,2028-10,TTF_M/HH_M,year,2025,37,0.08488487693120444,0.054975460539775006
2028-10_2028-11,2028-10,TTF_M/HH_M,days_to_expiry,"(365, 730]",199,0.22448871727686698,0.25727103213321123
2028-10_2028-11,2028-10,TTF_M/HH_M,days_to_expiry,"(180, 365]",103,0.20803631441278733,0.40989908845426465
2028-10_2028-11,2028-10,TTF_M/HH_M,days_to_expiry,"(90, 180]",48,-0.13469640816613992,0.1335821053162448
2028-10_2028-11,2028-10,TTF_M/HH_M,days_to_expiry,"(60, 90]",16,0.09052567165769422,0.07131951512870674
2028-10_2028-11,2028-10,TTF_M/HH_M,days_to_expiry,"(30, 60]",16,0.3476520833091,0.05270135319663863
2028-10_2028-11,2028-10,TTF_M/HH_M,days_to_expiry,"(0, 30]",16,0.5010530598682564,0.06349606790165482
2028-10_2028-11,2028-10,TTF_M/HH_M,days_to_expiry,nan,4,,0.01173083786927919
2028-10_2028-11,2028-10,TTF_M/HH_M,month_pair,Oct/Nov,402,0.16398641971359174,1.0
2028-10_2028-11,2028-10,TTF_M/HH_M,pooled,all,402,0.16398641971359174,1.0
2028-10_2028-11,2028-10,TTF_M/Brent_M,year,2020,13,0.8265592117418646,0.0049841832679114375
2028-10_2028-11,2028-10,TTF_M/Brent_M,year,2021,63,0.2549730220765892,0.12407979283698935
2028-10_2028-11,2028-10,TTF_M/Brent_M,year,2022,102,0.12412282691408506,0.5403274055055043
2028-10_2028-11,2028-10,TTF_M/Brent_M,year,2023,99,0.0005334699093897285,0.2004543131868354
2028-10_2028-11,2028-10,TTF_M/Brent_M,year,2024,88,0.04650280952786943,0.08329294648383104
2028-10_2028-11,2028-10,TTF_M/Brent_M,year,2025,37,0.5192555661640695,0.04686135871892854
2028-10_2028-11,2028-10,TTF_M/Brent_M,days_to_expiry,"(365, 730]",199,0.20437166148337851,0.282148756067062
2028-10_2028-11,2028-10,TTF_M/Brent_M,days_to_expiry,"(180, 365]",103,0.20772576612806232,0.44942998200448475
2028-10_2028-11,2028-10,TTF_M/Brent_M,days_to_expiry,"(90, 180]",48,0.09708950044505489,0.10219660634946551
2028-10_2028-11,2028-10,TTF_M/Brent_M,days_to_expiry,"(60, 90]",16,-0.677054280948876,0.047947296530327005
2028-10_2028-11,2028-10,TTF_M/Brent_M,days_to_expiry,"(30, 60]",16,0.24436489041717452,0.04999659380231144
2028-10_2028-11,2028-10,TTF_M/Brent_M,days_to_expiry,"(0, 30]",16,0.2811672202450957,0.05950355174763953
2028-10_2028-11,2028-10,TTF_M/Brent_M,days_to_expiry,nan,4,,0.008777213498709765
2028-10_2028-11,2028-10,TTF_M/Brent_M,month_pair,Oct/Nov,402,0.14337940168858998,1.0
2028-10_2028-11,2028-10,TTF_M/Brent_M,pooled,all,402,0.14337940168858998,1.0
2028-10_2028-11,2028-10,HH_M/Brent_M,year,2020,13,-0.052552761245306195,0.009123358262216762
2028-10_2028-11,2028-10,HH_M/Brent_M,year,2021,63,0.04567292168619138,0.06829953154725056
2028-10_2028-11,2028-10,HH_M/Brent_M,year,2022,102,0.4725867839002328,0.5210942037657351
2028-10_2028-11,2028-10,HH_M/Brent_M,year,2023,99,0.2148125977518541,0.1818414991332703
2028-10_2028-11,2028-10,HH_M/Brent_M,year,2024,88,-0.08635014548684498,0.11054490878763663
2028-10_2028-11,2028-10,HH_M/Brent_M,year,2025,37,0.18937195597052542,0.10909649850389075
2028-10_2028-11,2028-10,HH_M/Brent_M,days_to_expiry,"(365, 730]",199,0.3579270530086702,0.25731873230212865
2028-10_2028-11,2028-10,HH_M/Brent_M,days_to_expiry,"(180, 365]",103,0.22069530505329493,0.26200159828031155
2028-10_2028-11,2028-10,HH_M/Brent_M,days_to_expiry,"(90, 180]",48,0.3834404601707671,0.22880688632382085
2028-10_2028-11,2028-10,HH_M/Brent_M,days_to_expiry,"(60, 90]",16,0.35810662600754023,0.11090682808754146
2028-10_2028-11,2028-10,HH_M/Brent_M,days_to_expiry,"(30, 60]",16,-0.26095520450714793,0.05223888617795623
2028-10_2028-11,2028-10,HH_M/Brent_M,days_to_expiry,"(0, 30]",16,0.38995991783751904,0.07172636615137157
2028-10_2028-11,2028-10,HH_M/Brent_M,days_to_expiry,nan,4,,0.017000702676869782
2028-10_2028-11,2028-10,HH_M/Brent_M,month_pair,Oct/Nov,402,0.2814967921188597,1.0
2028-10_2028-11,2028-10,HH_M/Brent_M,pooled,all,402,0.2814967921188597,1.0
2028-11_2028-12,2028-11,TTF_M/TTF_M1,year,2020,13,0.9948871202659337,0.0018430889103095746
2028-11_2028-12,2028-11,TTF_M/TTF_M1,year,2021,63,0.9989937689865278,0.12862934533018835
2028-11_2028-12,2028-11,TTF_M/TTF_M1,year,2022,104,0.9959762473913776,0.5824024340945937
2028-11_2028-12,2028-11,TTF_M/TTF_M1,year,2023,104,0.9896113790432141,0.18130242462175253
2028-11_2028-12,2028-11,TTF_M/TTF_M1,year,2024,92,0.9985359445766366,0.05945237629721379
2028-11_2028-12,2028-11,TTF_M/TTF_M1,year,2025,42,0.9991931705328667,0.046370330745942115
2028-11_2028-12,2028-11,TTF_M/TTF_M1,days_to_expiry,"(730, 1095]",15,0.9985487776297229,0.004983300666637154
2028-11_2028-12,2028-11,TTF_M/TTF_M1,days_to_expiry,"(365, 730]",200,0.9987108649778951,0.3518465909774216
2028-11_2028-12,2028-11,TTF_M/TTF_M1,days_to_expiry,"(180, 365]",102,0.9988447039859665,0.407131020522966
2028-11_2028-12,2028-11,TTF_M/TTF_M1,days_to_expiry,"(90, 180]",49,0.9975746398280382,0.12648043899447659
2028-11_2028-12,2028-11,TTF_M/TTF_M1,days_to_expiry,"(60, 90]",16,0.9952520630294434,0.0346933359222799
2028-11_2028-12,2028-11,TTF_M/TTF_M1,days_to_expiry,"(30, 60]",16,0.9870272712797697,0.017839688159942937
2028-11_2028-12,2028-11,TTF_M/TTF_M1,days_to_expiry,"(0, 30]",16,0.9841781182394852,0.04986638386800355
2028-11_2028-12,2028-11,TTF_M/TTF_M1,days_to_expiry,nan,4,,0.007159240888272318
2028-11_2028-12,2028-11,TTF_M/TTF_M1,month_pair,Nov/Dec,418,0.995363160462431,1.0
2028-11_2028-12,2028-11,TTF_M/TTF_M1,pooled,all,418,0.995363160462431,1.0
2028-11_2028-12,2028-11,HH_M/HH_M1,year,2020,13,0.9887328581607073,0.004304480707141655
2028-11_2028-12,2028-11,HH_M/HH_M1,year,2021,63,0.9946962391129706,0.04960733685004228
2028-11_2028-12,2028-11,HH_M/HH_M1,year,2022,104,0.9966106300782166,0.5902578764822444
2028-11_2028-12,2028-11,HH_M/HH_M1,year,2023,104,0.9838236221881458,0.14374059974900277
2028-11_2028-12,2028-11,HH_M/HH_M1,year,2024,92,0.9612799023874398,0.10042698328262668
2028-11_2028-12,2028-11,HH_M/HH_M1,year,2025,42,0.9830071440946058,0.11166272292894217
2028-11_2028-12,2028-11,HH_M/HH_M1,days_to_expiry,"(730, 1095]",15,0.9681701280116458,0.004036031254374277
2028-11_2028-12,2028-11,HH_M/HH_M1,days_to_expiry,"(365, 730]",200,0.9924297921995665,0.20864766923717853
2028-11_2028-12,2028-11,HH_M/HH_M1,days_to_expiry,"(180, 365]",102,0.9953223385939501,0.33472764174984637
2028-11_2028-12,2028-11,HH_M/HH_M1,days_to_expiry,"(90, 180]",49,0.9927348813850286,0.231029049357638
2028-11_2028-12,2028-11,HH_M/HH_M1,days_to_expiry,"(60, 90]",16,0.9799153242930607,0.04131605000174645
2028-11_2028-12,2028-11,HH_M/HH_M1,days_to_expiry,"(30, 60]",16,0.9876520973868721,0.05961512207429148
2028-11_2028-12,2028-11,HH_M/HH_M1,days_to_expiry,"(0, 30]",16,0.9801475160098867,0.11205634684036586
2028-11_2028-12,2028-11,HH_M/HH_M1,days_to_expiry,nan,4,,0.008572089484558964
2028-11_2028-12,2028-11,HH_M/HH_M1,month_pair,Nov/Dec,418,0.9878158622020845,1.0
2028-11_2028-12,2028-11,HH_M/HH_M1,pooled,all,418,0.9878158622020845,1.0
2028-11_2028-12,2028-11,Brent_M/Brent_M1,year,2020,13,0.9997095754801842,0.009465778373167155
2028-11_2028-12,2028-11,Brent_M/Brent_M1,year,2021,63,0.9997789553450962,0.1219031011016986
2028-11_2028-12,2028-11,Brent_M/Brent_M1,year,2022,104,0.9994876033600366,0.39688594957587137
2028-11_2028-12,2028-11,Brent_M/Brent_M1,year,2023,104,0.9996272082125477,0.21986645947996114
2028-11_2028-12,2028-11,Brent_M/Brent_M1,year,2024,92,0.9999076438053011,0.14581977850490158
2028-11_2028-12,2028-11,Brent_M/Brent_M1,year,2025,42,0.9996165732855957,0.10605893296440015
2028-11_2028-12,2028-11,Brent_M/Brent_M1,days_to_expiry,"(730, 1095]",15,0.999924640748927,0.039526881965066894
2028-11_2028-12,2028-11,Brent_M/Brent_M1,days_to_expiry,"(365, 730]",200,0.9998277313946478,0.3914106872490168
2028-11_2028-12,2028-11,Brent_M/Brent_M1,days_to_expiry,"(180, 365]",102,0.9996451049077728,0.24028085665972027
2028-11_2028-12,2028-11,Brent_M/Brent_M1,days_to_expiry,"(90, 180]",49,0.9994340613070611,0.14858835335335357
2028-11_2028-12,2028-11,Brent_M/Brent_M1,days_to_expiry,"(60, 90]",16,0.9996723740736022,0.0417888046192388
2028-11_2028-12,2028-11,Brent_M/Brent_M1,days_to_expiry,"(30, 60]",16,0.999559724712268,0.054039102828318954
2028-11_2028-12,2028-11,Brent_M/Brent_M1,days_to_expiry,"(0, 30]",16,0.9990608686651428,0.06644249920857238
2028-11_2028-12,2028-11,Brent_M/Brent_M1,days_to_expiry,nan,4,,0.017922814116712253
2028-11_2028-12,2028-11,Brent_M/Brent_M1,month_pair,Nov/Dec,418,0.9995974712238196,1.0
2028-11_2028-12,2028-11,Brent_M/Brent_M1,pooled,all,418,0.9995974712238196,1.0
2028-11_2028-12,2028-11,TTF_M/HH_M,year,2020,13,0.05917740539518653,0.002419403363228961
2028-11_2028-12,2028-11,TTF_M/HH_M,year,2021,63,0.154050522339349,0.10735369643725774
2028-11_2028-12,2028-11,TTF_M/HH_M,year,2022,104,-0.010532250180560703,0.5754319801750811
2028-11_2028-12,2028-11,TTF_M/HH_M,year,2023,104,0.04905354020761011,0.1776195570072422
2028-11_2028-12,2028-11,TTF_M/HH_M,year,2024,92,0.24397520425443683,0.07319694791033818
2028-11_2028-12,2028-11,TTF_M/HH_M,year,2025,42,0.1713585666300793,0.06397841510685179
2028-11_2028-12,2028-11,TTF_M/HH_M,days_to_expiry,"(730, 1095]",15,0.4602655593339383,0.004739180532213107
2028-11_2028-12,2028-11,TTF_M/HH_M,days_to_expiry,"(365, 730]",200,0.07992753908518976,0.31150123544282804
2028-11_2028-12,2028-11,TTF_M/HH_M,days_to_expiry,"(180, 365]",102,0.05434153525790979,0.38158530186187745
2028-11_2028-12,2028-11,TTF_M/HH_M,days_to_expiry,"(90, 180]",49,-0.1856515622322394,0.1513923612878902
2028-11_2028-12,2028-11,TTF_M/HH_M,days_to_expiry,"(60, 90]",16,0.5980715037721942,0.036747671575469244
2028-11_2028-12,2028-11,TTF_M/HH_M,days_to_expiry,"(30, 60]",16,0.32322680543133964,0.02755900261764068
2028-11_2028-12,2028-11,TTF_M/HH_M,days_to_expiry,"(0, 30]",16,0.1160182989311872,0.0778237177122472
2028-11_2028-12,2028-11,TTF_M/HH_M,days_to_expiry,nan,4,,0.008651528969834107
2028-11_2028-12,2028-11,TTF_M/HH_M,month_pair,Nov/Dec,418,0.06100262025304061,1.0
2028-11_2028-12,2028-11,TTF_M/HH_M,pooled,all,418,0.06100262025304061,1.0
2028-11_2028-12,2028-11,TTF_M/Brent_M,year,2020,13,0.8069819294643618,0.002719491934746352
2028-11_2028-12,2028-11,TTF_M/Brent_M,year,2021,63,0.02370553788375657,0.12584013366673436
2028-11_2028-12,2028-11,TTF_M/Brent_M,year,2022,104,-0.08077348536645629,0.5565010269122722
2028-11_2028-12,2028-11,TTF_M/Brent_M,year,2023,104,0.30541479641539043,0.19133509449149244
2028-11_2028-12,2028-11,TTF_M/Brent_M,year,2024,92,0.03289339099638996,0.070019367474201
2028-11_2028-12,2028-11,TTF_M/Brent_M,year,2025,42,0.6530190108192564,0.05358488552055351
2028-11_2028-12,2028-11,TTF_M/Brent_M,days_to_expiry,"(730, 1095]",15,-0.08366384795183744,0.008951856419959029
2028-11_2028-12,2028-11,TTF_M/Brent_M,days_to_expiry,"(365, 730]",200,0.1189137596694706,0.3511323841638269
2028-11_2028-12,2028-11,TTF_M/Brent_M,days_to_expiry,"(180, 365]",102,0.10428313422111088,0.38051979146753406
2028-11_2028-12,2028-11,TTF_M/Brent_M,days_to_expiry,"(90, 180]",49,-0.2261204292027917,0.12921707002576163
2028-11_2028-12,2028-11,TTF_M/Brent_M,days_to_expiry,"(60, 90]",16,0.445407476100716,0.03579694943403441
2028-11_2028-12,2028-11,TTF_M/Brent_M,days_to_expiry,"(30, 60]",16,0.5135075699312497,0.021952848932350662
2028-11_2028-12,2028-11,TTF_M/Brent_M,days_to_expiry,"(0, 30]",16,0.3094615402629317,0.06256391959462408
2028-11_2028-12,2028-11,TTF_M/Brent_M,days_to_expiry,nan,4,,0.00986517996190922
2028-11_2028-12,2028-11,TTF_M/Brent_M,month_pair,Nov/Dec,418,0.08987276587314057,1.0
2028-11_2028-12,2028-11,TTF_M/Brent_M,pooled,all,418,0.08987276587314057,1.0
2028-11_2028-12,2028-11,HH_M/Brent_M,year,2020,13,-0.3045584300921519,0.0057251947403771115
2028-11_2028-12,2028-11,HH_M/Brent_M,year,2021,63,0.0894600111764613,0.06924600073336742
2028-11_2028-12,2028-11,HH_M/Brent_M,year,2022,104,0.3584981240016893,0.518212423884872
2028-11_2028-12,2028-11,HH_M/Brent_M,year,2023,104,0.08433001344589423,0.1683929841480311
2028-11_2028-12,2028-11,HH_M/Brent_M,year,2024,92,0.1111700899606804,0.12316022164098007
2028-11_2028-12,2028-11,HH_M/Brent_M,year,2025,42,0.060840135210437754,0.11526317485237227
2028-11_2028-12,2028-11,HH_M/Brent_M,days_to_expiry,"(730, 1095]",15,-0.36237704205615523,0.014070675661896284
2028-11_2028-12,2028-11,HH_M/Brent_M,days_to_expiry,"(365, 730]",200,0.288150119460845,0.2580736759535506
2028-11_2028-12,2028-11,HH_M/Brent_M,days_to_expiry,"(180, 365]",102,0.1340170570213712,0.30345467089068073
2028-11_2028-12,2028-11,HH_M/Brent_M,days_to_expiry,"(90, 180]",49,0.4716660006650641,0.20475542762185361
2028-11_2028-12,2028-11,HH_M/Brent_M,days_to_expiry,"(60, 90]",16,0.2926218404422884,0.04246066664256945
2028-11_2028-12,2028-11,HH_M/Brent_M,days_to_expiry,"(30, 60]",16,0.27237119515747993,0.056919137155254346
2028-11_2028-12,2028-11,HH_M/Brent_M,days_to_expiry,"(0, 30]",16,-0.09355600187729857,0.10930292607874101
2028-11_2028-12,2028-11,HH_M/Brent_M,days_to_expiry,nan,4,,0.010962819995453994
2028-11_2028-12,2028-11,HH_M/Brent_M,month_pair,Nov/Dec,418,0.21801793793708205,1.0
2028-11_2028-12,2028-11,HH_M/Brent_M,pooled,all,418,0.21801793793708205,1.0
2028-12_2029-01,2028-12,TTF_M/TTF_M1,year,2020,13,0.9748404289208076,0.0008984130398752047
2028-12_2029-01,2028-12,TTF_M/TTF_M1,year,2021,63,0.9983900231676579,0.2192611368556293
2028-12_2029-01,2028-12,TTF_M/TTF_M1,year,2022,109,0.9947819989667948,0.5179956550000949
2028-12_2029-01,2028-12,TTF_M/TTF_M1,year,2023,109,0.9980732042043922,0.1662218434849219
2028-12_2029-01,2028-12,TTF_M/TTF_M1,year,2024,96,0.9987006498508254,0.05429283483631787
2028-12_2029-01,2028-12,TTF_M/TTF_M1,year,2025,46,0.9994259227769225,0.041330116783160786
2028-12_2029-01,2028-12,TTF_M/TTF_M1,days_to_expiry,"(730, 1095]",32,0.9801182142527796,0.013661982511084645
2028-12_2029-01,2028-12,TTF_M/TTF_M1,days_to_expiry,"(365, 730]",200,0.9953213022141071,0.3858292283118684
2028-12_2029-01,2028-12,TTF_M/TTF_M1,days_to_expiry,"(180, 365]",102,0.9975842105440423,0.37904037845399124
2028-12_2029-01,2028-12,TTF_M/TTF_M1,days_to_expiry,"(90, 180]",50,0.9994003955249371,0.1312176990381956
2028-12_2029-01,2028-12,TTF_M/TTF_M1,days_to_expiry,"(60, 90]",16,0.9978806340623084,0.028370158779858944
2028-12_2029-01,2028-12,TTF_M/TTF_M1,days_to_expiry,"(30, 60]",17,0.9980547849044924,0.0226167927406309
2028-12_2029-01,2028-12,TTF_M/TTF_M1,days_to_expiry,"(0, 30]",15,0.9957166562586522,0.03540051475997826
2028-12_2029-01,2028-12,TTF_M/TTF_M1,days_to_expiry,nan,4,,0.0038632454043920875
2028-12_2029-01,2028-12,TTF_M/TTF_M1,month_pair,Dec/Jan,436,0.996489593968047,1.0
2028-12_2029-01,2028-12,TTF_M/TTF_M1,pooled,all,436,0.996489593968047,1.0
2028-12_2029-01,2028-12,HH_M/HH_M1,year,2020,13,0.9969032138378995,0.0028166571211090097
2028-12_2029-01,2028-12,HH_M/HH_M1,year,2021,63,0.9982881664382522,0.04798534854994592
2028-12_2029-01,2028-12,HH_M/HH_M1,year,2022,109,0.9991809536626035,0.6056608823503689
2028-12_2029-01,2028-12,HH_M/HH_M1,year,2023,109,0.9874968781197012,0.13846106915294773
2028-12_2029-01,2028-12,HH_M/HH_M1,year,2024,96,0.9832802559844213,0.10120650827001582
2028-12_2029-01,2028-12,HH_M/HH_M1,year,2025,46,0.9903817651641712,0.10386953455561247
2028-12_2029-01,2028-12,HH_M/HH_M1,days_to_expiry,"(730, 1095]",32,0.9919546013823312,0.010413478282547453
2028-12_2029-01,2028-12,HH_M/HH_M1,days_to_expiry,"(365, 730]",200,0.997567279613973,0.20132380730030464
2028-12_2029-01,2028-12,HH_M/HH_M1,days_to_expiry,"(180, 365]",102,0.998416363683631,0.37432681741524937
2028-12_2029-01,2028-12,HH_M/HH_M1,days_to_expiry,"(90, 180]",50,0.9975716845122976,0.18035987240009835
2028-12_2029-01,2028-12,HH_M/HH_M1,days_to_expiry,"(60, 90]",16,0.9948914890711857,0.04213536151228213
2028-12_2029-01,2028-12,HH_M/HH_M1,days_to_expiry,"(30, 60]",17,0.9979033748804035,0.09874578457599158
2028-12_2029-01,2028-12,HH_M/HH_M1,days_to_expiry,"(0, 30]",15,0.985849784144008,0.07108950759577215
2028-12_2029-01,2028-12,HH_M/HH_M1,days_to_expiry,nan,4,,0.02160537091775434
2028-12_2029-01,2028-12,HH_M/HH_M1,month_pair,Dec/Jan,436,0.9940203400837204,1.0
2028-12_2029-01,2028-12,HH_M/HH_M1,pooled,all,436,0.9940203400837204,1.0
2028-12_2029-01,2028-12,Brent_M/Brent_M1,year,2020,13,0.9998226183689393,0.010356675280817908
2028-12_2029-01,2028-12,Brent_M/Brent_M1,year,2021,63,0.9998555261781871,0.1575428237661547
2028-12_2029-01,2028-12,Brent_M/Brent_M1,year,2022,109,0.9995697792466409,0.3984356267122797
2028-12_2029-01,2028-12,Brent_M/Brent_M1,year,2023,109,0.9996955249277242,0.178276499116464
2028-12_2029-01,2028-12,Brent_M/Brent_M1,year,2024,96,0.9999207282055992,0.1498706869860247
2028-12_2029-01,2028-12,Brent_M/Brent_M1,year,2025,46,0.9997863963050635,0.10551768813825889
2028-12_2029-01,2028-12,Brent_M/Brent_M1,days_to_expiry,"(730, 1095]",32,0.9998584969584924,0.05366302848031299
2028-12_2029-01,2028-12,Brent_M/Brent_M1,days_to_expiry,"(365, 730]",200,0.9998530366524715,0.38296416726703797
2028-12_2029-01,2028-12,Brent_M/Brent_M1,days_to_expiry,"(180, 365]",102,0.9998124605612589,0.28444483034044893
2028-12_2029-01,2028-12,Brent_M/Brent_M1,days_to_expiry,"(90, 180]",50,0.9997541069609642,0.12684491493215622
2028-12_2029-01,2028-12,Brent_M/Brent_M1,days_to_expiry,"(60, 90]",16,0.9996721797293057,0.046712457144843685
2028-12_2029-01,2028-12,Brent_M/Brent_M1,days_to_expiry,"(30, 60]",17,0.999694646664135,0.05601433894200227
2028-12_2029-01,2028-12,Brent_M/Brent_M1,days_to_expiry,"(0, 30]",15,0.9986334199210671,0.043447844557164016
2028-12_2029-01,2028-12,Brent_M/Brent_M1,days_to_expiry,nan,4,,0.005908418336033926
2028-12_2029-01,2028-12,Brent_M/Brent_M1,month_pair,Dec/Jan,436,0.99970318331873,1.0
2028-12_2029-01,2028-12,Brent_M/Brent_M1,pooled,all,436,0.99970318331873,1.0
2028-12_2029-01,2028-12,TTF_M/HH_M,year,2020,13,-0.1857908558902831,0.0012695618234873044
2028-12_2029-01,2028-12,TTF_M/HH_M,year,2021,63,0.15376533874604525,0.18050415076824924
2028-12_2029-01,2028-12,TTF_M/HH_M,year,2022,109,0.09395408060363843,0.5367114051966027
2028-12_2029-01,2028-12,TTF_M/HH_M,year,2023,109,0.2091027044760902,0.16041449613873407
2028-12_2029-01,2028-12,TTF_M/HH_M,year,2024,96,0.26546748087400984,0.06624786699980803
2028-12_2029-01,2028-12,TTF_M/HH_M,year,2025,46,0.2276656171711198,0.0548525190731186
2028-12_2029-01,2028-12,TTF_M/HH_M,days_to_expiry,"(730, 1095]",32,0.3198085694770135,0.013144676920781785
2028-12_2029-01,2028-12,TTF_M/HH_M,days_to_expiry,"(365, 730]",200,0.18781558073325835,0.3429259632698992
2028-12_2029-01,2028-12,TTF_M/HH_M,days_to_expiry,"(180, 365]",102,0.16785813625232576,0.37863140697323583
2028-12_2029-01,2028-12,TTF_M/HH_M,days_to_expiry,"(90, 180]",50,-0.0795495099241334,0.14089313081995714
2028-12_2029-01,2028-12,TTF_M/HH_M,days_to_expiry,"(60, 90]",16,0.13238313815619418,0.030919887261611094
2028-12_2029-01,2028-12,TTF_M/HH_M,days_to_expiry,"(30, 60]",17,0.3345639741918729,0.04058339067598583
2028-12_2029-01,2028-12,TTF_M/HH_M,days_to_expiry,"(0, 30]",15,0.2319889822447807,0.044378038674929336
2028-12_2029-01,2028-12,TTF_M/HH_M,days_to_expiry,nan,4,,0.008523505403599672
2028-12_2029-01,2028-12,TTF_M/HH_M,month_pair,Dec/Jan,436,0.149179966549251,1.0
2028-12_2029-01,2028-12,TTF_M/HH_M,pooled,all,436,0.149179966549251,1.0
2028-12_2029-01,2028-12,TTF_M/Brent_M,year,2020,13,0.6695638509247376,0.002064448643780124
2028-12_2029-01,2028-12,TTF_M/Brent_M,year,2021,63,0.03802585222527458,0.20796046505468646
2028-12_2029-01,2028-12,TTF_M/Brent_M,year,2022,109,0.08113652765635072,0.5069366352859894
2028-12_2029-01,2028-12,TTF_M/Brent_M,year,2023,109,0.1984618807551489,0.16800413642997342
2028-12_2029-01,2028-12,TTF_M/Brent_M,year,2024,96,-0.061237549603782866,0.06618513200369747
2028-12_2029-01,2028-12,TTF_M/Brent_M,year,2025,46,0.6247902380218545,0.048849182581873096
2028-12_2029-01,2028-12,TTF_M/Brent_M,days_to_expiry,"(730, 1095]",32,0.13917700812639228,0.01886151982715641
2028-12_2029-01,2028-12,TTF_M/Brent_M,days_to_expiry,"(365, 730]",200,0.22513234548217578,0.38102521230037056
2028-12_2029-01,2028-12,TTF_M/Brent_M,days_to_expiry,"(180, 365]",102,0.20093574177925144,0.3694896934382999
2028-12_2029-01,2028-12,TTF_M/Brent_M,days_to_expiry,"(90, 180]",50,-0.10690813166573204,0.13019685273176035
2028-12_2029-01,2028-12,TTF_M/Brent_M,days_to_expiry,"(60, 90]",16,0.26483597123207836,0.030194387619248204
2028-12_2029-01,2028-12,TTF_M/Brent_M,days_to_expiry,"(30, 60]",17,-0.3166889051765202,0.027619645365598317
2028-12_2029-01,2028-12,TTF_M/Brent_M,days_to_expiry,"(0, 30]",15,-0.5678413276661334,0.03831782448259892
2028-12_2029-01,2028-12,TTF_M/Brent_M,days_to_expiry,nan,4,,0.004294864234967335
2028-12_2029-01,2028-12,TTF_M/Brent_M,month_pair,Dec/Jan,436,0.12552665420566814,1.0
2028-12_2029-01,2028-12,TTF_M/Brent_M,pooled,all,436,0.12552665420566814,1.0
2028-12_2029-01,2028-12,HH_M/Brent_M,year,2020,13,-0.23129544989738096,0.00538145707167115
2028-12_2029-01,2028-12,HH_M/Brent_M,year,2021,63,0.04937645670131749,0.08591617039204182
2028-12_2029-01,2028-12,HH_M/Brent_M,year,2022,109,0.3083015725147657,0.5232101962311654
2028-12_2029-01,2028-12,HH_M/Brent_M,year,2023,109,0.1847194049625723,0.15174092371412012
2028-12_2029-01,2028-12,HH_M/Brent_M,year,2024,96,0.1032030549196357,0.1255078365995502
2028-12_2029-01,2028-12,HH_M/Brent_M,year,2025,46,0.188463213126026,0.1082434159914512
2028-12_2029-01,2028-12,HH_M/Brent_M,days_to_expiry,"(730, 1095]",32,-0.1763596807473457,0.025250364582396836
2028-12_2029-01,2028-12,HH_M/Brent_M,days_to_expiry,"(365, 730]",200,0.26435525305046975,0.2626195176873035
2028-12_2029-01,2028-12,HH_M/Brent_M,days_to_expiry,"(180, 365]",102,0.28737414941697026,0.33842542283912647
2028-12_2029-01,2028-12,HH_M/Brent_M,days_to_expiry,"(90, 180]",50,0.36421945088446867,0.1616080023126817
2028-12_2029-01,2028-12,HH_M/Brent_M,days_to_expiry,"(60, 90]",16,0.22049152066735878,0.04414378471609015
2028-12_2029-01,2028-12,HH_M/Brent_M,days_to_expiry,"(30, 60]",17,0.005633609540187803,0.08775940680846721
2028-12_2029-01,2028-12,HH_M/Brent_M,days_to_expiry,"(0, 30]",15,-0.08956589730321883,0.061458759170698374
2028-12_2029-01,2028-12,HH_M/Brent_M,days_to_expiry,nan,4,,0.0187347418832357
2028-12_2029-01,2028-12,HH_M/Brent_M,month_pair,Dec/Jan,436,0.21989100123468786,1.0
2028-12_2029-01,2028-12,HH_M/Brent_M,pooled,all,436,0.21989100123468786,1.0
2029-01_2029-02,2029-01,TTF_M/TTF_M1,year,2020,12,0.992520621404468,0.000933217246602404
2029-01_2029-02,2029-01,TTF_M/TTF_M1,year,2021,64,0.9995107867138179,0.25978739736504786
2029-01_2029-02,2029-01,TTF_M/TTF_M1,year,2022,113,0.992981041602616,0.5020340282464268
2029-01_2029-02,2029-01,TTF_M/TTF_M1,year,2023,113,0.9979961642155193,0.15104413589150706
2029-01_2029-02,2029-01,TTF_M/TTF_M1,year,2024,100,0.9988676889685942,0.05160822276348726
2029-01_2029-02,2029-01,TTF_M/TTF_M1,year,2025,50,0.9988444200840948,0.034592998486928504
2029-01_2029-02,2029-01,TTF_M/TTF_M1,days_to_expiry,"(730, 1095]",49,0.9976936594535059,0.03323394571022222
2029-01_2029-02,2029-01,TTF_M/TTF_M1,days_to_expiry,"(365, 730]",199,0.997395690249122,0.4499996081351199
2029-01_2029-02,2029-01,TTF_M/TTF_M1,days_to_expiry,"(180, 365]",103,0.9929869801354346,0.3121702529389026
2029-01_2029-02,2029-01,TTF_M/TTF_M1,days_to_expiry,"(90, 180]",49,0.998962543998294,0.12238916446481288
2029-01_2029-02,2029-01,TTF_M/TTF_M1,days_to_expiry,"(60, 90]",17,0.9991231993522901,0.0247044537697045
2029-01_2029-02,2029-01,TTF_M/TTF_M1,days_to_expiry,"(30, 60]",16,0.9946322600041825,0.011805094801030038
2029-01_2029-02,2029-01,TTF_M/TTF_M1,days_to_expiry,"(0, 30]",15,0.9987890254884373,0.027707505294528922
2029-01_2029-02,2029-01,TTF_M/TTF_M1,days_to_expiry,nan,4,,0.01798997488567877
2029-01_2029-02,2029-01,TTF_M/TTF_M1,month_pair,Jan/Feb,452,0.9959391408346954,1.0
2029-01_2029-02,2029-01,TTF_M/TTF_M1,pooled,all,452,0.9959391408346954,1.0
2029-01_2029-02,2029-01,HH_M/HH_M1,year,2020,12,0.9874308509661336,0.002548023099597462
2029-01_2029-02,2029-01,HH_M/HH_M1,year,2021,64,0.9953991084306322,0.03257558353833337
2029-01_2029-02,2029-01,HH_M/HH_M1,year,2022,113,0.9983931680651913,0.5938316507901833
2029-01_2029-02,2029-01,HH_M/HH_M1,year,2023,113,0.9928734339887594,0.14203422053579443
2029-01_2029-02,2029-01,HH_M/HH_M1,year,2024,100,0.9772011336387662,0.07640799885359272
2029-01_2029-02,2029-01,HH_M/HH_M1,year,2025,50,0.9815272022092029,0.1526025231824987
2029-01_2029-02,2029-01,HH_M/HH_M1,days_to_expiry,"(730, 1095]",49,0.992678568179318,0.018795596295108654
2029-01_2029-02,2029-01,HH_M/HH_M1,days_to_expiry,"(365, 730]",199,0.9966751673014916,0.1886206052180566
2029-01_2029-02,2029-01,HH_M/HH_M1,days_to_expiry,"(180, 365]",103,0.9974539376337255,0.2606709336595312
2029-01_2029-02,2029-01,HH_M/HH_M1,days_to_expiry,"(90, 180]",49,0.9978110248396826,0.09996594519053069
2029-01_2029-02,2029-01,HH_M/HH_M1,days_to_expiry,"(60, 90]",17,0.998533641324375,0.051489396106804586
2029-01_2029-02,2029-01,HH_M/HH_M1,days_to_expiry,"(30, 60]",16,0.9971422283460624,0.08430723935534448
2029-01_2029-02,2029-01,HH_M/HH_M1,days_to_expiry,"(0, 30]",15,0.9967653231372705,0.26876075622101064
2029-01_2029-02,2029-01,HH_M/HH_M1,days_to_expiry,nan,4,,0.027389527953613206
2029-01_2029-02,2029-01,HH_M/HH_M1,month_pair,Jan/Feb,452,0.9930367537891265,1.0
2029-01_2029-02,2029-01,HH_M/HH_M1,pooled,all,452,0.9930367537891265,1.0
2029-01_2029-02,2029-01,Brent_M/Brent_M1,year,2020,12,0.9998031265636927,0.01656611102143294
2029-01_2029-02,2029-01,Brent_M/Brent_M1,year,2021,64,0.9998635001955076,0.16017473577118008
2029-01_2029-02,2029-01,Brent_M/Brent_M1,year,2022,113,0.9996048549769438,0.41722688196580693
2029-01_2029-02,2029-01,Brent_M/Brent_M1,year,2023,113,0.999765004865918,0.20204604488473418
2029-01_2029-02,2029-01,Brent_M/Brent_M1,year,2024,100,0.9998441254711087,0.10474637195896648
2029-01_2029-02,2029-01,Brent_M/Brent_M1,year,2025,50,0.9996853008317497,0.09923985439787923
2029-01_2029-02,2029-01,Brent_M/Brent_M1,days_to_expiry,"(730, 1095]",49,0.999841874113839,0.08343669427883962
2029-01_2029-02,2029-01,Brent_M/Brent_M1,days_to_expiry,"(365, 730]",199,0.9998414198761159,0.3875344654504217
2029-01_2029-02,2029-01,Brent_M/Brent_M1,days_to_expiry,"(180, 365]",103,0.999787934548161,0.29457593641944996
2029-01_2029-02,2029-01,Brent_M/Brent_M1,days_to_expiry,"(90, 180]",49,0.9997379821023463,0.11466162981142022
2029-01_2029-02,2029-01,Brent_M/Brent_M1,days_to_expiry,"(60, 90]",17,0.9995571052308188,0.06828188408879801
2029-01_2029-02,2029-01,Brent_M/Brent_M1,days_to_expiry,"(30, 60]",16,0.9983446234010257,0.02921859934244708
2029-01_2029-02,2029-01,Brent_M/Brent_M1,days_to_expiry,"(0, 30]",15,0.9980293974524842,0.016477802943297246
2029-01_2029-02,2029-01,Brent_M/Brent_M1,days_to_expiry,nan,4,,0.00581298766532595
2029-01_2029-02,2029-01,Brent_M/Brent_M1,month_pair,Jan/Feb,452,0.9996882250580413,1.0
2029-01_2029-02,2029-01,Brent_M/Brent_M1,pooled,all,452,0.9996882250580413,1.0
2029-01_2029-02,2029-01,TTF_M/HH_M,year,2020,12,-0.13955623731934305,0.0013116516539262186
2029-01_2029-02,2029-01,TTF_M/HH_M,year,2021,64,0.2875520477921546,0.20701924519962595
2029-01_2029-02,2029-01,TTF_M/HH_M,year,2022,113,0.132464480821316,0.5241842484277883
2029-01_2029-02,2029-01,TTF_M/HH_M,year,2023,113,0.11770238499151245,0.1476680851060502
2029-01_2029-02,2029-01,TTF_M/HH_M,year,2024,100,0.21781000635360617,0.057746892057500394
2029-01_2029-02,2029-01,TTF_M/HH_M,year,2025,50,0.022035709690938692,0.062069877555109
2029-01_2029-02,2029-01,TTF_M/HH_M,days_to_expiry,"(730, 1095]",49,0.06046408387106556,0.029846214069333205
2029-01_2029-02,2029-01,TTF_M/HH_M,days_to_expiry,"(365, 730]",199,0.11877792373042959,0.38339232958082453
2029-01_2029-02,2029-01,TTF_M/HH_M,days_to_expiry,"(180, 365]",103,0.09517673218640912,0.30750632660107263
2029-01_2029-02,2029-01,TTF_M/HH_M,days_to_expiry,"(90, 180]",49,0.28224678403319897,0.11544025462618748
2029-01_2029-02,2029-01,TTF_M/HH_M,days_to_expiry,"(60, 90]",17,0.06314659507905858,0.031330087496028204
2029-01_2029-02,2029-01,TTF_M/HH_M,days_to_expiry,"(30, 60]",16,-0.004259755991546849,0.028123949837159986
2029-01_2029-02,2029-01,TTF_M/HH_M,days_to_expiry,"(0, 30]",15,0.26067188091080096,0.08136189745028587
2029-01_2029-02,2029-01,TTF_M/HH_M,days_to_expiry,nan,4,,0.02299894033910802
2029-01_2029-02,2029-01,TTF_M/HH_M,month_pair,Jan/Feb,452,0.14237581763717394,1.0
2029-01_2029-02,2029-01,TTF_M/HH_M,pooled,all,452,0.14237581763717394,1.0
2029-01_2029-02,2029-01,TTF_M/Brent_M,year,2020,12,0.5414206583655413,0.002590464374321627
2029-01_2029-02,2029-01,TTF_M/Brent_M,year,2021,64,0.0752311985701474,0.24628753879619897
2029-01_2029-02,2029-01,TTF_M/Brent_M,year,2022,113,0.11837159114491377,0.49547724971956447
2029-01_2029-02,2029-01,TTF_M/Brent_M,year,2023,113,0.21746741596055097,0.15637290806474013
2029-01_2029-02,2029-01,TTF_M/Brent_M,year,2024,100,0.019037754426831362,0.05772136798013132
2029-01_2029-02,2029-01,TTF_M/Brent_M,year,2025,50,0.4618897538447523,0.041550471065043316
2029-01_2029-02,2029-01,TTF_M/Brent_M,days_to_expiry,"(730, 1095]",49,0.09053937346842472,0.038444872496992556
2029-01_2029-02,2029-01,TTF_M/Brent_M,days_to_expiry,"(365, 730]",199,0.11557267322616555,0.4338183647157067
2029-01_2029-02,2029-01,TTF_M/Brent_M,days_to_expiry,"(180, 365]",103,0.1989213389954449,0.31988882387197654
2029-01_2029-02,2029-01,TTF_M/Brent_M,days_to_expiry,"(90, 180]",49,0.2472879697392927,0.11924949032609843
2029-01_2029-02,2029-01,TTF_M/Brent_M,days_to_expiry,"(60, 90]",17,0.3464781713842926,0.03030920244851792
2029-01_2029-02,2029-01,TTF_M/Brent_M,days_to_expiry,"(30, 60]",16,-0.30839825133671867,0.013833171266632143
2029-01_2029-02,2029-01,TTF_M/Brent_M,days_to_expiry,"(0, 30]",15,-0.24248834687874135,0.026880099829569144
2029-01_2029-02,2029-01,TTF_M/Brent_M,days_to_expiry,nan,4,,0.01757597504450655
2029-01_2029-02,2029-01,TTF_M/Brent_M,month_pair,Jan/Feb,452,0.14766876620820546,1.0
2029-01_2029-02,2029-01,TTF_M/Brent_M,pooled,all,452,0.14766876620820546,1.0
2029-01_2029-02,2029-01,HH_M/Brent_M,year,2020,12,-0.11010808889446728,0.006807335328068254
2029-01_2029-02,2029-01,HH_M/Brent_M,year,2021,64,0.18200210836418143,0.07020537990154227
2029-01_2029-02,2029-01,HH_M/Brent_M,year,2022,113,0.2543483186114377,0.5381175324774582
2029-01_2029-02,2029-01,HH_M/Brent_M,year,2023,113,0.23358858002789057,0.1569785776301747
2029-01_2029-02,2029-01,HH_M/Brent_M,year,2024,100,0.10089644441163823,0.08611059346346765
2029-01_2029-02,2029-01,HH_M/Brent_M,year,2025,50,0.21021264019555483,0.14178058119928896
2029-01_2029-02,2029-01,HH_M/Brent_M,days_to_expiry,"(730, 1095]",49,0.08149065591474082,0.037846308144789745
2029-01_2029-02,2029-01,HH_M/Brent_M,days_to_expiry,"(365, 730]",199,0.3253577595307235,0.24643181543195936
2029-01_2029-02,2029-01,HH_M/Brent_M,days_to_expiry,"(180, 365]",103,0.22049313956640315,0.26550707384281647
2029-01_2029-02,2029-01,HH_M/Brent_M,days_to_expiry,"(90, 180]",49,0.09912856149434622,0.1045737930166574
2029-01_2029-02,2029-01,HH_M/Brent_M,days_to_expiry,"(60, 90]",17,-0.10781978599017109,0.05686119008261809
2029-01_2029-02,2029-01,HH_M/Brent_M,days_to_expiry,"(30, 60]",16,0.28537043862659844,0.06841969727454679
2029-01_2029-02,2029-01,HH_M/Brent_M,days_to_expiry,"(0, 30]",15,0.7476069865839869,0.1926973157965586
2029-01_2029-02,2029-01,HH_M/Brent_M,days_to_expiry,nan,4,,0.027662806410053465
2029-01_2029-02,2029-01,HH_M/Brent_M,month_pair,Jan/Feb,452,0.21767098279587258,1.0
2029-01_2029-02,2029-01,HH_M/Brent_M,pooled,all,452,0.21767098279587258,1.0
2029-02_2029-03,2029-02,TTF_M/TTF_M1,year,2020,13,0.993715766610903,0.0008948108346612571
2029-02_2029-03,2029-02,TTF_M/TTF_M1,year,2021,64,0.9987060489657571,0.24290282384993184
2029-02_2029-03,2029-02,TTF_M/TTF_M1,year,2022,113,0.9958186445920583,0.494851592752853
2029-02_2029-03,2029-02,TTF_M/TTF_M1,year,2023,117,0.9981104967816012,0.16080740540248972
2029-02_2029-03,2029-02,TTF_M/TTF_M1,year,2024,104,0.9976093652126717,0.05539076772870817
2029-02_2029-03,2029-02,TTF_M/TTF_M1,year,2025,54,0.9990731417791482,0.032886878425153275
2029-02_2029-03,2029-02,TTF_M/TTF_M1,year,2026,4,,0.012265721006202789
2029-02_2029-03,2029-02,TTF_M/TTF_M1,days_to_expiry,"(730, 1095]",66,0.9954597466114949,0.05755734218494651
2029-02_2029-03,2029-02,TTF_M/TTF_M1,days_to_expiry,"(365, 730]",200,0.9976554251841602,0.5319655139799774
2029-02_2029-03,2029-02,TTF_M/TTF_M1,days_to_expiry,"(180, 365]",103,0.9947497945647791,0.20191549881264956
2029-02_2029-03,2029-02,TTF_M/TTF_M1,days_to_expiry,"(90, 180]",49,0.9992821259259873,0.11316946607606622
2029-02_2029-03,2029-02,TTF_M/TTF_M1,days_to_expiry,"(60, 90]",18,0.9996807349363795,0.017291963141278593
2029-02_2029-03,2029-02,TTF_M/TTF_M1,days_to_expiry,"(30, 60]",14,0.9997369588702386,0.02874670573748247
2029-02_2029-03,2029-02,TTF_M/TTF_M1,days_to_expiry,"(0, 30]",15,0.9987339303153419,0.04037377247667762
2029-02_2029-03,2029-02,TTF_M/TTF_M1,days_to_expiry,nan,4,,0.008979737590921768
2029-02_2029-03,2029-02,TTF_M/TTF_M1,month_pair,Feb/Mar,469,0.997022615252244,1.0
2029-02_2029-03,2029-02,TTF_M/TTF_M1,pooled,all,469,0.997022615252244,1.0
2029-02_2029-03,2029-02,HH_M/HH_M1,year,2020,13,0.9703853526011182,0.0018068782081013949
2029-02_2029-03,2029-02,HH_M/HH_M1,year,2021,64,0.9825121642464719,0.024657235015997488
2029-02_2029-03,2029-02,HH_M/HH_M1,year,2022,113,0.9867512049545978,0.4183443987299831
2029-02_2029-03,2029-02,HH_M/HH_M1,year,2023,117,0.9809931659133152,0.15079809055919502
2029-02_2029-03,2029-02,HH_M/HH_M1,year,2024,104,0.9282422547679143,0.13649063964115957
2029-02_2029-03,2029-02,HH_M/HH_M1,year,2025,54,0.9825013229201199,0.1292386544255144
2029-02_2029-03,2029-02,HH_M/HH_M1,year,2026,4,,0.13866410342004912
2029-02_2029-03,2029-02,HH_M/HH_M1,days_to_expiry,"(730, 1095]",66,0.9773999816815353,0.01936386005444271
2029-02_2029-03,2029-02,HH_M/HH_M1,days_to_expiry,"(365, 730]",200,0.9849412231562649,0.1519917964297073
2029-02_2029-03,2029-02,HH_M/HH_M1,days_to_expiry,"(180, 365]",103,0.9798184361706845,0.19934687102484497
2029-02_2029-03,2029-02,HH_M/HH_M1,days_to_expiry,"(90, 180]",49,0.9901668036336662,0.06641120385705633
2029-02_2029-03,2029-02,HH_M/HH_M1,days_to_expiry,"(60, 90]",18,0.9947512194526459,0.0638310028269061
2029-02_2029-03,2029-02,HH_M/HH_M1,days_to_expiry,"(30, 60]",14,0.9945567234380809,0.20103038071197354
2029-02_2029-03,2029-02,HH_M/HH_M1,days_to_expiry,"(0, 30]",15,0.957782620226832,0.2262625022415356
2029-02_2029-03,2029-02,HH_M/HH_M1,days_to_expiry,nan,4,,0.07176238285353348
2029-02_2029-03,2029-02,HH_M/HH_M1,month_pair,Feb/Mar,469,0.9344228980625594,1.0
2029-02_2029-03,2029-02,HH_M/HH_M1,pooled,all,469,0.9344228980625594,1.0
2029-02_2029-03,2029-02,Brent_M/Brent_M1,year,2020,13,0.9998394693419317,0.015679305673539673
2029-02_2029-03,2029-02,Brent_M/Brent_M1,year,2021,64,0.999864105170162,0.15777729410138888
2029-02_2029-03,2029-02,Brent_M/Brent_M1,year,2022,113,0.999719069618054,0.3901034249850894
2029-02_2029-03,2029-02,Brent_M/Brent_M1,year,2023,117,0.999744384638615,0.21470380687435509
2029-02_2029-03,2029-02,Brent_M/Brent_M1,year,2024,104,0.9998798685777607,0.11418750692387183
2029-02_2029-03,2029-02,Brent_M/Brent_M1,year,2025,54,0.9995859292302165,0.09464272706442181
2029-02_2029-03,2029-02,Brent_M/Brent_M1,year,2026,4,,0.012905934377333473
2029-02_2029-03,2029-02,Brent_M/Brent_M1,days_to_expiry,"(730, 1095]",66,0.9998084126636072,0.10217240698687792
2029-02_2029-03,2029-02,Brent_M/Brent_M1,days_to_expiry,"(365, 730]",200,0.999863823953664,0.3716456299239976
2029-02_2029-03,2029-02,Brent_M/Brent_M1,days_to_expiry,"(180, 365]",103,0.999819280433681,0.29333028238075154
2029-02_2029-03,2029-02,Brent_M/Brent_M1,days_to_expiry,"(90, 180]",49,0.9997072775151642,0.12705608288708586
2029-02_2029-03,2029-02,Brent_M/Brent_M1,days_to_expiry,"(60, 90]",18,0.9989543432194802,0.02389817569941756
2029-02_2029-03,2029-02,Brent_M/Brent_M1,days_to_expiry,"(30, 60]",14,0.9990919270524872,0.035567918589538346
2029-02_2029-03,2029-02,Brent_M/Brent_M1,days_to_expiry,"(0, 30]",15,0.9990483735325014,0.03899337248029236
2029-02_2029-03,2029-02,Brent_M/Brent_M1,days_to_expiry,nan,4,,0.007336131052038988
2029-02_2029-03,2029-02,Brent_M/Brent_M1,month_pair,Feb/Mar,469,0.9997206106413128,1.0
2029-02_2029-03,2029-02,Brent_M/Brent_M1,pooled,all,469,0.9997206106413128,1.0
2029-02_2029-03,2029-02,TTF_M/HH_M,year,2020,13,-0.18093965047886082,0.0011034095106657405
2029-02_2029-03,2029-02,TTF_M/HH_M,year,2021,64,0.3074613331713574,0.17958892344767294
2029-02_2029-03,2029-02,TTF_M/HH_M,year,2022,113,0.16229733521912024,0.46412930067971514
2029-02_2029-03,2029-02,TTF_M/HH_M,year,2023,117,0.24876252304900823,0.15209241332296608
2029-02_2029-03,2029-02,TTF_M/HH_M,year,2024,104,0.3922471653891088,0.08057175555496501
2029-02_2029-03,2029-02,TTF_M/HH_M,year,2025,54,0.0018579998518265107,0.058089362469102034
2029-02_2029-03,2029-02,TTF_M/HH_M,year,2026,4,,0.06442483501491307
2029-02_2029-03,2029-02,TTF_M/HH_M,days_to_expiry,"(730, 1095]",66,0.28666460308497244,0.0461340279938189
2029-02_2029-03,2029-02,TTF_M/HH_M,days_to_expiry,"(365, 730]",200,0.22189039676268948,0.41513669148694254
2029-02_2029-03,2029-02,TTF_M/HH_M,days_to_expiry,"(180, 365]",103,0.04538288205972647,0.1997257723052723
2029-02_2029-03,2029-02,TTF_M/HH_M,days_to_expiry,"(90, 180]",49,0.3309339431590256,0.09593311826443449
2029-02_2029-03,2029-02,TTF_M/HH_M,days_to_expiry,"(60, 90]",18,0.08762345866247129,0.030154561518830624
2029-02_2029-03,2029-02,TTF_M/HH_M,days_to_expiry,"(30, 60]",14,0.3163252118025949,0.07344583995537464
2029-02_2029-03,2029-02,TTF_M/HH_M,days_to_expiry,"(0, 30]",15,0.6849310108312988,0.10167323532368334
2029-02_2029-03,2029-02,TTF_M/HH_M,days_to_expiry,nan,4,,0.037796753151643166
2029-02_2029-03,2029-02,TTF_M/HH_M,month_pair,Feb/Mar,469,0.2040230217564514,1.0
2029-02_2029-03,2029-02,TTF_M/HH_M,pooled,all,469,0.2040230217564514,1.0
2029-02_2029-03,2029-02,TTF_M/Brent_M,year,2020,13,0.5338958873185645,0.0024755575966811665
2029-02_2029-03,2029-02,TTF_M/Brent_M,year,2021,64,0.08314901564126356,0.23274573867759502
2029-02_2029-03,2029-02,TTF_M/Brent_M,year,2022,113,0.1804955267374639,0.484964318306436
2029-02_2029-03,2029-02,TTF_M/Brent_M,year,2023,117,0.1370232580029595,0.16443582193362288
2029-02_2029-03,2029-02,TTF_M/Brent_M,year,2024,104,-0.07208868054904102,0.06180305459256088
2029-02_2029-03,2029-02,TTF_M/Brent_M,year,2025,54,0.41005949473554454,0.03978027546823153
2029-02_2029-03,2029-02,TTF_M/Brent_M,year,2026,4,,0.013795233424872478
2029-02_2029-03,2029-02,TTF_M/Brent_M,days_to_expiry,"(730, 1095]",66,0.04209380411591944,0.06247638428314659
2029-02_2029-03,2029-02,TTF_M/Brent_M,days_to_expiry,"(365, 730]",200,0.16202389388569607,0.5095000875223369
2029-02_2029-03,2029-02,TTF_M/Brent_M,days_to_expiry,"(180, 365]",103,0.2529841569034221,0.2171533670522935
2029-02_2029-03,2029-02,TTF_M/Brent_M,days_to_expiry,"(90, 180]",49,0.18050825750431773,0.11191499317454746
2029-02_2029-03,2029-02,TTF_M/Brent_M,days_to_expiry,"(60, 90]",18,-0.3398170393971645,0.01822309329068418
2029-02_2029-03,2029-02,TTF_M/Brent_M,days_to_expiry,"(30, 60]",14,-0.23495790974714953,0.029995996386426898
2029-02_2029-03,2029-02,TTF_M/Brent_M,days_to_expiry,"(0, 30]",15,0.07795291043756868,0.04211843085300102
2029-02_2029-03,2029-02,TTF_M/Brent_M,days_to_expiry,nan,4,,0.008617647437563308
2029-02_2029-03,2029-02,TTF_M/Brent_M,month_pair,Feb/Mar,469,0.15364870111687906,1.0
2029-02_2029-03,2029-02,TTF_M/Brent_M,pooled,all,469,0.15364870111687906,1.0
2029-02_2029-03,2029-02,HH_M/Brent_M,year,2020,13,-0.12058837946693347,0.004798339056849538
2029-02_2029-03,2029-02,HH_M/Brent_M,year,2021,64,0.190291167021776,0.05318901792703399
2029-02_2029-03,2029-02,HH_M/Brent_M,year,2022,113,0.26133764490150135,0.3833547122619253
2029-02_2029-03,2029-02,HH_M/Brent_M,year,2023,117,0.26545524389409514,0.15466130327907576
2029-02_2029-03,2029-02,HH_M/Brent_M,year,2024,104,0.09756227277911075,0.13743486839166885
2029-02_2029-03,2029-02,HH_M/Brent_M,year,2025,54,0.201056189745887,0.1156959810605327
2029-02_2029-03,2029-02,HH_M/Brent_M,year,2026,4,,0.15086577802291384
2029-02_2029-03,2029-02,HH_M/Brent_M,days_to_expiry,"(730, 1095]",66,0.14799373505915342,0.03630820997019901
2029-02_2029-03,2029-02,HH_M/Brent_M,days_to_expiry,"(365, 730]",200,0.24624214418850088,0.1888534015192444
2029-02_2029-03,2029-02,HH_M/Brent_M,days_to_expiry,"(180, 365]",103,0.21528504881037838,0.2052976666395039
2029-02_2029-03,2029-02,HH_M/Brent_M,days_to_expiry,"(90, 180]",49,0.19327816612422236,0.07587537070466513
2029-02_2029-03,2029-02,HH_M/Brent_M,days_to_expiry,"(60, 90]",18,0.3191444590913057,0.05331195499283996
2029-02_2029-03,2029-02,HH_M/Brent_M,days_to_expiry,"(30, 60]",14,0.5225294026399664,0.1506566922325652
2029-02_2029-03,2029-02,HH_M/Brent_M,days_to_expiry,"(0, 30]",15,0.08359278204139062,0.2025398810391744
2029-02_2029-03,2029-02,HH_M/Brent_M,days_to_expiry,nan,4,,0.08715682290180801
2029-02_2029-03,2029-02,HH_M/Brent_M,month_pair,Feb/Mar,469,0.21582059961051556,1.0
2029-02_2029-03,2029-02,HH_M/Brent_M,pooled,all,469,0.21582059961051556,1.0
2029-03_2029-04,2029-03,TTF_M/TTF_M1,year,2020,14,0.9519468589920946,0.0009449208066355229
2029-03_2029-04,2029-03,TTF_M/TTF_M1,year,2021,63,0.8269750115868766,0.14299889234744953
2029-03_2029-04,2029-03,TTF_M/TTF_M1,year,2022,113,0.9117755489813856,0.5198812908163104
2029-03_2029-04,2029-03,TTF_M/TTF_M1,year,2023,121,0.9638851503046387,0.20070788670975462
2029-03_2029-04,2029-03,TTF_M/TTF_M1,year,2024,108,0.978159512900211,0.0654151195050889
2029-03_2029-04,2029-03,TTF_M/TTF_M1,year,2025,58,0.980962049203173,0.05938156461329572
2029-03_2029-04,2029-03,TTF_M/TTF_M1,year,2026,8,0.9528552424412018,0.010670325201465186
2029-03_2029-04,2029-03,TTF_M/TTF_M1,days_to_expiry,"(730, 1095]",81,0.8089822234268425,0.05843122659359382
2029-03_2029-04,2029-03,TTF_M/TTF_M1,days_to_expiry,"(365, 730]",200,0.8848183086827311,0.5054841447437246
2029-03_2029-04,2029-03,TTF_M/TTF_M1,days_to_expiry,"(180, 365]",104,0.914247526506183,0.23680358507289662
2029-03_2029-04,2029-03,TTF_M/TTF_M1,days_to_expiry,"(90, 180]",51,0.9863738672967379,0.0846084117669211
2029-03_2029-04,2029-03,TTF_M/TTF_M1,days_to_expiry,"(60, 90]",16,0.9982226379960393,0.02951961613109586
2029-03_2029-04,2029-03,TTF_M/TTF_M1,days_to_expiry,"(30, 60]",13,0.9950481198468618,0.051610438343257375
2029-03_2029-04,2029-03,TTF_M/TTF_M1,days_to_expiry,"(0, 30]",16,0.9512747426114058,0.02671101757796444
2029-03_2029-04,2029-03,TTF_M/TTF_M1,days_to_expiry,nan,4,,0.00683155977054613
2029-03_2029-04,2029-03,TTF_M/TTF_M1,month_pair,Mar/Apr,485,0.9003103760294084,1.0
2029-03_2029-04,2029-03,TTF_M/TTF_M1,pooled,all,485,0.9003103760294084,1.0
2029-03_2029-04,2029-03,HH_M/HH_M1,year,2020,14,0.8357315818083431,0.0013765932024842335
2029-03_2029-04,2029-03,HH_M/HH_M1,year,2021,63,0.9346969584074072,0.032070991457563786
2029-03_2029-04,2029-03,HH_M/HH_M1,year,2022,113,0.9316359132716034,0.4090139416554043
2029-03_2029-04,2029-03,HH_M/HH_M1,year,2023,121,0.9844538233949801,0.19965039600362564
2029-03_2029-04,2029-03,HH_M/HH_M1,year,2024,108,0.9731569550860254,0.14225359536130475
2029-03_2029-04,2029-03,HH_M/HH_M1,year,2025,58,0.9907863039127611,0.146701113667273
2029-03_2029-04,2029-03,HH_M/HH_M1,year,2026,8,0.9984051750677523,0.06893336865234441
2029-03_2029-04,2029-03,HH_M/HH_M1,days_to_expiry,"(730, 1095]",81,0.9529483375567824,0.037649676943979256
2029-03_2029-04,2029-03,HH_M/HH_M1,days_to_expiry,"(365, 730]",200,0.9391658567913451,0.20771714036060313
2029-03_2029-04,2029-03,HH_M/HH_M1,days_to_expiry,"(180, 365]",104,0.9347027192786335,0.23291469525259378
2029-03_2029-04,2029-03,HH_M/HH_M1,days_to_expiry,"(90, 180]",51,0.9794277538672438,0.11884117370317539
2029-03_2029-04,2029-03,HH_M/HH_M1,days_to_expiry,"(60, 90]",16,0.9697192379441796,0.12115197420999703
2029-03_2029-04,2029-03,HH_M/HH_M1,days_to_expiry,"(30, 60]",13,0.9962426399406473,0.13508518844246523
2029-03_2029-04,2029-03,HH_M/HH_M1,days_to_expiry,"(0, 30]",16,0.9959556925562086,0.1364074449364441
2029-03_2029-04,2029-03,HH_M/HH_M1,days_to_expiry,nan,4,,0.010232706150742206
2029-03_2029-04,2029-03,HH_M/HH_M1,month_pair,Mar/Apr,485,0.9585191156582358,1.0
2029-03_2029-04,2029-03,HH_M/HH_M1,pooled,all,485,0.9585191156582358,1.0
2029-03_2029-04,2029-03,Brent_M/Brent_M1,year,2020,14,0.9997547504964543,0.011402372384442298
2029-03_2029-04,2029-03,Brent_M/Brent_M1,year,2021,63,0.9998244114130969,0.16168358601358995
2029-03_2029-04,2029-03,Brent_M/Brent_M1,year,2022,113,0.9997485699192565,0.39454882589410367
2029-03_2029-04,2029-03,Brent_M/Brent_M1,year,2023,121,0.9997787510030657,0.2330464215089574
2029-03_2029-04,2029-03,Brent_M/Brent_M1,year,2024,108,0.9998267611090108,0.1015557273540615
2029-03_2029-04,2029-03,Brent_M/Brent_M1,year,2025,58,0.9992747360521642,0.09012528846318325
2029-03_2029-04,2029-03,Brent_M/Brent_M1,year,2026,8,0.987730264571081,0.00763777838166206
2029-03_2029-04,2029-03,Brent_M/Brent_M1,days_to_expiry,"(730, 1095]",81,0.9997669249019135,0.12228698636131119
2029-03_2029-04,2029-03,Brent_M/Brent_M1,days_to_expiry,"(365, 730]",200,0.9998278762142377,0.3778736215683978
2029-03_2029-04,2029-03,Brent_M/Brent_M1,days_to_expiry,"(180, 365]",104,0.9998509884111574,0.28091645420067296
2029-03_2029-04,2029-03,Brent_M/Brent_M1,days_to_expiry,"(90, 180]",51,0.9996965861144562,0.11684137832115661
2029-03_2029-04,2029-03,Brent_M/Brent_M1,days_to_expiry,"(60, 90]",16,0.9988599796968778,0.0315591591114031
2029-03_2029-04,2029-03,Brent_M/Brent_M1,days_to_expiry,"(30, 60]",13,0.9988251869677035,0.03833828576517542
2029-03_2029-04,2029-03,Brent_M/Brent_M1,days_to_expiry,"(0, 30]",16,0.9989842505266477,0.02532456724617509
2029-03_2029-04,2029-03,Brent_M/Brent_M1,days_to_expiry,nan,4,,0.006859547425707905
2029-03_2029-04,2029-03,Brent_M/Brent_M1,month_pair,Mar/Apr,485,0.999707133259561,1.0
2029-03_2029-04,2029-03,Brent_M/Brent_M1,pooled,all,485,0.999707133259561,1.0
2029-03_2029-04,2029-03,TTF_M/HH_M,year,2020,14,-0.06133508352312744,0.0009293126388252445
2029-03_2029-04,2029-03,TTF_M/HH_M,year,2021,63,0.19826610964191257,0.16186504863722243
2029-03_2029-04,2029-03,TTF_M/HH_M,year,2022,113,0.08869378977055054,0.4659723948840586
2029-03_2029-04,2029-03,TTF_M/HH_M,year,2023,121,0.24169345840862197,0.1871339856552981
2029-03_2029-04,2029-03,TTF_M/HH_M,year,2024,108,0.4460066805277046,0.07928805494177715
2029-03_2029-04,2029-03,TTF_M/HH_M,year,2025,58,0.0854445180165876,0.07841194259537315
2029-03_2029-04,2029-03,TTF_M/HH_M,year,2026,8,0.8380210656838591,0.02639926064744532
2029-03_2029-04,2029-03,TTF_M/HH_M,days_to_expiry,"(730, 1095]",81,0.2520999197018314,0.053579753381196436
2029-03_2029-04,2029-03,TTF_M/HH_M,days_to_expiry,"(365, 730]",200,0.18648898147969648,0.4740701274993055
2029-03_2029-04,2029-03,TTF_M/HH_M,days_to_expiry,"(180, 365]",104,-0.032872570334005695,0.2077349499182175
2029-03_2029-04,2029-03,TTF_M/HH_M,days_to_expiry,"(90, 180]",51,0.12452670919416742,0.08487816811055923
2029-03_2029-04,2029-03,TTF_M/HH_M,days_to_expiry,"(60, 90]",16,0.19873788531756648,0.05251991150098259
2029-03_2029-04,2029-03,TTF_M/HH_M,days_to_expiry,"(30, 60]",13,0.7485270404315145,0.0685802354367693
2029-03_2029-04,2029-03,TTF_M/HH_M,days_to_expiry,"(0, 30]",16,0.2479541275696627,0.052301732322497047
2029-03_2029-04,2029-03,TTF_M/HH_M,days_to_expiry,nan,4,,0.00633512183047243
2029-03_2029-04,2029-03,TTF_M/HH_M,month_pair,Mar/Apr,485,0.18694403892487355,1.0
2029-03_2029-04,2029-03,TTF_M/HH_M,pooled,all,485,0.18694403892487355,1.0
2029-03_2029-04,2029-03,TTF_M/Brent_M,year,2020,14,0.5261331381748681,0.0019292991427140482
2029-03_2029-04,2029-03,TTF_M/Brent_M,year,2021,63,0.06156231012818299,0.19916502928565097
2029-03_2029-04,2029-03,TTF_M/Brent_M,year,2022,113,0.00569382789344166,0.4654029338137207
2029-03_2029-04,2029-03,TTF_M/Brent_M,year,2023,121,0.12713393627284852,0.1928248637364688
2029-03_2029-04,2029-03,TTF_M/Brent_M,year,2024,108,0.0007786845773119197,0.06691734606078738
2029-03_2029-04,2029-03,TTF_M/Brent_M,year,2025,58,0.602628879645201,0.06068314713021854
2029-03_2029-04,2029-03,TTF_M/Brent_M,year,2026,8,0.4311909030265236,0.013077380830439557
2029-03_2029-04,2029-03,TTF_M/Brent_M,days_to_expiry,"(730, 1095]",81,0.07880742710263224,0.06712171887348913
2029-03_2029-04,2029-03,TTF_M/Brent_M,days_to_expiry,"(365, 730]",200,0.13088432816355516,0.5402843265807742
2029-03_2029-04,2029-03,TTF_M/Brent_M,days_to_expiry,"(180, 365]",104,0.13974303664732698,0.2081202905097695
2029-03_2029-04,2029-03,TTF_M/Brent_M,days_to_expiry,"(90, 180]",51,-0.08269440026399776,0.07764192263279222
2029-03_2029-04,2029-03,TTF_M/Brent_M,days_to_expiry,"(60, 90]",16,-0.11879782424630181,0.02696097768693971
2029-03_2029-04,2029-03,TTF_M/Brent_M,days_to_expiry,"(30, 60]",13,0.2057182270837284,0.0475963129527479
2029-03_2029-04,2029-03,TTF_M/Brent_M,days_to_expiry,"(0, 30]",16,-0.05372030403715052,0.02622698177239844
2029-03_2029-04,2029-03,TTF_M/Brent_M,days_to_expiry,nan,4,,0.0060474689910889395
2029-03_2029-04,2029-03,TTF_M/Brent_M,month_pair,Mar/Apr,485,0.10002776442920112,1.0
2029-03_2029-04,2029-03,TTF_M/Brent_M,pooled,all,485,0.10002776442920112,1.0
2029-03_2029-04,2029-03,HH_M/Brent_M,year,2020,14,-0.05369698096171321,0.004093530746336503
2029-03_2029-04,2029-03,HH_M/Brent_M,year,2021,63,0.07665480992801828,0.06620554520170008
2029-03_2029-04,2029-03,HH_M/Brent_M,year,2022,113,0.2853106175291663,0.4274187849589938
2029-03_2029-04,2029-03,HH_M/Brent_M,year,2023,121,0.3319515554141812,0.19850153277189653
2029-03_2029-04,2029-03,HH_M/Brent_M,year,2024,108,-0.07257499527178082,0.12328764879122563
2029-03_2029-04,2029-03,HH_M/Brent_M,year,2025,58,0.2677834206831764,0.13047366884696585
2029-03_2029-04,2029-03,HH_M/Brent_M,year,2026,8,0.4253384604400365,0.050019288682881434
2029-03_2029-04,2029-03,HH_M/Brent_M,days_to_expiry,"(730, 1095]",81,0.2430857660246622,0.056505748132243634
2029-03_2029-04,2029-03,HH_M/Brent_M,days_to_expiry,"(365, 730]",200,0.22436577337284747,0.2522742425180738
2029-03_2029-04,2029-03,HH_M/Brent_M,days_to_expiry,"(180, 365]",104,0.45471328836062824,0.247438433532345
2029-03_2029-04,2029-03,HH_M/Brent_M,days_to_expiry,"(90, 180]",51,0.06533286427753102,0.1207186425848878
2029-03_2029-04,2029-03,HH_M/Brent_M,days_to_expiry,"(60, 90]",16,0.16833811725759285,0.10619239491288687
2029-03_2029-04,2029-03,HH_M/Brent_M,days_to_expiry,"(30, 60]",13,0.12282738233484891,0.10578749772346532
2029-03_2029-04,2029-03,HH_M/Brent_M,days_to_expiry,"(0, 30]",16,0.053378146168205416,0.10386909258653015
2029-03_2029-04,2029-03,HH_M/Brent_M,days_to_expiry,nan,4,,0.007213948009567246
2029-03_2029-04,2029-03,HH_M/Brent_M,month_pair,Mar/Apr,485,0.22100790142590374,1.0
2029-03_2029-04,2029-03,HH_M/Brent_M,pooled,all,485,0.22100790142590374,1.0
2029-04_2029-05,2029-04,TTF_M/TTF_M1,year,2020,13,0.9861559881898005,0.0024680494188960367
2029-04_2029-05,2029-04,TTF_M/TTF_M1,year,2021,63,0.7037322961918513,0.03532528259168709
2029-04_2029-05,2029-04,TTF_M/TTF_M1,year,2022,114,0.9800174804891657,0.5212644328905056
2029-04_2029-05,2029-04,TTF_M/TTF_M1,year,2023,124,0.9918320715039148,0.202145486374436
2029-04_2029-05,2029-04,TTF_M/TTF_M1,year,2024,113,0.9965793446601104,0.08653314451596728
2029-04_2029-05,2029-04,TTF_M/TTF_M1,year,2025,62,0.9973126753742609,0.049037631166311095
2029-04_2029-05,2029-04,TTF_M/TTF_M1,year,2026,12,0.9934834786218804,0.10322597304219698
2029-04_2029-05,2029-04,TTF_M/TTF_M1,days_to_expiry,"(730, 1095]",97,0.9824064513921732,0.1034291576742025
2029-04_2029-05,2029-04,TTF_M/TTF_M1,days_to_expiry,"(365, 730]",200,0.9589629529457759,0.3916994856404851
2029-04_2029-05,2029-04,TTF_M/TTF_M1,days_to_expiry,"(180, 365]",104,0.9845279342592207,0.2031867388686152
2029-04_2029-05,2029-04,TTF_M/TTF_M1,days_to_expiry,"(90, 180]",48,0.9990698020889937,0.11106512013003086
2029-04_2029-05,2029-04,TTF_M/TTF_M1,days_to_expiry,"(60, 90]",16,0.9971187794963117,0.04053233444924426
2029-04_2029-05,2029-04,TTF_M/TTF_M1,days_to_expiry,"(30, 60]",16,0.9756547177438454,0.01936107441192867
2029-04_2029-05,2029-04,TTF_M/TTF_M1,days_to_expiry,"(0, 30]",16,0.9995128737293842,0.12557230673549802
2029-04_2029-05,2029-04,TTF_M/TTF_M1,days_to_expiry,nan,4,,0.005153782089995376
2029-04_2029-05,2029-04,TTF_M/TTF_M1,month_pair,Apr/May,501,0.9779367135406258,1.0
2029-04_2029-05,2029-04,TTF_M/TTF_M1,pooled,all,501,0.9779367135406258,1.0
2029-04_2029-05,2029-04,HH_M/HH_M1,year,2020,13,0.9893647094271572,0.002298650613570871
2029-04_2029-05,2029-04,HH_M/HH_M1,year,2021,63,0.990517610557412,0.026159118528074
2029-04_2029-05,2029-04,HH_M/HH_M1,year,2022,114,0.9988111146770257,0.35403702135892806
2029-04_2029-05,2029-04,HH_M/HH_M1,year,2023,124,0.9944626188854538,0.23666436739338295
2029-04_2029-05,2029-04,HH_M/HH_M1,year,2024,113,0.9875865970450622,0.16386805110100625
2029-04_2029-05,2029-04,HH_M/HH_M1,year,2025,62,0.995843470252497,0.11666188537670748
2029-04_2029-05,2029-04,HH_M/HH_M1,year,2026,12,0.9987001354688907,0.10031090562833041
2029-04_2029-05,2029-04,HH_M/HH_M1,days_to_expiry,"(730, 1095]",97,0.99619630102375,0.05104424730913996
2029-04_2029-05,2029-04,HH_M/HH_M1,days_to_expiry,"(365, 730]",200,0.9969101814114779,0.16768975046028448
2029-04_2029-05,2029-04,HH_M/HH_M1,days_to_expiry,"(180, 365]",104,0.9983360967703726,0.23291051969403673
2029-04_2029-05,2029-04,HH_M/HH_M1,days_to_expiry,"(90, 180]",48,0.9983773901081407,0.17678730900035247
2029-04_2029-05,2029-04,HH_M/HH_M1,days_to_expiry,"(60, 90]",16,0.998691836541615,0.1521483747864064
2029-04_2029-05,2029-04,HH_M/HH_M1,days_to_expiry,"(30, 60]",16,0.9951865155441619,0.09884379660513867
2029-04_2029-05,2029-04,HH_M/HH_M1,days_to_expiry,"(0, 30]",16,0.9926517740212268,0.10965465587303187
2029-04_2029-05,2029-04,HH_M/HH_M1,days_to_expiry,nan,4,,0.010921346271609482
2029-04_2029-05,2029-04,HH_M/HH_M1,month_pair,Apr/May,501,0.9951445018939838,1.0
2029-04_2029-05,2029-04,HH_M/HH_M1,pooled,all,501,0.9951445018939838,1.0
2029-04_2029-05,2029-04,Brent_M/Brent_M1,year,2020,13,0.9997132054546556,0.015448969369128537
2029-04_2029-05,2029-04,Brent_M/Brent_M1,year,2021,63,0.9998206964704576,0.1039000672562408
2029-04_2029-05,2029-04,Brent_M/Brent_M1,year,2022,114,0.9997747145338536,0.31369073698127437
2029-04_2029-05,2029-04,Brent_M/Brent_M1,year,2023,124,0.9997878722960059,0.22346075558956613
2029-04_2029-05,2029-04,Brent_M/Brent_M1,year,2024,113,0.9998388686532386,0.12083838765329417
2029-04_2029-05,2029-04,Brent_M/Brent_M1,year,2025,62,0.9996501104260578,0.09394539030779238
2029-04_2029-05,2029-04,Brent_M/Brent_M1,year,2026,12,0.9878170621061106,0.12871569284270376
2029-04_2029-05,2029-04,Brent_M/Brent_M1,days_to_expiry,"(730, 1095]",97,0.9998620974790915,0.16474860077414663
2029-04_2029-05,2029-04,Brent_M/Brent_M1,days_to_expiry,"(365, 730]",200,0.9998777148799883,0.3050659460987431
2029-04_2029-05,2029-04,Brent_M/Brent_M1,days_to_expiry,"(180, 365]",104,0.9997971871589415,0.20835703421381938
2029-04_2029-05,2029-04,Brent_M/Brent_M1,days_to_expiry,"(90, 180]",48,0.9996397187473562,0.09961177268295679
2029-04_2029-05,2029-04,Brent_M/Brent_M1,days_to_expiry,"(60, 90]",16,0.9995903037884682,0.04308526459686717
2029-04_2029-05,2029-04,Brent_M/Brent_M1,days_to_expiry,"(30, 60]",16,0.9996110824025825,0.0389998893068535
2029-04_2029-05,2029-04,Brent_M/Brent_M1,days_to_expiry,"(0, 30]",16,0.9907057830097331,0.13800834249757477
2029-04_2029-05,2029-04,Brent_M/Brent_M1,days_to_expiry,nan,4,,0.002123149829038705
2029-04_2029-05,2029-04,Brent_M/Brent_M1,month_pair,Apr/May,501,0.998262309771899,1.0
2029-04_2029-05,2029-04,Brent_M/Brent_M1,pooled,all,501,0.998262309771899,1.0
2029-04_2029-05,2029-04,TTF_M/HH_M,year,2020,13,-0.04576489635767973,0.0022070808800641554
2029-04_2029-05,2029-04,TTF_M/HH_M,year,2021,63,0.23864449734073767,0.03684940465839824
2029-04_2029-05,2029-04,TTF_M/HH_M,year,2022,114,0.2590787839153271,0.47036980927158417
2029-04_2029-05,2029-04,TTF_M/HH_M,year,2023,124,0.15104998809433712,0.21342760017961243
2029-04_2029-05,2029-04,TTF_M/HH_M,year,2024,113,0.5404068776366426,0.1078929688969987
2029-04_2029-05,2029-04,TTF_M/HH_M,year,2025,62,-0.24254353737424436,0.06698526939312222
2029-04_2029-05,2029-04,TTF_M/HH_M,year,2026,12,0.5587240542011469,0.10226786672022012
2029-04_2029-05,2029-04,TTF_M/HH_M,days_to_expiry,"(730, 1095]",97,0.21805788113770128,0.08477163034219715
2029-04_2029-05,2029-04,TTF_M/HH_M,days_to_expiry,"(365, 730]",200,0.20355076418322327,0.3406558385170043
2029-04_2029-05,2029-04,TTF_M/HH_M,days_to_expiry,"(180, 365]",104,0.11686854911850134,0.20588707404567125
2029-04_2029-05,2029-04,TTF_M/HH_M,days_to_expiry,"(90, 180]",48,0.49072843020076806,0.12881147795225734
2029-04_2029-05,2029-04,TTF_M/HH_M,days_to_expiry,"(60, 90]",16,0.6408404840229012,0.0712612649061206
2029-04_2029-05,2029-04,TTF_M/HH_M,days_to_expiry,"(30, 60]",16,0.1492339932355889,0.04146548143462257
2029-04_2029-05,2029-04,TTF_M/HH_M,days_to_expiry,"(0, 30]",16,0.3012674353865763,0.11904474383371409
2029-04_2029-05,2029-04,TTF_M/HH_M,days_to_expiry,nan,4,,0.008102488968412732
2029-04_2029-05,2029-04,TTF_M/HH_M,month_pair,Apr/May,501,0.2641273220157699,1.0
2029-04_2029-05,2029-04,TTF_M/HH_M,pooled,all,501,0.2641273220157699,1.0
2029-04_2029-05,2029-04,TTF_M/Brent_M,year,2020,13,0.8837410138357369,0.004073500302194553
2029-04_2029-05,2029-04,TTF_M/Brent_M,year,2021,63,0.08691675141555275,0.04996546693912444
2029-04_2029-05,2029-04,TTF_M/Brent_M,year,2022,114,0.12779069220391934,0.4833853511514366
2029-04_2029-05,2029-04,TTF_M/Brent_M,year,2023,124,0.049855369804568846,0.20733722331271814
2029-04_2029-05,2029-04,TTF_M/Brent_M,year,2024,113,0.10117831695129621,0.09114746427310491
2029-04_2029-05,2029-04,TTF_M/Brent_M,year,2025,62,0.3806857704037409,0.05528243932569944
2029-04_2029-05,2029-04,TTF_M/Brent_M,year,2026,12,0.5910660896774564,0.10880855469572191
2029-04_2029-05,2029-04,TTF_M/Brent_M,days_to_expiry,"(730, 1095]",97,0.4156799313802185,0.10729715408472157
2029-04_2029-05,2029-04,TTF_M/Brent_M,days_to_expiry,"(365, 730]",200,0.18470916426557574,0.3882333815906065
2029-04_2029-05,2029-04,TTF_M/Brent_M,days_to_expiry,"(180, 365]",104,0.08854414931264572,0.19847417204863602
2029-04_2029-05,2029-04,TTF_M/Brent_M,days_to_expiry,"(90, 180]",48,-0.0943264628252398,0.10968504408029127
2029-04_2029-05,2029-04,TTF_M/Brent_M,days_to_expiry,"(60, 90]",16,-0.4206367086415176,0.04151598488026024
2029-04_2029-05,2029-04,TTF_M/Brent_M,days_to_expiry,"(30, 60]",16,0.14376066145893115,0.023164558476961788
2029-04_2029-05,2029-04,TTF_M/Brent_M,days_to_expiry,"(0, 30]",16,0.6163957835279401,0.12663041105850262
2029-04_2029-05,2029-04,TTF_M/Brent_M,days_to_expiry,nan,4,,0.004999293780019958
2029-04_2029-05,2029-04,TTF_M/Brent_M,month_pair,Apr/May,501,0.19638754591033236,1.0
2029-04_2029-05,2029-04,TTF_M/Brent_M,pooled,all,501,0.19638754591033236,1.0
2029-04_2029-05,2029-04,HH_M/Brent_M,year,2020,13,-0.0923309381862973,0.006548280369648486
2029-04_2029-05,2029-04,HH_M/Brent_M,year,2021,63,0.07425959018849003,0.050401300885045165
2029-04_2029-05,2029-04,HH_M/Brent_M,year,2022,114,0.3713258235085444,0.3361051649295391
2029-04_2029-05,2029-04,HH_M/Brent_M,year,2023,124,0.31817781308401966,0.23201479877902859
2029-04_2029-05,2029-04,HH_M/Brent_M,year,2024,113,0.060883369997164684,0.15299373103821234
2029-04_2029-05,2029-04,HH_M/Brent_M,year,2025,62,0.07898582354652971,0.11038294557500548
2029-04_2029-05,2029-04,HH_M/Brent_M,year,2026,12,0.18937461126278396,0.11155377842352092
2029-04_2029-05,2029-04,HH_M/Brent_M,days_to_expiry,"(730, 1095]",97,0.2027891566621595,0.08536155808399516
2029-04_2029-05,2029-04,HH_M/Brent_M,days_to_expiry,"(365, 730]",200,0.28957597349552894,0.20890720917691058
2029-04_2029-05,2029-04,HH_M/Brent_M,days_to_expiry,"(180, 365]",104,0.38810462504415444,0.22274644269405025
2029-04_2029-05,2029-04,HH_M/Brent_M,days_to_expiry,"(90, 180]",48,0.2563097213331724,0.15204118332308655
2029-04_2029-05,2029-04,HH_M/Brent_M,days_to_expiry,"(60, 90]",16,-0.22346238679684374,0.11903620276013348
2029-04_2029-05,2029-04,HH_M/Brent_M,days_to_expiry,"(30, 60]",16,0.3741782538348758,0.08061811550183173
2029-04_2029-05,2029-04,HH_M/Brent_M,days_to_expiry,"(0, 30]",16,0.24233694994810015,0.12029391963806872
2029-04_2029-05,2029-04,HH_M/Brent_M,days_to_expiry,nan,4,,0.01099536882192358
2029-04_2029-05,2029-04,HH_M/Brent_M,month_pair,Apr/May,501,0.23528954944920377,1.0
2029-04_2029-05,2029-04,HH_M/Brent_M,pooled,all,501,0.23528954944920377,1.0
2029-05_2029-06,2029-05,TTF_M/TTF_M1,year,2020,13,0.9980058697331006,0.002709941402916849
2029-05_2029-06,2029-05,TTF_M/TTF_M1,year,2021,64,0.9832997802600181,0.032390771414097824
2029-05_2029-06,2029-05,TTF_M/TTF_M1,year,2022,113,0.9947017151666063,0.5092884923945555
2029-05_2029-06,2029-05,TTF_M/TTF_M1,year,2023,128,0.9921336045929726,0.21070606300909078
2029-05_2029-06,2029-05,TTF_M/TTF_M1,year,2024,116,0.997995899224261,0.08762216167650297
2029-05_2029-06,2029-05,TTF_M/TTF_M1,year,2025,67,0.9990763729031072,0.06759392575905022
2029-05_2029-06,2029-05,TTF_M/TTF_M1,year,2026,16,0.9983027582992202,0.08968864434378591
2029-05_2029-06,2029-05,TTF_M/TTF_M1,days_to_expiry,"(730, 1095]",114,0.9844555386762653,0.11579253804819802
2029-05_2029-06,2029-05,TTF_M/TTF_M1,days_to_expiry,"(365, 730]",201,0.9929291361434871,0.3659706464959332
2029-05_2029-06,2029-05,TTF_M/TTF_M1,days_to_expiry,"(180, 365]",102,0.9979494740431036,0.24216509320689725
2029-05_2029-06,2029-05,TTF_M/TTF_M1,days_to_expiry,"(90, 180]",48,0.9993325232537081,0.09886247311957376
2029-05_2029-06,2029-05,TTF_M/TTF_M1,days_to_expiry,"(60, 90]",16,0.9994956882052496,0.03876373427238169
2029-05_2029-06,2029-05,TTF_M/TTF_M1,days_to_expiry,"(30, 60]",17,0.9985836762923772,0.09116440225068224
2029-05_2029-06,2029-05,TTF_M/TTF_M1,days_to_expiry,"(0, 30]",15,0.9996280077977532,0.041538618918033524
2029-05_2029-06,2029-05,TTF_M/TTF_M1,days_to_expiry,nan,4,,0.005742493688300456
2029-05_2029-06,2029-05,TTF_M/TTF_M1,month_pair,May/Jun,517,0.9948602588057344,1.0
2029-05_2029-06,2029-05,TTF_M/TTF_M1,pooled,all,517,0.9948602588057344,1.0
2029-05_2029-06,2029-05,HH_M/HH_M1,year,2020,13,0.9896407263755451,0.0030878740505420137
2029-05_2029-06,2029-05,HH_M/HH_M1,year,2021,64,0.9924679891320487,0.022337960764067313
2029-05_2029-06,2029-05,HH_M/HH_M1,year,2022,113,0.999411958612501,0.2904889132791914
2029-05_2029-06,2029-05,HH_M/HH_M1,year,2023,128,0.9944566645992655,0.2763441191487612
2029-05_2029-06,2029-05,HH_M/HH_M1,year,2024,116,0.9837169779959859,0.13283356620565928
2029-05_2029-06,2029-05,HH_M/HH_M1,year,2025,67,0.9957133212395772,0.13325255588348717
2029-05_2029-06,2029-05,HH_M/HH_M1,year,2026,16,0.9970612311586343,0.1416550106682916
2029-05_2029-06,2029-05,HH_M/HH_M1,days_to_expiry,"(730, 1095]",114,0.9943488370336633,0.07801641844909155
2029-05_2029-06,2029-05,HH_M/HH_M1,days_to_expiry,"(365, 730]",201,0.9965149749034931,0.19426261645121687
2029-05_2029-06,2029-05,HH_M/HH_M1,days_to_expiry,"(180, 365]",102,0.9972343899308364,0.17780394218280493
2029-05_2029-06,2029-05,HH_M/HH_M1,days_to_expiry,"(90, 180]",48,0.9979872408783848,0.23614900227809088
2029-05_2029-06,2029-05,HH_M/HH_M1,days_to_expiry,"(60, 90]",16,0.998045023337256,0.14761577899296263
2029-05_2029-06,2029-05,HH_M/HH_M1,days_to_expiry,"(30, 60]",17,0.9904236817203408,0.08643234672415921
2029-05_2029-06,2029-05,HH_M/HH_M1,days_to_expiry,"(0, 30]",15,0.9834123768987169,0.07055643824143328
2029-05_2029-06,2029-05,HH_M/HH_M1,days_to_expiry,nan,4,,0.009163456680240637
2029-05_2029-06,2029-05,HH_M/HH_M1,month_pair,May/Jun,517,0.9941235078411588,1.0
2029-05_2029-06,2029-05,HH_M/HH_M1,pooled,all,517,0.9941235078411588,1.0
2029-05_2029-06,2029-05,Brent_M/Brent_M1,year,2020,13,0.9999209909543013,0.02359464702673597
2029-05_2029-06,2029-05,Brent_M/Brent_M1,year,2021,64,0.9998306177082483,0.10772436803477604
2029-05_2029-06,2029-05,Brent_M/Brent_M1,year,2022,113,0.9997471900757651,0.2709584700686424
2029-05_2029-06,2029-05,Brent_M/Brent_M1,year,2023,128,0.9998260481058856,0.23666276002151615
2029-05_2029-06,2029-05,Brent_M/Brent_M1,year,2024,116,0.9998514094288222,0.12211685954311655
2029-05_2029-06,2029-05,Brent_M/Brent_M1,year,2025,67,0.9997583803484773,0.11683777731684038
2029-05_2029-06,2029-05,Brent_M/Brent_M1,year,2026,16,0.9858907537266914,0.12210511798837252
2029-05_2029-06,2029-05,Brent_M/Brent_M1,days_to_expiry,"(730, 1095]",114,0.9997678934684638,0.16203053754266705
2029-05_2029-06,2029-05,Brent_M/Brent_M1,days_to_expiry,"(365, 730]",201,0.9998360689492654,0.33755861581624824
2029-05_2029-06,2029-05,Brent_M/Brent_M1,days_to_expiry,"(180, 365]",102,0.9998128959162879,0.1626793394605501
2029-05_2029-06,2029-05,Brent_M/Brent_M1,days_to_expiry,"(90, 180]",48,0.99975821942274,0.09449815344883952
2029-05_2029-06,2029-05,Brent_M/Brent_M1,days_to_expiry,"(60, 90]",16,0.9997982432098992,0.041728714761920034
2029-05_2029-06,2029-05,Brent_M/Brent_M1,days_to_expiry,"(30, 60]",17,0.9971185182742243,0.08212609453866064
2029-05_2029-06,2029-05,Brent_M/Brent_M1,days_to_expiry,"(0, 30]",15,0.981740115965752,0.08780401528803523
2029-05_2029-06,2029-05,Brent_M/Brent_M1,days_to_expiry,nan,4,,0.031574529143079184
2029-05_2029-06,2029-05,Brent_M/Brent_M1,month_pair,May/Jun,517,0.9973092700792787,1.0
2029-05_2029-06,2029-05,Brent_M/Brent_M1,pooled,all,517,0.9973092700792787,1.0
2029-05_2029-06,2029-05,TTF_M/HH_M,year,2020,13,-0.38932540387596387,0.0026539404352541587
2029-05_2029-06,2029-05,TTF_M/HH_M,year,2021,64,0.14961667551708413,0.028361023940350946
2029-05_2029-06,2029-05,TTF_M/HH_M,year,2022,113,0.3207565123710099,0.44209056546893905
2029-05_2029-06,2029-05,TTF_M/HH_M,year,2023,128,0.2374957673386224,0.23166347853010474
2029-05_2029-06,2029-05,TTF_M/HH_M,year,2024,116,0.3517915949944275,0.10312320116932987
2029-05_2029-06,2029-05,TTF_M/HH_M,year,2025,67,-0.08383146340911889,0.08600611886476332
2029-05_2029-06,2029-05,TTF_M/HH_M,year,2026,16,0.3632867957018802,0.10610167159125797
2029-05_2029-06,2029-05,TTF_M/HH_M,days_to_expiry,"(730, 1095]",114,0.1860182434144368,0.10306912525417838
2029-05_2029-06,2029-05,TTF_M/HH_M,days_to_expiry,"(365, 730]",201,0.27243146906738036,0.31834157939543767
2029-05_2029-06,2029-05,TTF_M/HH_M,days_to_expiry,"(180, 365]",102,0.2588399154327573,0.22120992923861002
2029-05_2029-06,2029-05,TTF_M/HH_M,days_to_expiry,"(90, 180]",48,0.4964984484651912,0.1391424596084669
2029-05_2029-06,2029-05,TTF_M/HH_M,days_to_expiry,"(60, 90]",16,0.1646579110508613,0.0690418826789345
2029-05_2029-06,2029-05,TTF_M/HH_M,days_to_expiry,"(30, 60]",17,0.06057891614600597,0.09227293538076915
2029-05_2029-06,2029-05,TTF_M/HH_M,days_to_expiry,"(0, 30]",15,0.17579191202941222,0.049630652117661676
2029-05_2029-06,2029-05,TTF_M/HH_M,days_to_expiry,nan,4,,0.007291436325941726
2029-05_2029-06,2029-05,TTF_M/HH_M,month_pair,May/Jun,517,0.2658411431353229,1.0
2029-05_2029-06,2029-05,TTF_M/HH_M,pooled,all,517,0.2658411431353229,1.0
2029-05_2029-06,2029-05,TTF_M/Brent_M,year,2020,13,0.6529848619457875,0.005750892004784786
2029-05_2029-06,2029-05,TTF_M/Brent_M,year,2021,64,0.11790916156071721,0.042923785994289636
2029-05_2029-06,2029-05,TTF_M/Brent_M,year,2022,113,0.24393425707303226,0.46581765399486197
2029-05_2029-06,2029-05,TTF_M/Brent_M,year,2023,128,0.16450372801794355,0.21773228220774407
2029-05_2029-06,2029-05,TTF_M/Brent_M,year,2024,116,-0.021693343496248536,0.09376001246603864
2029-05_2029-06,2029-05,TTF_M/Brent_M,year,2025,67,0.5311682404731778,0.07554747632192382
2029-05_2029-06,2029-05,TTF_M/Brent_M,year,2026,16,0.6387199289743648,0.09846789701035719
2029-05_2029-06,2029-05,TTF_M/Brent_M,days_to_expiry,"(730, 1095]",114,0.2832005289106506,0.12113001903673475
2029-05_2029-06,2029-05,TTF_M/Brent_M,days_to_expiry,"(365, 730]",201,0.293877700819979,0.3614059389069305
2029-05_2029-06,2029-05,TTF_M/Brent_M,days_to_expiry,"(180, 365]",102,0.11310095894175733,0.22668813971948104
2029-05_2029-06,2029-05,TTF_M/Brent_M,days_to_expiry,"(90, 180]",48,-0.027464517386635138,0.09943301714867428
2029-05_2029-06,2029-05,TTF_M/Brent_M,days_to_expiry,"(60, 90]",16,0.09390780912557485,0.03941393379856545
2029-05_2029-06,2029-05,TTF_M/Brent_M,days_to_expiry,"(30, 60]",17,0.6428309181057187,0.09199513718042865
2029-05_2029-06,2029-05,TTF_M/Brent_M,days_to_expiry,"(0, 30]",15,0.6080803104792394,0.049809378835973396
2029-05_2029-06,2029-05,TTF_M/Brent_M,days_to_expiry,nan,4,,0.010124435373211862
2029-05_2029-06,2029-05,TTF_M/Brent_M,month_pair,May/Jun,517,0.2645938355769033,1.0
2029-05_2029-06,2029-05,TTF_M/Brent_M,pooled,all,517,0.2645938355769033,1.0
2029-05_2029-06,2029-05,HH_M/Brent_M,year,2020,13,0.15583605204767653,0.00967536167875483
2029-05_2029-06,2029-05,HH_M/Brent_M,year,2021,64,0.36643701832302356,0.048991337983953484
2029-05_2029-06,2029-05,HH_M/Brent_M,year,2022,113,0.48111524956294693,0.2735912930674707
2029-05_2029-06,2029-05,HH_M/Brent_M,year,2023,128,0.23080100246486943,0.2620167985975636
2029-05_2029-06,2029-05,HH_M/Brent_M,year,2024,116,0.01644734748787953,0.13451819502624013
2029-05_2029-06,2029-05,HH_M/Brent_M,year,2025,67,0.24622522626401525,0.1280093170492386
2029-05_2029-06,2029-05,HH_M/Brent_M,year,2026,16,0.3523006889423424,0.14319769659677864
2029-05_2029-06,2029-05,HH_M/Brent_M,days_to_expiry,"(730, 1095]",114,0.2605811783328531,0.10197682694666604
2029-05_2029-06,2029-05,HH_M/Brent_M,days_to_expiry,"(365, 730]",201,0.387753348727116,0.23567852382227997
2029-05_2029-06,2029-05,HH_M/Brent_M,days_to_expiry,"(180, 365]",102,0.3532293912207513,0.16852273052365893
2029-05_2029-06,2029-05,HH_M/Brent_M,days_to_expiry,"(90, 180]",48,0.2801449073351684,0.19261168622768834
2029-05_2029-06,2029-05,HH_M/Brent_M,days_to_expiry,"(60, 90]",16,0.43513515838336503,0.11310685873341066
2029-05_2029-06,2029-05,HH_M/Brent_M,days_to_expiry,"(30, 60]",17,0.1272755998262181,0.08969818277548239
2029-05_2029-06,2029-05,HH_M/Brent_M,days_to_expiry,"(0, 30]",15,0.2126192668444758,0.0795379113610558
2029-05_2029-06,2029-05,HH_M/Brent_M,days_to_expiry,nan,4,,0.01886727960975787
2029-05_2029-06,2029-05,HH_M/Brent_M,month_pair,May/Jun,517,0.279556487872521,1.0
2029-05_2029-06,2029-05,HH_M/Brent_M,pooled,all,517,0.279556487872521,1.0
2029-06_2029-07,2029-06,TTF_M/TTF_M1,year,2020,14,0.9948632665892794,0.0037584545096484828
2029-06_2029-07,2029-06,TTF_M/TTF_M1,year,2021,63,0.9519603940126227,0.03460866085447278
2029-06_2029-07,2029-06,TTF_M/TTF_M1,year,2022,112,0.9914320312179398,0.5186334371119347
2029-06_2029-07,2029-06,TTF_M/TTF_M1,year,2023,133,0.9929067697145407,0.18141200749640496
2029-06_2029-07,2029-06,TTF_M/TTF_M1,year,2024,121,0.9982980281584009,0.11064976891463273
2029-06_2029-07,2029-06,TTF_M/TTF_M1,year,2025,72,0.9987993633144514,0.054746429743419915
2029-06_2029-07,2029-06,TTF_M/TTF_M1,year,2026,20,0.9984372491635776,0.0961912413694864
2029-06_2029-07,2029-06,TTF_M/TTF_M1,days_to_expiry,"(730, 1095]",133,0.9690343302413454,0.13254433641473118
2029-06_2029-07,2029-06,TTF_M/TTF_M1,days_to_expiry,"(365, 730]",199,0.9930563318029272,0.36073590517672893
2029-06_2029-07,2029-06,TTF_M/TTF_M1,days_to_expiry,"(180, 365]",103,0.9979410049568486,0.22975670159399394
2029-06_2029-07,2029-06,TTF_M/TTF_M1,days_to_expiry,"(90, 180]",48,0.9997362509875661,0.11161818155323668
2029-06_2029-07,2029-06,TTF_M/TTF_M1,days_to_expiry,"(60, 90]",16,0.9983276107388347,0.07656531458178979
2029-06_2029-07,2029-06,TTF_M/TTF_M1,days_to_expiry,"(30, 60]",16,0.9995856785140024,0.044612904942109066
2029-06_2029-07,2029-06,TTF_M/TTF_M1,days_to_expiry,"(0, 30]",16,0.99971425092203,0.025431469442025546
2029-06_2029-07,2029-06,TTF_M/TTF_M1,days_to_expiry,nan,4,,0.018735186295384974
2029-06_2029-07,2029-06,TTF_M/TTF_M1,month_pair,Jun/Jul,535,0.9927129834219739,1.0
2029-06_2029-07,2029-06,TTF_M/TTF_M1,pooled,all,535,0.9927129834219739,1.0
2029-06_2029-07,2029-06,HH_M/HH_M1,year,2020,14,0.9982637325660108,0.004415027369886722
2029-06_2029-07,2029-06,HH_M/HH_M1,year,2021,63,0.9961177693968075,0.02354944803133957
2029-06_2029-07,2029-06,HH_M/HH_M1,year,2022,112,0.9995984147380599,0.35919140296204416
2029-06_2029-07,2029-06,HH_M/HH_M1,year,2023,133,0.9871261634069464,0.22013303191027223
2029-06_2029-07,2029-06,HH_M/HH_M1,year,2024,121,0.9846864458241288,0.12680796758191995
2029-06_2029-07,2029-06,HH_M/HH_M1,year,2025,72,0.993565860360621,0.14806499057999903
2029-06_2029-07,2029-06,HH_M/HH_M1,year,2026,20,0.9879396172105859,0.1178381315645383
2029-06_2029-07,2029-06,HH_M/HH_M1,days_to_expiry,"(730, 1095]",133,0.9969002110591761,0.0877186221343366
2029-06_2029-07,2029-06,HH_M/HH_M1,days_to_expiry,"(365, 730]",199,0.9977130889168053,0.22198811031329482
2029-06_2029-07,2029-06,HH_M/HH_M1,days_to_expiry,"(180, 365]",103,0.9977054232555386,0.20337477566314144
2029-06_2029-07,2029-06,HH_M/HH_M1,days_to_expiry,"(90, 180]",48,0.9951623428930093,0.27318769964219825
2029-06_2029-07,2029-06,HH_M/HH_M1,days_to_expiry,"(60, 90]",16,0.9880270308324579,0.05284348265523957
2029-06_2029-07,2029-06,HH_M/HH_M1,days_to_expiry,"(30, 60]",16,0.9768195614088582,0.050499480782869206
2029-06_2029-07,2029-06,HH_M/HH_M1,days_to_expiry,"(0, 30]",16,0.9824643753613059,0.07899091076052049
2029-06_2029-07,2029-06,HH_M/HH_M1,days_to_expiry,nan,4,,0.031396918048399655
2029-06_2029-07,2029-06,HH_M/HH_M1,month_pair,Jun/Jul,535,0.991062747715486,1.0
2029-06_2029-07,2029-06,HH_M/HH_M1,pooled,all,535,0.991062747715486,1.0
2029-06_2029-07,2029-06,Brent_M/Brent_M1,year,2020,14,0.9996393946895399,0.007302564764330394
2029-06_2029-07,2029-06,Brent_M/Brent_M1,year,2021,63,0.9997215414170701,0.07786199803836549
2029-06_2029-07,2029-06,Brent_M/Brent_M1,year,2022,112,0.9997371460603145,0.2805741935465566
2029-06_2029-07,2029-06,Brent_M/Brent_M1,year,2023,133,0.9998039942785136,0.22795804373979997
2029-06_2029-07,2029-06,Brent_M/Brent_M1,year,2024,121,0.9997857175169897,0.12887428468634468
2029-06_2029-07,2029-06,Brent_M/Brent_M1,year,2025,72,0.9996933799441612,0.13745648273723307
2029-06_2029-07,2029-06,Brent_M/Brent_M1,year,2026,20,0.9926470490032205,0.1399724324873695
2029-06_2029-07,2029-06,Brent_M/Brent_M1,days_to_expiry,"(730, 1095]",133,0.9996923609186491,0.13168157019457086
2029-06_2029-07,2029-06,Brent_M/Brent_M1,days_to_expiry,"(365, 730]",199,0.9998012175467986,0.300792052413291
2029-06_2029-07,2029-06,Brent_M/Brent_M1,days_to_expiry,"(180, 365]",103,0.9998247416414464,0.2364328106193703
2029-06_2029-07,2029-06,Brent_M/Brent_M1,days_to_expiry,"(90, 180]",48,0.999664391242915,0.07999031806002843
2029-06_2029-07,2029-06,Brent_M/Brent_M1,days_to_expiry,"(60, 90]",16,0.9979083821858266,0.0780018917486771
2029-06_2029-07,2029-06,Brent_M/Brent_M1,days_to_expiry,"(30, 60]",16,0.9886911919513187,0.08219202203983178
2029-06_2029-07,2029-06,Brent_M/Brent_M1,days_to_expiry,"(0, 30]",16,0.99601647260089,0.05253820072022305
2029-06_2029-07,2029-06,Brent_M/Brent_M1,days_to_expiry,nan,4,,0.03837113420400726
2029-06_2029-07,2029-06,Brent_M/Brent_M1,month_pair,Jun/Jul,535,0.9979546640865584,1.0
2029-06_2029-07,2029-06,Brent_M/Brent_M1,pooled,all,535,0.9979546640865584,1.0
2029-06_2029-07,2029-06,TTF_M/HH_M,year,2020,14,0.20022410848509015,0.003869613221873031
2029-06_2029-07,2029-06,TTF_M/HH_M,year,2021,63,0.28102163686250475,0.03180018880068974
2029-06_2029-07,2029-06,TTF_M/HH_M,year,2022,112,0.06138119814897452,0.46584464840967044
2029-06_2029-07,2029-06,TTF_M/HH_M,year,2023,133,0.1295963464405975,0.19512014138857378
2029-06_2029-07,2029-06,TTF_M/HH_M,year,2024,121,0.1377624362476667,0.11761115680354461
2029-06_2029-07,2029-06,TTF_M/HH_M,year,2025,72,-0.06938119888272647,0.08018653360427405
2029-06_2029-07,2029-06,TTF_M/HH_M,year,2026,20,0.3643912489012121,0.10556771777137439
2029-06_2029-07,2029-06,TTF_M/HH_M,days_to_expiry,"(730, 1095]",133,0.06471579720534483,0.11959862015381123
2029-06_2029-07,2029-06,TTF_M/HH_M,days_to_expiry,"(365, 730]",199,0.08730010626113822,0.3168300589142814
2029-06_2029-07,2029-06,TTF_M/HH_M,days_to_expiry,"(180, 365]",103,-0.013031436466098379,0.22027221282049889
2029-06_2029-07,2029-06,TTF_M/HH_M,days_to_expiry,"(90, 180]",48,0.30035934609517356,0.15775031330158384
2029-06_2029-07,2029-06,TTF_M/HH_M,days_to_expiry,"(60, 90]",16,0.08601902598524441,0.07252803356547023
2029-06_2029-07,2029-06,TTF_M/HH_M,days_to_expiry,"(30, 60]",16,-0.001752247087775159,0.04698585942192993
2029-06_2029-07,2029-06,TTF_M/HH_M,days_to_expiry,"(0, 30]",16,0.08946651046886826,0.04225505364791733
2029-06_2029-07,2029-06,TTF_M/HH_M,days_to_expiry,nan,4,,0.0237798481745073
2029-06_2029-07,2029-06,TTF_M/HH_M,month_pair,Jun/Jul,535,0.1304044211571033,1.0
2029-06_2029-07,2029-06,TTF_M/HH_M,pooled,all,535,0.1304044211571033,1.0
2029-06_2029-07,2029-06,TTF_M/Brent_M,year,2020,14,0.81629585562544,0.004302964930191762
2029-06_2029-07,2029-06,TTF_M/Brent_M,year,2021,63,0.07072759760437276,0.04149301633142732
2029-06_2029-07,2029-06,TTF_M/Brent_M,year,2022,112,-0.1275119314201516,0.4775441276887821
2029-06_2029-07,2029-06,TTF_M/Brent_M,year,2023,133,0.10050248532004157,0.1892220339496205
2029-06_2029-07,2029-06,TTF_M/Brent_M,year,2024,121,0.11419179532318531,0.11368873821171224
2029-06_2029-07,2029-06,TTF_M/Brent_M,year,2025,72,0.40808387597043333,0.06739369504590989
2029-06_2029-07,2029-06,TTF_M/Brent_M,year,2026,20,0.6344331027896696,0.10635542384235631
2029-06_2029-07,2029-06,TTF_M/Brent_M,days_to_expiry,"(730, 1095]",133,0.19180869707827494,0.1324786749568541
2029-06_2029-07,2029-06,TTF_M/Brent_M,days_to_expiry,"(365, 730]",199,0.057805437093066715,0.3472337957167196
2029-06_2029-07,2029-06,TTF_M/Brent_M,days_to_expiry,"(180, 365]",103,-0.014370815503825074,0.2302391958070524
2029-06_2029-07,2029-06,TTF_M/Brent_M,days_to_expiry,"(90, 180]",48,-0.10062815922107028,0.10748907494441484
2029-06_2029-07,2029-06,TTF_M/Brent_M,days_to_expiry,"(60, 90]",16,0.5999793587028789,0.07894037619995278
2029-06_2029-07,2029-06,TTF_M/Brent_M,days_to_expiry,"(30, 60]",16,0.3802239767363179,0.051094847492975784
2029-06_2029-07,2029-06,TTF_M/Brent_M,days_to_expiry,"(0, 30]",16,0.37075279556318863,0.0297740819910318
2029-06_2029-07,2029-06,TTF_M/Brent_M,days_to_expiry,nan,4,,0.02274995289099898
2029-06_2029-07,2029-06,TTF_M/Brent_M,month_pair,Jun/Jul,535,0.12256853712503173,1.0
2029-06_2029-07,2029-06,TTF_M/Brent_M,pooled,all,535,0.12256853712503173,1.0
2029-06_2029-07,2029-06,HH_M/Brent_M,year,2020,14,0.3656100211156119,0.005023333490289067
2029-06_2029-07,2029-06,HH_M/Brent_M,year,2021,63,-0.014552775777269003,0.039427586898712313
2029-06_2029-07,2029-06,HH_M/Brent_M,year,2022,112,0.3082990389682345,0.3176599933901542
2029-06_2029-07,2029-06,HH_M/Brent_M,year,2023,133,0.13911843504268478,0.22667344373986945
2029-06_2029-07,2029-06,HH_M/Brent_M,year,2024,121,-0.06809121349335673,0.13217225520871484
2029-06_2029-07,2029-06,HH_M/Brent_M,year,2025,72,0.3036760169311211,0.1441827623564609
2029-06_2029-07,2029-06,HH_M/Brent_M,year,2026,20,0.27498387146080555,0.13486062491579925
2029-06_2029-07,2029-06,HH_M/Brent_M,days_to_expiry,"(730, 1095]",133,0.11347572358980791,0.0977373906446587
2029-06_2029-07,2029-06,HH_M/Brent_M,days_to_expiry,"(365, 730]",199,0.2811329111447486,0.23782833802404363
2029-06_2029-07,2029-06,HH_M/Brent_M,days_to_expiry,"(180, 365]",103,0.31519277704600396,0.2070632797098371
2029-06_2029-07,2029-06,HH_M/Brent_M,days_to_expiry,"(90, 180]",48,0.1422952465098947,0.21488639232786685
2029-06_2029-07,2029-06,HH_M/Brent_M,days_to_expiry,"(60, 90]",16,0.08797725340535195,0.06448595203270506
2029-06_2029-07,2029-06,HH_M/Brent_M,days_to_expiry,"(30, 60]",16,0.3211692475535022,0.06315677003727989
2029-06_2029-07,2029-06,HH_M/Brent_M,days_to_expiry,"(0, 30]",16,0.11988928852000472,0.0769405557727781
2029-06_2029-07,2029-06,HH_M/Brent_M,days_to_expiry,nan,4,,0.03790132145083069
2029-06_2029-07,2029-06,HH_M/Brent_M,month_pair,Jun/Jul,535,0.20079428098457583,1.0
2029-06_2029-07,2029-06,HH_M/Brent_M,pooled,all,535,0.20079428098457583,1.0
2029-07_2029-08,2029-07,TTF_M/TTF_M1,year,2020,13,0.9981745561602443,0.0016162144981032528
2029-07_2029-08,2029-07,TTF_M/TTF_M1,year,2021,63,0.9895241585687976,0.045280374435745965
2029-07_2029-08,2029-07,TTF_M/TTF_M1,year,2022,113,0.9983530654452564,0.4625634029741931
2029-07_2029-08,2029-07,TTF_M/TTF_M1,year,2023,136,0.9984829171397591,0.2219850517733284
2029-07_2029-08,2029-07,TTF_M/TTF_M1,year,2024,125,0.9989591876139333,0.08649248245034333
2029-07_2029-08,2029-07,TTF_M/TTF_M1,year,2025,75,0.9995205377929759,0.06598627363322829
2029-07_2029-08,2029-07,TTF_M/TTF_M1,year,2026,25,0.9992673739056998,0.11607620023505767
2029-07_2029-08,2029-07,TTF_M/TTF_M1,days_to_expiry,"(730, 1095]",146,0.9980418869949659,0.1141218705980497
2029-07_2029-08,2029-07,TTF_M/TTF_M1,days_to_expiry,"(365, 730]",201,0.9972560266404544,0.3215406992879916
2029-07_2029-08,2029-07,TTF_M/TTF_M1,days_to_expiry,"(180, 365]",103,0.9989083241420816,0.2717059904158848
2029-07_2029-08,2029-07,TTF_M/TTF_M1,days_to_expiry,"(90, 180]",48,0.9993842510494831,0.16570912658719486
2029-07_2029-08,2029-07,TTF_M/TTF_M1,days_to_expiry,"(60, 90]",16,0.9994104770380395,0.028481786574734044
2029-07_2029-08,2029-07,TTF_M/TTF_M1,days_to_expiry,"(30, 60]",16,0.998884273904901,0.025549140399066073
2029-07_2029-08,2029-07,TTF_M/TTF_M1,days_to_expiry,"(0, 30]",16,0.9984410569021369,0.06598183062349043
2029-07_2029-08,2029-07,TTF_M/TTF_M1,days_to_expiry,nan,4,,0.006909555513588499
2029-07_2029-08,2029-07,TTF_M/TTF_M1,month_pair,Jul/Aug,550,0.9982174130960374,1.0
2029-07_2029-08,2029-07,TTF_M/TTF_M1,pooled,all,550,0.9982174130960374,1.0
2029-07_2029-08,2029-07,HH_M/HH_M1,year,2020,13,0.9882073936621756,0.0009354280313200319
2029-07_2029-08,2029-07,HH_M/HH_M1,year,2021,63,0.9984512748250447,0.025797532900373243
2029-07_2029-08,2029-07,HH_M/HH_M1,year,2022,113,0.9997282337496078,0.32252360840682637
2029-07_2029-08,2029-07,HH_M/HH_M1,year,2023,136,0.9967300922712659,0.2016004996754921
2029-07_2029-08,2029-07,HH_M/HH_M1,year,2024,125,0.9967679773248005,0.17159671807925317
2029-07_2029-08,2029-07,HH_M/HH_M1,year,2025,75,0.9935028625068933,0.1945197717077856
2029-07_2029-08,2029-07,HH_M/HH_M1,year,2026,25,0.9983545683997702,0.08302644119894952
2029-07_2029-08,2029-07,HH_M/HH_M1,days_to_expiry,"(730, 1095]",146,0.9985751112582946,0.11039899611675652
2029-07_2029-08,2029-07,HH_M/HH_M1,days_to_expiry,"(365, 730]",201,0.9993172252307942,0.2588117829282754
2029-07_2029-08,2029-07,HH_M/HH_M1,days_to_expiry,"(180, 365]",103,0.9992585990996251,0.17881451571135362
2029-07_2029-08,2029-07,HH_M/HH_M1,days_to_expiry,"(90, 180]",48,0.999125400576831,0.22936027578737114
2029-07_2029-08,2029-07,HH_M/HH_M1,days_to_expiry,"(60, 90]",16,0.9953146044001988,0.04087290197428325
2029-07_2029-08,2029-07,HH_M/HH_M1,days_to_expiry,"(30, 60]",16,0.9933010256418273,0.04043493923699359
2029-07_2029-08,2029-07,HH_M/HH_M1,days_to_expiry,"(0, 30]",16,0.9955540661133265,0.10082548981765947
2029-07_2029-08,2029-07,HH_M/HH_M1,days_to_expiry,nan,4,,0.040481098427307065
2029-07_2029-08,2029-07,HH_M/HH_M1,month_pair,Jul/Aug,550,0.9967731287930488,1.0
2029-07_2029-08,2029-07,HH_M/HH_M1,pooled,all,550,0.9967731287930488,1.0
2029-07_2029-08,2029-07,Brent_M/Brent_M1,year,2020,13,0.9997854605608765,0.00810230421769712
2029-07_2029-08,2029-07,Brent_M/Brent_M1,year,2021,63,0.9998557651000527,0.10760861743371566
2029-07_2029-08,2029-07,Brent_M/Brent_M1,year,2022,113,0.9998019159914914,0.268921945885192
2029-07_2029-08,2029-07,Brent_M/Brent_M1,year,2023,136,0.9998097127963848,0.20915911332352197
2029-07_2029-08,2029-07,Brent_M/Brent_M1,year,2024,125,0.9998417747284374,0.12327276562006458
2029-07_2029-08,2029-07,Brent_M/Brent_M1,year,2025,75,0.9998039772632777,0.1686957421267451
2029-07_2029-08,2029-07,Brent_M/Brent_M1,year,2026,25,0.9928332119278422,0.11423951139306367
2029-07_2029-08,2029-07,Brent_M/Brent_M1,days_to_expiry,"(730, 1095]",146,0.9997394364731732,0.14308448814466018
2029-07_2029-08,2029-07,Brent_M/Brent_M1,days_to_expiry,"(365, 730]",201,0.999853770495528,0.34867440431387736
2029-07_2029-08,2029-07,Brent_M/Brent_M1,days_to_expiry,"(180, 365]",103,0.999861159099803,0.19051972829868746
2029-07_2029-08,2029-07,Brent_M/Brent_M1,days_to_expiry,"(90, 180]",48,0.999295871719336,0.11236460074592199
2029-07_2029-08,2029-07,Brent_M/Brent_M1,days_to_expiry,"(60, 90]",16,0.9940251286491119,0.053836329166957235
2029-07_2029-08,2029-07,Brent_M/Brent_M1,days_to_expiry,"(30, 60]",16,0.9934187746470631,0.03986126255149248
2029-07_2029-08,2029-07,Brent_M/Brent_M1,days_to_expiry,"(0, 30]",16,0.9965926878898235,0.0727753059942502
2029-07_2029-08,2029-07,Brent_M/Brent_M1,days_to_expiry,nan,4,,0.038883880784153176
2029-07_2029-08,2029-07,Brent_M/Brent_M1,month_pair,Jul/Aug,550,0.9986349478305194,1.0
2029-07_2029-08,2029-07,Brent_M/Brent_M1,pooled,all,550,0.9986349478305194,1.0
2029-07_2029-08,2029-07,TTF_M/HH_M,year,2020,13,-0.08541848187484774,0.0014284422220675855
2029-07_2029-08,2029-07,TTF_M/HH_M,year,2021,63,0.29582990469703774,0.0403509811624434
2029-07_2029-08,2029-07,TTF_M/HH_M,year,2022,113,0.10723696132334382,0.42430996929962683
2029-07_2029-08,2029-07,TTF_M/HH_M,year,2023,136,0.08059547218683819,0.2187693359340197
2029-07_2029-08,2029-07,TTF_M/HH_M,year,2024,125,0.12127940332279231,0.1069030267507883
2029-07_2029-08,2029-07,TTF_M/HH_M,year,2025,75,0.16765841078237909,0.09769741017972669
2029-07_2029-08,2029-07,TTF_M/HH_M,year,2026,25,0.0800713461836918,0.11054083445132722
2029-07_2029-08,2029-07,TTF_M/HH_M,days_to_expiry,"(730, 1095]",146,0.1427385010183491,0.11093166505957487
2029-07_2029-08,2029-07,TTF_M/HH_M,days_to_expiry,"(365, 730]",201,0.10422406582323845,0.3022727830292482
2029-07_2029-08,2029-07,TTF_M/HH_M,days_to_expiry,"(180, 365]",103,0.16037514761520902,0.24869843536972877
2029-07_2029-08,2029-07,TTF_M/HH_M,days_to_expiry,"(90, 180]",48,0.00753454148058554,0.18298278695332656
2029-07_2029-08,2029-07,TTF_M/HH_M,days_to_expiry,"(60, 90]",16,0.12678834546756618,0.03134185392565046
2029-07_2029-08,2029-07,TTF_M/HH_M,days_to_expiry,"(30, 60]",16,-0.005314943414943907,0.029564123431802678
2029-07_2029-08,2029-07,TTF_M/HH_M,days_to_expiry,"(0, 30]",16,0.1732889705398729,0.07719400498359655
2029-07_2029-08,2029-07,TTF_M/HH_M,days_to_expiry,nan,4,,0.017014347247071605
2029-07_2029-08,2029-07,TTF_M/HH_M,month_pair,Jul/Aug,550,0.12533256976608934,1.0
2029-07_2029-08,2029-07,TTF_M/HH_M,pooled,all,550,0.12533256976608934,1.0
2029-07_2029-08,2029-07,TTF_M/Brent_M,year,2020,13,0.7132465613946481,0.0025850241038518663
2029-07_2029-08,2029-07,TTF_M/Brent_M,year,2021,63,0.14426356148557626,0.05441687299005531
2029-07_2029-08,2029-07,TTF_M/Brent_M,year,2022,113,0.025840650410879244,0.42892083551603305
2029-07_2029-08,2029-07,TTF_M/Brent_M,year,2023,136,0.19758763569285032,0.22229950535014142
2029-07_2029-08,2029-07,TTF_M/Brent_M,year,2024,125,0.09341058683826872,0.090881101621133
2029-07_2029-08,2029-07,TTF_M/Brent_M,year,2025,75,0.49170151170643234,0.08149106798536576
2029-07_2029-08,2029-07,TTF_M/Brent_M,year,2026,25,0.5109383740538068,0.11940559243341961
2029-07_2029-08,2029-07,TTF_M/Brent_M,days_to_expiry,"(730, 1095]",146,0.3109460448695532,0.11640952925013552
2029-07_2029-08,2029-07,TTF_M/Brent_M,days_to_expiry,"(365, 730]",201,0.1500511157321084,0.3223274800399414
2029-07_2029-08,2029-07,TTF_M/Brent_M,days_to_expiry,"(180, 365]",103,-0.034370752341401835,0.2584912206036311
2029-07_2029-08,2029-07,TTF_M/Brent_M,days_to_expiry,"(90, 180]",48,0.3926545127345895,0.160120010100254
2029-07_2029-08,2029-07,TTF_M/Brent_M,days_to_expiry,"(60, 90]",16,0.46962580001657644,0.03247029169253864
2029-07_2029-08,2029-07,TTF_M/Brent_M,days_to_expiry,"(30, 60]",16,0.32292550915977447,0.028318033497316836
2029-07_2029-08,2029-07,TTF_M/Brent_M,days_to_expiry,"(0, 30]",16,0.3028452811541817,0.06992780802508464
2029-07_2029-08,2029-07,TTF_M/Brent_M,days_to_expiry,nan,4,,0.0119356267910979
2029-07_2029-08,2029-07,TTF_M/Brent_M,month_pair,Jul/Aug,550,0.1971467593684178,1.0
2029-07_2029-08,2029-07,TTF_M/Brent_M,pooled,all,550,0.1971467593684178,1.0
2029-07_2029-08,2029-07,HH_M/Brent_M,year,2020,13,0.02453022296012231,0.003467425848887731
2029-07_2029-08,2029-07,HH_M/Brent_M,year,2021,63,0.026412006278577097,0.05496318040083304
2029-07_2029-08,2029-07,HH_M/Brent_M,year,2022,113,0.334243244482546,0.29459999059478964
2029-07_2029-08,2029-07,HH_M/Brent_M,year,2023,136,0.2094533709606985,0.2019484150286961
2029-07_2029-08,2029-07,HH_M/Brent_M,year,2024,125,0.12436501872138375,0.1570583019543557
2029-07_2029-08,2029-07,HH_M/Brent_M,year,2025,75,0.4146605958037065,0.18988542803536204
2029-07_2029-08,2029-07,HH_M/Brent_M,year,2026,25,-0.09505499101617107,0.09807725813707577
2029-07_2029-08,2029-07,HH_M/Brent_M,days_to_expiry,"(730, 1095]",146,0.17560434150520693,0.11999224983660431
2029-07_2029-08,2029-07,HH_M/Brent_M,days_to_expiry,"(365, 730]",201,0.35809993441893195,0.2851061968312697
2029-07_2029-08,2029-07,HH_M/Brent_M,days_to_expiry,"(180, 365]",103,0.0527931616578339,0.1803561350659082
2029-07_2029-08,2029-07,HH_M/Brent_M,days_to_expiry,"(90, 180]",48,0.15385447870029328,0.18646352051520135
2029-07_2029-08,2029-07,HH_M/Brent_M,days_to_expiry,"(60, 90]",16,0.39985539419256333,0.04551088113931995
2029-07_2029-08,2029-07,HH_M/Brent_M,days_to_expiry,"(30, 60]",16,-0.13542263104296326,0.04255439054906308
2029-07_2029-08,2029-07,HH_M/Brent_M,days_to_expiry,"(0, 30]",16,0.3181117585046552,0.09389922764772475
2029-07_2029-08,2029-07,HH_M/Brent_M,days_to_expiry,nan,4,,0.046117398414908625
2029-07_2029-08,2029-07,HH_M/Brent_M,month_pair,Jul/Aug,550,0.2302412235910335,1.0
2029-07_2029-08,2029-07,HH_M/Brent_M,pooled,all,550,0.2302412235910335,1.0
2029-08_2029-09,2029-08,TTF_M/TTF_M1,year,2020,13,0.9979859935382996,0.0013444980431739982
2029-08_2029-09,2029-08,TTF_M/TTF_M1,year,2021,63,0.9895451626191457,0.039706241577742545
2029-08_2029-09,2029-08,TTF_M/TTF_M1,year,2022,113,0.9990222138522771,0.45946604519717443
2029-08_2029-09,2029-08,TTF_M/TTF_M1,year,2023,142,0.9972366778808474,0.24077997353282235
2029-08_2029-09,2029-08,TTF_M/TTF_M1,year,2024,129,0.9984497979384113,0.08187121511716042
2029-08_2029-09,2029-08,TTF_M/TTF_M1,year,2025,79,0.9994480972510433,0.07732074970675576
2029-08_2029-09,2029-08,TTF_M/TTF_M1,year,2026,29,0.9990395697319401,0.0995112768251703
2029-08_2029-09,2029-08,TTF_M/TTF_M1,days_to_expiry,"(730, 1095]",166,0.9975441057799902,0.1577915707927301
2029-08_2029-09,2029-08,TTF_M/TTF_M1,days_to_expiry,"(365, 730]",199,0.9982098494701711,0.3501265187018
2029-08_2029-09,2029-08,TTF_M/TTF_M1,days_to_expiry,"(180, 365]",103,0.9996834447117589,0.22467843291680767
2029-08_2029-09,2029-08,TTF_M/TTF_M1,days_to_expiry,"(90, 180]",48,0.9990367706528532,0.1533289597295677
2029-08_2029-09,2029-08,TTF_M/TTF_M1,days_to_expiry,"(60, 90]",16,0.9967265364127404,0.02179926710912844
2029-08_2029-09,2029-08,TTF_M/TTF_M1,days_to_expiry,"(30, 60]",17,0.997070262933282,0.04959020400877721
2029-08_2029-09,2029-08,TTF_M/TTF_M1,days_to_expiry,"(0, 30]",15,0.9978587216623237,0.04101338018366974
2029-08_2029-09,2029-08,TTF_M/TTF_M1,days_to_expiry,nan,4,,0.0016716665575190275
2029-08_2029-09,2029-08,TTF_M/TTF_M1,month_pair,Aug/Sep,568,0.9982650660760372,1.0
2029-08_2029-09,2029-08,TTF_M/TTF_M1,pooled,all,568,0.9982650660760372,1.0
2029-08_2029-09,2029-08,HH_M/HH_M1,year,2020,13,0.9851050304602847,0.001070169268089857
2029-08_2029-09,2029-08,HH_M/HH_M1,year,2021,63,0.9980159752239943,0.028652316665520053
2029-08_2029-09,2029-08,HH_M/HH_M1,year,2022,113,0.9997627813418943,0.31327453693707813
2029-08_2029-09,2029-08,HH_M/HH_M1,year,2023,142,0.992370449377936,0.21943573440778524
2029-08_2029-09,2029-08,HH_M/HH_M1,year,2024,129,0.993380937142493,0.18993924248778
2029-08_2029-09,2029-08,HH_M/HH_M1,year,2025,79,0.9991561510284742,0.18424046320106255
2029-08_2029-09,2029-08,HH_M/HH_M1,year,2026,29,0.9963231690223695,0.06338753703268425
2029-08_2029-09,2029-08,HH_M/HH_M1,days_to_expiry,"(730, 1095]",166,0.9985426550627428,0.11400478721250824
2029-08_2029-09,2029-08,HH_M/HH_M1,days_to_expiry,"(365, 730]",199,0.9993805523394118,0.26368133533350696
2029-08_2029-09,2029-08,HH_M/HH_M1,days_to_expiry,"(180, 365]",103,0.9995758919314918,0.24507989178421988
2029-08_2029-09,2029-08,HH_M/HH_M1,days_to_expiry,"(90, 180]",48,0.9993238335178732,0.15482076069329262
2029-08_2029-09,2029-08,HH_M/HH_M1,days_to_expiry,"(60, 90]",16,0.9973648260953654,0.053399698711573386
2029-08_2029-09,2029-08,HH_M/HH_M1,days_to_expiry,"(30, 60]",17,0.9985416431661172,0.07980414088264685
2029-08_2029-09,2029-08,HH_M/HH_M1,days_to_expiry,"(0, 30]",15,0.9956844401382668,0.05449072899624687
2029-08_2029-09,2029-08,HH_M/HH_M1,days_to_expiry,nan,4,,0.03471865638600527
2029-08_2029-09,2029-08,HH_M/HH_M1,month_pair,Aug/Sep,568,0.9962976631004431,1.0
2029-08_2029-09,2029-08,HH_M/HH_M1,pooled,all,568,0.9962976631004431,1.0
2029-08_2029-09,2029-08,Brent_M/Brent_M1,year,2020,13,0.9998127555825957,0.00820175986767402
2029-08_2029-09,2029-08,Brent_M/Brent_M1,year,2021,63,0.999843987776906,0.11822619523514344
2029-08_2029-09,2029-08,Brent_M/Brent_M1,year,2022,113,0.9998124953766278,0.2843641791183671
2029-08_2029-09,2029-08,Brent_M/Brent_M1,year,2023,142,0.9997333425777555,0.21077431000124996
2029-08_2029-09,2029-08,Brent_M/Brent_M1,year,2024,129,0.9998299060256833,0.1018107168150251
2029-08_2029-09,2029-08,Brent_M/Brent_M1,year,2025,79,0.9996449503688455,0.13910753440024248
2029-08_2029-09,2029-08,Brent_M/Brent_M1,year,2026,29,0.9954792470801661,0.13751530456229777
2029-08_2029-09,2029-08,Brent_M/Brent_M1,days_to_expiry,"(730, 1095]",166,0.9997522130896839,0.1896248413156033
2029-08_2029-09,2029-08,Brent_M/Brent_M1,days_to_expiry,"(365, 730]",199,0.9998514392798713,0.32681917376183717
2029-08_2029-09,2029-08,Brent_M/Brent_M1,days_to_expiry,"(180, 365]",103,0.9998344014332883,0.17456121136521777
2029-08_2029-09,2029-08,Brent_M/Brent_M1,days_to_expiry,"(90, 180]",48,0.9981988214335749,0.1670718836980011
2029-08_2029-09,2029-08,Brent_M/Brent_M1,days_to_expiry,"(60, 90]",16,0.994564264957764,0.02340630658745837
2029-08_2029-09,2029-08,Brent_M/Brent_M1,days_to_expiry,"(30, 60]",17,0.9991342351081657,0.059293744037208614
2029-08_2029-09,2029-08,Brent_M/Brent_M1,days_to_expiry,"(0, 30]",15,0.9957932778638487,0.04701559911081671
2029-08_2029-09,2029-08,Brent_M/Brent_M1,days_to_expiry,nan,4,,0.012207240123856945
2029-08_2029-09,2029-08,Brent_M/Brent_M1,month_pair,Aug/Sep,568,0.9989127646974256,1.0
2029-08_2029-09,2029-08,Brent_M/Brent_M1,pooled,all,568,0.9989127646974256,1.0
2029-08_2029-09,2029-08,TTF_M/HH_M,year,2020,13,-0.051004550853625756,0.001326738031129385
2029-08_2029-09,2029-08,TTF_M/HH_M,year,2021,63,0.2903736830587117,0.03737278759261504
2029-08_2029-09,2029-08,TTF_M/HH_M,year,2022,113,0.03826125942767644,0.4238768039304073
2029-08_2029-09,2029-08,TTF_M/HH_M,year,2023,142,0.04381280464300991,0.2385369881286768
2029-08_2029-09,2029-08,TTF_M/HH_M,year,2024,129,0.2302557287873089,0.10684383770489168
2029-08_2029-09,2029-08,TTF_M/HH_M,year,2025,79,0.2197952556768278,0.09951773013806223
2029-08_2029-09,2029-08,TTF_M/HH_M,year,2026,29,0.28130513527710693,0.09252511447421766
2029-08_2029-09,2029-08,TTF_M/HH_M,days_to_expiry,"(730, 1095]",166,-0.0011356666790370317,0.1474056517809119
2029-08_2029-09,2029-08,TTF_M/HH_M,days_to_expiry,"(365, 730]",199,0.060379600634992585,0.3281104836570389
2029-08_2029-09,2029-08,TTF_M/HH_M,days_to_expiry,"(180, 365]",103,0.2566289854018687,0.22615914325435202
2029-08_2029-09,2029-08,TTF_M/HH_M,days_to_expiry,"(90, 180]",48,0.015796680301955638,0.15428351896954767
2029-08_2029-09,2029-08,TTF_M/HH_M,days_to_expiry,"(60, 90]",16,0.3433933439626326,0.028806087514465995
2029-08_2029-09,2029-08,TTF_M/HH_M,days_to_expiry,"(30, 60]",17,0.22358667200106833,0.0591851221856648
2029-08_2029-09,2029-08,TTF_M/HH_M,days_to_expiry,"(0, 30]",15,0.3313868337642707,0.04493226346654481
2029-08_2029-09,2029-08,TTF_M/HH_M,days_to_expiry,nan,4,,0.011117729171473889
2029-08_2029-09,2029-08,TTF_M/HH_M,month_pair,Aug/Sep,568,0.1239179140838149,1.0
2029-08_2029-09,2029-08,TTF_M/HH_M,pooled,all,568,0.1239179140838149,1.0
2029-08_2029-09,2029-08,TTF_M/Brent_M,year,2020,13,0.7320957645966807,0.0023310431700536314
2029-08_2029-09,2029-08,TTF_M/Brent_M,year,2021,63,0.11635451535471746,0.050479835092520624
2029-08_2029-09,2029-08,TTF_M/Brent_M,year,2022,113,0.05461377111221285,0.4318687205034378
2029-08_2029-09,2029-08,TTF_M/Brent_M,year,2023,142,0.133045888080893,0.23905230595639498
2029-08_2029-09,2029-08,TTF_M/Brent_M,year,2024,129,-0.012903879989386474,0.08454978023937734
2029-08_2029-09,2029-08,TTF_M/Brent_M,year,2025,79,0.5428279061934247,0.0852688924002367
2029-08_2029-09,2029-08,TTF_M/Brent_M,year,2026,29,0.7017459603709664,0.10644942263797887
2029-08_2029-09,2029-08,TTF_M/Brent_M,days_to_expiry,"(730, 1095]",166,0.10260513011385612,0.16133019777247848
2029-08_2029-09,2029-08,TTF_M/Brent_M,days_to_expiry,"(365, 730]",199,0.09747640125502084,0.3443691155563236
2029-08_2029-09,2029-08,TTF_M/Brent_M,days_to_expiry,"(180, 365]",103,0.1598874132044177,0.2158286103417704
2029-08_2029-09,2029-08,TTF_M/Brent_M,days_to_expiry,"(90, 180]",48,0.5061297901669243,0.15616711571154349
2029-08_2029-09,2029-08,TTF_M/Brent_M,days_to_expiry,"(60, 90]",16,0.5069090345426921,0.022205979449254544
2029-08_2029-09,2029-08,TTF_M/Brent_M,days_to_expiry,"(30, 60]",17,0.27159348324762794,0.05405603676504211
2029-08_2029-09,2029-08,TTF_M/Brent_M,days_to_expiry,"(0, 30]",15,0.42116995971507554,0.04287947724377535
2029-08_2029-09,2029-08,TTF_M/Brent_M,days_to_expiry,nan,4,,0.0031634671598120088
2029-08_2029-09,2029-08,TTF_M/Brent_M,month_pair,Aug/Sep,568,0.2090882682350846,1.0
2029-08_2029-09,2029-08,TTF_M/Brent_M,pooled,all,568,0.2090882682350846,1.0
2029-08_2029-09,2029-08,HH_M/Brent_M,year,2020,13,0.06647859687632221,0.003587167019303648
2029-08_2029-09,2029-08,HH_M/Brent_M,year,2021,63,0.002423176211493183,0.06039593831080552
2029-08_2029-09,2029-08,HH_M/Brent_M,year,2022,113,0.27530551656579405,0.2962490527169817
2029-08_2029-09,2029-08,HH_M/Brent_M,year,2023,142,0.2299308386702148,0.2157767172931199
2029-08_2029-09,2029-08,HH_M/Brent_M,year,2024,129,0.03567101982853991,0.16227613030907997
2029-08_2029-09,2029-08,HH_M/Brent_M,year,2025,79,0.08135992304712236,0.16737198657185864
2029-08_2029-09,2029-08,HH_M/Brent_M,year,2026,29,0.10034008695546745,0.09434300777885066
2029-08_2029-09,2029-08,HH_M/Brent_M,days_to_expiry,"(730, 1095]",166,0.3006007041681408,0.13912736216136412
2029-08_2029-09,2029-08,HH_M/Brent_M,days_to_expiry,"(365, 730]",199,0.28119135137625595,0.2809556672276885
2029-08_2029-09,2029-08,HH_M/Brent_M,days_to_expiry,"(180, 365]",103,0.08541627023452342,0.2144464138511128
2029-08_2029-09,2029-08,HH_M/Brent_M,days_to_expiry,"(90, 180]",48,0.19468124376765222,0.15951632298546595
2029-08_2029-09,2029-08,HH_M/Brent_M,days_to_expiry,"(60, 90]",16,0.05043513728151068,0.043432854618226865
2029-08_2029-09,2029-08,HH_M/Brent_M,days_to_expiry,"(30, 60]",17,0.025939639467770406,0.07462026593480635
2029-08_2029-09,2029-08,HH_M/Brent_M,days_to_expiry,"(0, 30]",15,-0.2028486048508056,0.0544375824252564
2029-08_2029-09,2029-08,HH_M/Brent_M,days_to_expiry,nan,4,,0.03346353079607899
2029-08_2029-09,2029-08,HH_M/Brent_M,month_pair,Aug/Sep,568,0.15843991700042817,1.0
2029-08_2029-09,2029-08,HH_M/Brent_M,pooled,all,568,0.15843991700042817,1.0
2029-09_2029-10,2029-09,TTF_M/TTF_M1,year,2020,13,0.9809786368350708,0.0026268327051519515
2029-09_2029-10,2029-09,TTF_M/TTF_M1,year,2021,63,0.9190006949915626,0.02244928152505379
2029-09_2029-10,2029-09,TTF_M/TTF_M1,year,2022,114,0.9930045047224806,0.4342576693962409
2029-09_2029-10,2029-09,TTF_M/TTF_M1,year,2023,145,0.9852367522845417,0.2541223262402576
2029-09_2029-10,2029-09,TTF_M/TTF_M1,year,2024,134,0.9942834516031297,0.08774662562937462
2029-09_2029-10,2029-09,TTF_M/TTF_M1,year,2025,83,0.9968906190711274,0.06800875206358328
2029-09_2029-10,2029-09,TTF_M/TTF_M1,year,2026,33,0.9996752348380805,0.1307885124403381
2029-09_2029-10,2029-09,TTF_M/TTF_M1,days_to_expiry,"(730, 1095]",181,0.9835444572206212,0.2139695944693287
2029-09_2029-10,2029-09,TTF_M/TTF_M1,days_to_expiry,"(365, 730]",201,0.9931239593854011,0.33195558517386536
2029-09_2029-10,2029-09,TTF_M/TTF_M1,days_to_expiry,"(180, 365]",103,0.9960776413928265,0.1704673621380175
2029-09_2029-10,2029-09,TTF_M/TTF_M1,days_to_expiry,"(90, 180]",48,0.9987967783880451,0.15828369265538347
2029-09_2029-10,2029-09,TTF_M/TTF_M1,days_to_expiry,"(60, 90]",16,0.9902750490790456,0.02977699089667938
2029-09_2029-10,2029-09,TTF_M/TTF_M1,days_to_expiry,"(30, 60]",16,0.9746086344981579,0.032976865686164
2029-09_2029-10,2029-09,TTF_M/TTF_M1,days_to_expiry,"(0, 30]",16,0.9817078377974345,0.04744842813176318
2029-09_2029-10,2029-09,TTF_M/TTF_M1,days_to_expiry,nan,4,,0.015121480848798672
2029-09_2029-10,2029-09,TTF_M/TTF_M1,month_pair,Sep/Oct,585,0.990804621849721,1.0
2029-09_2029-10,2029-09,TTF_M/TTF_M1,pooled,all,585,0.990804621849721,1.0
2029-09_2029-10,2029-09,HH_M/HH_M1,year,2020,13,0.9954950795682126,0.0017112659781534374
2029-09_2029-10,2029-09,HH_M/HH_M1,year,2021,63,0.9962966166329823,0.022327604886317135
2029-09_2029-10,2029-09,HH_M/HH_M1,year,2022,114,0.9997639947988718,0.32517330468642597
2029-09_2029-10,2029-09,HH_M/HH_M1,year,2023,145,0.9967839888531902,0.2549516315291459
2029-09_2029-10,2029-09,HH_M/HH_M1,year,2024,134,0.9963076412311195,0.13828900826128432
2029-09_2029-10,2029-09,HH_M/HH_M1,year,2025,83,0.9974426676092629,0.1744482170016352
2029-09_2029-10,2029-09,HH_M/HH_M1,year,2026,33,0.9983035072732158,0.08309896765703788
2029-09_2029-10,2029-09,HH_M/HH_M1,days_to_expiry,"(730, 1095]",181,0.9982232914480942,0.1204795563551483
2029-09_2029-10,2029-09,HH_M/HH_M1,days_to_expiry,"(365, 730]",201,0.9992812865958052,0.2600606661963584
2029-09_2029-10,2029-09,HH_M/HH_M1,days_to_expiry,"(180, 365]",103,0.9994667954710412,0.2974964794395635
2029-09_2029-10,2029-09,HH_M/HH_M1,days_to_expiry,"(90, 180]",48,0.9976582005242495,0.14786792836371393
2029-09_2029-10,2029-09,HH_M/HH_M1,days_to_expiry,"(60, 90]",16,0.997284024305425,0.04064180488408414
2029-09_2029-10,2029-09,HH_M/HH_M1,days_to_expiry,"(30, 60]",16,0.9967742090747783,0.0832262996491948
2029-09_2029-10,2029-09,HH_M/HH_M1,days_to_expiry,"(0, 30]",16,0.9901649939352998,0.034028524152465066
2029-09_2029-10,2029-09,HH_M/HH_M1,days_to_expiry,nan,4,,0.016198740959471818
2029-09_2029-10,2029-09,HH_M/HH_M1,month_pair,Sep/Oct,585,0.9975818230475961,1.0
2029-09_2029-10,2029-09,HH_M/HH_M1,pooled,all,585,0.9975818230475961,1.0
2029-09_2029-10,2029-09,Brent_M/Brent_M1,year,2020,13,0.9998157001514504,0.014207070613499623
2029-09_2029-10,2029-09,Brent_M/Brent_M1,year,2021,63,0.9997744497553638,0.08163483172080825
2029-09_2029-10,2029-09,Brent_M/Brent_M1,year,2022,114,0.9996689152204652,0.22309811873425517
2029-09_2029-10,2029-09,Brent_M/Brent_M1,year,2023,145,0.9998145379412623,0.21938055359227035
2029-09_2029-10,2029-09,Brent_M/Brent_M1,year,2024,134,0.9997091023707604,0.12506562521566617
2029-09_2029-10,2029-09,Brent_M/Brent_M1,year,2025,83,0.9996791768505686,0.15104723350240376
2029-09_2029-10,2029-09,Brent_M/Brent_M1,year,2026,33,0.9976471376977134,0.18556656662109666
2029-09_2029-10,2029-09,Brent_M/Brent_M1,days_to_expiry,"(730, 1095]",181,0.9996181157051398,0.17380483458074708
2029-09_2029-10,2029-09,Brent_M/Brent_M1,days_to_expiry,"(365, 730]",201,0.9998324723504081,0.29744676303662126
2029-09_2029-10,2029-09,Brent_M/Brent_M1,days_to_expiry,"(180, 365]",103,0.9998319689686376,0.1851034471037292
2029-09_2029-10,2029-09,Brent_M/Brent_M1,days_to_expiry,"(90, 180]",48,0.9990316620467183,0.1821164493246724
2029-09_2029-10,2029-09,Brent_M/Brent_M1,days_to_expiry,"(60, 90]",16,0.9993797501757092,0.06045883703322942
2029-09_2029-10,2029-09,Brent_M/Brent_M1,days_to_expiry,"(30, 60]",16,0.9940877175990722,0.043740119277162946
2029-09_2029-10,2029-09,Brent_M/Brent_M1,days_to_expiry,"(0, 30]",16,0.9989281813088366,0.052966696604254154
2029-09_2029-10,2029-09,Brent_M/Brent_M1,days_to_expiry,nan,4,,0.0043628530395834345
2029-09_2029-10,2029-09,Brent_M/Brent_M1,month_pair,Sep/Oct,585,0.9990254230151103,1.0
2029-09_2029-10,2029-09,Brent_M/Brent_M1,pooled,all,585,0.9990254230151103,1.0
2029-09_2029-10,2029-09,TTF_M/HH_M,year,2020,13,-0.14640865060045916,0.002483200314433649
2029-09_2029-10,2029-09,TTF_M/HH_M,year,2021,63,0.02866653100835486,0.022657868401641242
2029-09_2029-10,2029-09,TTF_M/HH_M,year,2022,114,0.32558310293271125,0.3966424453378128
2029-09_2029-10,2029-09,TTF_M/HH_M,year,2023,145,0.1634087465126175,0.2628423580936711
2029-09_2029-10,2029-09,TTF_M/HH_M,year,2024,134,0.23597176101645762,0.10366634933732771
2029-09_2029-10,2029-09,TTF_M/HH_M,year,2025,83,0.10329815276083597,0.09444926925118914
2029-09_2029-10,2029-09,TTF_M/HH_M,year,2026,33,0.4043815607291706,0.11725850926392438
2029-09_2029-10,2029-09,TTF_M/HH_M,days_to_expiry,"(730, 1095]",181,0.23338755976523343,0.18871109833477404
2029-09_2029-10,2029-09,TTF_M/HH_M,days_to_expiry,"(365, 730]",201,0.19232231596435106,0.3068482564597532
2029-09_2029-10,2029-09,TTF_M/HH_M,days_to_expiry,"(180, 365]",103,0.37645711649771235,0.2018500677258618
2029-09_2029-10,2029-09,TTF_M/HH_M,days_to_expiry,"(90, 180]",48,0.2493325743392784,0.1555528009671992
2029-09_2029-10,2029-09,TTF_M/HH_M,days_to_expiry,"(60, 90]",16,0.24933785754884683,0.03558933523284839
2029-09_2029-10,2029-09,TTF_M/HH_M,days_to_expiry,"(30, 60]",16,0.27745256225353476,0.048420764142914
2029-09_2029-10,2029-09,TTF_M/HH_M,days_to_expiry,"(0, 30]",16,0.3774963469695742,0.048000529261035554
2029-09_2029-10,2029-09,TTF_M/HH_M,days_to_expiry,nan,4,,0.0150271478756138
2029-09_2029-10,2029-09,TTF_M/HH_M,month_pair,Sep/Oct,585,0.25061056125639897,1.0
2029-09_2029-10,2029-09,TTF_M/HH_M,pooled,all,585,0.25061056125639897,1.0
2029-09_2029-10,2029-09,TTF_M/Brent_M,year,2020,13,0.8501224345611839,0.004410073183392044
2029-09_2029-10,2029-09,TTF_M/Brent_M,year,2021,63,0.10740715608023184,0.03158879762372557
2029-09_2029-10,2029-09,TTF_M/Brent_M,year,2022,114,0.12160465887930676,0.392761002412969
2029-09_2029-10,2029-09,TTF_M/Brent_M,year,2023,145,0.03214725842020649,0.257012819375841
2029-09_2029-10,2029-09,TTF_M/Brent_M,year,2024,134,0.008650911813032125,0.09493077092363485
2029-09_2029-10,2029-09,TTF_M/Brent_M,year,2025,83,0.49495846153661466,0.08026460083096398
2029-09_2029-10,2029-09,TTF_M/Brent_M,year,2026,33,0.60932927089709,0.13903193564947366
2029-09_2029-10,2029-09,TTF_M/Brent_M,days_to_expiry,"(730, 1095]",181,0.23459793810987967,0.20628570038953875
2029-09_2029-10,2029-09,TTF_M/Brent_M,days_to_expiry,"(365, 730]",201,0.17227915919042436,0.3201415667498704
2029-09_2029-10,2029-09,TTF_M/Brent_M,days_to_expiry,"(180, 365]",103,-0.10476011222727945,0.17266196599363423
2029-09_2029-10,2029-09,TTF_M/Brent_M,days_to_expiry,"(90, 180]",48,0.4707318230061054,0.1612184927413668
2029-09_2029-10,2029-09,TTF_M/Brent_M,days_to_expiry,"(60, 90]",16,0.431823891168886,0.03701302193343343
2029-09_2029-10,2029-09,TTF_M/Brent_M,days_to_expiry,"(30, 60]",16,0.3928740208486322,0.037652715906188086
2029-09_2029-10,2029-09,TTF_M/Brent_M,days_to_expiry,"(0, 30]",16,0.2783931507258897,0.052654106149460034
2029-09_2029-10,2029-09,TTF_M/Brent_M,days_to_expiry,nan,4,,0.012372430136508267
2029-09_2029-10,2029-09,TTF_M/Brent_M,month_pair,Sep/Oct,585,0.2120575380749939,1.0
2029-09_2029-10,2029-09,TTF_M/Brent_M,pooled,all,585,0.2120575380749939,1.0
2029-09_2029-10,2029-09,HH_M/Brent_M,year,2020,13,-0.12857892400781534,0.005954746141110168
2029-09_2029-10,2029-09,HH_M/Brent_M,year,2021,63,0.12969126885060203,0.04171839522956106
2029-09_2029-10,2029-09,HH_M/Brent_M,year,2022,114,0.4597055002584685,0.28317893722173676
2029-09_2029-10,2029-09,HH_M/Brent_M,year,2023,145,0.2406766517727915,0.2441587536949513
2029-09_2029-10,2029-09,HH_M/Brent_M,year,2024,134,0.008413838469074272,0.13762723527021561
2029-09_2029-10,2029-09,HH_M/Brent_M,year,2025,83,0.018844657326446995,0.16617758777191435
2029-09_2029-10,2029-09,HH_M/Brent_M,year,2026,33,0.15438906200004882,0.12118434467051091
2029-09_2029-10,2029-09,HH_M/Brent_M,days_to_expiry,"(730, 1095]",181,0.3060540916731093,0.13599329277405894
2029-09_2029-10,2029-09,HH_M/Brent_M,days_to_expiry,"(365, 730]",201,0.3267876974723281,0.2672109659792566
2029-09_2029-10,2029-09,HH_M/Brent_M,days_to_expiry,"(180, 365]",103,0.21740230283830653,0.2555836300021657
2029-09_2029-10,2029-09,HH_M/Brent_M,days_to_expiry,"(90, 180]",48,0.12863159448152117,0.16235055789613181
2029-09_2029-10,2029-09,HH_M/Brent_M,days_to_expiry,"(60, 90]",16,0.23404845333391536,0.050302273996921054
2029-09_2029-10,2029-09,HH_M/Brent_M,days_to_expiry,"(30, 60]",16,0.03672588194996699,0.0726044241542496
2029-09_2029-10,2029-09,HH_M/Brent_M,days_to_expiry,"(0, 30]",16,0.22042216932137199,0.041917690835566034
2029-09_2029-10,2029-09,HH_M/Brent_M,days_to_expiry,nan,4,,0.014037164361650322
2029-09_2029-10,2029-09,HH_M/Brent_M,month_pair,Sep/Oct,585,0.2077025129336224,1.0
2029-09_2029-10,2029-09,HH_M/Brent_M,pooled,all,585,0.2077025129336224,1.0
2029-10_2029-11,2029-10,TTF_M/TTF_M1,year,2019,12,0.9949621227919195,0.000971645393181243
2029-10_2029-11,2029-10,TTF_M/TTF_M1,year,2020,64,0.9976698722305282,0.012542013913312767
2029-10_2029-11,2029-10,TTF_M/TTF_M1,year,2021,113,0.9978566885593073,0.11299877249656917
2029-10_2029-11,2029-10,TTF_M/TTF_M1,year,2022,152,0.9977846771815873,0.6148679490378739
2029-10_2029-11,2029-10,TTF_M/TTF_M1,year,2023,136,0.971575819368247,0.16852848357404632
2029-10_2029-11,2029-10,TTF_M/TTF_M1,year,2024,88,0.9949224228151188,0.06049321928755236
2029-10_2029-11,2029-10,TTF_M/TTF_M1,year,2025,37,0.9555693536292192,0.029597916297464357
2029-10_2029-11,2029-10,TTF_M/TTF_M1,days_to_expiry,"(730, 1095]",198,0.9986211556525382,0.18693966252671085
2029-10_2029-11,2029-10,TTF_M/TTF_M1,days_to_expiry,"(365, 730]",201,0.9973879214172789,0.22886810853759634
2029-10_2029-11,2029-10,TTF_M/TTF_M1,days_to_expiry,"(180, 365]",103,0.9961146146482043,0.3920246983159997
2029-10_2029-11,2029-10,TTF_M/TTF_M1,days_to_expiry,"(90, 180]",48,0.9832742314368423,0.07017218453186824
2029-10_2029-11,2029-10,TTF_M/TTF_M1,days_to_expiry,"(60, 90]",16,0.9824789821208022,0.037881733497830465
2029-10_2029-11,2029-10,TTF_M/TTF_M1,days_to_expiry,"(30, 60]",16,0.9790595553596788,0.03873985693406616
2029-10_2029-11,2029-10,TTF_M/TTF_M1,days_to_expiry,"(0, 30]",16,0.9451159144481491,0.039390086265586974
2029-10_2029-11,2029-10,TTF_M/TTF_M1,days_to_expiry,nan,4,,0.005983669390341313
2029-10_2029-11,2029-10,TTF_M/TTF_M1,month_pair,Oct/Nov,602,0.9910780256018291,1.0
2029-10_2029-11,2029-10,TTF_M/TTF_M1,pooled,all,602,0.9910780256018291,1.0
2029-10_2029-11,2029-10,HH_M/HH_M1,year,2019,12,0.9967086263908638,0.0005593617717945707
2029-10_2029-11,2029-10,HH_M/HH_M1,year,2020,64,0.9901047156668771,0.00885446423754472
2029-10_2029-11,2029-10,HH_M/HH_M1,year,2021,113,0.9942159128403653,0.05805368040853436
2029-10_2029-11,2029-10,HH_M/HH_M1,year,2022,152,0.9982396954213657,0.6036343581345618
2029-10_2029-11,2029-10,HH_M/HH_M1,year,2023,136,0.9647910667567844,0.15772589599470951
2029-10_2029-11,2029-10,HH_M/HH_M1,year,2024,88,0.9694274956219553,0.08091337279227906
2029-10_2029-11,2029-10,HH_M/HH_M1,year,2025,37,0.9873438132226353,0.09025886666057609
2029-10_2029-11,2029-10,HH_M/HH_M1,days_to_expiry,"(730, 1095]",198,0.9920205755527681,0.07893772601960691
2029-10_2029-11,2029-10,HH_M/HH_M1,days_to_expiry,"(365, 730]",201,0.992639573022251,0.20865763032508539
2029-10_2029-11,2029-10,HH_M/HH_M1,days_to_expiry,"(180, 365]",103,0.9895930934281493,0.2251779807049082
2029-10_2029-11,2029-10,HH_M/HH_M1,days_to_expiry,"(90, 180]",48,0.9894434115443097,0.22554063003541847
2029-10_2029-11,2029-10,HH_M/HH_M1,days_to_expiry,"(60, 90]",16,0.9913437863987519,0.12223883638754005
2029-10_2029-11,2029-10,HH_M/HH_M1,days_to_expiry,"(30, 60]",16,0.9761523048699928,0.05433631123489831
2029-10_2029-11,2029-10,HH_M/HH_M1,days_to_expiry,"(0, 30]",16,0.958893174868663,0.06823378007144444
2029-10_2029-11,2029-10,HH_M/HH_M1,days_to_expiry,nan,4,,0.016877105221098407
2029-10_2029-11,2029-10,HH_M/HH_M1,month_pair,Oct/Nov,602,0.9860800092977313,1.0
2029-10_2029-11,2029-10,HH_M/HH_M1,pooled,all,602,0.9860800092977313,1.0
2029-10_2029-11,2029-10,Brent_M/Brent_M1,year,2019,12,0.9995129762261561,0.0013405615280225787
2029-10_2029-11,2029-10,Brent_M/Brent_M1,year,2020,64,0.99977091222616,0.1154271689960239
2029-10_2029-11,2029-10,Brent_M/Brent_M1,year,2021,113,0.9998224808195313,0.14497875755646936
2029-10_2029-11,2029-10,Brent_M/Brent_M1,year,2022,152,0.9992059805855061,0.3556902919112148
2029-10_2029-11,2029-10,Brent_M/Brent_M1,year,2023,136,0.9995300183140992,0.19008657083713248
2029-10_2029-11,2029-10,Brent_M/Brent_M1,year,2024,88,0.9997230345186837,0.09923470720843769
2029-10_2029-11,2029-10,Brent_M/Brent_M1,year,2025,37,0.9998323902229705,0.09324194196269912
2029-10_2029-11,2029-10,Brent_M/Brent_M1,days_to_expiry,"(730, 1095]",198,0.9997409740685019,0.2317146983730623
2029-10_2029-11,2029-10,Brent_M/Brent_M1,days_to_expiry,"(365, 730]",201,0.9998330348865703,0.2807423878382022
2029-10_2029-11,2029-10,Brent_M/Brent_M1,days_to_expiry,"(180, 365]",103,0.99971847236356,0.2240930554785128
2029-10_2029-11,2029-10,Brent_M/Brent_M1,days_to_expiry,"(90, 180]",48,0.9994416164366476,0.13981232959416556
2029-10_2029-11,2029-10,Brent_M/Brent_M1,days_to_expiry,"(60, 90]",16,0.9983170155596491,0.0387782391056565
2029-10_2029-11,2029-10,Brent_M/Brent_M1,days_to_expiry,"(30, 60]",16,0.9989533268423282,0.0308294730704014
2029-10_2029-11,2029-10,Brent_M/Brent_M1,days_to_expiry,"(0, 30]",16,0.9993839807844113,0.04704409647351874
2029-10_2029-11,2029-10,Brent_M/Brent_M1,days_to_expiry,nan,4,,0.006985720066480463
2029-10_2029-11,2029-10,Brent_M/Brent_M1,month_pair,Oct/Nov,602,0.9995004369952142,1.0
2029-10_2029-11,2029-10,Brent_M/Brent_M1,pooled,all,602,0.9995004369952142,1.0
2029-10_2029-11,2029-10,TTF_M/HH_M,year,2019,12,0.12677029435608184,0.000844697529732901
2029-10_2029-11,2029-10,TTF_M/HH_M,year,2020,64,0.14213858657121614,0.011474806726142529
2029-10_2029-11,2029-10,TTF_M/HH_M,year,2021,113,0.055625794256235164,0.09601538203822914
2029-10_2029-11,2029-10,TTF_M/HH_M,year,2022,152,0.15165968759444373,0.5932919545052638
2029-10_2029-11,2029-10,TTF_M/HH_M,year,2023,136,0.18765014474351116,0.18115941456553553
2029-10_2029-11,2029-10,TTF_M/HH_M,year,2024,88,0.2914420455777878,0.07094930138055175
2029-10_2029-11,2029-10,TTF_M/HH_M,year,2025,37,0.08488487693120444,0.046264443254544485
2029-10_2029-11,2029-10,TTF_M/HH_M,days_to_expiry,"(730, 1095]",198,0.29835300358355493,0.1546262731905637
2029-10_2029-11,2029-10,TTF_M/HH_M,days_to_expiry,"(365, 730]",201,0.20610368665093523,0.22033226558296024
2029-10_2029-11,2029-10,TTF_M/HH_M,days_to_expiry,"(180, 365]",103,0.20803631441278733,0.3449494180073575
2029-10_2029-11,2029-10,TTF_M/HH_M,days_to_expiry,"(90, 180]",48,-0.13469640816613992,0.11241564273490096
2029-10_2029-11,2029-10,TTF_M/HH_M,days_to_expiry,"(60, 90]",16,0.09052567165769422,0.060018736145492295
2029-10_2029-11,2029-10,TTF_M/HH_M,days_to_expiry,"(30, 60]",16,0.3476520833091,0.044350674654913456
2029-10_2029-11,2029-10,TTF_M/HH_M,days_to_expiry,"(0, 30]",16,0.5010530598682564,0.05343493626938219
2029-10_2029-11,2029-10,TTF_M/HH_M,days_to_expiry,nan,4,,0.009872053414429654
2029-10_2029-11,2029-10,TTF_M/HH_M,month_pair,Oct/Nov,602,0.17380646102118313,1.0
2029-10_2029-11,2029-10,TTF_M/HH_M,pooled,all,602,0.17380646102118313,1.0
2029-10_2029-11,2029-10,TTF_M/Brent_M,year,2019,12,0.6555504463964655,0.0010171459588234574
2029-10_2029-11,2029-10,TTF_M/Brent_M,year,2020,64,0.5968519580824571,0.025525039810351455
2029-10_2029-11,2029-10,TTF_M/Brent_M,year,2021,113,0.2296198527832679,0.1141700080613999
2029-10_2029-11,2029-10,TTF_M/Brent_M,year,2022,152,0.15141959009083591,0.5687225906204935
2029-10_2029-11,2029-10,TTF_M/Brent_M,year,2023,136,0.020191039409852094,0.1853115991746031
2029-10_2029-11,2029-10,TTF_M/Brent_M,year,2024,88,0.04650280952786943,0.06735761696272155
2029-10_2029-11,2029-10,TTF_M/Brent_M,year,2025,37,0.5192555661640695,0.03789599941160708
2029-10_2029-11,2029-10,TTF_M/Brent_M,days_to_expiry,"(730, 1095]",198,0.2712100130065094,0.1872753116051563
2029-10_2029-11,2029-10,TTF_M/Brent_M,days_to_expiry,"(365, 730]",201,0.18839947298022303,0.2322103571551109
2029-10_2029-11,2029-10,TTF_M/Brent_M,days_to_expiry,"(180, 365]",103,0.20772576612806232,0.36344653247796294
2029-10_2029-11,2029-10,TTF_M/Brent_M,days_to_expiry,"(90, 180]",48,0.09708950044505489,0.08264469148913604
2029-10_2029-11,2029-10,TTF_M/Brent_M,days_to_expiry,"(60, 90]",16,-0.677054280948876,0.03877417921233862
2029-10_2029-11,2029-10,TTF_M/Brent_M,days_to_expiry,"(30, 60]",16,0.24436489041717452,0.040431411745418394
2029-10_2029-11,2029-10,TTF_M/Brent_M,days_to_expiry,"(0, 30]",16,0.2811672202450957,0.048119530113117405
2029-10_2029-11,2029-10,TTF_M/Brent_M,days_to_expiry,nan,4,,0.007097986201759456
2029-10_2029-11,2029-10,TTF_M/Brent_M,month_pair,Oct/Nov,602,0.16529347846578818,1.0
2029-10_2029-11,2029-10,TTF_M/Brent_M,pooled,all,602,0.16529347846578818,1.0
2029-10_2029-11,2029-10,HH_M/Brent_M,year,2019,12,0.32016989655375744,0.0007432627225814241
2029-10_2029-11,2029-10,HH_M/Brent_M,year,2020,64,0.11531844598202973,0.04041315883819335
2029-10_2029-11,2029-10,HH_M/Brent_M,year,2021,113,0.061144951755686454,0.08162742766285971
2029-10_2029-11,2029-10,HH_M/Brent_M,year,2022,152,0.4661835570274508,0.508313774560309
2029-10_2029-11,2029-10,HH_M/Brent_M,year,2023,136,0.20344949065606188,0.17679202899379243
2029-10_2029-11,2029-10,HH_M/Brent_M,year,2024,88,-0.08635014548684498,0.09668860290381859
2029-10_2029-11,2029-10,HH_M/Brent_M,year,2025,37,0.18937195597052542,0.0954217443184454
2029-10_2029-11,2029-10,HH_M/Brent_M,days_to_expiry,"(730, 1095]",198,0.24401486141215467,0.12277374176606219
2029-10_2029-11,2029-10,HH_M/Brent_M,days_to_expiry,"(365, 730]",201,0.3655689746599111,0.2276367387881071
2029-10_2029-11,2029-10,HH_M/Brent_M,days_to_expiry,"(180, 365]",103,0.22069530505329493,0.2291608792672326
2029-10_2029-11,2029-10,HH_M/Brent_M,days_to_expiry,"(90, 180]",48,0.3834404601707671,0.2001269747838203
2029-10_2029-11,2029-10,HH_M/Brent_M,days_to_expiry,"(60, 90]",16,0.35810662600754023,0.0970051572513277
2029-10_2029-11,2029-10,HH_M/Brent_M,days_to_expiry,"(30, 60]",16,-0.26095520450714793,0.04569097733393834
2029-10_2029-11,2029-10,HH_M/Brent_M,days_to_expiry,"(0, 30]",16,0.38995991783751904,0.06273578955921565
2029-10_2029-11,2029-10,HH_M/Brent_M,days_to_expiry,nan,4,,0.014869741250296168
2029-10_2029-11,2029-10,HH_M/Brent_M,month_pair,Oct/Nov,602,0.2714401729377474,1.0
2029-10_2029-11,2029-10,HH_M/Brent_M,pooled,all,602,0.2714401729377474,1.0
2029-11_2029-12,2029-11,TTF_M/TTF_M1,year,2019,13,0.9952501509120473,0.001141867662919227
2029-11_2029-12,2029-11,TTF_M/TTF_M1,year,2020,65,0.9940082002803582,0.011241977124664867
2029-11_2029-12,2029-11,TTF_M/TTF_M1,year,2021,113,0.9977919091335056,0.1160160444003249
2029-11_2029-12,2029-11,TTF_M/TTF_M1,year,2022,155,0.9966494371533124,0.6130302276866587
2029-11_2029-12,2029-11,TTF_M/TTF_M1,year,2023,142,0.9904022418634099,0.17460230179801683
2029-11_2029-12,2029-11,TTF_M/TTF_M1,year,2024,92,0.9985359445766366,0.047173923076911706
2029-11_2029-12,2029-11,TTF_M/TTF_M1,year,2025,42,0.9991931705328667,0.03679365825050364
2029-11_2029-12,2029-11,TTF_M/TTF_M1,days_to_expiry,"(1095, 1460]",16,0.9984274315219028,0.005836451050203528
2029-11_2029-12,2029-11,TTF_M/TTF_M1,days_to_expiry,"(730, 1095]",203,0.9976987071595552,0.2046435304405544
2029-11_2029-12,2029-11,TTF_M/TTF_M1,days_to_expiry,"(365, 730]",200,0.9987108649778951,0.27918117073514453
2029-11_2029-12,2029-11,TTF_M/TTF_M1,days_to_expiry,"(180, 365]",102,0.9988447039859665,0.323047935853071
2029-11_2029-12,2029-11,TTF_M/TTF_M1,days_to_expiry,"(90, 180]",49,0.9975746398280382,0.10035895739526704
2029-11_2029-12,2029-11,TTF_M/TTF_M1,days_to_expiry,"(60, 90]",16,0.9952520630294434,0.027528264840034476
2029-11_2029-12,2029-11,TTF_M/TTF_M1,days_to_expiry,"(30, 60]",16,0.9870272712797697,0.014155331197630875
2029-11_2029-12,2029-11,TTF_M/TTF_M1,days_to_expiry,"(0, 30]",16,0.9841781182394852,0.039567685990428515
2029-11_2029-12,2029-11,TTF_M/TTF_M1,days_to_expiry,nan,4,,0.005680672497665446
2029-11_2029-12,2029-11,TTF_M/TTF_M1,month_pair,Nov/Dec,622,0.9957709108741302,1.0
2029-11_2029-12,2029-11,TTF_M/TTF_M1,pooled,all,622,0.9957709108741302,1.0
2029-11_2029-12,2029-11,HH_M/HH_M1,year,2019,13,0.9895805851206001,0.000694184089861354
2029-11_2029-12,2029-11,HH_M/HH_M1,year,2020,65,0.9875521976051226,0.009005757541367487
2029-11_2029-12,2029-11,HH_M/HH_M1,year,2021,113,0.9926232875486599,0.05962608847504141
2029-11_2029-12,2029-11,HH_M/HH_M1,year,2022,155,0.9963711170704033,0.5931037878383065
2029-11_2029-12,2029-11,HH_M/HH_M1,year,2023,142,0.9844233183982154,0.1440611513302079
2029-11_2029-12,2029-11,HH_M/HH_M1,year,2024,92,0.9612799023874398,0.09162881377322807
2029-11_2029-12,2029-11,HH_M/HH_M1,year,2025,42,0.9830071440946058,0.10188021695198728
2029-11_2029-12,2029-11,HH_M/HH_M1,days_to_expiry,"(1095, 1460]",16,0.9898290007793759,0.003223940296758086
2029-11_2029-12,2029-11,HH_M/HH_M1,days_to_expiry,"(730, 1095]",203,0.9909908636471058,0.08806612902442812
2029-11_2029-12,2029-11,HH_M/HH_M1,days_to_expiry,"(365, 730]",200,0.9924297921995665,0.19036854243593368
2029-11_2029-12,2029-11,HH_M/HH_M1,days_to_expiry,"(180, 365]",102,0.9953223385939501,0.30540294797398676
2029-11_2029-12,2029-11,HH_M/HH_M1,days_to_expiry,"(90, 180]",49,0.9927348813850286,0.21078914299578522
2029-11_2029-12,2029-11,HH_M/HH_M1,days_to_expiry,"(60, 90]",16,0.9799153242930607,0.03769644897926868
2029-11_2029-12,2029-11,HH_M/HH_M1,days_to_expiry,"(30, 60]",16,0.9876520973868721,0.05439238280453744
2029-11_2029-12,2029-11,HH_M/HH_M1,days_to_expiry,"(0, 30]",16,0.9801475160098867,0.10223935640731703
2029-11_2029-12,2029-11,HH_M/HH_M1,days_to_expiry,nan,4,,0.007821109081984925
2029-11_2029-12,2029-11,HH_M/HH_M1,month_pair,Nov/Dec,622,0.9881702344102977,1.0
2029-11_2029-12,2029-11,HH_M/HH_M1,pooled,all,622,0.9881702344102977,1.0
2029-11_2029-12,2029-11,Brent_M/Brent_M1,year,2019,13,0.9995567441924896,0.0022096513535406577
2029-11_2029-12,2029-11,Brent_M/Brent_M1,year,2020,65,0.9998019723050503,0.06886611095154055
2029-11_2029-12,2029-11,Brent_M/Brent_M1,year,2021,113,0.9998047741192035,0.16551662869987
2029-11_2029-12,2029-11,Brent_M/Brent_M1,year,2022,155,0.9995566542270776,0.37887626540347197
2029-11_2029-12,2029-11,Brent_M/Brent_M1,year,2023,142,0.9996415619019183,0.1930504982983906
2029-11_2029-12,2029-11,Brent_M/Brent_M1,year,2024,92,0.9999076438053011,0.11085372910519581
2029-11_2029-12,2029-11,Brent_M/Brent_M1,year,2025,42,0.9996165732855957,0.08062711618799048
2029-11_2029-12,2029-11,Brent_M/Brent_M1,days_to_expiry,"(1095, 1460]",16,0.9996947256802169,0.011143673246544914
2029-11_2029-12,2029-11,Brent_M/Brent_M1,days_to_expiry,"(730, 1095]",203,0.9998308208415355,0.2586945617917268
2029-11_2029-12,2029-11,Brent_M/Brent_M1,days_to_expiry,"(365, 730]",200,0.9998277313946478,0.2975545206422223
2029-11_2029-12,2029-11,Brent_M/Brent_M1,days_to_expiry,"(180, 365]",102,0.9996451049077728,0.18266403410032386
2029-11_2029-12,2029-11,Brent_M/Brent_M1,days_to_expiry,"(90, 180]",49,0.9994340613070611,0.11295842882017611
2029-11_2029-12,2029-11,Brent_M/Brent_M1,days_to_expiry,"(60, 90]",16,0.9996723740736022,0.031768288735504684
2029-11_2029-12,2029-11,Brent_M/Brent_M1,days_to_expiry,"(30, 60]",16,0.999559724712268,0.041081094261962055
2029-11_2029-12,2029-11,Brent_M/Brent_M1,days_to_expiry,"(0, 30]",16,0.9990608686651428,0.05051028662817293
2029-11_2029-12,2029-11,Brent_M/Brent_M1,days_to_expiry,nan,4,,0.013625111773366292
2029-11_2029-12,2029-11,Brent_M/Brent_M1,month_pair,Nov/Dec,622,0.9996416901659136,1.0
2029-11_2029-12,2029-11,Brent_M/Brent_M1,pooled,all,622,0.9996416901659136,1.0
2029-11_2029-12,2029-11,TTF_M/HH_M,year,2019,13,0.3697140566563039,0.0010312195994547663
2029-11_2029-12,2029-11,TTF_M/HH_M,year,2020,65,0.1174298814185297,0.010794467245728866
2029-11_2029-12,2029-11,TTF_M/HH_M,year,2021,113,0.17650690140341002,0.10260934443478774
2029-11_2029-12,2029-11,TTF_M/HH_M,year,2022,155,-0.009593263575215146,0.5997120588892091
2029-11_2029-12,2029-11,TTF_M/HH_M,year,2023,142,0.042578795911597994,0.17285042856186753
2029-11_2029-12,2029-11,TTF_M/HH_M,year,2024,92,0.24397520425443683,0.060298267511389225
2029-11_2029-12,2029-11,TTF_M/HH_M,year,2025,42,0.1713585666300793,0.052704213757562825
2029-11_2029-12,2029-11,TTF_M/HH_M,days_to_expiry,"(1095, 1460]",16,0.32143546441272763,0.005195958137789087
2029-11_2029-12,2029-11,TTF_M/HH_M,days_to_expiry,"(730, 1095]",203,0.06438276710632572,0.17492691789544737
2029-11_2029-12,2029-11,TTF_M/HH_M,days_to_expiry,"(365, 730]",200,0.07992753908518976,0.25660885270609785
2029-11_2029-12,2029-11,TTF_M/HH_M,days_to_expiry,"(180, 365]",102,0.05434153525790979,0.31434278705535973
2029-11_2029-12,2029-11,TTF_M/HH_M,days_to_expiry,"(90, 180]",49,-0.1856515622322394,0.12471417676185335
2029-11_2029-12,2029-11,TTF_M/HH_M,days_to_expiry,"(60, 90]",16,0.5980715037721942,0.0302720399461541
2029-11_2029-12,2029-11,TTF_M/HH_M,days_to_expiry,"(30, 60]",16,0.32322680543133964,0.022702587466093927
2029-11_2029-12,2029-11,TTF_M/HH_M,days_to_expiry,"(0, 30]",16,0.1160182989311872,0.06410971335979904
2029-11_2029-12,2029-11,TTF_M/HH_M,days_to_expiry,nan,4,,0.0071269666714055815
2029-11_2029-12,2029-11,TTF_M/HH_M,month_pair,Nov/Dec,622,0.06085728268665888,1.0
2029-11_2029-12,2029-11,TTF_M/HH_M,pooled,all,622,0.06085728268665888,1.0
2029-11_2029-12,2029-11,TTF_M/Brent_M,year,2019,13,0.5197794585347428,0.00127363445265357
2029-11_2029-12,2029-11,TTF_M/Brent_M,year,2020,65,0.6457679559145086,0.0183095905550746
2029-11_2029-12,2029-11,TTF_M/Brent_M,year,2021,113,0.08227179093412809,0.1210689546311932
2029-11_2029-12,2029-11,TTF_M/Brent_M,year,2022,155,-0.022499998601100836,0.5794485496458484
2029-11_2029-12,2029-11,TTF_M/Brent_M,year,2023,142,0.2674061497951137,0.18177638483129832
2029-11_2029-12,2029-11,TTF_M/Brent_M,year,2024,92,0.03289339099638996,0.055584676399667944
2029-11_2029-12,2029-11,TTF_M/Brent_M,year,2025,42,0.6530190108192564,0.04253820948426394
2029-11_2029-12,2029-11,TTF_M/Brent_M,days_to_expiry,"(1095, 1460]",16,0.46856802092395095,0.006391682686811879
2029-11_2029-12,2029-11,TTF_M/Brent_M,days_to_expiry,"(730, 1095]",203,0.19992183819314552,0.2068675576557211
2029-11_2029-12,2029-11,TTF_M/Brent_M,days_to_expiry,"(365, 730]",200,0.1189137596694706,0.2787454478845665
2029-11_2029-12,2029-11,TTF_M/Brent_M,days_to_expiry,"(180, 365]",102,0.10428313422111088,0.30207455787408005
2029-11_2029-12,2029-11,TTF_M/Brent_M,days_to_expiry,"(90, 180]",49,-0.2261204292027917,0.10257860477448069
2029-11_2029-12,2029-11,TTF_M/Brent_M,days_to_expiry,"(60, 90]",16,0.445407476100716,0.028417306841842255
2029-11_2029-12,2029-11,TTF_M/Brent_M,days_to_expiry,"(30, 60]",16,0.5135075699312497,0.017427206899649758
2029-11_2029-12,2029-11,TTF_M/Brent_M,days_to_expiry,"(0, 30]",16,0.3094615402629317,0.049666190232914666
2029-11_2029-12,2029-11,TTF_M/Brent_M,days_to_expiry,nan,4,,0.007831445149933069
2029-11_2029-12,2029-11,TTF_M/Brent_M,month_pair,Nov/Dec,622,0.11923502774639928,1.0
2029-11_2029-12,2029-11,TTF_M/Brent_M,pooled,all,622,0.11923502774639928,1.0
2029-11_2029-12,2029-11,HH_M/Brent_M,year,2019,13,0.31635946392674863,0.0011424045836161726
2029-11_2029-12,2029-11,HH_M/Brent_M,year,2020,65,0.0840754365900043,0.028286259274089804
2029-11_2029-12,2029-11,HH_M/Brent_M,year,2021,113,0.0920111151619021,0.09297813835672793
2029-11_2029-12,2029-11,HH_M/Brent_M,year,2022,155,0.3577396330223713,0.5089350730896695
2029-11_2029-12,2029-11,HH_M/Brent_M,year,2023,142,0.11946004871488933,0.16263418365341706
2029-11_2029-12,2029-11,HH_M/Brent_M,year,2024,92,0.1111700899606804,0.10642392741371531
2029-11_2029-12,2029-11,HH_M/Brent_M,year,2025,42,0.060840135210437754,0.09960001362876425
2029-11_2029-12,2029-11,HH_M/Brent_M,days_to_expiry,"(1095, 1460]",16,0.38630406084491226,0.005715563901588518
2029-11_2029-12,2029-11,HH_M/Brent_M,days_to_expiry,"(730, 1095]",203,0.24127061774195754,0.1423334615842612
2029-11_2029-12,2029-11,HH_M/Brent_M,days_to_expiry,"(365, 730]",200,0.288150119460845,0.22300393577671698
2029-11_2029-12,2029-11,HH_M/Brent_M,days_to_expiry,"(180, 365]",102,0.1340170570213712,0.2622180882587577
2029-11_2029-12,2029-11,HH_M/Brent_M,days_to_expiry,"(90, 180]",49,0.4716660006650641,0.17693112659633065
2029-11_2029-12,2029-11,HH_M/Brent_M,days_to_expiry,"(60, 90]",16,0.2926218404422884,0.036690668825519454
2029-11_2029-12,2029-11,HH_M/Brent_M,days_to_expiry,"(30, 60]",16,0.27237119515747993,0.0491843717098875
2029-11_2029-12,2029-11,HH_M/Brent_M,days_to_expiry,"(0, 30]",16,-0.09355600187729857,0.0944497055633754
2029-11_2029-12,2029-11,HH_M/Brent_M,days_to_expiry,nan,4,,0.00947307778356267
2029-11_2029-12,2029-11,HH_M/Brent_M,month_pair,Nov/Dec,622,0.223006111757648,1.0
2029-11_2029-12,2029-11,HH_M/Brent_M,pooled,all,622,0.223006111757648,1.0
2029-12_2030-01,2029-12,TTF_M/TTF_M1,year,2019,13,0.9515804093645837,0.0008652333066403845
2029-12_2030-01,2029-12,TTF_M/TTF_M1,year,2020,64,0.9577582336183058,0.011076826955171589
2029-12_2030-01,2029-12,TTF_M/TTF_M1,year,2021,114,0.9970059532971113,0.18975935093465082
2029-12_2030-01,2029-12,TTF_M/TTF_M1,year,2022,159,0.9936201679443686,0.5635819840338049
2029-12_2030-01,2029-12,TTF_M/TTF_M1,year,2023,146,0.9964706061078275,0.15675855055466595
2029-12_2030-01,2029-12,TTF_M/TTF_M1,year,2024,96,0.9987006498508254,0.04426305285474075
2029-12_2030-01,2029-12,TTF_M/TTF_M1,year,2025,46,0.9994259227769225,0.03369500136032542
2029-12_2030-01,2029-12,TTF_M/TTF_M1,days_to_expiry,"(1095, 1460]",34,0.9780900439432826,0.007568089807261307
2029-12_2030-01,2029-12,TTF_M/TTF_M1,days_to_expiry,"(730, 1095]",200,0.9868852488022355,0.18830495803831004
2029-12_2030-01,2029-12,TTF_M/TTF_M1,days_to_expiry,"(365, 730]",200,0.9953213022141071,0.3145531003705883
2029-12_2030-01,2029-12,TTF_M/TTF_M1,days_to_expiry,"(180, 365]",102,0.9975842105440423,0.30901838808326626
2029-12_2030-01,2029-12,TTF_M/TTF_M1,days_to_expiry,"(90, 180]",50,0.9994003955249371,0.10697720915688735
2029-12_2030-01,2029-12,TTF_M/TTF_M1,days_to_expiry,"(60, 90]",16,0.9978806340623084,0.023129200038202475
2029-12_2030-01,2029-12,TTF_M/TTF_M1,days_to_expiry,"(30, 60]",17,0.9980547849044924,0.0184386815590187
2029-12_2030-01,2029-12,TTF_M/TTF_M1,days_to_expiry,"(0, 30]",15,0.9957166562586522,0.028860803835901103
2029-12_2030-01,2029-12,TTF_M/TTF_M1,days_to_expiry,nan,4,,0.0031495691105643954
2029-12_2030-01,2029-12,TTF_M/TTF_M1,month_pair,Dec/Jan,638,0.9947250037082406,1.0
2029-12_2030-01,2029-12,TTF_M/TTF_M1,pooled,all,638,0.9947250037082406,1.0
2029-12_2030-01,2029-12,HH_M/HH_M1,year,2019,13,0.9974773953442188,0.0011811961319135966
2029-12_2030-01,2029-12,HH_M/HH_M1,year,2020,64,0.9919038824769055,0.006657575153527017
2029-12_2030-01,2029-12,HH_M/HH_M1,year,2021,114,0.9965236933187476,0.05790691831418299
2029-12_2030-01,2029-12,HH_M/HH_M1,year,2022,159,0.9990562604858537,0.6080819058874382
2029-12_2030-01,2029-12,HH_M/HH_M1,year,2023,146,0.987529803572694,0.13833617398470538
2029-12_2030-01,2029-12,HH_M/HH_M1,year,2024,96,0.9832802559844213,0.09269853638890521
2029-12_2030-01,2029-12,HH_M/HH_M1,year,2025,46,0.9903817651641712,0.09513769413932757
2029-12_2030-01,2029-12,HH_M/HH_M1,days_to_expiry,"(1095, 1460]",34,0.9963627862888369,0.009350281267969784
2029-12_2030-01,2029-12,HH_M/HH_M1,days_to_expiry,"(730, 1095]",200,0.9942450811225033,0.08425324521024806
2029-12_2030-01,2029-12,HH_M/HH_M1,days_to_expiry,"(365, 730]",200,0.997567279613973,0.18439942841610016
2029-12_2030-01,2029-12,HH_M/HH_M1,days_to_expiry,"(180, 365]",102,0.998416363683631,0.34285886054811077
2029-12_2030-01,2029-12,HH_M/HH_M1,days_to_expiry,"(90, 180]",50,0.9975716845122976,0.16519783638985736
2029-12_2030-01,2029-12,HH_M/HH_M1,days_to_expiry,"(60, 90]",16,0.9948914890711857,0.03859323287772342
2029-12_2030-01,2029-12,HH_M/HH_M1,days_to_expiry,"(30, 60]",17,0.9979033748804035,0.090444674569219
2029-12_2030-01,2029-12,HH_M/HH_M1,days_to_expiry,"(0, 30]",15,0.985849784144008,0.06511333529217714
2029-12_2030-01,2029-12,HH_M/HH_M1,days_to_expiry,nan,4,,0.01978910542859431
2029-12_2030-01,2029-12,HH_M/HH_M1,month_pair,Dec/Jan,638,0.994078470260394,1.0
2029-12_2030-01,2029-12,HH_M/HH_M1,pooled,all,638,0.994078470260394,1.0
2029-12_2030-01,2029-12,Brent_M/Brent_M1,year,2019,13,0.9993413202478427,0.0009882161021675235
2029-12_2030-01,2029-12,Brent_M/Brent_M1,year,2020,64,0.9999029045125691,0.10020187722617924
2029-12_2030-01,2029-12,Brent_M/Brent_M1,year,2021,114,0.9998545947917448,0.17205207760927207
2029-12_2030-01,2029-12,Brent_M/Brent_M1,year,2022,159,0.9996073838843449,0.3772827298424619
2029-12_2030-01,2029-12,Brent_M/Brent_M1,year,2023,146,0.9996889502242756,0.15320934091496474
2029-12_2030-01,2029-12,Brent_M/Brent_M1,year,2024,96,0.9999207282055992,0.11517550090007894
2029-12_2030-01,2029-12,Brent_M/Brent_M1,year,2025,46,0.9997863963050635,0.0810902574048756
2029-12_2030-01,2029-12,Brent_M/Brent_M1,days_to_expiry,"(1095, 1460]",34,0.9998467115262462,0.0253564113392162
2029-12_2030-01,2029-12,Brent_M/Brent_M1,days_to_expiry,"(730, 1095]",200,0.9998445686916568,0.24738439670680726
2029-12_2030-01,2029-12,Brent_M/Brent_M1,days_to_expiry,"(365, 730]",200,0.9998530366524715,0.29430765067404907
2029-12_2030-01,2029-12,Brent_M/Brent_M1,days_to_expiry,"(180, 365]",102,0.9998124605612589,0.21859562047616496
2029-12_2030-01,2029-12,Brent_M/Brent_M1,days_to_expiry,"(90, 180]",50,0.9997541069609642,0.09748021382794696
2029-12_2030-01,2029-12,Brent_M/Brent_M1,days_to_expiry,"(60, 90]",16,0.9996721797293057,0.035898485275059386
2029-12_2030-01,2029-12,Brent_M/Brent_M1,days_to_expiry,"(30, 60]",17,0.999694646664135,0.04304697386109602
2029-12_2030-01,2029-12,Brent_M/Brent_M1,days_to_expiry,"(0, 30]",15,0.9986334199210671,0.03338963315999721
2029-12_2030-01,2029-12,Brent_M/Brent_M1,days_to_expiry,nan,4,,0.004540614679662974
2029-12_2030-01,2029-12,Brent_M/Brent_M1,month_pair,Dec/Jan,638,0.999729214331869,1.0
2029-12_2030-01,2029-12,Brent_M/Brent_M1,pooled,all,638,0.999729214331869,1.0
2029-12_2030-01,2029-12,TTF_M/HH_M,year,2019,13,-0.1041636968084096,0.0009950141433648107
2029-12_2030-01,2029-12,TTF_M/HH_M,year,2020,64,0.0179320970807643,0.01057932440345722
2029-12_2030-01,2029-12,TTF_M/HH_M,year,2021,114,0.16465051495516822,0.16259565981807203
2029-12_2030-01,2029-12,TTF_M/HH_M,year,2022,159,0.07563831021083511,0.5696759210417625
2029-12_2030-01,2029-12,TTF_M/HH_M,year,2023,146,0.1875422038983206,0.15491205920248696
2029-12_2030-01,2029-12,TTF_M/HH_M,year,2024,96,0.26546748087400984,0.0553843648677898
2029-12_2030-01,2029-12,TTF_M/HH_M,year,2025,46,0.2276656171711198,0.04585765652306666
2029-12_2030-01,2029-12,TTF_M/HH_M,days_to_expiry,"(1095, 1460]",34,0.07953484760685114,0.007505634879288786
2029-12_2030-01,2029-12,TTF_M/HH_M,days_to_expiry,"(730, 1095]",200,0.064718556863811,0.1674662131154794
2029-12_2030-01,2029-12,TTF_M/HH_M,days_to_expiry,"(365, 730]",200,0.18781558073325835,0.2866920480992002
2029-12_2030-01,2029-12,TTF_M/HH_M,days_to_expiry,"(180, 365]",102,0.16785813625232576,0.3165424177999734
2029-12_2030-01,2029-12,TTF_M/HH_M,days_to_expiry,"(90, 180]",50,-0.0795495099241334,0.11778909900178912
2029-12_2030-01,2029-12,TTF_M/HH_M,days_to_expiry,"(60, 90]",16,0.13238313815619418,0.025849561583212288
2029-12_2030-01,2029-12,TTF_M/HH_M,days_to_expiry,"(30, 60]",17,0.3345639741918729,0.03392841790328692
2029-12_2030-01,2029-12,TTF_M/HH_M,days_to_expiry,"(0, 30]",15,0.2319889822447807,0.0371008093905317
2029-12_2030-01,2029-12,TTF_M/HH_M,days_to_expiry,nan,4,,0.00712579822723817
2029-12_2030-01,2029-12,TTF_M/HH_M,month_pair,Dec/Jan,638,0.13543340156226177,1.0
2029-12_2030-01,2029-12,TTF_M/HH_M,pooled,all,638,0.13543340156226177,1.0
2029-12_2030-01,2029-12,TTF_M/Brent_M,year,2019,13,-0.09027007686872118,0.000957488136410531
2029-12_2030-01,2029-12,TTF_M/Brent_M,year,2020,64,0.7153985630494487,0.023106595269508392
2029-12_2030-01,2029-12,TTF_M/Brent_M,year,2021,114,0.061839817425973186,0.1849924305594196
2029-12_2030-01,2029-12,TTF_M/Brent_M,year,2022,159,0.09476268200658639,0.5393139053140417
2029-12_2030-01,2029-12,TTF_M/Brent_M,year,2023,146,0.19136719971885086,0.15834665689260646
2029-12_2030-01,2029-12,TTF_M/Brent_M,year,2024,96,-0.061237549603782866,0.053670443028156725
2029-12_2030-01,2029-12,TTF_M/Brent_M,year,2025,46,0.6247902380218545,0.03961248079985668
2029-12_2030-01,2029-12,TTF_M/Brent_M,days_to_expiry,"(1095, 1460]",34,0.10298274275395639,0.009494195476795536
2029-12_2030-01,2029-12,TTF_M/Brent_M,days_to_expiry,"(730, 1095]",200,0.22967918453331493,0.19488698034518365
2029-12_2030-01,2029-12,TTF_M/Brent_M,days_to_expiry,"(365, 730]",200,0.22513234548217578,0.30897863810131737
2029-12_2030-01,2029-12,TTF_M/Brent_M,days_to_expiry,"(180, 365]",102,0.20093574177925144,0.29962432559722807
2029-12_2030-01,2029-12,TTF_M/Brent_M,days_to_expiry,"(90, 180]",50,-0.10690813166573204,0.10557843665847613
2029-12_2030-01,2029-12,TTF_M/Brent_M,days_to_expiry,"(60, 90]",16,0.26483597123207836,0.02448504840027227
2029-12_2030-01,2029-12,TTF_M/Brent_M,days_to_expiry,"(30, 60]",17,-0.3166889051765202,0.022397154136814666
2029-12_2030-01,2029-12,TTF_M/Brent_M,days_to_expiry,"(0, 30]",15,-0.5678413276661334,0.031072456208765205
2029-12_2030-01,2029-12,TTF_M/Brent_M,days_to_expiry,nan,4,,0.0034827650751471624
2029-12_2030-01,2029-12,TTF_M/Brent_M,month_pair,Dec/Jan,638,0.14695305163256644,1.0
2029-12_2030-01,2029-12,TTF_M/Brent_M,pooled,all,638,0.14695305163256644,1.0
2029-12_2030-01,2029-12,HH_M/Brent_M,year,2019,13,-0.3767099342393518,0.001110117020839295
2029-12_2030-01,2029-12,HH_M/Brent_M,year,2020,64,0.14398750567971483,0.043194529205195654
2029-12_2030-01,2029-12,HH_M/Brent_M,year,2021,114,0.04862071191584843,0.10208547824590541
2029-12_2030-01,2029-12,HH_M/Brent_M,year,2022,159,0.30640361543614836,0.5091210126601058
2029-12_2030-01,2029-12,HH_M/Brent_M,year,2023,146,0.18770117124516975,0.14367955486882522
2029-12_2030-01,2029-12,HH_M/Brent_M,year,2024,96,0.1032030549196357,0.1078203497806353
2029-12_2030-01,2029-12,HH_M/Brent_M,year,2025,46,0.188463213126026,0.0929889582184935
2029-12_2030-01,2029-12,HH_M/Brent_M,days_to_expiry,"(1095, 1460]",34,0.08590104314129919,0.015329455472400182
2029-12_2030-01,2029-12,HH_M/Brent_M,days_to_expiry,"(730, 1095]",200,0.1733517027136559,0.1472897921638916
2029-12_2030-01,2029-12,HH_M/Brent_M,days_to_expiry,"(365, 730]",200,0.26435525305046975,0.22560924499568888
2029-12_2030-01,2029-12,HH_M/Brent_M,days_to_expiry,"(180, 365]",102,0.28737414941697026,0.29073202481847893
2029-12_2030-01,2029-12,HH_M/Brent_M,days_to_expiry,"(90, 180]",50,0.36421945088446867,0.13883301480447563
2029-12_2030-01,2029-12,HH_M/Brent_M,days_to_expiry,"(60, 90]",16,0.22049152066735878,0.03792271811612886
2029-12_2030-01,2029-12,HH_M/Brent_M,days_to_expiry,"(30, 60]",17,0.005633609540187803,0.07539170616748496
2029-12_2030-01,2029-12,HH_M/Brent_M,days_to_expiry,"(0, 30]",15,-0.08956589730321883,0.05279753910515796
2029-12_2030-01,2029-12,HH_M/Brent_M,days_to_expiry,nan,4,,0.016094504356293164
2029-12_2030-01,2029-12,HH_M/Brent_M,month_pair,Dec/Jan,638,0.2139991828858522,1.0
2029-12_2030-01,2029-12,HH_M/Brent_M,pooled,all,638,0.2139991828858522,1.0
2030-01_2030-02,2030-01,TTF_M/TTF_M1,year,2019,13,0.9956811337023123,0.0005976429558462809
2030-01_2030-02,2030-01,TTF_M/TTF_M1,year,2020,63,0.9950028719855379,0.008726941815644757
2030-01_2030-02,2030-01,TTF_M/TTF_M1,year,2021,114,0.999352219679939,0.21909600007654245
2030-01_2030-02,2030-01,TTF_M/TTF_M1,year,2022,163,0.994782142248828,0.5654928005276875
2030-01_2030-02,2030-01,TTF_M/TTF_M1,year,2023,150,0.99807031578858,0.1371220218498224
2030-01_2030-02,2030-01,TTF_M/TTF_M1,year,2024,100,0.9988676889685942,0.04128874295594951
2030-01_2030-02,2030-01,TTF_M/TTF_M1,year,2025,50,0.9988444200840948,0.027675849818507268
2030-01_2030-02,2030-01,TTF_M/TTF_M1,days_to_expiry,"(1095, 1460]",49,0.9981108906833975,0.01180790074396922
2030-01_2030-02,2030-01,TTF_M/TTF_M1,days_to_expiry,"(730, 1095]",201,0.9989759380790273,0.21473870410542195
2030-01_2030-02,2030-01,TTF_M/TTF_M1,days_to_expiry,"(365, 730]",199,0.997395690249122,0.3600185620752327
2030-01_2030-02,2030-01,TTF_M/TTF_M1,days_to_expiry,"(180, 365]",103,0.9929869801354346,0.24974929656378567
2030-01_2030-02,2030-01,TTF_M/TTF_M1,days_to_expiry,"(90, 180]",49,0.998962543998294,0.09791646527607782
2030-01_2030-02,2030-01,TTF_M/TTF_M1,days_to_expiry,"(60, 90]",17,0.9991231993522901,0.019764599262389763
2030-01_2030-02,2030-01,TTF_M/TTF_M1,days_to_expiry,"(30, 60]",16,0.9946322600041825,0.009444571014276282
2030-01_2030-02,2030-01,TTF_M/TTF_M1,days_to_expiry,"(0, 30]",15,0.9987890254884373,0.022167166447471603
2030-01_2030-02,2030-01,TTF_M/TTF_M1,days_to_expiry,nan,4,,0.014392734511375115
2030-01_2030-02,2030-01,TTF_M/TTF_M1,month_pair,Jan/Feb,653,0.9965365065552938,1.0
2030-01_2030-02,2030-01,TTF_M/TTF_M1,pooled,all,653,0.9965365065552938,1.0
2030-01_2030-02,2030-01,HH_M/HH_M1,year,2019,13,0.9988459303721047,0.0008037317719882976
2030-01_2030-02,2030-01,HH_M/HH_M1,year,2020,63,0.9849183829982042,0.0060503663271839194
2030-01_2030-02,2030-01,HH_M/HH_M1,year,2021,114,0.9949937793710577,0.041570615119276476
2030-01_2030-02,2030-01,HH_M/HH_M1,year,2022,163,0.9982630435405828,0.5925517157879814
2030-01_2030-02,2030-01,HH_M/HH_M1,year,2023,150,0.9926184729828691,0.14564744463702775
2030-01_2030-02,2030-01,HH_M/HH_M1,year,2024,100,0.9772011336387662,0.07119167570591066
2030-01_2030-02,2030-01,HH_M/HH_M1,year,2025,50,0.9815272022092029,0.14218445065063148
2030-01_2030-02,2030-01,HH_M/HH_M1,days_to_expiry,"(1095, 1460]",49,0.990133542570673,0.008274790685221684
2030-01_2030-02,2030-01,HH_M/HH_M1,days_to_expiry,"(730, 1095]",201,0.9946340932108398,0.07750697617379164
2030-01_2030-02,2030-01,HH_M/HH_M1,days_to_expiry,"(365, 730]",199,0.9966751673014916,0.1757436022355019
2030-01_2030-02,2030-01,HH_M/HH_M1,days_to_expiry,"(180, 365]",103,0.9974539376337255,0.2428751027834792
2030-01_2030-02,2030-01,HH_M/HH_M1,days_to_expiry,"(90, 180]",49,0.9978110248396826,0.0931413367503011
2030-01_2030-02,2030-01,HH_M/HH_M1,days_to_expiry,"(60, 90]",17,0.998533641324375,0.0479742493577484
2030-01_2030-02,2030-01,HH_M/HH_M1,days_to_expiry,"(30, 60]",16,0.9971422283460624,0.07855164032429124
2030-01_2030-02,2030-01,HH_M/HH_M1,days_to_expiry,"(0, 30]",15,0.9967653231372705,0.2504126385514131
2030-01_2030-02,2030-01,HH_M/HH_M1,days_to_expiry,nan,4,,0.025519663138251672
2030-01_2030-02,2030-01,HH_M/HH_M1,month_pair,Jan/Feb,653,0.993096432721619,1.0
2030-01_2030-02,2030-01,HH_M/HH_M1,pooled,all,653,0.993096432721619,1.0
2030-01_2030-02,2030-01,Brent_M/Brent_M1,year,2019,13,0.9998902926943857,0.0048734036405097755
2030-01_2030-02,2030-01,Brent_M/Brent_M1,year,2020,63,0.9997686363159439,0.08420246074306795
2030-01_2030-02,2030-01,Brent_M/Brent_M1,year,2021,114,0.9998387079889854,0.1887238573652533
2030-01_2030-02,2030-01,Brent_M/Brent_M1,year,2022,163,0.9996456341105542,0.3947246929119433
2030-01_2030-02,2030-01,Brent_M/Brent_M1,year,2023,150,0.9997513236072556,0.17340103968832882
2030-01_2030-02,2030-01,Brent_M/Brent_M1,year,2024,100,0.9998441254711087,0.07911685978211633
2030-01_2030-02,2030-01,Brent_M/Brent_M1,year,2025,50,0.9996853008317497,0.07495768586878053
2030-01_2030-02,2030-01,Brent_M/Brent_M1,days_to_expiry,"(1095, 1460]",49,0.9998210337275799,0.046778250045028995
2030-01_2030-02,2030-01,Brent_M/Brent_M1,days_to_expiry,"(730, 1095]",201,0.999790221523554,0.2609246404323478
2030-01_2030-02,2030-01,Brent_M/Brent_M1,days_to_expiry,"(365, 730]",199,0.9998414198761159,0.2927119039100411
2030-01_2030-02,2030-01,Brent_M/Brent_M1,days_to_expiry,"(180, 365]",103,0.999787934548161,0.22249861852984404
2030-01_2030-02,2030-01,Brent_M/Brent_M1,days_to_expiry,"(90, 180]",49,0.9997379821023463,0.0866060362618842
2030-01_2030-02,2030-01,Brent_M/Brent_M1,days_to_expiry,"(60, 90]",17,0.9995571052308188,0.051574561945004045
2030-01_2030-02,2030-01,Brent_M/Brent_M1,days_to_expiry,"(30, 60]",16,0.9983446234010257,0.022069345066307446
2030-01_2030-02,2030-01,Brent_M/Brent_M1,days_to_expiry,"(0, 30]",15,0.9980293974524842,0.01244598739413041
2030-01_2030-02,2030-01,Brent_M/Brent_M1,days_to_expiry,nan,4,,0.004390656415411973
2030-01_2030-02,2030-01,Brent_M/Brent_M1,month_pair,Jan/Feb,653,0.9997050839699249,1.0
2030-01_2030-02,2030-01,Brent_M/Brent_M1,pooled,all,653,0.9997050839699249,1.0
2030-01_2030-02,2030-01,TTF_M/HH_M,year,2019,13,-0.5578836248952972,0.0006397485077118416
2030-01_2030-02,2030-01,TTF_M/HH_M,year,2020,63,-0.025689069181603172,0.008235377502563493
2030-01_2030-02,2030-01,TTF_M/HH_M,year,2021,114,0.27262407686230855,0.18268466833293515
2030-01_2030-02,2030-01,TTF_M/HH_M,year,2022,163,0.1269811824932625,0.5716140386298973
2030-01_2030-02,2030-01,TTF_M/HH_M,year,2023,150,0.12076752522363836,0.1374994188141668
2030-01_2030-02,2030-01,TTF_M/HH_M,year,2024,100,0.21781000635360617,0.04787152104006603
2030-01_2030-02,2030-01,TTF_M/HH_M,year,2025,50,0.022035709690938692,0.051455227172659386
2030-01_2030-02,2030-01,TTF_M/HH_M,days_to_expiry,"(1095, 1460]",49,0.10093129942940801,0.010688565271818534
2030-01_2030-02,2030-01,TTF_M/HH_M,days_to_expiry,"(730, 1095]",201,0.14354274857578947,0.18506490784955518
2030-01_2030-02,2030-01,TTF_M/HH_M,days_to_expiry,"(365, 730]",199,0.11877792373042959,0.31782790931593585
2030-01_2030-02,2030-01,TTF_M/HH_M,days_to_expiry,"(180, 365]",103,0.09517673218640912,0.254919270273086
2030-01_2030-02,2030-01,TTF_M/HH_M,days_to_expiry,"(90, 180]",49,0.28224678403319897,0.09569866673872945
2030-01_2030-02,2030-01,TTF_M/HH_M,days_to_expiry,"(60, 90]",17,0.06314659507905858,0.025972288539092406
2030-01_2030-02,2030-01,TTF_M/HH_M,days_to_expiry,"(30, 60]",16,-0.004259755991546849,0.023314436645677426
2030-01_2030-02,2030-01,TTF_M/HH_M,days_to_expiry,"(0, 30]",15,0.26067188091080096,0.06744809368741027
2030-01_2030-02,2030-01,TTF_M/HH_M,days_to_expiry,nan,4,,0.01906586167869499
2030-01_2030-02,2030-01,TTF_M/HH_M,month_pair,Jan/Feb,653,0.14160793479148087,1.0
2030-01_2030-02,2030-01,TTF_M/HH_M,pooled,all,653,0.14160793479148087,1.0
2030-01_2030-02,2030-01,TTF_M/Brent_M,year,2019,13,0.20060783327762177,0.0010960969305096192
2030-01_2030-02,2030-01,TTF_M/Brent_M,year,2020,63,0.6638957970461006,0.017325877451724283
2030-01_2030-02,2030-01,TTF_M/Brent_M,year,2021,114,0.09920412627543058,0.21400571056863898
2030-01_2030-02,2030-01,TTF_M/Brent_M,year,2022,163,0.15025638774734557,0.5473737382154289
2030-01_2030-02,2030-01,TTF_M/Brent_M,year,2023,150,0.22703096147562143,0.14099689524705117
2030-01_2030-02,2030-01,TTF_M/Brent_M,year,2024,100,0.019037754426831362,0.0460516240202589
2030-01_2030-02,2030-01,TTF_M/Brent_M,year,2025,50,0.4618897538447523,0.03315005756638805
2030-01_2030-02,2030-01,TTF_M/Brent_M,days_to_expiry,"(1095, 1460]",49,0.13359279699760007,0.015334186679735785
2030-01_2030-02,2030-01,TTF_M/Brent_M,days_to_expiry,"(730, 1095]",201,0.2628505637622431,0.21751186745808462
2030-01_2030-02,2030-01,TTF_M/Brent_M,days_to_expiry,"(365, 730]",199,0.11557267322616555,0.34611169007373593
2030-01_2030-02,2030-01,TTF_M/Brent_M,days_to_expiry,"(180, 365]",103,0.1989213389954449,0.255215708856829
2030-01_2030-02,2030-01,TTF_M/Brent_M,days_to_expiry,"(90, 180]",49,0.2472879697392927,0.09514037669715832
2030-01_2030-02,2030-01,TTF_M/Brent_M,days_to_expiry,"(60, 90]",17,0.3464781713842926,0.024181478096525915
2030-01_2030-02,2030-01,TTF_M/Brent_M,days_to_expiry,"(30, 60]",16,-0.30839825133671867,0.011036467507112308
2030-01_2030-02,2030-01,TTF_M/Brent_M,days_to_expiry,"(0, 30]",15,-0.24248834687874135,0.02144564992646121
2030-01_2030-02,2030-01,TTF_M/Brent_M,days_to_expiry,nan,4,,0.014022574704356952
2030-01_2030-02,2030-01,TTF_M/Brent_M,month_pair,Jan/Feb,653,0.17591167140981626,1.0
2030-01_2030-02,2030-01,TTF_M/Brent_M,pooled,all,653,0.17591167140981626,1.0
2030-01_2030-02,2030-01,HH_M/Brent_M,year,2019,13,0.1825536497398881,0.0021772912909614433
2030-01_2030-02,2030-01,HH_M/Brent_M,year,2020,63,0.0019154813888569767,0.032848685108326524
2030-01_2030-02,2030-01,HH_M/Brent_M,year,2021,114,0.150679704767788,0.09183898932798575
2030-01_2030-02,2030-01,HH_M/Brent_M,year,2022,163,0.2519560630092239,0.5216391320996814
2030-01_2030-02,2030-01,HH_M/Brent_M,year,2023,150,0.2344579454567535,0.1525787053296491
2030-01_2030-02,2030-01,HH_M/Brent_M,year,2024,100,0.10089644441163823,0.07516253271159928
2030-01_2030-02,2030-01,HH_M/Brent_M,year,2025,50,0.21021264019555483,0.12375466413179653
2030-01_2030-02,2030-01,HH_M/Brent_M,days_to_expiry,"(1095, 1460]",49,0.05953530710030073,0.02132685249126098
2030-01_2030-02,2030-01,HH_M/Brent_M,days_to_expiry,"(730, 1095]",201,0.18310441079276363,0.13884722796802573
2030-01_2030-02,2030-01,HH_M/Brent_M,days_to_expiry,"(365, 730]",199,0.3253577595307235,0.21510058917944364
2030-01_2030-02,2030-01,HH_M/Brent_M,days_to_expiry,"(180, 365]",103,0.22049313956640315,0.23175062811915345
2030-01_2030-02,2030-01,HH_M/Brent_M,days_to_expiry,"(90, 180]",49,0.09912856149434622,0.09127832967177418
2030-01_2030-02,2030-01,HH_M/Brent_M,days_to_expiry,"(60, 90]",17,-0.10781978599017109,0.04963188485535657
2030-01_2030-02,2030-01,HH_M/Brent_M,days_to_expiry,"(30, 60]",16,0.28537043862659844,0.059720848825616166
2030-01_2030-02,2030-01,HH_M/Brent_M,days_to_expiry,"(0, 30]",15,0.7476069865839869,0.16819786880392218
2030-01_2030-02,2030-01,HH_M/Brent_M,days_to_expiry,nan,4,,0.02414577008544696
2030-01_2030-02,2030-01,HH_M/Brent_M,month_pair,Jan/Feb,653,0.2069625111446618,1.0
2030-01_2030-02,2030-01,HH_M/Brent_M,pooled,all,653,0.2069625111446618,1.0
2030-02_2030-03,2030-02,TTF_M/TTF_M1,year,2019,13,0.9933620612054767,0.0005752391314168814
2030-02_2030-03,2030-02,TTF_M/TTF_M1,year,2020,63,0.9951530813881575,0.008612627873121505
2030-02_2030-03,2030-02,TTF_M/TTF_M1,year,2021,115,0.9985528161005012,0.21623539361487634
2030-02_2030-03,2030-02,TTF_M/TTF_M1,year,2022,163,0.9962387233424596,0.5317296015959393
2030-02_2030-03,2030-02,TTF_M/TTF_M1,year,2023,154,0.9958653068625692,0.1566347774744612
2030-02_2030-03,2030-02,TTF_M/TTF_M1,year,2024,104,0.9976093652126717,0.04749561269101717
2030-02_2030-03,2030-02,TTF_M/TTF_M1,year,2025,54,0.9990731417791482,0.028199328233685005
2030-02_2030-03,2030-02,TTF_M/TTF_M1,year,2026,4,,0.01051741938548263
2030-02_2030-03,2030-02,TTF_M/TTF_M1,days_to_expiry,"(1095, 1460]",65,0.9951820884927067,0.01511093610169965
2030-02_2030-03,2030-02,TTF_M/TTF_M1,days_to_expiry,"(730, 1095]",202,0.9954208550410176,0.1767780140874269
2030-02_2030-03,2030-02,TTF_M/TTF_M1,days_to_expiry,"(365, 730]",200,0.9976554251841602,0.4561415025102802
2030-02_2030-03,2030-02,TTF_M/TTF_M1,days_to_expiry,"(180, 365]",103,0.9947497945647791,0.17313535668776694
2030-02_2030-03,2030-02,TTF_M/TTF_M1,days_to_expiry,"(90, 180]",49,0.9992821259259873,0.0970387909321618
2030-02_2030-03,2030-02,TTF_M/TTF_M1,days_to_expiry,"(60, 90]",18,0.9996807349363795,0.014827243197783835
2030-02_2030-03,2030-02,TTF_M/TTF_M1,days_to_expiry,"(30, 60]",14,0.9997369588702386,0.024649277448856744
2030-02_2030-03,2030-02,TTF_M/TTF_M1,days_to_expiry,"(0, 30]",15,0.9987339303153419,0.03461907352177173
2030-02_2030-03,2030-02,TTF_M/TTF_M1,days_to_expiry,nan,4,,0.00769980551225219
2030-02_2030-03,2030-02,TTF_M/TTF_M1,month_pair,Feb/Mar,670,0.9967402936097679,1.0
2030-02_2030-03,2030-02,TTF_M/TTF_M1,pooled,all,670,0.9967402936097679,1.0
2030-02_2030-03,2030-02,HH_M/HH_M1,year,2019,13,0.9980203352471382,0.0006848142077829966
2030-02_2030-03,2030-02,HH_M/HH_M1,year,2020,63,0.9755526796890126,0.00437520314874217
2030-02_2030-03,2030-02,HH_M/HH_M1,year,2021,115,0.9794413756788871,0.030684672626482227
2030-02_2030-03,2030-02,HH_M/HH_M1,year,2022,163,0.9865168902814916,0.42808105770952076
2030-02_2030-03,2030-02,HH_M/HH_M1,year,2023,154,0.9804913552489842,0.15416464278821151
2030-02_2030-03,2030-02,HH_M/HH_M1,year,2024,104,0.9282422547679143,0.12893567569699335
2030-02_2030-03,2030-02,HH_M/HH_M1,year,2025,54,0.9825013229201199,0.12208509886343115
2030-02_2030-03,2030-02,HH_M/HH_M1,year,2026,4,,0.13098883495883593
2030-02_2030-03,2030-02,HH_M/HH_M1,days_to_expiry,"(1095, 1460]",65,0.9655510435240475,0.007193526757795035
2030-02_2030-03,2030-02,HH_M/HH_M1,days_to_expiry,"(730, 1095]",202,0.9864477009628675,0.06645003115074793
2030-02_2030-03,2030-02,HH_M/HH_M1,days_to_expiry,"(365, 730]",200,0.9849412231562649,0.1435788199438882
2030-02_2030-03,2030-02,HH_M/HH_M1,days_to_expiry,"(180, 365]",103,0.9798184361706845,0.18831271932818244
2030-02_2030-03,2030-02,HH_M/HH_M1,days_to_expiry,"(90, 180]",49,0.9901668036336662,0.0627352429856895
2030-02_2030-03,2030-02,HH_M/HH_M1,days_to_expiry,"(60, 90]",18,0.9947512194526459,0.06029785999641544
2030-02_2030-03,2030-02,HH_M/HH_M1,days_to_expiry,"(30, 60]",14,0.9945567234380809,0.18990304420044496
2030-02_2030-03,2030-02,HH_M/HH_M1,days_to_expiry,"(0, 30]",15,0.957782620226832,0.21373852952922556
2030-02_2030-03,2030-02,HH_M/HH_M1,days_to_expiry,nan,4,,0.06779022610761108
2030-02_2030-03,2030-02,HH_M/HH_M1,month_pair,Feb/Mar,670,0.9359070731571685,1.0
2030-02_2030-03,2030-02,HH_M/HH_M1,pooled,all,670,0.9359070731571685,1.0
2030-02_2030-03,2030-02,Brent_M/Brent_M1,year,2019,13,0.9999040068340187,0.004813084204423973
2030-02_2030-03,2030-02,Brent_M/Brent_M1,year,2020,63,0.9997210344669203,0.08864987340511998
2030-02_2030-03,2030-02,Brent_M/Brent_M1,year,2021,115,0.9998359282689111,0.17439532593203827
2030-02_2030-03,2030-02,Brent_M/Brent_M1,year,2022,163,0.9996856976965341,0.36087432061743835
2030-02_2030-03,2030-02,Brent_M/Brent_M1,year,2023,154,0.9997327493127248,0.19297135343948757
2030-02_2030-03,2030-02,Brent_M/Brent_M1,year,2024,104,0.9998798685777607,0.09181713892813585
2030-02_2030-03,2030-02,Brent_M/Brent_M1,year,2025,54,0.9995859292302165,0.07610135866443882
2030-02_2030-03,2030-02,Brent_M/Brent_M1,year,2026,4,,0.010377544808917278
2030-02_2030-03,2030-02,Brent_M/Brent_M1,days_to_expiry,"(1095, 1460]",65,0.9997593328016392,0.05076102471548234
2030-02_2030-03,2030-02,Brent_M/Brent_M1,days_to_expiry,"(730, 1095]",202,0.9996960625847991,0.22730394874821508
2030-02_2030-03,2030-02,Brent_M/Brent_M1,days_to_expiry,"(365, 730]",200,0.999863823953664,0.2988368811442407
2030-02_2030-03,2030-02,Brent_M/Brent_M1,days_to_expiry,"(180, 365]",103,0.999819280433681,0.2358642203051048
2030-02_2030-03,2030-02,Brent_M/Brent_M1,days_to_expiry,"(90, 180]",49,0.9997072775151642,0.10216464417500519
2030-02_2030-03,2030-02,Brent_M/Brent_M1,days_to_expiry,"(60, 90]",18,0.9989543432194802,0.019216306384421934
2030-02_2030-03,2030-02,Brent_M/Brent_M1,days_to_expiry,"(30, 60]",14,0.9990919270524872,0.028599840827574257
2030-02_2030-03,2030-02,Brent_M/Brent_M1,days_to_expiry,"(0, 30]",15,0.9990483735325014,0.031354217241002486
2030-02_2030-03,2030-02,Brent_M/Brent_M1,days_to_expiry,nan,4,,0.0058989164589533325
2030-02_2030-03,2030-02,Brent_M/Brent_M1,month_pair,Feb/Mar,670,0.9997035558538735,1.0
2030-02_2030-03,2030-02,Brent_M/Brent_M1,pooled,all,670,0.9997035558538735,1.0
2030-02_2030-03,2030-02,TTF_M/HH_M,year,2019,13,-0.5469509068114029,0.0005758445162304966
2030-02_2030-03,2030-02,TTF_M/HH_M,year,2020,63,-0.03474699960893217,0.007355904326257962
2030-02_2030-03,2030-02,TTF_M/HH_M,year,2021,115,0.275595915836323,0.1665874512628984
2030-02_2030-03,2030-02,TTF_M/HH_M,year,2022,163,0.17071791421851928,0.4962395671848999
2030-02_2030-03,2030-02,TTF_M/HH_M,year,2023,154,0.24155446231655348,0.14945240948282634
2030-02_2030-03,2030-02,TTF_M/HH_M,year,2024,104,0.3922471653891088,0.07132891713968588
2030-02_2030-03,2030-02,TTF_M/HH_M,year,2025,54,0.0018579998518265107,0.05142560558245685
2030-02_2030-03,2030-02,TTF_M/HH_M,year,2026,4,,0.0570343005047442
2030-02_2030-03,2030-02,TTF_M/HH_M,days_to_expiry,"(1095, 1460]",65,0.08478737278190658,0.011920605606660806
2030-02_2030-03,2030-02,TTF_M/HH_M,days_to_expiry,"(730, 1095]",202,0.2577626989345201,0.14363674310743021
2030-02_2030-03,2030-02,TTF_M/HH_M,days_to_expiry,"(365, 730]",200,0.22189039676268948,0.3675140309995486
2030-02_2030-03,2030-02,TTF_M/HH_M,days_to_expiry,"(180, 365]",103,0.04538288205972647,0.1768141076894365
2030-02_2030-03,2030-02,TTF_M/HH_M,days_to_expiry,"(90, 180]",49,0.3309339431590256,0.08492809169296876
2030-02_2030-03,2030-02,TTF_M/HH_M,days_to_expiry,"(60, 90]",18,0.08762345866247129,0.026695362477151426
2030-02_2030-03,2030-02,TTF_M/HH_M,days_to_expiry,"(30, 60]",14,0.3163252118025949,0.06502045532392177
2030-02_2030-03,2030-02,TTF_M/HH_M,days_to_expiry,"(0, 30]",15,0.6849310108312988,0.09000972769892554
2030-02_2030-03,2030-02,TTF_M/HH_M,days_to_expiry,nan,4,,0.033460875403956404
2030-02_2030-03,2030-02,TTF_M/HH_M,month_pair,Feb/Mar,670,0.2034655146668433,1.0
2030-02_2030-03,2030-02,TTF_M/HH_M,pooled,all,670,0.2034655146668433,1.0
2030-02_2030-03,2030-02,TTF_M/Brent_M,year,2019,13,0.19030775046218357,0.0010606710767462472
2030-02_2030-03,2030-02,TTF_M/Brent_M,year,2020,63,0.6668934698222668,0.017608430045297434
2030-02_2030-03,2030-02,TTF_M/Brent_M,year,2021,115,0.08858218095346866,0.211269755671739
2030-02_2030-03,2030-02,TTF_M/Brent_M,year,2022,163,0.18297105418038298,0.5138012434479897
2030-02_2030-03,2030-02,TTF_M/Brent_M,year,2023,154,0.15511543911286466,0.15769735596108858
2030-02_2030-03,2030-02,TTF_M/Brent_M,year,2024,104,-0.07208868054904102,0.05279547682904793
2030-02_2030-03,2030-02,TTF_M/Brent_M,year,2025,54,0.41005949473554454,0.03398244027875219
2030-02_2030-03,2030-02,TTF_M/Brent_M,year,2026,4,,0.011784626689338907
2030-02_2030-03,2030-02,TTF_M/Brent_M,days_to_expiry,"(1095, 1460]",65,0.06833043116923165,0.018108322175837303
2030-02_2030-03,2030-02,TTF_M/Brent_M,days_to_expiry,"(730, 1095]",202,0.21421510393733403,0.1810088305834338
2030-02_2030-03,2030-02,TTF_M/Brent_M,days_to_expiry,"(365, 730]",200,0.16202389388569607,0.4352422423538471
2030-02_2030-03,2030-02,TTF_M/Brent_M,days_to_expiry,"(180, 365]",103,0.2529841569034221,0.18550402782096612
2030-02_2030-03,2030-02,TTF_M/Brent_M,days_to_expiry,"(90, 180]",49,0.18050825750431773,0.09560377667289419
2030-02_2030-03,2030-02,TTF_M/Brent_M,days_to_expiry,"(60, 90]",18,-0.3398170393971645,0.015567141558367265
2030-02_2030-03,2030-02,TTF_M/Brent_M,days_to_expiry,"(30, 60]",14,-0.23495790974714953,0.02562418544882777
2030-02_2030-03,2030-02,TTF_M/Brent_M,days_to_expiry,"(0, 30]",15,0.07795291043756868,0.03597981774258664
2030-02_2030-03,2030-02,TTF_M/Brent_M,days_to_expiry,nan,4,,0.007361655643239713
2030-02_2030-03,2030-02,TTF_M/Brent_M,month_pair,Feb/Mar,670,0.1696015327113079,1.0
2030-02_2030-03,2030-02,TTF_M/Brent_M,pooled,all,670,0.1696015327113079,1.0
2030-02_2030-03,2030-02,HH_M/Brent_M,year,2019,13,0.20282959970546138,0.0016776245028024632
2030-02_2030-03,2030-02,HH_M/Brent_M,year,2020,63,0.019730498204400142,0.026078381733904196
2030-02_2030-03,2030-02,HH_M/Brent_M,year,2021,115,0.19196216808642644,0.0659802037037636
2030-02_2030-03,2030-02,HH_M/Brent_M,year,2022,163,0.2769485677501698,0.3828212817007005
2030-02_2030-03,2030-02,HH_M/Brent_M,year,2023,154,0.26251967824907524,0.15365309175078395
2030-02_2030-03,2030-02,HH_M/Brent_M,year,2024,104,0.09756227277911075,0.1257979803489551
2030-02_2030-03,2030-02,HH_M/Brent_M,year,2025,54,0.201056189745887,0.10589976853929335
2030-02_2030-03,2030-02,HH_M/Brent_M,year,2026,4,,0.1380916677197968
2030-02_2030-03,2030-02,HH_M/Brent_M,days_to_expiry,"(1095, 1460]",65,0.19826212366259532,0.017752074681775455
2030-02_2030-03,2030-02,HH_M/Brent_M,days_to_expiry,"(730, 1095]",202,0.23143506333937253,0.10015386663197098
2030-02_2030-03,2030-02,HH_M/Brent_M,days_to_expiry,"(365, 730]",200,0.24624214418850088,0.1728628023672003
2030-02_2030-03,2030-02,HH_M/Brent_M,days_to_expiry,"(180, 365]",103,0.21528504881037838,0.18791469832824606
2030-02_2030-03,2030-02,HH_M/Brent_M,days_to_expiry,"(90, 180]",49,0.19327816612422236,0.06945084973395116
2030-02_2030-03,2030-02,HH_M/Brent_M,days_to_expiry,"(60, 90]",18,0.3191444590913057,0.04879792402784593
2030-02_2030-03,2030-02,HH_M/Brent_M,days_to_expiry,"(30, 60]",14,0.5225294026399664,0.13790028564584914
2030-02_2030-03,2030-02,HH_M/Brent_M,days_to_expiry,"(0, 30]",15,0.08359278204139062,0.18539042000778225
2030-02_2030-03,2030-02,HH_M/Brent_M,days_to_expiry,nan,4,,0.07977707857537876
2030-02_2030-03,2030-02,HH_M/Brent_M,month_pair,Feb/Mar,670,0.2132569558645995,1.0
2030-02_2030-03,2030-02,HH_M/Brent_M,pooled,all,670,0.2132569558645995,1.0
2030-03_2030-04,2030-03,TTF_M/TTF_M1,year,2019,13,0.986634130746557,0.0009571848693929585
2030-03_2030-04,2030-03,TTF_M/TTF_M1,year,2020,63,0.961593332199641,0.009663265462645891
2030-03_2030-04,2030-03,TTF_M/TTF_M1,year,2021,114,0.8177632033014886,0.12099847745707609
2030-03_2030-04,2030-03,TTF_M/TTF_M1,year,2022,163,0.9141518528444967,0.5806758986359394
2030-03_2030-04,2030-03,TTF_M/TTF_M1,year,2023,158,0.9539567986555899,0.1821713139633288
2030-03_2030-04,2030-03,TTF_M/TTF_M1,year,2024,108,0.978159512900211,0.05096082118434744
2030-03_2030-04,2030-03,TTF_M/TTF_M1,year,2025,58,0.980962049203173,0.04626045658556845
2030-03_2030-04,2030-03,TTF_M/TTF_M1,year,2026,8,0.9528552424412018,0.008312581841701009
2030-03_2030-04,2030-03,TTF_M/TTF_M1,days_to_expiry,"(1095, 1460]",80,0.8026723069381815,0.028570242591020763
2030-03_2030-04,2030-03,TTF_M/TTF_M1,days_to_expiry,"(730, 1095]",201,0.9138409925014535,0.23791251770422833
2030-03_2030-04,2030-03,TTF_M/TTF_M1,days_to_expiry,"(365, 730]",200,0.8848183086827311,0.3937910273144695
2030-03_2030-04,2030-03,TTF_M/TTF_M1,days_to_expiry,"(180, 365]",104,0.914247526506183,0.184478836789001
2030-03_2030-04,2030-03,TTF_M/TTF_M1,days_to_expiry,"(90, 180]",51,0.9863738672967379,0.06591311267741826
2030-03_2030-04,2030-03,TTF_M/TTF_M1,days_to_expiry,"(60, 90]",16,0.9982226379960393,0.022996883449403857
2030-03_2030-04,2030-03,TTF_M/TTF_M1,days_to_expiry,"(30, 60]",13,0.9950481198468618,0.04020645898922376
2030-03_2030-04,2030-03,TTF_M/TTF_M1,days_to_expiry,"(0, 30]",16,0.9512747426114058,0.020808880282435514
2030-03_2030-04,2030-03,TTF_M/TTF_M1,days_to_expiry,nan,4,,0.005322040202798982
2030-03_2030-04,2030-03,TTF_M/TTF_M1,month_pair,Mar/Apr,685,0.9044802376157675,1.0
2030-03_2030-04,2030-03,TTF_M/TTF_M1,pooled,all,685,0.9044802376157675,1.0
2030-03_2030-04,2030-03,HH_M/HH_M1,year,2019,13,0.9613636770095846,0.0012321544732598387
2030-03_2030-04,2030-03,HH_M/HH_M1,year,2020,63,0.8456822303102803,0.004091325783187767
2030-03_2030-04,2030-03,HH_M/HH_M1,year,2021,114,0.9358246363090967,0.0409802600155225
2030-03_2030-04,2030-03,HH_M/HH_M1,year,2022,163,0.9322504613676592,0.42552907614868385
2030-03_2030-04,2030-03,HH_M/HH_M1,year,2023,158,0.9794535230023731,0.1985094933149161
2030-03_2030-04,2030-03,HH_M/HH_M1,year,2024,108,0.9731569550860254,0.1310325618626171
2030-03_2030-04,2030-03,HH_M/HH_M1,year,2025,58,0.9907863039127611,0.1351292577393136
2030-03_2030-04,2030-03,HH_M/HH_M1,year,2026,8,0.9984051750677523,0.06349587066249925
2030-03_2030-04,2030-03,HH_M/HH_M1,days_to_expiry,"(1095, 1460]",80,0.9669882583709601,0.018478160140318802
2030-03_2030-04,2030-03,HH_M/HH_M1,days_to_expiry,"(730, 1095]",201,0.9585183346687117,0.09508218313907064
2030-03_2030-04,2030-03,HH_M/HH_M1,days_to_expiry,"(365, 730]",200,0.9391658567913451,0.1913323102667274
2030-03_2030-04,2030-03,HH_M/HH_M1,days_to_expiry,"(180, 365]",104,0.9347027192786335,0.21454226964796894
2030-03_2030-04,2030-03,HH_M/HH_M1,days_to_expiry,"(90, 180]",51,0.9794277538672438,0.10946692352862109
2030-03_2030-04,2030-03,HH_M/HH_M1,days_to_expiry,"(60, 90]",16,0.9697192379441796,0.1115954469560482
2030-03_2030-04,2030-03,HH_M/HH_M1,days_to_expiry,"(30, 60]",13,0.9962426399406473,0.1244296024037467
2030-03_2030-04,2030-03,HH_M/HH_M1,days_to_expiry,"(0, 30]",16,0.9959556925562086,0.12564755865578714
2030-03_2030-04,2030-03,HH_M/HH_M1,days_to_expiry,nan,4,,0.009425545261711077
2030-03_2030-04,2030-03,HH_M/HH_M1,month_pair,Mar/Apr,685,0.9570983230354925,1.0
2030-03_2030-04,2030-03,HH_M/HH_M1,pooled,all,685,0.9570983230354925,1.0
2030-03_2030-04,2030-03,Brent_M/Brent_M1,year,2019,13,0.9994541806235662,0.000924121186410019
2030-03_2030-04,2030-03,Brent_M/Brent_M1,year,2020,63,0.9998523084525304,0.09916345745548368
2030-03_2030-04,2030-03,Brent_M/Brent_M1,year,2021,114,0.9998117797528469,0.1778386430660997
2030-03_2030-04,2030-03,Brent_M/Brent_M1,year,2022,163,0.9997493837668459,0.37552671722595443
2030-03_2030-04,2030-03,Brent_M/Brent_M1,year,2023,158,0.9997568398491687,0.1957639446096943
2030-03_2030-04,2030-03,Brent_M/Brent_M1,year,2024,108,0.9998267611090108,0.07682611730610985
2030-03_2030-04,2030-03,Brent_M/Brent_M1,year,2025,58,0.9992747360521642,0.0681790792515317
2030-03_2030-04,2030-03,Brent_M/Brent_M1,year,2026,8,0.987730264571081,0.0057779198987163004
2030-03_2030-04,2030-03,Brent_M/Brent_M1,days_to_expiry,"(1095, 1460]",80,0.9997834552023894,0.07151259780545087
2030-03_2030-04,2030-03,Brent_M/Brent_M1,days_to_expiry,"(730, 1095]",201,0.9997846674208721,0.26450433886800456
2030-03_2030-04,2030-03,Brent_M/Brent_M1,days_to_expiry,"(365, 730]",200,0.9998278762142377,0.2858584536181482
2030-03_2030-04,2030-03,Brent_M/Brent_M1,days_to_expiry,"(180, 365]",104,0.9998509884111574,0.21251111114979593
2030-03_2030-04,2030-03,Brent_M/Brent_M1,days_to_expiry,"(90, 180]",51,0.9996965861144562,0.08838959329012913
2030-03_2030-04,2030-03,Brent_M/Brent_M1,days_to_expiry,"(60, 90]",16,0.9988599796968778,0.023874258233825496
2030-03_2030-04,2030-03,Brent_M/Brent_M1,days_to_expiry,"(30, 60]",13,0.9988251869677035,0.029002614783524904
2030-03_2030-04,2030-03,Brent_M/Brent_M1,days_to_expiry,"(0, 30]",16,0.9989842505266477,0.019157838013390046
2030-03_2030-04,2030-03,Brent_M/Brent_M1,days_to_expiry,nan,4,,0.005189194237730832
2030-03_2030-04,2030-03,Brent_M/Brent_M1,month_pair,Mar/Apr,685,0.9997227214321097,1.0
2030-03_2030-04,2030-03,Brent_M/Brent_M1,pooled,all,685,0.9997227214321097,1.0
2030-03_2030-04,2030-03,TTF_M/HH_M,year,2019,13,-0.07929561818005834,0.0008327972203693976
2030-03_2030-04,2030-03,TTF_M/HH_M,year,2020,63,-0.035146351641016836,0.007797522247279916
2030-03_2030-04,2030-03,TTF_M/HH_M,year,2021,114,0.19334246560894824,0.14202701328370287
2030-03_2030-04,2030-03,TTF_M/HH_M,year,2022,163,0.08839653175344796,0.5220360036299726
2030-03_2030-04,2030-03,TTF_M/HH_M,year,2023,158,0.20925027447970043,0.17668825753708342
2030-03_2030-04,2030-03,TTF_M/HH_M,year,2024,108,0.4460066805277046,0.06486848765390305
2030-03_2030-04,2030-03,TTF_M/HH_M,year,2025,58,0.0854445180165876,0.0641517077686117
2030-03_2030-04,2030-03,TTF_M/HH_M,year,2026,8,0.8380210656838591,0.021598210659077015
2030-03_2030-04,2030-03,TTF_M/HH_M,days_to_expiry,"(1095, 1460]",80,0.13006175779137497,0.02255744078284684
2030-03_2030-04,2030-03,TTF_M/HH_M,days_to_expiry,"(730, 1095]",201,0.13740336281611243,0.20314118269482875
2030-03_2030-04,2030-03,TTF_M/HH_M,days_to_expiry,"(365, 730]",200,0.18648898147969648,0.3878542894683811
2030-03_2030-04,2030-03,TTF_M/HH_M,days_to_expiry,"(180, 365]",104,-0.032872570334005695,0.1699556388909951
2030-03_2030-04,2030-03,TTF_M/HH_M,days_to_expiry,"(90, 180]",51,0.12452670919416742,0.06944196580694062
2030-03_2030-04,2030-03,TTF_M/HH_M,days_to_expiry,"(60, 90]",16,0.19873788531756648,0.0429684803503796
2030-03_2030-04,2030-03,TTF_M/HH_M,days_to_expiry,"(30, 60]",13,0.7485270404315145,0.0561080248342402
2030-03_2030-04,2030-03,TTF_M/HH_M,days_to_expiry,"(0, 30]",16,0.2479541275696627,0.042789979902155446
2030-03_2030-04,2030-03,TTF_M/HH_M,days_to_expiry,nan,4,,0.005182997269232312
2030-03_2030-04,2030-03,TTF_M/HH_M,month_pair,Mar/Apr,685,0.17302543876653595,1.0
2030-03_2030-04,2030-03,TTF_M/HH_M,pooled,all,685,0.17302543876653595,1.0
2030-03_2030-04,2030-03,TTF_M/Brent_M,year,2019,13,-0.16348537282377087,0.0008008093133587868
2030-03_2030-04,2030-03,TTF_M/Brent_M,year,2020,63,0.6722529744188953,0.01894462838898466
2030-03_2030-04,2030-03,TTF_M/Brent_M,year,2021,114,0.08586975052327143,0.17059437837555377
2030-03_2030-04,2030-03,TTF_M/Brent_M,year,2022,163,0.06836261559786888,0.5222798210159494
2030-03_2030-04,2030-03,TTF_M/Brent_M,year,2023,158,0.11521264049396307,0.17718005701701522
2030-03_2030-04,2030-03,TTF_M/Brent_M,year,2024,108,0.0007786845773119197,0.052419842540866936
2030-03_2030-04,2030-03,TTF_M/Brent_M,year,2025,58,0.602628879645201,0.04753626981202619
2030-03_2030-04,2030-03,TTF_M/Brent_M,year,2026,8,0.4311909030265236,0.01024419353624508
2030-03_2030-04,2030-03,TTF_M/Brent_M,days_to_expiry,"(1095, 1460]",80,0.20474146948388286,0.029691755674834713
2030-03_2030-04,2030-03,TTF_M/Brent_M,days_to_expiry,"(730, 1095]",201,0.21030578441995526,0.23953609801164344
2030-03_2030-04,2030-03,TTF_M/Brent_M,days_to_expiry,"(365, 730]",200,0.13088432816355516,0.42323285357036267
2030-03_2030-04,2030-03,TTF_M/Brent_M,days_to_expiry,"(180, 365]",104,0.13974303664732698,0.16303146344404248
2030-03_2030-04,2030-03,TTF_M/Brent_M,days_to_expiry,"(90, 180]",51,-0.08269440026399776,0.06082096195632137
2030-03_2030-04,2030-03,TTF_M/Brent_M,days_to_expiry,"(60, 90]",16,-0.11879782424630181,0.021119938077242047
2030-03_2030-04,2030-03,TTF_M/Brent_M,days_to_expiry,"(30, 60]",13,0.2057182270837284,0.037284670976676704
2030-03_2030-04,2030-03,TTF_M/Brent_M,days_to_expiry,"(0, 30]",16,-0.05372030403715052,0.020544960847407773
2030-03_2030-04,2030-03,TTF_M/Brent_M,days_to_expiry,nan,4,,0.004737297441468909
2030-03_2030-04,2030-03,TTF_M/Brent_M,month_pair,Mar/Apr,685,0.13337727954781192,1.0
2030-03_2030-04,2030-03,TTF_M/Brent_M,pooled,all,685,0.13337727954781192,1.0
2030-03_2030-04,2030-03,HH_M/Brent_M,year,2019,13,-0.3812003687738316,0.000986873309043809
2030-03_2030-04,2030-03,HH_M/Brent_M,year,2020,63,0.15465301554369765,0.03404448322228098
2030-03_2030-04,2030-03,HH_M/Brent_M,year,2021,114,0.07645078708926481,0.08269813145622526
2030-03_2030-04,2030-03,HH_M/Brent_M,year,2022,163,0.2851746365310341,0.42717202786859987
2030-03_2030-04,2030-03,HH_M/Brent_M,year,2023,158,0.3286361435839358,0.18820720818596198
2030-03_2030-04,2030-03,HH_M/Brent_M,year,2024,108,-0.07257499527178082,0.10831632175018029
2030-03_2030-04,2030-03,HH_M/Brent_M,year,2025,58,0.2677834206831764,0.11462971378979067
2030-03_2030-04,2030-03,HH_M/Brent_M,year,2026,8,0.4253384604400365,0.0439452404179171
2030-03_2030-04,2030-03,HH_M/Brent_M,days_to_expiry,"(1095, 1460]",80,0.15024085782380014,0.03294460745864797
2030-03_2030-04,2030-03,HH_M/Brent_M,days_to_expiry,"(730, 1095]",201,0.2388997477009114,0.13813353413353086
2030-03_2030-04,2030-03,HH_M/Brent_M,days_to_expiry,"(365, 730]",200,0.22436577337284747,0.22163954207727127
2030-03_2030-04,2030-03,HH_M/Brent_M,days_to_expiry,"(180, 365]",104,0.45471328836062824,0.2173909652964162
2030-03_2030-04,2030-03,HH_M/Brent_M,days_to_expiry,"(90, 180]",51,0.06533286427753102,0.10605928054976685
2030-03_2030-04,2030-03,HH_M/Brent_M,days_to_expiry,"(60, 90]",16,0.16833811725759285,0.09329701496931365
2030-03_2030-04,2030-03,HH_M/Brent_M,days_to_expiry,"(30, 60]",13,0.12282738233484891,0.09294128611346213
2030-03_2030-04,2030-03,HH_M/Brent_M,days_to_expiry,"(0, 30]",16,0.053378146168205416,0.09125584081462813
2030-03_2030-04,2030-03,HH_M/Brent_M,days_to_expiry,nan,4,,0.006337928586962961
2030-03_2030-04,2030-03,HH_M/Brent_M,month_pair,Mar/Apr,685,0.21324573251200452,1.0
2030-03_2030-04,2030-03,HH_M/Brent_M,pooled,all,685,0.21324573251200452,1.0
2030-04_2030-05,2030-04,TTF_M/TTF_M1,year,2019,12,0.9963301505590852,0.0008876670535979327
2030-04_2030-05,2030-04,TTF_M/TTF_M1,year,2020,64,0.9899317593439443,0.010896837340869046
2030-04_2030-05,2030-04,TTF_M/TTF_M1,year,2021,114,0.7742062576080607,0.038861175064291084
2030-04_2030-05,2030-04,TTF_M/TTF_M1,year,2022,164,0.9823210164363022,0.5537499376941829
2030-04_2030-05,2030-04,TTF_M/TTF_M1,year,2023,161,0.9914784861911666,0.19530398903169557
2030-04_2030-05,2030-04,TTF_M/TTF_M1,year,2024,113,0.9965793446601104,0.07258316127506602
2030-04_2030-05,2030-04,TTF_M/TTF_M1,year,2025,62,0.9973126753742609,0.04113228880564708
2030-04_2030-05,2030-04,TTF_M/TTF_M1,year,2026,12,0.9934834786218804,0.08658494373465042
2030-04_2030-05,2030-04,TTF_M/TTF_M1,days_to_expiry,"(1095, 1460]",97,0.9918175617995932,0.050488805692454765
2030-04_2030-05,2030-04,TTF_M/TTF_M1,days_to_expiry,"(730, 1095]",201,0.9874062208006088,0.19747627858750916
2030-04_2030-05,2030-04,TTF_M/TTF_M1,days_to_expiry,"(365, 730]",200,0.9589629529457759,0.3285537246639365
2030-04_2030-05,2030-04,TTF_M/TTF_M1,days_to_expiry,"(180, 365]",104,0.9845279342592207,0.1704310633659465
2030-04_2030-05,2030-04,TTF_M/TTF_M1,days_to_expiry,"(90, 180]",48,0.9990698020889937,0.09316034418401489
2030-04_2030-05,2030-04,TTF_M/TTF_M1,days_to_expiry,"(60, 90]",16,0.9971187794963117,0.033998128516427056
2030-04_2030-05,2030-04,TTF_M/TTF_M1,days_to_expiry,"(30, 60]",16,0.9756547177438454,0.016239881196508075
2030-04_2030-05,2030-04,TTF_M/TTF_M1,days_to_expiry,"(0, 30]",16,0.9995128737293842,0.10532883142577694
2030-04_2030-05,2030-04,TTF_M/TTF_M1,days_to_expiry,nan,4,,0.004322942367426109
2030-04_2030-05,2030-04,TTF_M/TTF_M1,month_pair,Apr/May,702,0.9799560255260404,1.0
2030-04_2030-05,2030-04,TTF_M/TTF_M1,pooled,all,702,0.9799560255260404,1.0
2030-04_2030-05,2030-04,HH_M/HH_M1,year,2019,12,0.996070275456856,0.0006931860592910586
2030-04_2030-05,2030-04,HH_M/HH_M1,year,2020,64,0.9878895176586108,0.00760666946886346
2030-04_2030-05,2030-04,HH_M/HH_M1,year,2021,114,0.9881340957141397,0.03273809577145753
2030-04_2030-05,2030-04,HH_M/HH_M1,year,2022,164,0.9982170837359199,0.3783074290891934
2030-04_2030-05,2030-04,HH_M/HH_M1,year,2023,161,0.9944264785477367,0.2332732494624013
2030-04_2030-05,2030-04,HH_M/HH_M1,year,2024,113,0.9875865970450622,0.14947112237302915
2030-04_2030-05,2030-04,HH_M/HH_M1,year,2025,62,0.995843470252497,0.10641234107716234
2030-04_2030-05,2030-04,HH_M/HH_M1,year,2026,12,0.9987001354688907,0.09149790669860161
2030-04_2030-05,2030-04,HH_M/HH_M1,days_to_expiry,"(1095, 1460]",97,0.991460993028761,0.02589031719582961
2030-04_2030-05,2030-04,HH_M/HH_M1,days_to_expiry,"(730, 1095]",201,0.9953027190592115,0.10852618141977789
2030-04_2030-05,2030-04,HH_M/HH_M1,days_to_expiry,"(365, 730]",200,0.9969101814114779,0.15295705931293638
2030-04_2030-05,2030-04,HH_M/HH_M1,days_to_expiry,"(180, 365]",104,0.9983360967703726,0.21244773802609412
2030-04_2030-05,2030-04,HH_M/HH_M1,days_to_expiry,"(90, 180]",48,0.9983773901081407,0.16125533513120507
2030-04_2030-05,2030-04,HH_M/HH_M1,days_to_expiry,"(60, 90]",16,0.998691836541615,0.13878109975530675
2030-04_2030-05,2030-04,HH_M/HH_M1,days_to_expiry,"(30, 60]",16,0.9951865155441619,0.09015969323437424
2030-04_2030-05,2030-04,HH_M/HH_M1,days_to_expiry,"(0, 30]",16,0.9926517740212268,0.10002074459692954
2030-04_2030-05,2030-04,HH_M/HH_M1,days_to_expiry,nan,4,,0.009961831327546328
2030-04_2030-05,2030-04,HH_M/HH_M1,month_pair,Apr/May,702,0.994911072590958,1.0
2030-04_2030-05,2030-04,HH_M/HH_M1,pooled,all,702,0.994911072590958,1.0
2030-04_2030-05,2030-04,Brent_M/Brent_M1,year,2019,12,0.9990549895745928,0.0007961756382615659
2030-04_2030-05,2030-04,Brent_M/Brent_M1,year,2020,64,0.9997559091460914,0.0847576770204172
2030-04_2030-05,2030-04,Brent_M/Brent_M1,year,2021,114,0.9998102266821116,0.12890690100351473
2030-04_2030-05,2030-04,Brent_M/Brent_M1,year,2022,164,0.9997504862662354,0.3030508201063068
2030-04_2030-05,2030-04,Brent_M/Brent_M1,year,2023,161,0.9997778237905535,0.2004739798463657
2030-04_2030-05,2030-04,Brent_M/Brent_M1,year,2024,113,0.9998388686532386,0.09920880202922262
2030-04_2030-05,2030-04,Brent_M/Brent_M1,year,2025,62,0.9996501104260578,0.07712954309970672
2030-04_2030-05,2030-04,Brent_M/Brent_M1,year,2026,12,0.9878170621061106,0.10567610125620464
2030-04_2030-05,2030-04,Brent_M/Brent_M1,days_to_expiry,"(1095, 1460]",97,0.9996950961254368,0.08936039800030665
2030-04_2030-05,2030-04,Brent_M/Brent_M1,days_to_expiry,"(730, 1095]",201,0.9998230764361453,0.22489484555540373
2030-04_2030-05,2030-04,Brent_M/Brent_M1,days_to_expiry,"(365, 730]",200,0.9998777148799883,0.25046036810093636
2030-04_2030-05,2030-04,Brent_M/Brent_M1,days_to_expiry,"(180, 365]",104,0.9997971871589415,0.17106196267714982
2030-04_2030-05,2030-04,Brent_M/Brent_M1,days_to_expiry,"(90, 180]",48,0.9996397187473562,0.08178166580836518
2030-04_2030-05,2030-04,Brent_M/Brent_M1,days_to_expiry,"(60, 90]",16,0.9995903037884682,0.03537317543520487
2030-04_2030-05,2030-04,Brent_M/Brent_M1,days_to_expiry,"(30, 60]",16,0.9996110824025825,0.032019065899045435
2030-04_2030-05,2030-04,Brent_M/Brent_M1,days_to_expiry,"(0, 30]",16,0.9907057830097331,0.11330540397896312
2030-04_2030-05,2030-04,Brent_M/Brent_M1,days_to_expiry,nan,4,,0.0017431145446248973
2030-04_2030-05,2030-04,Brent_M/Brent_M1,month_pair,Apr/May,702,0.9984905031860974,1.0
2030-04_2030-05,2030-04,Brent_M/Brent_M1,pooled,all,702,0.9984905031860974,1.0
2030-04_2030-05,2030-04,TTF_M/HH_M,year,2019,12,0.6165856355908225,0.0007599146826326206
2030-04_2030-05,2030-04,TTF_M/HH_M,year,2020,64,0.12456922959928972,0.009637002300530273
2030-04_2030-05,2030-04,TTF_M/HH_M,year,2021,114,0.19835455302767266,0.040880032343678874
2030-04_2030-05,2030-04,TTF_M/HH_M,year,2022,164,0.25163793795573597,0.5038276523896213
2030-04_2030-05,2030-04,TTF_M/HH_M,year,2023,161,0.12395860282285374,0.20583228486074673
2030-04_2030-05,2030-04,TTF_M/HH_M,year,2024,113,0.5404068776366426,0.09306726161633183
2030-04_2030-05,2030-04,TTF_M/HH_M,year,2025,62,-0.24254353737424436,0.05778074006844376
2030-04_2030-05,2030-04,TTF_M/HH_M,year,2026,12,0.5587240542011469,0.08821511173801466
2030-04_2030-05,2030-04,TTF_M/HH_M,days_to_expiry,"(1095, 1460]",97,0.02768599331140724,0.042668032054515054
2030-04_2030-05,2030-04,TTF_M/HH_M,days_to_expiry,"(730, 1095]",201,0.2161026112211893,0.16786626885115774
2030-04_2030-05,2030-04,TTF_M/HH_M,days_to_expiry,"(365, 730]",200,0.20355076418322327,0.2938458953211255
2030-04_2030-05,2030-04,TTF_M/HH_M,days_to_expiry,"(180, 365]",104,0.11686854911850134,0.17759587468505175
2030-04_2030-05,2030-04,TTF_M/HH_M,days_to_expiry,"(90, 180]",48,0.49072843020076806,0.11111133227980505
2030-04_2030-05,2030-04,TTF_M/HH_M,days_to_expiry,"(60, 90]",16,0.6408404840229012,0.06146916571051127
2030-04_2030-05,2030-04,TTF_M/HH_M,days_to_expiry,"(30, 60]",16,0.1492339932355889,0.035767657968586296
2030-04_2030-05,2030-04,TTF_M/HH_M,days_to_expiry,"(0, 30]",16,0.3012674353865763,0.10268665726492643
2030-04_2030-05,2030-04,TTF_M/HH_M,days_to_expiry,nan,4,,0.0069891158643210416
2030-04_2030-05,2030-04,TTF_M/HH_M,month_pair,Apr/May,702,0.2510887749597437,1.0
2030-04_2030-05,2030-04,TTF_M/HH_M,pooled,all,702,0.2510887749597437,1.0
2030-04_2030-05,2030-04,TTF_M/Brent_M,year,2019,12,0.8209722620136378,0.0007900065937115238
2030-04_2030-05,2030-04,TTF_M/Brent_M,year,2020,64,0.5742257414697899,0.021374130914151124
2030-04_2030-05,2030-04,TTF_M/Brent_M,year,2021,114,0.12907391501092275,0.05641105677742614
2030-04_2030-05,2030-04,TTF_M/Brent_M,year,2022,164,0.13686907442934787,0.5095758472286204
2030-04_2030-05,2030-04,TTF_M/Brent_M,year,2023,161,0.06210241747241762,0.1969572761724449
2030-04_2030-05,2030-04,TTF_M/Brent_M,year,2024,113,0.10117831695129621,0.07673934432588014
2030-04_2030-05,2030-04,TTF_M/Brent_M,year,2025,62,0.3806857704037409,0.04654367711073256
2030-04_2030-05,2030-04,TTF_M/Brent_M,year,2026,12,0.5910660896774564,0.0916086608770332
2030-04_2030-05,2030-04,TTF_M/Brent_M,days_to_expiry,"(1095, 1460]",97,0.3563044818643993,0.05431907737725044
2030-04_2030-05,2030-04,TTF_M/Brent_M,days_to_expiry,"(730, 1095]",201,0.26354858405417564,0.19409192758364438
2030-04_2030-05,2030-04,TTF_M/Brent_M,days_to_expiry,"(365, 730]",200,0.18470916426557574,0.3268634556789683
2030-04_2030-05,2030-04,TTF_M/Brent_M,days_to_expiry,"(180, 365]",104,0.08854414931264572,0.16710040098316192
2030-04_2030-05,2030-04,TTF_M/Brent_M,days_to_expiry,"(90, 180]",48,-0.0943264628252398,0.09234659935087722
2030-04_2030-05,2030-04,TTF_M/Brent_M,days_to_expiry,"(60, 90]",16,-0.4206367086415176,0.034953352615585576
2030-04_2030-05,2030-04,TTF_M/Brent_M,days_to_expiry,"(30, 60]",16,0.14376066145893115,0.01950282482674712
2030-04_2030-05,2030-04,TTF_M/Brent_M,days_to_expiry,"(0, 30]",16,0.6163957835279401,0.1066133303196406
2030-04_2030-05,2030-04,TTF_M/Brent_M,days_to_expiry,nan,4,,0.0042090312641246425
2030-04_2030-05,2030-04,TTF_M/Brent_M,month_pair,Apr/May,702,0.19865692273948923,1.0
2030-04_2030-05,2030-04,TTF_M/Brent_M,pooled,all,702,0.19865692273948923,1.0
2030-04_2030-05,2030-04,HH_M/Brent_M,year,2019,12,0.4779375335243383,0.0007109987606326552
2030-04_2030-05,2030-04,HH_M/Brent_M,year,2020,64,0.13950746667878594,0.034114578175708454
2030-04_2030-05,2030-04,HH_M/Brent_M,year,2021,114,0.12066069294845547,0.0651504080288594
2030-04_2030-05,2030-04,HH_M/Brent_M,year,2022,164,0.37404117820597105,0.347029695734827
2030-04_2030-05,2030-04,HH_M/Brent_M,year,2023,161,0.29330968122106504,0.2217095012099709
2030-04_2030-05,2030-04,HH_M/Brent_M,year,2024,113,0.060883369997164684,0.135183737877304
2030-04_2030-05,2030-04,HH_M/Brent_M,year,2025,62,0.07898582354652971,0.09753327198098909
2030-04_2030-05,2030-04,HH_M/Brent_M,year,2026,12,0.18937461126278396,0.0985678082317085
2030-04_2030-05,2030-04,HH_M/Brent_M,days_to_expiry,"(1095, 1460]",97,0.11543510762668559,0.047345665632510754
2030-04_2030-05,2030-04,HH_M/Brent_M,days_to_expiry,"(730, 1095]",201,0.24868356690705515,0.14448891121301333
2030-04_2030-05,2030-04,HH_M/Brent_M,days_to_expiry,"(365, 730]",200,0.28957597349552894,0.18458833060942242
2030-04_2030-05,2030-04,HH_M/Brent_M,days_to_expiry,"(180, 365]",104,0.38810462504415444,0.19681653959228945
2030-04_2030-05,2030-04,HH_M/Brent_M,days_to_expiry,"(90, 180]",48,0.2563097213331724,0.13434207619768246
2030-04_2030-05,2030-04,HH_M/Brent_M,days_to_expiry,"(60, 90]",16,-0.22346238679684374,0.10517920389702994
2030-04_2030-05,2030-04,HH_M/Brent_M,days_to_expiry,"(30, 60]",16,0.3741782538348758,0.07123336440131553
2030-04_2030-05,2030-04,HH_M/Brent_M,days_to_expiry,"(0, 30]",16,0.24233694994810015,0.10629051001131898
2030-04_2030-05,2030-04,HH_M/Brent_M,days_to_expiry,nan,4,,0.009715398445417021
2030-04_2030-05,2030-04,HH_M/Brent_M,month_pair,Apr/May,702,0.23186645523458474,1.0
2030-04_2030-05,2030-04,HH_M/Brent_M,pooled,all,702,0.23186645523458474,1.0
2030-05_2030-06,2030-05,TTF_M/TTF_M1,year,2019,13,0.9987897434494099,0.0012527413393304914
2030-05_2030-06,2030-05,TTF_M/TTF_M1,year,2020,63,0.9965443331554305,0.012221157974592467
2030-05_2030-06,2030-05,TTF_M/TTF_M1,year,2021,115,0.9870557703212531,0.03720029276031287
2030-05_2030-06,2030-05,TTF_M/TTF_M1,year,2022,162,0.9950854283774598,0.5506462115427158
2030-05_2030-06,2030-05,TTF_M/TTF_M1,year,2023,166,0.9930853461606038,0.19830417296647485
2030-05_2030-06,2030-05,TTF_M/TTF_M1,year,2024,116,0.997995899224261,0.07169043904967924
2030-05_2030-06,2030-05,TTF_M/TTF_M1,year,2025,67,0.9990763729031072,0.055303796688426235
2030-05_2030-06,2030-05,TTF_M/TTF_M1,year,2026,16,0.9983027582992202,0.07338118767846813
2030-05_2030-06,2030-05,TTF_M/TTF_M1,days_to_expiry,"(1095, 1460]",115,0.9975440101809727,0.07821213565336985
2030-05_2030-06,2030-05,TTF_M/TTF_M1,days_to_expiry,"(730, 1095]",200,0.9904425994077956,0.19834963883973888
2030-05_2030-06,2030-05,TTF_M/TTF_M1,days_to_expiry,"(365, 730]",201,0.9929291361434871,0.2994287726369126
2030-05_2030-06,2030-05,TTF_M/TTF_M1,days_to_expiry,"(180, 365]",102,0.9979494740431036,0.1981339140958961
2030-05_2030-06,2030-05,TTF_M/TTF_M1,days_to_expiry,"(90, 180]",48,0.9993325232537081,0.08088700356019589
2030-05_2030-06,2030-05,TTF_M/TTF_M1,days_to_expiry,"(60, 90]",16,0.9994956882052496,0.03171559655709069
2030-05_2030-06,2030-05,TTF_M/TTF_M1,days_to_expiry,"(30, 60]",17,0.9985836762923772,0.0745886188836812
2030-05_2030-06,2030-05,TTF_M/TTF_M1,days_to_expiry,"(0, 30]",15,0.9996280077977532,0.033985943404882965
2030-05_2030-06,2030-05,TTF_M/TTF_M1,days_to_expiry,nan,4,,0.004698376368231845
2030-05_2030-06,2030-05,TTF_M/TTF_M1,month_pair,May/Jun,718,0.9951632370812543,1.0
2030-05_2030-06,2030-05,TTF_M/TTF_M1,pooled,all,718,0.9951632370812543,1.0
2030-05_2030-06,2030-05,HH_M/HH_M1,year,2019,13,0.9971051842267374,0.0011646318811739
2030-05_2030-06,2030-05,HH_M/HH_M1,year,2020,63,0.9960641694466665,0.011356479329756268
2030-05_2030-06,2030-05,HH_M/HH_M1,year,2021,115,0.9937421320170748,0.030309254241151308
2030-05_2030-06,2030-05,HH_M/HH_M1,year,2022,162,0.9989613934543206,0.32286366976740233
2030-05_2030-06,2030-05,HH_M/HH_M1,year,2023,166,0.9942133811223622,0.2659474508528344
2030-05_2030-06,2030-05,HH_M/HH_M1,year,2024,116,0.9837169779959859,0.1200035294853102
2030-05_2030-06,2030-05,HH_M/HH_M1,year,2025,67,0.9957133212395772,0.1203820500776085
2030-05_2030-06,2030-05,HH_M/HH_M1,year,2026,16,0.9970612311586343,0.1279729343647632
2030-05_2030-06,2030-05,HH_M/HH_M1,days_to_expiry,"(1095, 1460]",115,0.997117881311696,0.04764812154946121
2030-05_2030-06,2030-05,HH_M/HH_M1,days_to_expiry,"(730, 1095]",200,0.9949817954796674,0.11942021009258613
2030-05_2030-06,2030-05,HH_M/HH_M1,days_to_expiry,"(365, 730]",201,0.9965149749034931,0.1754993130659765
2030-05_2030-06,2030-05,HH_M/HH_M1,days_to_expiry,"(180, 365]",102,0.9972343899308364,0.16063033785679973
2030-05_2030-06,2030-05,HH_M/HH_M1,days_to_expiry,"(90, 180]",48,0.9979872408783848,0.21334000559715544
2030-05_2030-06,2030-05,HH_M/HH_M1,days_to_expiry,"(60, 90]",16,0.998045023337256,0.1333579681166786
2030-05_2030-06,2030-05,HH_M/HH_M1,days_to_expiry,"(30, 60]",17,0.9904236817203408,0.07808407893332081
2030-05_2030-06,2030-05,HH_M/HH_M1,days_to_expiry,"(0, 30]",15,0.9834123768987169,0.06374158173074462
2030-05_2030-06,2030-05,HH_M/HH_M1,days_to_expiry,nan,4,,0.008278383057277058
2030-05_2030-06,2030-05,HH_M/HH_M1,month_pair,May/Jun,718,0.9941954067251882,1.0
2030-05_2030-06,2030-05,HH_M/HH_M1,pooled,all,718,0.9941954067251882,1.0
2030-05_2030-06,2030-05,Brent_M/Brent_M1,year,2019,13,0.9992644667030113,0.001397095293868057
2030-05_2030-06,2030-05,Brent_M/Brent_M1,year,2020,63,0.9998983953747055,0.11260724931516312
2030-05_2030-06,2030-05,Brent_M/Brent_M1,year,2021,115,0.9998221938793097,0.13011373018020653
2030-05_2030-06,2030-05,Brent_M/Brent_M1,year,2022,162,0.9997060652587921,0.2634426045960595
2030-05_2030-06,2030-05,Brent_M/Brent_M1,year,2023,166,0.9998039351687616,0.2039726616967291
2030-05_2030-06,2030-05,Brent_M/Brent_M1,year,2024,116,0.9998514094288222,0.09756457759950558
2030-05_2030-06,2030-05,Brent_M/Brent_M1,year,2025,67,0.9997583803484773,0.09334688456803814
2030-05_2030-06,2030-05,Brent_M/Brent_M1,year,2026,16,0.9858907537266914,0.09755519675042996
2030-05_2030-06,2030-05,Brent_M/Brent_M1,days_to_expiry,"(1095, 1460]",115,0.9997654495237397,0.13658683541260802
2030-05_2030-06,2030-05,Brent_M/Brent_M1,days_to_expiry,"(730, 1095]",200,0.9997744270202207,0.19392217905260337
2030-05_2030-06,2030-05,Brent_M/Brent_M1,days_to_expiry,"(365, 730]",201,0.9998360689492654,0.2696905561640153
2030-05_2030-06,2030-05,Brent_M/Brent_M1,days_to_expiry,"(180, 365]",102,0.9998128959162879,0.1299717426243771
2030-05_2030-06,2030-05,Brent_M/Brent_M1,days_to_expiry,"(90, 180]",48,0.99975821942274,0.07549876781685533
2030-05_2030-06,2030-05,Brent_M/Brent_M1,days_to_expiry,"(60, 90]",16,0.9997982432098992,0.0333389217897429
2030-05_2030-06,2030-05,Brent_M/Brent_M1,days_to_expiry,"(30, 60]",17,0.9971185182742243,0.06561418098647083
2030-05_2030-06,2030-05,Brent_M/Brent_M1,days_to_expiry,"(0, 30]",15,0.981740115965752,0.07015052381111259
2030-05_2030-06,2030-05,Brent_M/Brent_M1,days_to_expiry,nan,4,,0.02522629234221446
2030-05_2030-06,2030-05,Brent_M/Brent_M1,month_pair,May/Jun,718,0.9977162125894956,1.0
2030-05_2030-06,2030-05,Brent_M/Brent_M1,pooled,all,718,0.9977162125894956,1.0
2030-05_2030-06,2030-05,TTF_M/HH_M,year,2019,13,-0.02679028881129315,0.0011815119646917357
2030-05_2030-06,2030-05,TTF_M/HH_M,year,2020,63,-0.001111708210436865,0.011746060460340805
2030-05_2030-06,2030-05,TTF_M/HH_M,year,2021,115,0.13502209735364754,0.03422653767089971
2030-05_2030-06,2030-05,TTF_M/HH_M,year,2022,162,0.281968209912906,0.4857894591078055
2030-05_2030-06,2030-05,TTF_M/HH_M,year,2023,166,0.19687156313813206,0.2182994962395136
2030-05_2030-06,2030-05,TTF_M/HH_M,year,2024,116,0.3517915949944275,0.08688996796486265
2030-05_2030-06,2030-05,TTF_M/HH_M,year,2025,67,-0.08383146340911889,0.07246738685575287
2030-05_2030-06,2030-05,TTF_M/HH_M,year,2026,16,0.3632867957018802,0.08939957973613293
2030-05_2030-06,2030-05,TTF_M/HH_M,days_to_expiry,"(1095, 1460]",115,0.057285236446729094,0.06938849455494936
2030-05_2030-06,2030-05,TTF_M/HH_M,days_to_expiry,"(730, 1095]",200,0.15675408870289534,0.17487182621039044
2030-05_2030-06,2030-05,TTF_M/HH_M,days_to_expiry,"(365, 730]",201,0.27243146906738036,0.268229547976639
2030-05_2030-06,2030-05,TTF_M/HH_M,days_to_expiry,"(180, 365]",102,0.2588399154327573,0.18638796553155199
2030-05_2030-06,2030-05,TTF_M/HH_M,days_to_expiry,"(90, 180]",48,0.4964984484651912,0.1172392218321441
2030-05_2030-06,2030-05,TTF_M/HH_M,days_to_expiry,"(60, 90]",16,0.1646579110508613,0.05817359145354591
2030-05_2030-06,2030-05,TTF_M/HH_M,days_to_expiry,"(30, 60]",17,0.06057891614600597,0.07774770670757072
2030-05_2030-06,2030-05,TTF_M/HH_M,days_to_expiry,"(0, 30]",15,0.17579191202941222,0.041817997537700845
2030-05_2030-06,2030-05,TTF_M/HH_M,days_to_expiry,nan,4,,0.00614364819550752
2030-05_2030-06,2030-05,TTF_M/HH_M,month_pair,May/Jun,718,0.24283267653683313,1.0
2030-05_2030-06,2030-05,TTF_M/HH_M,pooled,all,718,0.24283267653683313,1.0
2030-05_2030-06,2030-05,TTF_M/Brent_M,year,2019,13,0.3522217789658666,0.0012321913164301116
2030-05_2030-06,2030-05,TTF_M/Brent_M,year,2020,63,0.6664106023453592,0.02777649770915426
2030-05_2030-06,2030-05,TTF_M/Brent_M,year,2021,115,0.15878898836754313,0.05085172115482507
2030-05_2030-06,2030-05,TTF_M/Brent_M,year,2022,162,0.2270897872335302,0.4991397673768867
2030-05_2030-06,2030-05,TTF_M/Brent_M,year,2023,166,0.16382626870423658,0.20201503319359976
2030-05_2030-06,2030-05,TTF_M/Brent_M,year,2024,116,-0.021693343496248536,0.07667626547771253
2030-05_2030-06,2030-05,TTF_M/Brent_M,year,2025,67,0.5311682404731778,0.06178218409185088
2030-05_2030-06,2030-05,TTF_M/Brent_M,year,2026,16,0.6387199289743648,0.08052633967954076
2030-05_2030-06,2030-05,TTF_M/Brent_M,days_to_expiry,"(1095, 1460]",115,0.27867545682448797,0.08649206765388685
2030-05_2030-06,2030-05,TTF_M/Brent_M,days_to_expiry,"(730, 1095]",200,0.23355386030767525,0.1947743677026501
2030-05_2030-06,2030-05,TTF_M/Brent_M,days_to_expiry,"(365, 730]",201,0.293877700819979,0.29555518379316786
2030-05_2030-06,2030-05,TTF_M/Brent_M,days_to_expiry,"(180, 365]",102,0.11310095894175733,0.18538393420196705
2030-05_2030-06,2030-05,TTF_M/Brent_M,days_to_expiry,"(90, 180]",48,-0.027464517386635138,0.0813156080040335
2030-05_2030-06,2030-05,TTF_M/Brent_M,days_to_expiry,"(60, 90]",16,0.09390780912557485,0.03223243227014766
2030-05_2030-06,2030-05,TTF_M/Brent_M,days_to_expiry,"(30, 60]",17,0.6428309181057187,0.07523296313191237
2030-05_2030-06,2030-05,TTF_M/Brent_M,days_to_expiry,"(0, 30]",15,0.6080803104792394,0.04073375263564972
2030-05_2030-06,2030-05,TTF_M/Brent_M,days_to_expiry,nan,4,,0.008279690606584825
2030-05_2030-06,2030-05,TTF_M/Brent_M,month_pair,May/Jun,718,0.2575942552218598,1.0
2030-05_2030-06,2030-05,TTF_M/Brent_M,pooled,all,718,0.2575942552218598,1.0
2030-05_2030-06,2030-05,HH_M/Brent_M,year,2019,13,0.2582044858964046,0.0011962416226003025
2030-05_2030-06,2030-05,HH_M/Brent_M,year,2020,63,0.14357167403644547,0.04683383835593447
2030-05_2030-06,2030-05,HH_M/Brent_M,year,2021,115,0.32277554677725745,0.06451494750623303
2030-05_2030-06,2030-05,HH_M/Brent_M,year,2022,162,0.45790348102482265,0.29122420215251893
2030-05_2030-06,2030-05,HH_M/Brent_M,year,2023,166,0.20949999245121864,0.24306518986721437
2030-05_2030-06,2030-05,HH_M/Brent_M,year,2024,116,0.01644734748787953,0.11709205003336352
2030-05_2030-06,2030-05,HH_M/Brent_M,year,2025,67,0.24622522626401525,0.11142636394832907
2030-05_2030-06,2030-05,HH_M/Brent_M,year,2026,16,0.3523006889423424,0.12464716651380624
2030-05_2030-06,2030-05,HH_M/Brent_M,days_to_expiry,"(1095, 1460]",115,0.14364030912501646,0.07713215510768041
2030-05_2030-06,2030-05,HH_M/Brent_M,days_to_expiry,"(730, 1095]",200,0.2665300884903299,0.14117898644629873
2030-05_2030-06,2030-05,HH_M/Brent_M,days_to_expiry,"(365, 730]",201,0.387753348727116,0.20514757500131908
2030-05_2030-06,2030-05,HH_M/Brent_M,days_to_expiry,"(180, 365]",102,0.3532293912207513,0.14669147166586724
2030-05_2030-06,2030-05,HH_M/Brent_M,days_to_expiry,"(90, 180]",48,0.2801449073351684,0.16765982621446554
2030-05_2030-06,2030-05,HH_M/Brent_M,days_to_expiry,"(60, 90]",16,0.43513515838336503,0.09845444297959575
2030-05_2030-06,2030-05,HH_M/Brent_M,days_to_expiry,"(30, 60]",17,0.1272755998262181,0.07807824141113243
2030-05_2030-06,2030-05,HH_M/Brent_M,days_to_expiry,"(0, 30]",15,0.2126192668444758,0.0692341812557124
2030-05_2030-06,2030-05,HH_M/Brent_M,days_to_expiry,nan,4,,0.016423119917928452
2030-05_2030-06,2030-05,HH_M/Brent_M,month_pair,May/Jun,718,0.26475713558562786,1.0
2030-05_2030-06,2030-05,HH_M/Brent_M,pooled,all,718,0.26475713558562786,1.0
2030-06_2030-07,2030-06,TTF_M/TTF_M1,year,2019,13,0.9997965303090441,0.001330528660160752
2030-06_2030-07,2030-06,TTF_M/TTF_M1,year,2020,64,0.9967995676912162,0.015038172834818418
2030-06_2030-07,2030-06,TTF_M/TTF_M1,year,2021,113,0.9630903893922877,0.03714262662249642
2030-06_2030-07,2030-06,TTF_M/TTF_M1,year,2022,163,0.9896903860293097,0.5708460545031029
2030-06_2030-07,2030-06,TTF_M/TTF_M1,year,2023,171,0.9914972241687191,0.1684592961827864
2030-06_2030-07,2030-06,TTF_M/TTF_M1,year,2024,121,0.9982980281584009,0.087637183998438
2030-06_2030-07,2030-06,TTF_M/TTF_M1,year,2025,72,0.9987993633144514,0.04336044244595949
2030-06_2030-07,2030-06,TTF_M/TTF_M1,year,2026,20,0.9984372491635776,0.07618569475223762
2030-06_2030-07,2030-06,TTF_M/TTF_M1,days_to_expiry,"(1095, 1460]",134,0.989072760396743,0.096905367253099
2030-06_2030-07,2030-06,TTF_M/TTF_M1,days_to_expiry,"(730, 1095]",201,0.9764574953941608,0.21604962265961827
2030-06_2030-07,2030-06,TTF_M/TTF_M1,days_to_expiry,"(365, 730]",199,0.9930563318029272,0.28571120578847714
2030-06_2030-07,2030-06,TTF_M/TTF_M1,days_to_expiry,"(180, 365]",103,0.9979410049568486,0.181972637900415
2030-06_2030-07,2030-06,TTF_M/TTF_M1,days_to_expiry,"(90, 180]",48,0.9997362509875661,0.08840418927489026
2030-06_2030-07,2030-06,TTF_M/TTF_M1,days_to_expiry,"(60, 90]",16,0.9983276107388347,0.06064150542491778
2030-06_2030-07,2030-06,TTF_M/TTF_M1,days_to_expiry,"(30, 60]",16,0.9995856785140024,0.035334455710728525
2030-06_2030-07,2030-06,TTF_M/TTF_M1,days_to_expiry,"(0, 30]",16,0.99971425092203,0.020142313795168797
2030-06_2030-07,2030-06,TTF_M/TTF_M1,days_to_expiry,nan,4,,0.01483870219268516
2030-06_2030-07,2030-06,TTF_M/TTF_M1,month_pair,Jun/Jul,737,0.9913554566313877,1.0
2030-06_2030-07,2030-06,TTF_M/TTF_M1,pooled,all,737,0.9913554566313877,1.0
2030-06_2030-07,2030-06,HH_M/HH_M1,year,2019,13,0.9976600924293187,0.0008952843514457942
2030-06_2030-07,2030-06,HH_M/HH_M1,year,2020,64,0.9981026975245498,0.011795916586555686
2030-06_2030-07,2030-06,HH_M/HH_M1,year,2021,113,0.9960019468716503,0.03448879392090144
2030-06_2030-07,2030-06,HH_M/HH_M1,year,2022,163,0.9994669318301269,0.380127054042915
2030-06_2030-07,2030-06,HH_M/HH_M1,year,2023,171,0.9875981609654109,0.2161340079153289
2030-06_2030-07,2030-06,HH_M/HH_M1,year,2024,121,0.9846864458241288,0.11513429615565232
2030-06_2030-07,2030-06,HH_M/HH_M1,year,2025,72,0.993565860360621,0.1344344428886822
2030-06_2030-07,2030-06,HH_M/HH_M1,year,2026,20,0.9879396172105859,0.10699020413851869
2030-06_2030-07,2030-06,HH_M/HH_M1,days_to_expiry,"(1095, 1460]",134,0.998922870857897,0.051728388537545536
2030-06_2030-07,2030-06,HH_M/HH_M1,days_to_expiry,"(730, 1095]",201,0.9970371770557983,0.11997291431144415
2030-06_2030-07,2030-06,HH_M/HH_M1,days_to_expiry,"(365, 730]",199,0.9977130889168053,0.20155235765712706
2030-06_2030-07,2030-06,HH_M/HH_M1,days_to_expiry,"(180, 365]",103,0.9977054232555386,0.18465252695310924
2030-06_2030-07,2030-06,HH_M/HH_M1,days_to_expiry,"(90, 180]",48,0.9951623428930093,0.24803862183475917
2030-06_2030-07,2030-06,HH_M/HH_M1,days_to_expiry,"(60, 90]",16,0.9880270308324579,0.0479788241854283
2030-06_2030-07,2030-06,HH_M/HH_M1,days_to_expiry,"(30, 60]",16,0.9768195614088582,0.045850606133289354
2030-06_2030-07,2030-06,HH_M/HH_M1,days_to_expiry,"(0, 30]",16,0.9824643753613059,0.07171917574683341
2030-06_2030-07,2030-06,HH_M/HH_M1,days_to_expiry,nan,4,,0.028506584640463805
2030-06_2030-07,2030-06,HH_M/HH_M1,month_pair,Jun/Jul,737,0.991552032972883,1.0
2030-06_2030-07,2030-06,HH_M/HH_M1,pooled,all,737,0.991552032972883,1.0
2030-06_2030-07,2030-06,Brent_M/Brent_M1,year,2019,13,0.9997088398595096,0.0018564568033821297
2030-06_2030-07,2030-06,Brent_M/Brent_M1,year,2020,64,0.9997737305607807,0.05489961947173014
2030-06_2030-07,2030-06,Brent_M/Brent_M1,year,2021,113,0.9997191769575668,0.10212297387441788
2030-06_2030-07,2030-06,Brent_M/Brent_M1,year,2022,163,0.9997334632373752,0.2956504595965276
2030-06_2030-07,2030-06,Brent_M/Brent_M1,year,2023,171,0.9997895519703859,0.20633044812450324
2030-06_2030-07,2030-06,Brent_M/Brent_M1,year,2024,121,0.9997857175169897,0.10757097248436084
2030-06_2030-07,2030-06,Brent_M/Brent_M1,year,2025,72,0.9996933799441612,0.11473450702994015
2030-06_2030-07,2030-06,Brent_M/Brent_M1,year,2026,20,0.9926470490032205,0.1168345626151382
2030-06_2030-07,2030-06,Brent_M/Brent_M1,days_to_expiry,"(1095, 1460]",134,0.9997316149050243,0.1053778926930602
2030-06_2030-07,2030-06,Brent_M/Brent_M1,days_to_expiry,"(730, 1095]",201,0.9997253652626528,0.16983936148922174
2030-06_2030-07,2030-06,Brent_M/Brent_M1,days_to_expiry,"(365, 730]",199,0.9998012175467986,0.2510702090212493
2030-06_2030-07,2030-06,Brent_M/Brent_M1,days_to_expiry,"(180, 365]",103,0.9998247416414464,0.19734974613000708
2030-06_2030-07,2030-06,Brent_M/Brent_M1,days_to_expiry,"(90, 180]",48,0.999664391242915,0.06676767459072715
2030-06_2030-07,2030-06,Brent_M/Brent_M1,days_to_expiry,"(60, 90]",16,0.9979083821858266,0.06510794121144098
2030-06_2030-07,2030-06,Brent_M/Brent_M1,days_to_expiry,"(30, 60]",16,0.9886911919513187,0.06860543018957727
2030-06_2030-07,2030-06,Brent_M/Brent_M1,days_to_expiry,"(0, 30]",16,0.99601647260089,0.04385347594989813
2030-06_2030-07,2030-06,Brent_M/Brent_M1,days_to_expiry,nan,4,,0.032028268724818294
2030-06_2030-07,2030-06,Brent_M/Brent_M1,month_pair,Jun/Jul,737,0.9981911055745167,1.0
2030-06_2030-07,2030-06,Brent_M/Brent_M1,pooled,all,737,0.9981911055745167,1.0
2030-06_2030-07,2030-06,TTF_M/HH_M,year,2019,13,0.24690293874899613,0.0012164275536446553
2030-06_2030-07,2030-06,TTF_M/HH_M,year,2020,64,0.131891484417071,0.01418733265595836
2030-06_2030-07,2030-06,TTF_M/HH_M,year,2021,113,0.23839363992483162,0.0364188859890934
2030-06_2030-07,2030-06,TTF_M/HH_M,year,2022,163,0.036936471004710786,0.5147656523776477
2030-06_2030-07,2030-06,TTF_M/HH_M,year,2023,171,0.09554869521545595,0.1835840799363885
2030-06_2030-07,2030-06,TTF_M/HH_M,year,2024,121,0.1377624362476667,0.09685519433791154
2030-06_2030-07,2030-06,TTF_M/HH_M,year,2025,72,-0.06938119888272647,0.06603525130271796
2030-06_2030-07,2030-06,TTF_M/HH_M,year,2026,20,0.3643912489012121,0.08693717584663792
2030-06_2030-07,2030-06,TTF_M/HH_M,days_to_expiry,"(1095, 1460]",134,-0.025690625007310917,0.08556341068941262
2030-06_2030-07,2030-06,TTF_M/HH_M,days_to_expiry,"(730, 1095]",201,0.020880986263992974,0.18940803710610685
2030-06_2030-07,2030-06,TTF_M/HH_M,days_to_expiry,"(365, 730]",199,0.08730010626113822,0.2609160368985491
2030-06_2030-07,2030-06,TTF_M/HH_M,days_to_expiry,"(180, 365]",103,-0.013031436466098379,0.1813986747499472
2030-06_2030-07,2030-06,TTF_M/HH_M,days_to_expiry,"(90, 180]",48,0.30035934609517356,0.12991061109289975
2030-06_2030-07,2030-06,TTF_M/HH_M,days_to_expiry,"(60, 90]",16,0.08601902598524441,0.059728319802721946
2030-06_2030-07,2030-06,TTF_M/HH_M,days_to_expiry,"(30, 60]",16,-0.001752247087775159,0.03869381671882051
2030-06_2030-07,2030-06,TTF_M/HH_M,days_to_expiry,"(0, 30]",16,0.08946651046886826,0.03479790135611153
2030-06_2030-07,2030-06,TTF_M/HH_M,days_to_expiry,nan,4,,0.019583191585430614
2030-06_2030-07,2030-06,TTF_M/HH_M,month_pair,Jun/Jul,737,0.10811640703825394,1.0
2030-06_2030-07,2030-06,TTF_M/HH_M,pooled,all,737,0.10811640703825394,1.0
2030-06_2030-07,2030-06,TTF_M/Brent_M,year,2019,13,0.49020970601334307,0.0014043863077266043
2030-06_2030-07,2030-06,TTF_M/Brent_M,year,2020,64,0.6462532829307891,0.02072975359619558
2030-06_2030-07,2030-06,TTF_M/Brent_M,year,2021,113,0.08372045190970312,0.046630709390565156
2030-06_2030-07,2030-06,TTF_M/Brent_M,year,2022,163,-0.10534900630534556,0.5255110130529719
2030-06_2030-07,2030-06,TTF_M/Brent_M,year,2023,171,0.1083142416396896,0.17553689820175158
2030-06_2030-07,2030-06,TTF_M/Brent_M,year,2024,121,0.11419179532318531,0.0910447116104647
2030-06_2030-07,2030-06,TTF_M/Brent_M,year,2025,72,0.40808387597043333,0.0539705130546198
2030-06_2030-07,2030-06,TTF_M/Brent_M,year,2026,20,0.6344331027896696,0.08517201478570474
2030-06_2030-07,2030-06,TTF_M/Brent_M,days_to_expiry,"(1095, 1460]",134,0.20573757417892186,0.09832476115944246
2030-06_2030-07,2030-06,TTF_M/Brent_M,days_to_expiry,"(730, 1095]",201,0.09731085375870477,0.20694302440258813
2030-06_2030-07,2030-06,TTF_M/Brent_M,days_to_expiry,"(365, 730]",199,0.057805437093066715,0.2780732840359634
2030-06_2030-07,2030-06,TTF_M/Brent_M,days_to_expiry,"(180, 365]",103,-0.014370815503825074,0.18438115782974607
2030-06_2030-07,2030-06,TTF_M/Brent_M,days_to_expiry,"(90, 180]",48,-0.10062815922107028,0.0860798702098858
2030-06_2030-07,2030-06,TTF_M/Brent_M,days_to_expiry,"(60, 90]",16,0.5999793587028789,0.06321737666014376
2030-06_2030-07,2030-06,TTF_M/Brent_M,days_to_expiry,"(30, 60]",16,0.3802239767363179,0.04091799880930874
2030-06_2030-07,2030-06,TTF_M/Brent_M,days_to_expiry,"(0, 30]",16,0.37075279556318863,0.0238438103103211
2030-06_2030-07,2030-06,TTF_M/Brent_M,days_to_expiry,nan,4,,0.018218716582600596
2030-06_2030-07,2030-06,TTF_M/Brent_M,month_pair,Jun/Jul,737,0.11934218630677033,1.0
2030-06_2030-07,2030-06,TTF_M/Brent_M,pooled,all,737,0.11934218630677033,1.0
2030-06_2030-07,2030-06,HH_M/Brent_M,year,2019,13,0.3803686237145484,0.0011720127559214715
2030-06_2030-07,2030-06,HH_M/Brent_M,year,2020,64,0.29472449022066183,0.025557834332281402
2030-06_2030-07,2030-06,HH_M/Brent_M,year,2021,113,-0.0952234570040301,0.055390770614390995
2030-06_2030-07,2030-06,HH_M/Brent_M,year,2022,163,0.32294259539208187,0.33624591540070164
2030-06_2030-07,2030-06,HH_M/Brent_M,year,2023,171,0.12442867721543732,0.21661612734865907
2030-06_2030-07,2030-06,HH_M/Brent_M,year,2024,121,-0.06809121349335673,0.11732327269282429
2030-06_2030-07,2030-06,HH_M/Brent_M,year,2025,72,0.3036760169311211,0.12798445119090604
2030-06_2030-07,2030-06,HH_M/Brent_M,year,2026,20,0.27498387146080555,0.11970961566431497
2030-06_2030-07,2030-06,HH_M/Brent_M,days_to_expiry,"(1095, 1460]",134,0.04805415293648707,0.06701623275871954
2030-06_2030-07,2030-06,HH_M/Brent_M,days_to_expiry,"(730, 1095]",201,0.22109161050971585,0.13208646855498088
2030-06_2030-07,2030-06,HH_M/Brent_M,days_to_expiry,"(365, 730]",199,0.2811329111447486,0.21110935053664934
2030-06_2030-07,2030-06,HH_M/Brent_M,days_to_expiry,"(180, 365]",103,0.31519277704600396,0.1838006137650133
2030-06_2030-07,2030-06,HH_M/Brent_M,days_to_expiry,"(90, 180]",48,0.1422952465098947,0.19074483343912282
2030-06_2030-07,2030-06,HH_M/Brent_M,days_to_expiry,"(60, 90]",16,0.08797725340535195,0.05724123359507142
2030-06_2030-07,2030-06,HH_M/Brent_M,days_to_expiry,"(30, 60]",16,0.3211692475535022,0.0560613794610748
2030-06_2030-07,2030-06,HH_M/Brent_M,days_to_expiry,"(0, 30]",16,0.11988928852000472,0.06829661634972169
2030-06_2030-07,2030-06,HH_M/Brent_M,days_to_expiry,nan,4,,0.033643271539646115
2030-06_2030-07,2030-06,HH_M/Brent_M,month_pair,Jun/Jul,737,0.19916426344733262,1.0
2030-06_2030-07,2030-06,HH_M/Brent_M,pooled,all,737,0.19916426344733262,1.0
2030-07_2030-08,2030-07,TTF_M/TTF_M1,year,2019,12,0.9967859407790945,0.0013068248716782051
2030-07_2030-08,2030-07,TTF_M/TTF_M1,year,2020,64,0.9982877855362315,0.012127159994850738
2030-07_2030-08,2030-07,TTF_M/TTF_M1,year,2021,113,0.9907135394959522,0.04580673976650245
2030-07_2030-08,2030-07,TTF_M/TTF_M1,year,2022,163,0.9985211718071376,0.5170943900902986
2030-07_2030-08,2030-07,TTF_M/TTF_M1,year,2023,174,0.9973521453261776,0.20485263368990408
2030-07_2030-08,2030-07,TTF_M/TTF_M1,year,2024,125,0.9989591876139333,0.07047203704493916
2030-07_2030-08,2030-07,TTF_M/TTF_M1,year,2025,75,0.9995205377929759,0.053764061201597504
2030-07_2030-08,2030-07,TTF_M/TTF_M1,year,2026,25,0.9992673739056998,0.09457615334022929
2030-07_2030-08,2030-07,TTF_M/TTF_M1,days_to_expiry,"(1095, 1460]",147,0.996348130655888,0.08919097027305938
2030-07_2030-08,2030-07,TTF_M/TTF_M1,days_to_expiry,"(730, 1095]",200,0.9983849776122201,0.18901640008011003
2030-07_2030-08,2030-07,TTF_M/TTF_M1,days_to_expiry,"(365, 730]",201,0.9972560266404544,0.261983786679822
2030-07_2030-08,2030-07,TTF_M/TTF_M1,days_to_expiry,"(180, 365]",103,0.9989083241420816,0.22137963993475496
2030-07_2030-08,2030-07,TTF_M/TTF_M1,days_to_expiry,"(90, 180]",48,0.9993842510494831,0.13501589244177087
2030-07_2030-08,2030-07,TTF_M/TTF_M1,days_to_expiry,"(60, 90]",16,0.9994104770380395,0.02320628870553063
2030-07_2030-08,2030-07,TTF_M/TTF_M1,days_to_expiry,"(30, 60]",16,0.998884273904901,0.02081683769110259
2030-07_2030-08,2030-07,TTF_M/TTF_M1,days_to_expiry,"(0, 30]",16,0.9984410569021369,0.0537604411419349
2030-07_2030-08,2030-07,TTF_M/TTF_M1,days_to_expiry,nan,4,,0.005629743051914676
2030-07_2030-08,2030-07,TTF_M/TTF_M1,month_pair,Jul/Aug,751,0.9980658025316894,1.0
2030-07_2030-08,2030-07,TTF_M/TTF_M1,pooled,all,751,0.9980658025316894,1.0
2030-07_2030-08,2030-07,HH_M/HH_M1,year,2019,12,0.9998694855116126,0.0014442535274182238
2030-07_2030-08,2030-07,HH_M/HH_M1,year,2020,64,0.9943004409996998,0.004515305651102252
2030-07_2030-08,2030-07,HH_M/HH_M1,year,2021,113,0.9986219959350898,0.03626452072063511
2030-07_2030-08,2030-07,HH_M/HH_M1,year,2022,163,0.9996500929591553,0.3476750686724789
2030-07_2030-08,2030-07,HH_M/HH_M1,year,2023,174,0.9967566432963789,0.2011438269499451
2030-07_2030-08,2030-07,HH_M/HH_M1,year,2024,125,0.9967679773248005,0.15624354385785258
2030-07_2030-08,2030-07,HH_M/HH_M1,year,2025,75,0.9935028625068933,0.1771156163255284
2030-07_2030-08,2030-07,HH_M/HH_M1,year,2026,25,0.9983545683997702,0.07559786429503923
2030-07_2030-08,2030-07,HH_M/HH_M1,days_to_expiry,"(1095, 1460]",147,0.9987759345496698,0.06554189228122911
2030-07_2030-08,2030-07,HH_M/HH_M1,days_to_expiry,"(730, 1095]",200,0.9985821991697925,0.1244518615502065
2030-07_2030-08,2030-07,HH_M/HH_M1,days_to_expiry,"(365, 730]",201,0.9993172252307942,0.23565526549410223
2030-07_2030-08,2030-07,HH_M/HH_M1,days_to_expiry,"(180, 365]",103,0.9992585990996251,0.1628155476438885
2030-07_2030-08,2030-07,HH_M/HH_M1,days_to_expiry,"(90, 180]",48,0.999125400576831,0.20883885607114086
2030-07_2030-08,2030-07,HH_M/HH_M1,days_to_expiry,"(60, 90]",16,0.9953146044001988,0.037215904381499625
2030-07_2030-08,2030-07,HH_M/HH_M1,days_to_expiry,"(30, 60]",16,0.9933010256418273,0.03681712723169296
2030-07_2030-08,2030-07,HH_M/HH_M1,days_to_expiry,"(0, 30]",16,0.9955540661133265,0.09180438889885503
2030-07_2030-08,2030-07,HH_M/HH_M1,days_to_expiry,nan,4,,0.03685915644738493
2030-07_2030-08,2030-07,HH_M/HH_M1,month_pair,Jul/Aug,751,0.9968959686510628,1.0
2030-07_2030-08,2030-07,HH_M/HH_M1,pooled,all,751,0.9968959686510628,1.0
2030-07_2030-08,2030-07,Brent_M/Brent_M1,year,2019,12,0.9994625825855337,0.0006146946432826327
2030-07_2030-08,2030-07,Brent_M/Brent_M1,year,2020,64,0.9998971562969158,0.08201189257295675
2030-07_2030-08,2030-07,Brent_M/Brent_M1,year,2021,113,0.9998190876143819,0.11874100502961343
2030-07_2030-08,2030-07,Brent_M/Brent_M1,year,2022,163,0.999788023024103,0.27656182882319286
2030-07_2030-08,2030-07,Brent_M/Brent_M1,year,2023,174,0.9997839268297383,0.18523490101915907
2030-07_2030-08,2030-07,Brent_M/Brent_M1,year,2024,125,0.9998417747284374,0.10222020152043924
2030-07_2030-08,2030-07,Brent_M/Brent_M1,year,2025,75,0.9998039772632777,0.13988582692290294
2030-07_2030-08,2030-07,Brent_M/Brent_M1,year,2026,25,0.9928332119278422,0.09472964946845301
2030-07_2030-08,2030-07,Brent_M/Brent_M1,days_to_expiry,"(1095, 1460]",147,0.9997934744020955,0.13232635121742156
2030-07_2030-08,2030-07,Brent_M/Brent_M1,days_to_expiry,"(730, 1095]",200,0.9997471225424828,0.15710245434848613
2030-07_2030-08,2030-07,Brent_M/Brent_M1,days_to_expiry,"(365, 730]",201,0.999853770495528,0.28912767304851017
2030-07_2030-08,2030-07,Brent_M/Brent_M1,days_to_expiry,"(180, 365]",103,0.999861159099803,0.15798270544472404
2030-07_2030-08,2030-07,Brent_M/Brent_M1,days_to_expiry,"(90, 180]",48,0.999295871719336,0.09317493668806218
2030-07_2030-08,2030-07,Brent_M/Brent_M1,days_to_expiry,"(60, 90]",16,0.9940251286491119,0.04464214288440807
2030-07_2030-08,2030-07,Brent_M/Brent_M1,days_to_expiry,"(30, 60]",16,0.9934187746470631,0.033053742814783495
2030-07_2030-08,2030-07,Brent_M/Brent_M1,days_to_expiry,"(0, 30]",16,0.9965926878898235,0.06034671492137801
2030-07_2030-08,2030-07,Brent_M/Brent_M1,days_to_expiry,nan,4,,0.03224327863222633
2030-07_2030-08,2030-07,Brent_M/Brent_M1,month_pair,Jul/Aug,751,0.9987998584418504,1.0
2030-07_2030-08,2030-07,Brent_M/Brent_M1,pooled,all,751,0.9987998584418504,1.0
2030-07_2030-08,2030-07,TTF_M/HH_M,year,2019,12,0.03909509245455907,0.0014008617654302086
2030-07_2030-08,2030-07,TTF_M/HH_M,year,2020,64,-0.07878625891463445,0.01055235219089618
2030-07_2030-08,2030-07,TTF_M/HH_M,year,2021,113,0.27055824154439445,0.04344094916249061
2030-07_2030-08,2030-07,TTF_M/HH_M,year,2022,163,0.08456227497241506,0.4745976549744032
2030-07_2030-08,2030-07,TTF_M/HH_M,year,2023,174,0.06269718266239305,0.20570183885545187
2030-07_2030-08,2030-07,TTF_M/HH_M,year,2024,125,0.12127940332279231,0.08965867256207034
2030-07_2030-08,2030-07,TTF_M/HH_M,year,2025,75,0.16765841078237909,0.08193799909787683
2030-07_2030-08,2030-07,TTF_M/HH_M,year,2026,25,0.0800713461836918,0.09270967139138078
2030-07_2030-08,2030-07,TTF_M/HH_M,days_to_expiry,"(1095, 1460]",147,0.03745074526207524,0.08249203217474343
2030-07_2030-08,2030-07,TTF_M/HH_M,days_to_expiry,"(730, 1095]",200,0.08150989116000351,0.1718538067550149
2030-07_2030-08,2030-07,TTF_M/HH_M,days_to_expiry,"(365, 730]",201,0.10422406582323845,0.2535136497231614
2030-07_2030-08,2030-07,TTF_M/HH_M,days_to_expiry,"(180, 365]",103,0.16037514761520902,0.20858129335752698
2030-07_2030-08,2030-07,TTF_M/HH_M,days_to_expiry,"(90, 180]",48,0.00753454148058554,0.15346612980555677
2030-07_2030-08,2030-07,TTF_M/HH_M,days_to_expiry,"(60, 90]",16,0.12678834546756618,0.02628615020563403
2030-07_2030-08,2030-07,TTF_M/HH_M,days_to_expiry,"(30, 60]",16,-0.005314943414943907,0.02479518253992824
2030-07_2030-08,2030-07,TTF_M/HH_M,days_to_expiry,"(0, 30]",16,0.1732889705398729,0.06474196500267074
2030-07_2030-08,2030-07,TTF_M/HH_M,days_to_expiry,nan,4,,0.014269790435763386
2030-07_2030-08,2030-07,TTF_M/HH_M,month_pair,Jul/Aug,751,0.11087892722206444,1.0
2030-07_2030-08,2030-07,TTF_M/HH_M,pooled,all,751,0.11087892722206444,1.0
2030-07_2030-08,2030-07,TTF_M/Brent_M,year,2019,12,-0.20906600206439896,0.0012782795833930622
2030-07_2030-08,2030-07,TTF_M/Brent_M,year,2020,64,0.7061828583458944,0.022673267023585384
2030-07_2030-08,2030-07,TTF_M/Brent_M,year,2021,113,0.12083091179272488,0.05652835060515073
2030-07_2030-08,2030-07,TTF_M/Brent_M,year,2022,163,0.013709090010426486,0.47597217526535474
2030-07_2030-08,2030-07,TTF_M/Brent_M,year,2023,174,0.19646868362360484,0.20423819707819915
2030-07_2030-08,2030-07,TTF_M/Brent_M,year,2024,125,0.09341058683826872,0.07453868923862823
2030-07_2030-08,2030-07,TTF_M/Brent_M,year,2025,75,0.49170151170643234,0.06683718929384802
2030-07_2030-08,2030-07,TTF_M/Brent_M,year,2026,25,0.5109383740538068,0.09793385191184047
2030-07_2030-08,2030-07,TTF_M/Brent_M,days_to_expiry,"(1095, 1460]",147,0.2570710420073095,0.09419320567751176
2030-07_2030-08,2030-07,TTF_M/Brent_M,days_to_expiry,"(730, 1095]",200,0.16086968206193675,0.18110524098961928
2030-07_2030-08,2030-07,TTF_M/Brent_M,days_to_expiry,"(365, 730]",201,0.1500511157321084,0.2643659401041029
2030-07_2030-08,2030-07,TTF_M/Brent_M,days_to_expiry,"(180, 365]",103,-0.034370752341401835,0.21200883813898858
2030-07_2030-08,2030-07,TTF_M/Brent_M,days_to_expiry,"(90, 180]",48,0.3926545127345895,0.1313269256297562
2030-07_2030-08,2030-07,TTF_M/Brent_M,days_to_expiry,"(60, 90]",16,0.46962580001657644,0.026631422141508772
2030-07_2030-08,2030-07,TTF_M/Brent_M,days_to_expiry,"(30, 60]",16,0.32292550915977447,0.023225830904923063
2030-07_2030-08,2030-07,TTF_M/Brent_M,days_to_expiry,"(0, 30]",16,0.3028452811541817,0.057353256711714325
2030-07_2030-08,2030-07,TTF_M/Brent_M,days_to_expiry,nan,4,,0.009789339701874981
2030-07_2030-08,2030-07,TTF_M/Brent_M,month_pair,Jul/Aug,751,0.18594399597730932,1.0
2030-07_2030-08,2030-07,TTF_M/Brent_M,pooled,all,751,0.18594399597730932,1.0
2030-07_2030-08,2030-07,HH_M/Brent_M,year,2019,12,-0.4568740054146556,0.0010844079694221182
2030-07_2030-08,2030-07,HH_M/Brent_M,year,2020,64,0.07903684057105019,0.03439991717928861
2030-07_2030-08,2030-07,HH_M/Brent_M,year,2021,113,-0.05839561155319089,0.06729551142328677
2030-07_2030-08,2030-07,HH_M/Brent_M,year,2022,163,0.34437025364726015,0.3122406716165838
2030-07_2030-08,2030-07,HH_M/Brent_M,year,2023,174,0.1963103157577072,0.19272607581917117
2030-07_2030-08,2030-07,HH_M/Brent_M,year,2024,125,0.12436501872138375,0.13843539315045783
2030-07_2030-08,2030-07,HH_M/Brent_M,year,2025,75,0.4146605958037065,0.16737010114408218
2030-07_2030-08,2030-07,HH_M/Brent_M,year,2026,25,-0.09505499101617107,0.08644792169770737
2030-07_2030-08,2030-07,HH_M/Brent_M,days_to_expiry,"(1095, 1460]",147,0.07837950191225752,0.08963367526531933
2030-07_2030-08,2030-07,HH_M/Brent_M,days_to_expiry,"(730, 1095]",200,0.22182018073342397,0.1347039283290189
2030-07_2030-08,2030-07,HH_M/Brent_M,days_to_expiry,"(365, 730]",201,0.35809993441893195,0.2513002366435813
2030-07_2030-08,2030-07,HH_M/Brent_M,days_to_expiry,"(180, 365]",103,0.0527931616578339,0.15897072713928986
2030-07_2030-08,2030-07,HH_M/Brent_M,days_to_expiry,"(90, 180]",48,0.15385447870029328,0.16435394022177943
2030-07_2030-08,2030-07,HH_M/Brent_M,days_to_expiry,"(60, 90]",16,0.39985539419256333,0.04011450935574556
2030-07_2030-08,2030-07,HH_M/Brent_M,days_to_expiry,"(30, 60]",16,-0.13542263104296326,0.03750857937869293
2030-07_2030-08,2030-07,HH_M/Brent_M,days_to_expiry,"(0, 30]",16,0.3181117585046552,0.0827652937424147
2030-07_2030-08,2030-07,HH_M/Brent_M,days_to_expiry,nan,4,,0.04064910992415782
2030-07_2030-08,2030-07,HH_M/Brent_M,month_pair,Jul/Aug,751,0.21951368114400194,1.0
2030-07_2030-08,2030-07,HH_M/Brent_M,pooled,all,751,0.21951368114400194,1.0
2030-08_2030-09,2030-08,TTF_M/TTF_M1,year,2019,13,0.9905481599515473,0.000936559475750563
2030-08_2030-09,2030-08,TTF_M/TTF_M1,year,2020,64,0.9953987526807594,0.00966412113889283
2030-08_2030-09,2030-08,TTF_M/TTF_M1,year,2021,113,0.9910636618639213,0.03981189607735375
2030-08_2030-09,2030-08,TTF_M/TTF_M1,year,2022,163,0.9991422185311647,0.5375304505980327
2030-08_2030-09,2030-08,TTF_M/TTF_M1,year,2023,179,0.9969254952012213,0.2085699732082632
2030-08_2030-09,2030-08,TTF_M/TTF_M1,year,2024,129,0.9984497979384113,0.06439705897596579
2030-08_2030-09,2030-08,TTF_M/TTF_M1,year,2025,79,0.9994480972510433,0.06081782066879548
2030-08_2030-09,2030-08,TTF_M/TTF_M1,year,2026,29,0.9990395697319401,0.0782721198569455
2030-08_2030-09,2030-08,TTF_M/TTF_M1,days_to_expiry,"(1095, 1460]",165,0.9967952665136932,0.09124096925216231
2030-08_2030-09,2030-08,TTF_M/TTF_M1,days_to_expiry,"(730, 1095]",202,0.998635116429365,0.24630708340464855
2030-08_2030-09,2030-08,TTF_M/TTF_M1,days_to_expiry,"(365, 730]",199,0.9982098494701711,0.2753973791841703
2030-08_2030-09,2030-08,TTF_M/TTF_M1,days_to_expiry,"(180, 365]",103,0.9996834447117589,0.17672426474269556
2030-08_2030-09,2030-08,TTF_M/TTF_M1,days_to_expiry,"(90, 180]",48,0.9990367706528532,0.12060324313372568
2030-08_2030-09,2030-08,TTF_M/TTF_M1,days_to_expiry,"(60, 90]",16,0.9967265364127404,0.017146547631551316
2030-08_2030-09,2030-08,TTF_M/TTF_M1,days_to_expiry,"(30, 60]",17,0.997070262933282,0.039005934962775976
2030-08_2030-09,2030-08,TTF_M/TTF_M1,days_to_expiry,"(0, 30]",15,0.9978587216623237,0.03225970273815927
2030-08_2030-09,2030-08,TTF_M/TTF_M1,days_to_expiry,nan,4,,0.001314874950110991
2030-08_2030-09,2030-08,TTF_M/TTF_M1,month_pair,Aug/Sep,769,0.9983087488061521,1.0
2030-08_2030-09,2030-08,TTF_M/TTF_M1,pooled,all,769,0.9983087488061521,1.0
2030-08_2030-09,2030-08,HH_M/HH_M1,year,2019,13,0.999353525135819,0.0014441571043393947
2030-08_2030-09,2030-08,HH_M/HH_M1,year,2020,64,0.9955429147701876,0.004870793535334476
2030-08_2030-09,2030-08,HH_M/HH_M1,year,2021,113,0.9983746610684162,0.0391115464788015
2030-08_2030-09,2030-08,HH_M/HH_M1,year,2022,163,0.9997319424796152,0.33620432356806085
2030-08_2030-09,2030-08,HH_M/HH_M1,year,2023,179,0.9929646124709668,0.2216865143241991
2030-08_2030-09,2030-08,HH_M/HH_M1,year,2024,129,0.993380937142493,0.17219205996196021
2030-08_2030-09,2030-08,HH_M/HH_M1,year,2025,79,0.9991561510284742,0.16702575240068016
2030-08_2030-09,2030-08,HH_M/HH_M1,year,2026,29,0.9963231690223695,0.057464852626624346
2030-08_2030-09,2030-08,HH_M/HH_M1,days_to_expiry,"(1095, 1460]",165,0.9993417782403884,0.07825244941306822
2030-08_2030-09,2030-08,HH_M/HH_M1,days_to_expiry,"(730, 1095]",202,0.9984433006723938,0.1185362772971126
2030-08_2030-09,2030-08,HH_M/HH_M1,days_to_expiry,"(365, 730]",199,0.9993805523394118,0.23904397906355815
2030-08_2030-09,2030-08,HH_M/HH_M1,days_to_expiry,"(180, 365]",103,0.9995758919314918,0.22218058189999446
2030-08_2030-09,2030-08,HH_M/HH_M1,days_to_expiry,"(90, 180]",48,0.9993238335178732,0.14035491223131985
2030-08_2030-09,2030-08,HH_M/HH_M1,days_to_expiry,"(60, 90]",16,0.9973648260953654,0.04841023899042573
2030-08_2030-09,2030-08,HH_M/HH_M1,days_to_expiry,"(30, 60]",17,0.9985416431661172,0.07234755299690919
2030-08_2030-09,2030-08,HH_M/HH_M1,days_to_expiry,"(0, 30]",15,0.9956844401382668,0.049399327657613075
2030-08_2030-09,2030-08,HH_M/HH_M1,days_to_expiry,nan,4,,0.031474680449998814
2030-08_2030-09,2030-08,HH_M/HH_M1,month_pair,Aug/Sep,769,0.9965345055798597,1.0
2030-08_2030-09,2030-08,HH_M/HH_M1,pooled,all,769,0.9965345055798597,1.0
2030-08_2030-09,2030-08,Brent_M/Brent_M1,year,2019,13,0.9990522413106327,0.0006999855440822236
2030-08_2030-09,2030-08,Brent_M/Brent_M1,year,2020,64,0.9998944677758467,0.07552219310757517
2030-08_2030-09,2030-08,Brent_M/Brent_M1,year,2021,113,0.9998292337443067,0.1484787497350053
2030-08_2030-09,2030-08,Brent_M/Brent_M1,year,2022,163,0.9998035355483159,0.28854362344739315
2030-08_2030-09,2030-08,Brent_M/Brent_M1,year,2023,179,0.9997169988374222,0.18380023501978307
2030-08_2030-09,2030-08,Brent_M/Brent_M1,year,2024,129,0.9998299060256833,0.08150463124202663
2030-08_2030-09,2030-08,Brent_M/Brent_M1,year,2025,79,0.9996449503688455,0.11136262123444812
2030-08_2030-09,2030-08,Brent_M/Brent_M1,year,2026,29,0.9954792470801661,0.1100879606696864
2030-08_2030-09,2030-08,Brent_M/Brent_M1,days_to_expiry,"(1095, 1460]",165,0.9997948990129051,0.16690676480346556
2030-08_2030-09,2030-08,Brent_M/Brent_M1,days_to_expiry,"(730, 1095]",202,0.9997716534556019,0.1843469092446963
2030-08_2030-09,2030-08,Brent_M/Brent_M1,days_to_expiry,"(365, 730]",199,0.9998514392798713,0.2616352882445404
2030-08_2030-09,2030-08,Brent_M/Brent_M1,days_to_expiry,"(180, 365]",103,0.9998344014332883,0.13974508388279866
2030-08_2030-09,2030-08,Brent_M/Brent_M1,days_to_expiry,"(90, 180]",48,0.9981988214335749,0.13374949806567654
2030-08_2030-09,2030-08,Brent_M/Brent_M1,days_to_expiry,"(60, 90]",16,0.994564264957764,0.018737932968438484
2030-08_2030-09,2030-08,Brent_M/Brent_M1,days_to_expiry,"(30, 60]",17,0.9991342351081657,0.047467642836580025
2030-08_2030-09,2030-08,Brent_M/Brent_M1,days_to_expiry,"(0, 30]",15,0.9957932778638487,0.03763836645126686
2030-08_2030-09,2030-08,Brent_M/Brent_M1,days_to_expiry,nan,4,,0.009772513502537277
2030-08_2030-09,2030-08,Brent_M/Brent_M1,month_pair,Aug/Sep,769,0.9990665613144306,1.0
2030-08_2030-09,2030-08,Brent_M/Brent_M1,pooled,all,769,0.9990665613144306,1.0
2030-08_2030-09,2030-08,TTF_M/HH_M,year,2019,13,0.0034026750865532923,0.001112757803529538
2030-08_2030-09,2030-08,TTF_M/HH_M,year,2020,64,-0.11245200643119879,0.008848967545593738
2030-08_2030-09,2030-08,TTF_M/HH_M,year,2021,113,0.24478215610663115,0.03987060309282908
2030-08_2030-09,2030-08,TTF_M/HH_M,year,2022,163,0.04795109802946095,0.49478832201617334
2030-08_2030-09,2030-08,TTF_M/HH_M,year,2023,179,0.03926812402208336,0.21329829703099146
2030-08_2030-09,2030-08,TTF_M/HH_M,year,2024,129,0.2302557287873089,0.08653737424959923
2030-08_2030-09,2030-08,TTF_M/HH_M,year,2025,79,0.2197952556768278,0.0806036477388141
2030-08_2030-09,2030-08,TTF_M/HH_M,year,2026,29,0.28130513527710693,0.07494003052246972
2030-08_2030-09,2030-08,TTF_M/HH_M,days_to_expiry,"(1095, 1460]",165,0.1691572177595015,0.08893958821949506
2030-08_2030-09,2030-08,TTF_M/HH_M,days_to_expiry,"(730, 1095]",202,-0.02586308007248085,0.22050794024989484
2030-08_2030-09,2030-08,TTF_M/HH_M,days_to_expiry,"(365, 730]",199,0.060379600634992585,0.26575065375198725
2030-08_2030-09,2030-08,TTF_M/HH_M,days_to_expiry,"(180, 365]",103,0.2566289854018687,0.1831759214211991
2030-08_2030-09,2030-08,TTF_M/HH_M,days_to_expiry,"(90, 180]",48,0.015796680301955638,0.12496079239019715
2030-08_2030-09,2030-08,TTF_M/HH_M,days_to_expiry,"(60, 90]",16,0.3433933439626326,0.023331277024991423
2030-08_2030-09,2030-08,TTF_M/HH_M,days_to_expiry,"(30, 60]",17,0.22358667200106833,0.04793655093834807
2030-08_2030-09,2030-08,TTF_M/HH_M,days_to_expiry,"(0, 30]",15,0.3313868337642707,0.03639255368405737
2030-08_2030-09,2030-08,TTF_M/HH_M,days_to_expiry,nan,4,,0.00900472231982991
2030-08_2030-09,2030-08,TTF_M/HH_M,month_pair,Aug/Sep,769,0.11598780526048222,1.0
2030-08_2030-09,2030-08,TTF_M/HH_M,pooled,all,769,0.11598780526048222,1.0
2030-08_2030-09,2030-08,TTF_M/Brent_M,year,2019,13,-0.16004648067311847,0.0009960714464278294
2030-08_2030-09,2030-08,TTF_M/Brent_M,year,2020,64,0.6904873770636258,0.018607275616453145
2030-08_2030-09,2030-08,TTF_M/Brent_M,year,2021,113,0.19997731566088875,0.05461902452445282
2030-08_2030-09,2030-08,TTF_M/Brent_M,year,2022,163,0.10125763096976496,0.5002839031288796
2030-08_2030-09,2030-08,TTF_M/Brent_M,year,2023,179,0.14887925779199973,0.20753984611410842
2030-08_2030-09,2030-08,TTF_M/Brent_M,year,2024,129,-0.012903879989386474,0.06670315139936725
2030-08_2030-09,2030-08,TTF_M/Brent_M,year,2025,79,0.5428279061934247,0.06727047454560281
2030-08_2030-09,2030-08,TTF_M/Brent_M,year,2026,29,0.7017459603709664,0.08398025322470817
2030-08_2030-09,2030-08,TTF_M/Brent_M,days_to_expiry,"(1095, 1460]",165,0.35857959559378605,0.10169530246370435
2030-08_2030-09,2030-08,TTF_M/Brent_M,days_to_expiry,"(730, 1095]",202,0.11882690029139216,0.2366599406406894
2030-08_2030-09,2030-08,TTF_M/Brent_M,days_to_expiry,"(365, 730]",199,0.09747640125502084,0.2716802478632772
2030-08_2030-09,2030-08,TTF_M/Brent_M,days_to_expiry,"(180, 365]",103,0.1598874132044177,0.1702718615138079
2030-08_2030-09,2030-08,TTF_M/Brent_M,days_to_expiry,"(90, 180]",48,0.5061297901669243,0.12320361724675612
2030-08_2030-09,2030-08,TTF_M/Brent_M,days_to_expiry,"(60, 90]",16,0.5069090345426921,0.01751877775413804
2030-08_2030-09,2030-08,TTF_M/Brent_M,days_to_expiry,"(30, 60]",17,0.27159348324762794,0.042645977247721824
2030-08_2030-09,2030-08,TTF_M/Brent_M,days_to_expiry,"(0, 30]",15,0.42116995971507554,0.033828547565936694
2030-08_2030-09,2030-08,TTF_M/Brent_M,days_to_expiry,nan,4,,0.0024957277039685507
2030-08_2030-09,2030-08,TTF_M/Brent_M,month_pair,Aug/Sep,769,0.221362288496594,1.0
2030-08_2030-09,2030-08,TTF_M/Brent_M,pooled,all,769,0.221362288496594,1.0
2030-08_2030-09,2030-08,HH_M/Brent_M,year,2019,13,-0.4806970677566508,0.001121538945431429
2030-08_2030-09,2030-08,HH_M/Brent_M,year,2020,64,0.09517133033197589,0.03264681883799651
2030-08_2030-09,2030-08,HH_M/Brent_M,year,2021,113,0.050102092603337596,0.08113427046548305
2030-08_2030-09,2030-08,HH_M/Brent_M,year,2022,163,0.2875333313115148,0.311381174430692
2030-08_2030-09,2030-08,HH_M/Brent_M,year,2023,179,0.21893144222742605,0.20632562299966972
2030-08_2030-09,2030-08,HH_M/Brent_M,year,2024,129,0.03567101982853991,0.1406131337315991
2030-08_2030-09,2030-08,HH_M/Brent_M,year,2025,79,0.08135992304712236,0.1450287204034672
2030-08_2030-09,2030-08,HH_M/Brent_M,year,2026,29,0.10034008695546745,0.08174872018566087
2030-08_2030-09,2030-08,HH_M/Brent_M,days_to_expiry,"(1095, 1460]",165,0.17592058860423404,0.11180130066320769
2030-08_2030-09,2030-08,HH_M/Brent_M,days_to_expiry,"(730, 1095]",202,0.303993967506733,0.14224796018790975
2030-08_2030-09,2030-08,HH_M/Brent_M,days_to_expiry,"(365, 730]",199,0.28119135137625595,0.24344958641355463
2030-08_2030-09,2030-08,HH_M/Brent_M,days_to_expiry,"(180, 365]",103,0.08541627023452342,0.18581896309503712
2030-08_2030-09,2030-08,HH_M/Brent_M,days_to_expiry,"(90, 180]",48,0.19468124376765222,0.13822174594382244
2030-08_2030-09,2030-08,HH_M/Brent_M,days_to_expiry,"(60, 90]",16,0.05043513728151068,0.03763480052886196
2030-08_2030-09,2030-08,HH_M/Brent_M,days_to_expiry,"(30, 60]",17,0.025939639467770406,0.06465885902623912
2030-08_2030-09,2030-08,HH_M/Brent_M,days_to_expiry,"(0, 30]",15,-0.2028486048508056,0.0471704559568193
2030-08_2030-09,2030-08,HH_M/Brent_M,days_to_expiry,nan,4,,0.02899632818454788
2030-08_2030-09,2030-08,HH_M/Brent_M,month_pair,Aug/Sep,769,0.1620392124234891,1.0
2030-08_2030-09,2030-08,HH_M/Brent_M,pooled,all,769,0.1620392124234891,1.0
2030-09_2030-10,2030-09,TTF_M/TTF_M1,year,2019,12,0.9607748478207179,0.0008128997632709734
2030-09_2030-10,2030-09,TTF_M/TTF_M1,year,2020,64,0.976746317218788,0.01073697202228666
2030-09_2030-10,2030-09,TTF_M/TTF_M1,year,2021,114,0.9287019059922866,0.03031456809897208
2030-09_2030-10,2030-09,TTF_M/TTF_M1,year,2022,164,0.9867352723914047,0.49105020850744524
2030-09_2030-10,2030-09,TTF_M/TTF_M1,year,2023,182,0.9799005100080361,0.23230994283512035
2030-09_2030-10,2030-09,TTF_M/TTF_M1,year,2024,134,0.9942834516031297,0.07189387249191141
2030-09_2030-10,2030-09,TTF_M/TTF_M1,year,2025,83,0.9968906190711274,0.05572194388243761
2030-09_2030-10,2030-09,TTF_M/TTF_M1,year,2026,33,0.9996752348380805,0.10715959239855562
2030-09_2030-10,2030-09,TTF_M/TTF_M1,days_to_expiry,"(1095, 1460]",182,0.9610697230952544,0.1581884225859974
2030-09_2030-10,2030-09,TTF_M/TTF_M1,days_to_expiry,"(730, 1095]",200,0.9841545285569112,0.19778943588256107
2030-09_2030-10,2030-09,TTF_M/TTF_M1,days_to_expiry,"(365, 730]",201,0.9931239593854011,0.27198279526179664
2030-09_2030-10,2030-09,TTF_M/TTF_M1,days_to_expiry,"(180, 365]",103,0.9960776413928265,0.1396698586376223
2030-09_2030-10,2030-09,TTF_M/TTF_M1,days_to_expiry,"(90, 180]",48,0.9987967783880451,0.1296873530542412
2030-09_2030-10,2030-09,TTF_M/TTF_M1,days_to_expiry,"(60, 90]",16,0.9902750490790456,0.024397327776009798
2030-09_2030-10,2030-09,TTF_M/TTF_M1,days_to_expiry,"(30, 60]",16,0.9746086344981579,0.027019096857786036
2030-09_2030-10,2030-09,TTF_M/TTF_M1,days_to_expiry,"(0, 30]",16,0.9817078377974345,0.0388761529868407
2030-09_2030-10,2030-09,TTF_M/TTF_M1,days_to_expiry,nan,4,,0.012389556957144955
2030-09_2030-10,2030-09,TTF_M/TTF_M1,month_pair,Sep/Oct,786,0.9859852995954997,1.0
2030-09_2030-10,2030-09,TTF_M/TTF_M1,pooled,all,786,0.9859852995954997,1.0
2030-09_2030-10,2030-09,HH_M/HH_M1,year,2019,12,0.9977624299775713,0.0006368737728870534
2030-09_2030-10,2030-09,HH_M/HH_M1,year,2020,64,0.9978057509319586,0.009445638124925628
2030-09_2030-10,2030-09,HH_M/HH_M1,year,2021,114,0.9967486687086264,0.02906329833895812
2030-09_2030-10,2030-09,HH_M/HH_M1,year,2022,164,0.9996865519993816,0.3512368386476492
2030-09_2030-10,2030-09,HH_M/HH_M1,year,2023,182,0.9967924260189919,0.24904931741001327
2030-09_2030-10,2030-09,HH_M/HH_M1,year,2024,134,0.9963076412311195,0.12596775303451585
2030-09_2030-10,2030-09,HH_M/HH_M1,year,2025,83,0.9974426676092629,0.15890525351844423
2030-09_2030-10,2030-09,HH_M/HH_M1,year,2026,33,0.9983035072732158,0.07569502715260669
2030-09_2030-10,2030-09,HH_M/HH_M1,days_to_expiry,"(1095, 1460]",182,0.9987447907847516,0.08166817595864334
2030-09_2030-10,2030-09,HH_M/HH_M1,days_to_expiry,"(730, 1095]",200,0.9982189609766817,0.11717477311701502
2030-09_2030-10,2030-09,HH_M/HH_M1,days_to_expiry,"(365, 730]",201,0.9992812865958052,0.23688981637296108
2030-09_2030-10,2030-09,HH_M/HH_M1,days_to_expiry,"(180, 365]",103,0.9994667954710412,0.270990178625588
2030-09_2030-10,2030-09,HH_M/HH_M1,days_to_expiry,"(90, 180]",48,0.9976582005242495,0.13469321181805408
2030-09_2030-10,2030-09,HH_M/HH_M1,days_to_expiry,"(60, 90]",16,0.997284024305425,0.037020706886858
2030-09_2030-10,2030-09,HH_M/HH_M1,days_to_expiry,"(30, 60]",16,0.9967742090747783,0.07581101413626566
2030-09_2030-10,2030-09,HH_M/HH_M1,days_to_expiry,"(0, 30]",16,0.9901649939352998,0.030996655341311272
2030-09_2030-10,2030-09,HH_M/HH_M1,days_to_expiry,nan,4,,0.014755467743303718
2030-09_2030-10,2030-09,HH_M/HH_M1,month_pair,Sep/Oct,786,0.9976516433462909,1.0
2030-09_2030-10,2030-09,HH_M/HH_M1,pooled,all,786,0.9976516433462909,1.0
2030-09_2030-10,2030-09,Brent_M/Brent_M1,year,2019,12,0.9983799811561074,0.000683558515992812
2030-09_2030-10,2030-09,Brent_M/Brent_M1,year,2020,64,0.99986594766612,0.08404837342089022
2030-09_2030-10,2030-09,Brent_M/Brent_M1,year,2021,114,0.9997643274740398,0.10969676491096292
2030-09_2030-10,2030-09,Brent_M/Brent_M1,year,2022,164,0.9996084905498391,0.2266526107313632
2030-09_2030-10,2030-09,Brent_M/Brent_M1,year,2023,182,0.9997807411618912,0.19670076407929296
2030-09_2030-10,2030-09,Brent_M/Brent_M1,year,2024,134,0.9997091023707604,0.10354007900947455
2030-09_2030-10,2030-09,Brent_M/Brent_M1,year,2025,83,0.9996791768505686,0.12504988852078586
2030-09_2030-10,2030-09,Brent_M/Brent_M1,year,2026,33,0.9976471376977134,0.15362796081123745
2030-09_2030-10,2030-09,Brent_M/Brent_M1,days_to_expiry,"(1095, 1460]",182,0.9996524095493338,0.15466826864422747
2030-09_2030-10,2030-09,Brent_M/Brent_M1,days_to_expiry,"(730, 1095]",200,0.999645864343671,0.16133632848435459
2030-09_2030-10,2030-09,Brent_M/Brent_M1,days_to_expiry,"(365, 730]",201,0.9998324723504081,0.24625200803830785
2030-09_2030-10,2030-09,Brent_M/Brent_M1,days_to_expiry,"(180, 365]",103,0.9998319689686376,0.1532445506508807
2030-09_2030-10,2030-09,Brent_M/Brent_M1,days_to_expiry,"(90, 180]",48,0.9990316620467183,0.15077165703593778
2030-09_2030-10,2030-09,Brent_M/Brent_M1,days_to_expiry,"(60, 90]",16,0.9993797501757092,0.05005302418187873
2030-09_2030-10,2030-09,Brent_M/Brent_M1,days_to_expiry,"(30, 60]",16,0.9940877175990722,0.03621183197246746
2030-09_2030-10,2030-09,Brent_M/Brent_M1,days_to_expiry,"(0, 30]",16,0.9989281813088366,0.04385038608185341
2030-09_2030-10,2030-09,Brent_M/Brent_M1,days_to_expiry,nan,4,,0.0036119449100919677
2030-09_2030-10,2030-09,Brent_M/Brent_M1,month_pair,Sep/Oct,786,0.9990864063057358,1.0
2030-09_2030-10,2030-09,Brent_M/Brent_M1,pooled,all,786,0.9990864063057358,1.0
2030-09_2030-10,2030-09,TTF_M/HH_M,year,2019,12,0.6098829468320828,0.0007501845909358802
2030-09_2030-10,2030-09,TTF_M/HH_M,year,2020,64,0.06020294884350389,0.010356671345284443
2030-09_2030-10,2030-09,TTF_M/HH_M,year,2021,114,0.022842187478041183,0.029305356919802263
2030-09_2030-10,2030-09,TTF_M/HH_M,year,2022,164,0.3035309505567401,0.4488597152624135
2030-09_2030-10,2030-09,TTF_M/HH_M,year,2023,182,0.13412123414877125,0.24395715608593704
2030-09_2030-10,2030-09,TTF_M/HH_M,year,2024,134,0.23597176101645762,0.08769003068903519
2030-09_2030-10,2030-09,TTF_M/HH_M,year,2025,83,0.10329815276083597,0.07989342127061365
2030-09_2030-10,2030-09,TTF_M/HH_M,year,2026,33,0.4043815607291706,0.09918746383597792
2030-09_2030-10,2030-09,TTF_M/HH_M,days_to_expiry,"(1095, 1460]",182,0.2084898926414813,0.1360036143274708
2030-09_2030-10,2030-09,TTF_M/HH_M,days_to_expiry,"(730, 1095]",200,0.1847255570668788,0.17773754527290056
2030-09_2030-10,2030-09,TTF_M/HH_M,days_to_expiry,"(365, 730]",201,0.19232231596435106,0.2595589909149425
2030-09_2030-10,2030-09,TTF_M/HH_M,days_to_expiry,"(180, 365]",103,0.37645711649771235,0.17074237442150605
2030-09_2030-10,2030-09,TTF_M/HH_M,days_to_expiry,"(90, 180]",48,0.2493325743392784,0.13158011232934866
2030-09_2030-10,2030-09,TTF_M/HH_M,days_to_expiry,"(60, 90]",16,0.24933785754884683,0.030104560628596403
2030-09_2030-10,2030-09,TTF_M/HH_M,days_to_expiry,"(30, 60]",16,0.27745256225353476,0.04095850119948013
2030-09_2030-10,2030-09,TTF_M/HH_M,days_to_expiry,"(0, 30]",16,0.3774963469695742,0.040603029921441644
2030-09_2030-10,2030-09,TTF_M/HH_M,days_to_expiry,nan,4,,0.012711270984313145
2030-09_2030-10,2030-09,TTF_M/HH_M,month_pair,Sep/Oct,786,0.23709098814379492,1.0
2030-09_2030-10,2030-09,TTF_M/HH_M,pooled,all,786,0.23709098814379492,1.0
2030-09_2030-10,2030-09,TTF_M/Brent_M,year,2019,12,0.7206784951636228,0.0007688563316285494
2030-09_2030-10,2030-09,TTF_M/Brent_M,year,2020,64,0.5935604170216322,0.021455695544587906
2030-09_2030-10,2030-09,TTF_M/Brent_M,year,2021,114,0.1634368528550757,0.04130283593921202
2030-09_2030-10,2030-09,TTF_M/Brent_M,year,2022,164,0.1348325608236055,0.4425505093658973
2030-09_2030-10,2030-09,TTF_M/Brent_M,year,2023,182,0.038511665280738704,0.2342702338281132
2030-09_2030-10,2030-09,TTF_M/Brent_M,year,2024,134,0.008650911813032125,0.07844306180347303
2030-09_2030-10,2030-09,TTF_M/Brent_M,year,2025,83,0.49495846153661466,0.06632413265324952
2030-09_2030-10,2030-09,TTF_M/Brent_M,year,2026,33,0.60932927089709,0.11488467453383829
2030-09_2030-10,2030-09,TTF_M/Brent_M,days_to_expiry,"(1095, 1460]",182,0.17132296156773594,0.15288197772445297
2030-09_2030-10,2030-09,TTF_M/Brent_M,days_to_expiry,"(730, 1095]",200,0.26313217243008624,0.1912571327782032
2030-09_2030-10,2030-09,TTF_M/Brent_M,days_to_expiry,"(365, 730]",201,0.17227915919042436,0.26453893149801055
2030-09_2030-10,2030-09,TTF_M/Brent_M,days_to_expiry,"(180, 365]",103,-0.10476011222727945,0.14267379415303721
2030-09_2030-10,2030-09,TTF_M/Brent_M,days_to_expiry,"(90, 180]",48,0.4707318230061054,0.13321783934681206
2030-09_2030-10,2030-09,TTF_M/Brent_M,days_to_expiry,"(60, 90]",16,0.431823891168886,0.030584548495800324
2030-09_2030-10,2030-09,TTF_M/Brent_M,days_to_expiry,"(30, 60]",16,0.3928740208486322,0.031113139524313816
2030-09_2030-10,2030-09,TTF_M/Brent_M,days_to_expiry,"(0, 30]",16,0.2783931507258897,0.04350906732034547
2030-09_2030-10,2030-09,TTF_M/Brent_M,days_to_expiry,nan,4,,0.01022356915902426
2030-09_2030-10,2030-09,TTF_M/Brent_M,month_pair,Sep/Oct,786,0.21100484163214012,1.0
2030-09_2030-10,2030-09,TTF_M/Brent_M,pooled,all,786,0.21100484163214012,1.0
2030-09_2030-10,2030-09,HH_M/Brent_M,year,2019,12,0.4842077894093992,0.0006465723595532769
2030-09_2030-10,2030-09,HH_M/Brent_M,year,2020,64,0.12416897706985285,0.036022826741732544
2030-09_2030-10,2030-09,HH_M/Brent_M,year,2021,114,0.15989316388828315,0.05733482560333724
2030-09_2030-10,2030-09,HH_M/Brent_M,year,2022,164,0.4393133985816754,0.2990056475160094
2030-09_2030-10,2030-09,HH_M/Brent_M,year,2023,182,0.21842780156011798,0.23164218335727446
2030-09_2030-10,2030-09,HH_M/Brent_M,year,2024,134,0.008413838469074272,0.12155156832161937
2030-09_2030-10,2030-09,HH_M/Brent_M,year,2025,83,0.018844657326446995,0.14676707247603277
2030-09_2030-10,2030-09,HH_M/Brent_M,year,2026,33,0.15438906200004882,0.10702930362444096
2030-09_2030-10,2030-09,HH_M/Brent_M,days_to_expiry,"(1095, 1460]",182,0.18378640614822928,0.10601893293409657
2030-09_2030-10,2030-09,HH_M/Brent_M,days_to_expiry,"(730, 1095]",200,0.31045728285107255,0.13089540238976785
2030-09_2030-10,2030-09,HH_M/Brent_M,days_to_expiry,"(365, 730]",201,0.3267876974723281,0.23599916051312708
2030-09_2030-10,2030-09,HH_M/Brent_M,days_to_expiry,"(180, 365]",103,0.21740230283830653,0.22572996546141447
2030-09_2030-10,2030-09,HH_M/Brent_M,days_to_expiry,"(90, 180]",48,0.12863159448152117,0.1433870620987137
2030-09_2030-10,2030-09,HH_M/Brent_M,days_to_expiry,"(60, 90]",16,0.23404845333391536,0.04442667385176187
2030-09_2030-10,2030-09,HH_M/Brent_M,days_to_expiry,"(30, 60]",16,0.03672588194996699,0.06412380228164759
2030-09_2030-10,2030-09,HH_M/Brent_M,days_to_expiry,"(0, 30]",16,0.22042216932137199,0.037021459099138676
2030-09_2030-10,2030-09,HH_M/Brent_M,days_to_expiry,nan,4,,0.01239754137033219
2030-09_2030-10,2030-09,HH_M/Brent_M,month_pair,Sep/Oct,786,0.20506568975875283,1.0
2030-09_2030-10,2030-09,HH_M/Brent_M,pooled,all,786,0.20506568975875283,1.0
2030-10_2030-11,2030-10,TTF_M/TTF_M1,year,2018,12,0.9961720723431247,0.001511040955675185
2030-10_2030-11,2030-10,TTF_M/TTF_M1,year,2019,62,0.9952604997938342,0.0058799934466338905
2030-10_2030-11,2030-10,TTF_M/TTF_M1,year,2020,115,0.9969817546831304,0.017983538581108464
2030-10_2030-11,2030-10,TTF_M/TTF_M1,year,2021,163,0.9979419066687921,0.10955261339056771
2030-10_2030-11,2030-10,TTF_M/TTF_M1,year,2022,190,0.9977670093946991,0.6367842090647825
2030-10_2030-11,2030-10,TTF_M/TTF_M1,year,2023,136,0.971575819368247,0.14876339416568704
2030-10_2030-11,2030-10,TTF_M/TTF_M1,year,2024,88,0.9949224228151188,0.05339854981411214
2030-10_2030-11,2030-10,TTF_M/TTF_M1,year,2025,37,0.9555693536292192,0.026126660581432926
2030-10_2030-11,2030-10,TTF_M/TTF_M1,days_to_expiry,"(1095, 1460]",198,0.9975060365486509,0.10916286654213118
2030-10_2030-11,2030-10,TTF_M/TTF_M1,days_to_expiry,"(730, 1095]",201,0.9986552109303674,0.1731328445512278
2030-10_2030-11,2030-10,TTF_M/TTF_M1,days_to_expiry,"(365, 730]",201,0.9973879214172789,0.20202636326086906
2030-10_2030-11,2030-10,TTF_M/TTF_M1,days_to_expiry,"(180, 365]",103,0.9961146146482043,0.34604788153003246
2030-10_2030-11,2030-10,TTF_M/TTF_M1,days_to_expiry,"(90, 180]",48,0.9832742314368423,0.061942362060090794
2030-10_2030-11,2030-10,TTF_M/TTF_M1,days_to_expiry,"(60, 90]",16,0.9824789821208022,0.033438948316064525
2030-10_2030-11,2030-10,TTF_M/TTF_M1,days_to_expiry,"(30, 60]",16,0.9790595553596788,0.034196430685099526
2030-10_2030-11,2030-10,TTF_M/TTF_M1,days_to_expiry,"(0, 30]",16,0.9451159144481491,0.0347704008549588
2030-10_2030-11,2030-10,TTF_M/TTF_M1,days_to_expiry,nan,4,,0.005281902199525788
2030-10_2030-11,2030-10,TTF_M/TTF_M1,month_pair,Oct/Nov,803,0.9917812123979979,1.0
2030-10_2030-11,2030-10,TTF_M/TTF_M1,pooled,all,803,0.9917812123979979,1.0
2030-10_2030-11,2030-10,HH_M/HH_M1,year,2018,12,0.9986093147584844,0.0006485345400903635
2030-10_2030-11,2030-10,HH_M/HH_M1,year,2019,62,0.9975464441461245,0.0034509993876033697
2030-10_2030-11,2030-10,HH_M/HH_M1,year,2020,115,0.9927860369642578,0.014609036410118154
2030-10_2030-11,2030-10,HH_M/HH_M1,year,2021,163,0.9941400307597156,0.06124137892821442
2030-10_2030-11,2030-10,HH_M/HH_M1,year,2022,190,0.9982831394898612,0.6115125751709567
2030-10_2030-11,2030-10,HH_M/HH_M1,year,2023,136,0.9647910667567844,0.14796176851200502
2030-10_2030-11,2030-10,HH_M/HH_M1,year,2024,88,0.9694274956219553,0.07590437612741999
2030-10_2030-11,2030-10,HH_M/HH_M1,year,2025,37,0.9873438132226353,0.08467133092359189
2030-10_2030-11,2030-10,HH_M/HH_M1,days_to_expiry,"(1095, 1460]",198,0.9980811563292489,0.06055620130020601
2030-10_2030-11,2030-10,HH_M/HH_M1,days_to_expiry,"(730, 1095]",201,0.9921602607164922,0.07540050315624491
2030-10_2030-11,2030-10,HH_M/HH_M1,days_to_expiry,"(365, 730]",201,0.992639573022251,0.19574053963503468
2030-10_2030-11,2030-10,HH_M/HH_M1,days_to_expiry,"(180, 365]",103,0.9895930934281493,0.2112381866334613
2030-10_2030-11,2030-10,HH_M/HH_M1,days_to_expiry,"(90, 180]",48,0.9894434115443097,0.21157838591369738
2030-10_2030-11,2030-10,HH_M/HH_M1,days_to_expiry,"(60, 90]",16,0.9913437863987519,0.11467155915447594
2030-10_2030-11,2030-10,HH_M/HH_M1,days_to_expiry,"(30, 60]",16,0.9761523048699928,0.050972585408574564
2030-10_2030-11,2030-10,HH_M/HH_M1,days_to_expiry,"(0, 30]",16,0.958893174868663,0.06400972210656368
2030-10_2030-11,2030-10,HH_M/HH_M1,days_to_expiry,nan,4,,0.015832316691741437
2030-10_2030-11,2030-10,HH_M/HH_M1,month_pair,Oct/Nov,803,0.9867074652906153,1.0
2030-10_2030-11,2030-10,HH_M/HH_M1,pooled,all,803,0.9867074652906153,1.0
2030-10_2030-11,2030-10,Brent_M/Brent_M1,year,2018,12,0.9996580476511711,0.011912348830621918
2030-10_2030-11,2030-10,Brent_M/Brent_M1,year,2019,62,0.999783442874081,0.016951865077928622
2030-10_2030-11,2030-10,Brent_M/Brent_M1,year,2020,115,0.9998105566921244,0.1618368896742735
2030-10_2030-11,2030-10,Brent_M/Brent_M1,year,2021,163,0.9998147399151243,0.15355336487477822
2030-10_2030-11,2030-10,Brent_M/Brent_M1,year,2022,190,0.9992562253436197,0.3377224828685224
2030-10_2030-11,2030-10,Brent_M/Brent_M1,year,2023,136,0.9995300183140992,0.158018093763119
2030-10_2030-11,2030-10,Brent_M/Brent_M1,year,2024,88,0.9997230345186837,0.08249335657516836
2030-10_2030-11,2030-10,Brent_M/Brent_M1,year,2025,37,0.9998323902229705,0.0775115983355879
2030-10_2030-11,2030-10,Brent_M/Brent_M1,days_to_expiry,"(1095, 1460]",198,0.9998298232523275,0.1651866215714479
2030-10_2030-11,2030-10,Brent_M/Brent_M1,days_to_expiry,"(730, 1095]",201,0.9997369533655828,0.19614133392452174
2030-10_2030-11,2030-10,Brent_M/Brent_M1,days_to_expiry,"(365, 730]",201,0.9998330348865703,0.23337985828945781
2030-10_2030-11,2030-10,Brent_M/Brent_M1,days_to_expiry,"(180, 365]",103,0.99971847236356,0.1862875283420608
2030-10_2030-11,2030-10,Brent_M/Brent_M1,days_to_expiry,"(90, 180]",48,0.9994416164366476,0.11622534779682195
2030-10_2030-11,2030-10,Brent_M/Brent_M1,days_to_expiry,"(60, 90]",16,0.9983170155596491,0.032236172160822994
2030-10_2030-11,2030-10,Brent_M/Brent_M1,days_to_expiry,"(30, 60]",16,0.9989533268423282,0.025628399443747528
2030-10_2030-11,2030-10,Brent_M/Brent_M1,days_to_expiry,"(0, 30]",16,0.9993839807844113,0.039107541447118054
2030-10_2030-11,2030-10,Brent_M/Brent_M1,days_to_expiry,nan,4,,0.005807197024001319
2030-10_2030-11,2030-10,Brent_M/Brent_M1,month_pair,Oct/Nov,803,0.9995372882216979,1.0
2030-10_2030-11,2030-10,Brent_M/Brent_M1,pooled,all,803,0.9995372882216979,1.0
2030-10_2030-11,2030-10,TTF_M/HH_M,year,2018,12,0.016925412769505186,0.0012851130870181343
2030-10_2030-11,2030-10,TTF_M/HH_M,year,2019,62,0.12541401630414548,0.0051417913966993484
2030-10_2030-11,2030-10,TTF_M/HH_M,year,2020,115,0.12764979028858883,0.01699512585440115
2030-10_2030-11,2030-10,TTF_M/HH_M,year,2021,163,0.07159945931836283,0.09507829746289444
2030-10_2030-11,2030-10,TTF_M/HH_M,year,2022,190,0.14665794727463932,0.6131436746052215
2030-10_2030-11,2030-10,TTF_M/HH_M,year,2023,136,0.18765014474351116,0.16293427850374104
2030-10_2030-11,2030-10,TTF_M/HH_M,year,2024,88,0.2914420455777878,0.06381160625026612
2030-10_2030-11,2030-10,TTF_M/HH_M,year,2025,37,0.08488487693120444,0.04161011283975823
2030-10_2030-11,2030-10,TTF_M/HH_M,days_to_expiry,"(1095, 1460]",198,0.18741317996787804,0.09425448420156346
2030-10_2030-11,2030-10,TTF_M/HH_M,days_to_expiry,"(730, 1095]",201,0.2725284970459205,0.14541871426814237
2030-10_2030-11,2030-10,TTF_M/HH_M,days_to_expiry,"(365, 730]",201,0.20610368665093523,0.1981662328173806
2030-10_2030-11,2030-10,TTF_M/HH_M,days_to_expiry,"(180, 365]",103,0.20803631441278733,0.3102465564823406
2030-10_2030-11,2030-10,TTF_M/HH_M,days_to_expiry,"(90, 180]",48,-0.13469640816613992,0.10110631945611279
2030-10_2030-11,2030-10,TTF_M/HH_M,days_to_expiry,"(60, 90]",16,0.09052567165769422,0.05398068598325338
2030-10_2030-11,2030-10,TTF_M/HH_M,days_to_expiry,"(30, 60]",16,0.3476520833091,0.03988887463222807
2030-10_2030-11,2030-10,TTF_M/HH_M,days_to_expiry,"(0, 30]",16,0.5010530598682564,0.04805923450804476
2030-10_2030-11,2030-10,TTF_M/HH_M,days_to_expiry,nan,4,,0.008878897650933873
2030-10_2030-11,2030-10,TTF_M/HH_M,month_pair,Oct/Nov,803,0.17178861239011756,1.0
2030-10_2030-11,2030-10,TTF_M/HH_M,pooled,all,803,0.17178861239011756,1.0
2030-10_2030-11,2030-10,TTF_M/Brent_M,year,2018,12,0.1253928857590735,0.0028842519728965324
2030-10_2030-11,2030-10,TTF_M/Brent_M,year,2019,62,0.46465600983700145,0.007255522869743347
2030-10_2030-11,2030-10,TTF_M/Brent_M,year,2020,115,0.5713514127531937,0.03715144250880229
2030-10_2030-11,2030-10,TTF_M/Brent_M,year,2021,163,0.19903202952109006,0.11290547072148004
2030-10_2030-11,2030-10,TTF_M/Brent_M,year,2022,190,0.15530692489897427,0.5844188923014604
2030-10_2030-11,2030-10,TTF_M/Brent_M,year,2023,136,0.020191039409852094,0.16287460670642911
2030-10_2030-11,2030-10,TTF_M/Brent_M,year,2024,88,0.04650280952786943,0.0592021515131856
2030-10_2030-11,2030-10,TTF_M/Brent_M,year,2025,37,0.5192555661640695,0.03330766140600271
2030-10_2030-11,2030-10,TTF_M/Brent_M,days_to_expiry,"(1095, 1460]",198,0.2270991787953844,0.11371863518609461
2030-10_2030-11,2030-10,TTF_M/Brent_M,days_to_expiry,"(730, 1095]",201,0.2733380055660219,0.17195903112019834
2030-10_2030-11,2030-10,TTF_M/Brent_M,days_to_expiry,"(365, 730]",201,0.18839947298022303,0.20409499871167
2030-10_2030-11,2030-10,TTF_M/Brent_M,days_to_expiry,"(180, 365]",103,0.20772576612806232,0.319441477488887
2030-10_2030-11,2030-10,TTF_M/Brent_M,days_to_expiry,"(90, 180]",48,0.09708950044505489,0.07263831126935734
2030-10_2030-11,2030-10,TTF_M/Brent_M,days_to_expiry,"(60, 90]",16,-0.677054280948876,0.034079513736341265
2030-10_2030-11,2030-10,TTF_M/Brent_M,days_to_expiry,"(30, 60]",16,0.24436489041717452,0.03553609334737869
2030-10_2030-11,2030-10,TTF_M/Brent_M,days_to_expiry,"(0, 30]",16,0.2811672202450957,0.04229335657876234
2030-10_2030-11,2030-10,TTF_M/Brent_M,days_to_expiry,nan,4,,0.006238582561310457
2030-10_2030-11,2030-10,TTF_M/Brent_M,month_pair,Oct/Nov,803,0.1735912075173449,1.0
2030-10_2030-11,2030-10,TTF_M/Brent_M,pooled,all,803,0.1735912075173449,1.0
2030-10_2030-11,2030-10,HH_M/Brent_M,year,2018,12,0.6668710746816042,0.004262549698448767
2030-10_2030-11,2030-10,HH_M/Brent_M,year,2019,62,0.2620006593759528,0.007688793086922354
2030-10_2030-11,2030-10,HH_M/Brent_M,year,2020,115,0.14276417492321283,0.06190911886734687
2030-10_2030-11,2030-10,HH_M/Brent_M,year,2021,163,0.062369979125476455,0.08893107280179706
2030-10_2030-11,2030-10,HH_M/Brent_M,year,2022,190,0.46832340248841803,0.502930640686426
2030-10_2030-11,2030-10,HH_M/Brent_M,year,2023,136,0.20344949065606188,0.16019862899948545
2030-10_2030-11,2030-10,HH_M/Brent_M,year,2024,88,-0.08635014548684498,0.08761357462338572
2030-10_2030-11,2030-10,HH_M/Brent_M,year,2025,37,0.18937195597052542,0.08646562123618783
2030-10_2030-11,2030-10,HH_M/Brent_M,days_to_expiry,"(1095, 1460]",198,0.3104139939162339,0.09186311766119126
2030-10_2030-11,2030-10,HH_M/Brent_M,days_to_expiry,"(730, 1095]",201,0.24786826709007062,0.11324559288842431
2030-10_2030-11,2030-10,HH_M/Brent_M,days_to_expiry,"(365, 730]",201,0.3655689746599111,0.20627114056736798
2030-10_2030-11,2030-10,HH_M/Brent_M,days_to_expiry,"(180, 365]",103,0.22069530505329493,0.207652227806132
2030-10_2030-11,2030-10,HH_M/Brent_M,days_to_expiry,"(90, 180]",48,0.3834404601707671,0.18134339635475485
2030-10_2030-11,2030-10,HH_M/Brent_M,days_to_expiry,"(60, 90]",16,0.35810662600754023,0.08790041771672771
2030-10_2030-11,2030-10,HH_M/Brent_M,days_to_expiry,"(30, 60]",16,-0.26095520450714793,0.04140249969528036
2030-10_2030-11,2030-10,HH_M/Brent_M,days_to_expiry,"(0, 30]",16,0.38995991783751904,0.056847514753843705
2030-10_2030-11,2030-10,HH_M/Brent_M,days_to_expiry,nan,4,,0.013474092556277989
2030-10_2030-11,2030-10,HH_M/Brent_M,month_pair,Oct/Nov,803,0.27064284073760514,1.0
2030-10_2030-11,2030-10,HH_M/Brent_M,pooled,all,803,0.27064284073760514,1.0
2030-11_2030-12,2030-11,TTF_M/TTF_M1,year,2018,13,0.996611367317447,0.0014183054005658736
2030-11_2030-12,2030-11,TTF_M/TTF_M1,year,2019,63,0.9951587321267489,0.004768316412271707
2030-11_2030-12,2030-11,TTF_M/TTF_M1,year,2020,115,0.9944331098775177,0.01613047791183976
2030-11_2030-12,2030-11,TTF_M/TTF_M1,year,2021,163,0.9971737299532212,0.10683451847973655
2030-11_2030-12,2030-11,TTF_M/TTF_M1,year,2022,192,0.9971235121430202,0.6508243998481598
2030-11_2030-12,2030-11,TTF_M/TTF_M1,year,2023,142,0.9904022418634099,0.14857373656370498
2030-11_2030-12,2030-11,TTF_M/TTF_M1,year,2024,92,0.9985359445766366,0.04014154422782742
2030-11_2030-12,2030-11,TTF_M/TTF_M1,year,2025,42,0.9991931705328667,0.03130870115589397
2030-11_2030-12,2030-11,TTF_M/TTF_M1,days_to_expiry,"(1460, 2200]",16,0.9489343023321181,0.0010904870515077417
2030-11_2030-12,2030-11,TTF_M/TTF_M1,days_to_expiry,"(1095, 1460]",200,0.9988850559902113,0.1529493411646473
2030-11_2030-12,2030-11,TTF_M/TTF_M1,days_to_expiry,"(730, 1095]",203,0.9976987071595552,0.17413661600128352
2030-11_2030-12,2030-11,TTF_M/TTF_M1,days_to_expiry,"(365, 730]",200,0.9987108649778951,0.23756267407249743
2030-11_2030-12,2030-11,TTF_M/TTF_M1,days_to_expiry,"(180, 365]",102,0.9988447039859665,0.27489006974493385
2030-11_2030-12,2030-11,TTF_M/TTF_M1,days_to_expiry,"(90, 180]",49,0.9975746398280382,0.08539810268424455
2030-11_2030-12,2030-11,TTF_M/TTF_M1,days_to_expiry,"(60, 90]",16,0.9952520630294434,0.023424531786130437
2030-11_2030-12,2030-11,TTF_M/TTF_M1,days_to_expiry,"(30, 60]",16,0.9870272712797697,0.012045147324356131
2030-11_2030-12,2030-11,TTF_M/TTF_M1,days_to_expiry,"(0, 30]",16,0.9841781182394852,0.03366919504633986
2030-11_2030-12,2030-11,TTF_M/TTF_M1,days_to_expiry,nan,4,,0.004833835124059151
2030-11_2030-12,2030-11,TTF_M/TTF_M1,month_pair,Nov/Dec,822,0.9961590112962918,1.0
2030-11_2030-12,2030-11,TTF_M/TTF_M1,pooled,all,822,0.9961590112962918,1.0
2030-11_2030-12,2030-11,HH_M/HH_M1,year,2018,13,0.9979565090877835,0.001061553904974812
2030-11_2030-12,2030-11,HH_M/HH_M1,year,2019,63,0.9944727114517016,0.004065158913135807
2030-11_2030-12,2030-11,HH_M/HH_M1,year,2020,115,0.9885641499507422,0.01160304934560877
2030-11_2030-12,2030-11,HH_M/HH_M1,year,2021,163,0.9928638916335749,0.06613135406167439
2030-11_2030-12,2030-11,HH_M/HH_M1,year,2022,192,0.9964453903452837,0.5982360452299632
2030-11_2030-12,2030-11,HH_M/HH_M1,year,2023,142,0.9844233183982154,0.13609469237916838
2030-11_2030-12,2030-11,HH_M/HH_M1,year,2024,92,0.9612799023874398,0.08656181842495612
2030-11_2030-12,2030-11,HH_M/HH_M1,year,2025,42,0.9830071440946058,0.09624632774051867
2030-11_2030-12,2030-11,HH_M/HH_M1,days_to_expiry,"(1460, 2200]",16,0.9977638106407198,0.002660292704198608
2030-11_2030-12,2030-11,HH_M/HH_M1,days_to_expiry,"(1095, 1460]",200,0.9962072492441107,0.05568451459717934
2030-11_2030-12,2030-11,HH_M/HH_M1,days_to_expiry,"(730, 1095]",203,0.9909908636471058,0.08319614710791581
2030-11_2030-12,2030-11,HH_M/HH_M1,days_to_expiry,"(365, 730]",200,0.9924297921995665,0.1798413242033866
2030-11_2030-12,2030-11,HH_M/HH_M1,days_to_expiry,"(180, 365]",102,0.9953223385939501,0.2885144251064686
2030-11_2030-12,2030-11,HH_M/HH_M1,days_to_expiry,"(90, 180]",49,0.9927348813850286,0.19913268294742933
2030-11_2030-12,2030-11,HH_M/HH_M1,days_to_expiry,"(60, 90]",16,0.9799153242930607,0.03561186746218117
2030-11_2030-12,2030-11,HH_M/HH_M1,days_to_expiry,"(30, 60]",16,0.9876520973868721,0.05138453036923129
2030-11_2030-12,2030-11,HH_M/HH_M1,days_to_expiry,"(0, 30]",16,0.9801475160098867,0.0965856070898992
2030-11_2030-12,2030-11,HH_M/HH_M1,days_to_expiry,nan,4,,0.007388608412110228
2030-11_2030-12,2030-11,HH_M/HH_M1,month_pair,Nov/Dec,822,0.9886156791740338,1.0
2030-11_2030-12,2030-11,HH_M/HH_M1,pooled,all,822,0.9886156791740338,1.0
2030-11_2030-12,2030-11,Brent_M/Brent_M1,year,2018,13,0.9998116330352652,0.015304212310295313
2030-11_2030-12,2030-11,Brent_M/Brent_M1,year,2019,63,0.9996931587807002,0.012283540784106237
2030-11_2030-12,2030-11,Brent_M/Brent_M1,year,2020,115,0.9998582266232455,0.11701267534052641
2030-11_2030-12,2030-11,Brent_M/Brent_M1,year,2021,163,0.9998211935913446,0.18501422916862217
2030-11_2030-12,2030-11,Brent_M/Brent_M1,year,2022,192,0.9995982734681558,0.35681505578518435
2030-11_2030-12,2030-11,Brent_M/Brent_M1,year,2023,142,0.9996415619019183,0.15742513865441882
2030-11_2030-12,2030-11,Brent_M/Brent_M1,year,2024,92,0.9999076438053011,0.09039688490091981
2030-11_2030-12,2030-11,Brent_M/Brent_M1,year,2025,42,0.9996165732855957,0.0657482630559268
2030-11_2030-12,2030-11,Brent_M/Brent_M1,days_to_expiry,"(1460, 2200]",16,0.9998875270701031,0.012116725766953896
2030-11_2030-12,2030-11,Brent_M/Brent_M1,days_to_expiry,"(1095, 1460]",200,0.999862934510312,0.1815095755345449
2030-11_2030-12,2030-11,Brent_M/Brent_M1,days_to_expiry,"(730, 1095]",203,0.9998308208415355,0.21095530764318265
2030-11_2030-12,2030-11,Brent_M/Brent_M1,days_to_expiry,"(365, 730]",200,0.9998277313946478,0.2426440857818883
2030-11_2030-12,2030-11,Brent_M/Brent_M1,days_to_expiry,"(180, 365]",102,0.9996451049077728,0.14895538291215432
2030-11_2030-12,2030-11,Brent_M/Brent_M1,days_to_expiry,"(90, 180]",49,0.9994340613070611,0.0921131852854159
2030-11_2030-12,2030-11,Brent_M/Brent_M1,days_to_expiry,"(60, 90]",16,0.9996723740736022,0.025905798239745485
2030-11_2030-12,2030-11,Brent_M/Brent_M1,days_to_expiry,"(30, 60]",16,0.999559724712268,0.033500027284407895
2030-11_2030-12,2030-11,Brent_M/Brent_M1,days_to_expiry,"(0, 30]",16,0.9990608686651428,0.04118916524951984
2030-11_2030-12,2030-11,Brent_M/Brent_M1,days_to_expiry,nan,4,,0.011110746302186695
2030-11_2030-12,2030-11,Brent_M/Brent_M1,month_pair,Nov/Dec,822,0.9996764607911949,1.0
2030-11_2030-12,2030-11,Brent_M/Brent_M1,pooled,all,822,0.9996764607911949,1.0
2030-11_2030-12,2030-11,TTF_M/HH_M,year,2018,13,-0.07742356603285121,0.0013632448925155808
2030-11_2030-12,2030-11,TTF_M/HH_M,year,2019,63,0.016712601870545973,0.004574705975918475
2030-11_2030-12,2030-11,TTF_M/HH_M,year,2020,115,0.05160312550839601,0.015316685699411779
2030-11_2030-12,2030-11,TTF_M/HH_M,year,2021,163,0.18908061565981785,0.09786801949540158
2030-11_2030-12,2030-11,TTF_M/HH_M,year,2022,192,-0.002302390783686382,0.631971745897557
2030-11_2030-12,2030-11,TTF_M/HH_M,year,2023,142,0.042578795911597994,0.15050901289752863
2030-11_2030-12,2030-11,TTF_M/HH_M,year,2024,92,0.24397520425443683,0.05250454278927048
2030-11_2030-12,2030-11,TTF_M/HH_M,year,2025,42,0.1713585666300793,0.045892042352396606
2030-11_2030-12,2030-11,TTF_M/HH_M,days_to_expiry,"(1460, 2200]",16,0.23187420432384906,0.0015282814580960776
2030-11_2030-12,2030-11,TTF_M/HH_M,days_to_expiry,"(1095, 1460]",200,0.10180348282262995,0.13224896391586005
2030-11_2030-12,2030-11,TTF_M/HH_M,days_to_expiry,"(730, 1095]",203,0.06438276710632572,0.1523171100048927
2030-11_2030-12,2030-11,TTF_M/HH_M,days_to_expiry,"(365, 730]",200,0.07992753908518976,0.2234414195145506
2030-11_2030-12,2030-11,TTF_M/HH_M,days_to_expiry,"(180, 365]",102,0.05434153525790979,0.2737130765876365
2030-11_2030-12,2030-11,TTF_M/HH_M,days_to_expiry,"(90, 180]",49,-0.1856515622322394,0.1085945102649021
2030-11_2030-12,2030-11,TTF_M/HH_M,days_to_expiry,"(60, 90]",16,0.5980715037721942,0.02635929160603397
2030-11_2030-12,2030-11,TTF_M/HH_M,days_to_expiry,"(30, 60]",16,0.32322680543133964,0.01976821265744558
2030-11_2030-12,2030-11,TTF_M/HH_M,days_to_expiry,"(0, 30]",16,0.1160182989311872,0.05582334828561449
2030-11_2030-12,2030-11,TTF_M/HH_M,days_to_expiry,nan,4,,0.0062057857049680545
2030-11_2030-12,2030-11,TTF_M/HH_M,month_pair,Nov/Dec,822,0.06337440247859247,1.0
2030-11_2030-12,2030-11,TTF_M/HH_M,pooled,all,822,0.06337440247859247,1.0
2030-11_2030-12,2030-11,TTF_M/Brent_M,year,2018,13,0.3757051757440681,0.0031632360835976763
2030-11_2030-12,2030-11,TTF_M/Brent_M,year,2019,63,0.5229052098595601,0.005714457912424323
2030-11_2030-12,2030-11,TTF_M/Brent_M,year,2020,115,0.6728980655612897,0.028944372958268866
2030-11_2030-12,2030-11,TTF_M/Brent_M,year,2021,163,0.10298828241916105,0.11597441186698905
2030-11_2030-12,2030-11,TTF_M/Brent_M,year,2022,192,0.005948042241580626,0.6090783082463666
2030-11_2030-12,2030-11,TTF_M/Brent_M,year,2023,142,0.2674061497951137,0.15399741431641267
2030-11_2030-12,2030-11,TTF_M/Brent_M,year,2024,92,0.03289339099638996,0.04709025569579677
2030-11_2030-12,2030-11,TTF_M/Brent_M,year,2025,42,0.6530190108192564,0.03603754292014413
2030-11_2030-12,2030-11,TTF_M/Brent_M,days_to_expiry,"(1460, 2200]",16,0.6202628343868541,0.002588966522314409
2030-11_2030-12,2030-11,TTF_M/Brent_M,days_to_expiry,"(1095, 1460]",200,0.2368722578279325,0.15564541110864166
2030-11_2030-12,2030-11,TTF_M/Brent_M,days_to_expiry,"(730, 1095]",203,0.19992183819314552,0.17525416744588768
2030-11_2030-12,2030-11,TTF_M/Brent_M,days_to_expiry,"(365, 730]",200,0.1189137596694706,0.2361477166934095
2030-11_2030-12,2030-11,TTF_M/Brent_M,days_to_expiry,"(180, 365]",102,0.10428313422111088,0.2559116844938611
2030-11_2030-12,2030-11,TTF_M/Brent_M,days_to_expiry,"(90, 180]",49,-0.2261204292027917,0.08690259691387232
2030-11_2030-12,2030-11,TTF_M/Brent_M,days_to_expiry,"(60, 90]",16,0.445407476100716,0.024074589114208837
2030-11_2030-12,2030-11,TTF_M/Brent_M,days_to_expiry,"(30, 60]",16,0.5135075699312497,0.014763990403890582
2030-11_2030-12,2030-11,TTF_M/Brent_M,days_to_expiry,"(0, 30]",16,0.3094615402629317,0.04207622943934252
2030-11_2030-12,2030-11,TTF_M/Brent_M,days_to_expiry,nan,4,,0.0066346478645715155
2030-11_2030-12,2030-11,TTF_M/Brent_M,month_pair,Nov/Dec,822,0.1380963022170591,1.0
2030-11_2030-12,2030-11,TTF_M/Brent_M,pooled,all,822,0.1380963022170591,1.0
2030-11_2030-12,2030-11,HH_M/Brent_M,year,2018,13,0.31637892428587205,0.0060986344075716886
2030-11_2030-12,2030-11,HH_M/Brent_M,year,2019,63,0.010909057181301283,0.006853289583524244
2030-11_2030-12,2030-11,HH_M/Brent_M,year,2020,115,0.09137984491872021,0.049088729123053024
2030-11_2030-12,2030-11,HH_M/Brent_M,year,2021,163,0.0949788804271837,0.10766449682226761
2030-11_2030-12,2030-11,HH_M/Brent_M,year,2022,192,0.3542655496750848,0.49864009850482255
2030-11_2030-12,2030-11,HH_M/Brent_M,year,2023,142,0.11946004871488933,0.14631008015632171
2030-11_2030-12,2030-11,HH_M/Brent_M,year,2024,92,0.1111700899606804,0.09574182377078692
2030-11_2030-12,2030-11,HH_M/Brent_M,year,2025,42,0.060840135210437754,0.08960284763165197
2030-11_2030-12,2030-11,HH_M/Brent_M,days_to_expiry,"(1460, 2200]",16,0.26610935765864435,0.0059343907534269965
2030-11_2030-12,2030-11,HH_M/Brent_M,days_to_expiry,"(1095, 1460]",200,0.21977834164183385,0.09958062290597078
2030-11_2030-12,2030-11,HH_M/Brent_M,days_to_expiry,"(730, 1095]",203,0.24127061774195754,0.1280470052821054
2030-11_2030-12,2030-11,HH_M/Brent_M,days_to_expiry,"(365, 730]",200,0.288150119460845,0.20062033076759722
2030-11_2030-12,2030-11,HH_M/Brent_M,days_to_expiry,"(180, 365]",102,0.1340170570213712,0.23589843567779487
2030-11_2030-12,2030-11,HH_M/Brent_M,days_to_expiry,"(90, 180]",49,0.4716660006650641,0.15917199406014015
2030-11_2030-12,2030-11,HH_M/Brent_M,days_to_expiry,"(60, 90]",16,0.2926218404422884,0.03300791122911026
2030-11_2030-12,2030-11,HH_M/Brent_M,days_to_expiry,"(30, 60]",16,0.27237119515747993,0.04424758193915382
2030-11_2030-12,2030-11,HH_M/Brent_M,days_to_expiry,"(0, 30]",16,-0.09355600187729857,0.08496949215281467
2030-11_2030-12,2030-11,HH_M/Brent_M,days_to_expiry,nan,4,,0.008522235231885725
2030-11_2030-12,2030-11,HH_M/Brent_M,month_pair,Nov/Dec,822,0.21645063935827105,1.0
2030-11_2030-12,2030-11,HH_M/Brent_M,pooled,all,822,0.21645063935827105,1.0
2030-12_2031-01,2030-12,TTF_M/TTF_M1,year,2018,13,0.9949885780493769,0.00298588766390671
2030-12_2031-01,2030-12,TTF_M/TTF_M1,year,2019,63,0.9480667802751985,0.0039346940037115405
2030-12_2031-01,2030-12,TTF_M/TTF_M1,year,2020,114,0.9591471541331087,0.015448894732334979
2030-12_2031-01,2030-12,TTF_M/TTF_M1,year,2021,164,0.9879802585336793,0.1761418525472403
2030-12_2031-01,2030-12,TTF_M/TTF_M1,year,2022,196,0.989881129003913,0.5923387005927561
2030-12_2031-01,2030-12,TTF_M/TTF_M1,year,2023,146,0.9964706061078275,0.13968353985877277
2030-12_2031-01,2030-12,TTF_M/TTF_M1,year,2024,96,0.9987006498508254,0.03944167565870691
2030-12_2031-01,2030-12,TTF_M/TTF_M1,year,2025,46,0.9994259227769225,0.030024754942570647
2030-12_2031-01,2030-12,TTF_M/TTF_M1,days_to_expiry,"(1460, 2200]",32,0.9717955105343227,0.004746980842222911
2030-12_2031-01,2030-12,TTF_M/TTF_M1,days_to_expiry,"(1095, 1460]",202,0.9582861284499976,0.1109222965655023
2030-12_2031-01,2030-12,TTF_M/TTF_M1,days_to_expiry,"(730, 1095]",200,0.9868852488022355,0.16779373768562758
2030-12_2031-01,2030-12,TTF_M/TTF_M1,days_to_expiry,"(365, 730]",200,0.9953213022141071,0.2802902321937028
2030-12_2031-01,2030-12,TTF_M/TTF_M1,days_to_expiry,"(180, 365]",102,0.9975842105440423,0.27535839146375557
2030-12_2031-01,2030-12,TTF_M/TTF_M1,days_to_expiry,"(90, 180]",50,0.9994003955249371,0.09532465824909073
2030-12_2031-01,2030-12,TTF_M/TTF_M1,days_to_expiry,"(60, 90]",16,0.9978806340623084,0.02060983929748143
2030-12_2031-01,2030-12,TTF_M/TTF_M1,days_to_expiry,"(30, 60]",17,0.9980547849044924,0.016430238104263615
2030-12_2031-01,2030-12,TTF_M/TTF_M1,days_to_expiry,"(0, 30]",15,0.9957166562586522,0.025717125022551558
2030-12_2031-01,2030-12,TTF_M/TTF_M1,days_to_expiry,nan,4,,0.0028065005758015167
2030-12_2031-01,2030-12,TTF_M/TTF_M1,month_pair,Dec/Jan,838,0.9906478876405943,1.0
2030-12_2031-01,2030-12,TTF_M/TTF_M1,pooled,all,838,0.9906478876405943,1.0
2030-12_2031-01,2030-12,HH_M/HH_M1,year,2018,13,0.9987772290990591,0.001186875920283262
2030-12_2031-01,2030-12,HH_M/HH_M1,year,2019,63,0.9976239474162363,0.0044084904355986025
2030-12_2031-01,2030-12,HH_M/HH_M1,year,2020,114,0.9850682297891851,0.010589058807015774
2030-12_2031-01,2030-12,HH_M/HH_M1,year,2021,164,0.9962037993852687,0.0652575231166909
2030-12_2031-01,2030-12,HH_M/HH_M1,year,2022,196,0.9990108877503979,0.6109136770319378
2030-12_2031-01,2030-12,HH_M/HH_M1,year,2023,146,0.987529803572694,0.13047806973698925
2030-12_2031-01,2030-12,HH_M/HH_M1,year,2024,96,0.9832802559844213,0.0874328510546031
2030-12_2031-01,2030-12,HH_M/HH_M1,year,2025,46,0.9903817651641712,0.08973345389688146
2030-12_2031-01,2030-12,HH_M/HH_M1,days_to_expiry,"(1460, 2200]",32,0.9973408473361698,0.00780087750505285
2030-12_2031-01,2030-12,HH_M/HH_M1,days_to_expiry,"(1095, 1460]",202,0.9958444912295804,0.05782267299203182
2030-12_2031-01,2030-12,HH_M/HH_M1,days_to_expiry,"(730, 1095]",200,0.9942450811225033,0.07946728962827772
2030-12_2031-01,2030-12,HH_M/HH_M1,days_to_expiry,"(365, 730]",200,0.997567279613973,0.17392472834326747
2030-12_2031-01,2030-12,HH_M/HH_M1,days_to_expiry,"(180, 365]",102,0.998416363683631,0.32338296649354403
2030-12_2031-01,2030-12,HH_M/HH_M1,days_to_expiry,"(90, 180]",50,0.9975716845122976,0.15581387135413083
2030-12_2031-01,2030-12,HH_M/HH_M1,days_to_expiry,"(60, 90]",16,0.9948914890711857,0.036400967192805264
2030-12_2031-01,2030-12,HH_M/HH_M1,days_to_expiry,"(30, 60]",17,0.9979033748804035,0.08530701851770593
2030-12_2031-01,2030-12,HH_M/HH_M1,days_to_expiry,"(0, 30]",15,0.985849784144008,0.061414610931772355
2030-12_2031-01,2030-12,HH_M/HH_M1,days_to_expiry,nan,4,,0.01866499704141185
2030-12_2031-01,2030-12,HH_M/HH_M1,month_pair,Dec/Jan,838,0.9941820618037254,1.0
2030-12_2031-01,2030-12,HH_M/HH_M1,pooled,all,838,0.9941820618037254,1.0
2030-12_2031-01,2030-12,Brent_M/Brent_M1,year,2018,13,0.9997280743316866,0.01501603063105739
2030-12_2031-01,2030-12,Brent_M/Brent_M1,year,2019,63,0.9997049246645039,0.014089741026484024
2030-12_2031-01,2030-12,Brent_M/Brent_M1,year,2020,114,0.999883456236648,0.1332327956091105
2030-12_2031-01,2030-12,Brent_M/Brent_M1,year,2021,164,0.9998562263684397,0.1869474669207682
2030-12_2031-01,2030-12,Brent_M/Brent_M1,year,2022,196,0.9996188044491143,0.35452314475529056
2030-12_2031-01,2030-12,Brent_M/Brent_M1,year,2023,146,0.9996889502242756,0.1298495960958098
2030-12_2031-01,2030-12,Brent_M/Brent_M1,year,2024,96,0.9999207282055992,0.09761475496659518
2030-12_2031-01,2030-12,Brent_M/Brent_M1,year,2025,46,0.9997863963050635,0.06872646999488445
2030-12_2031-01,2030-12,Brent_M/Brent_M1,days_to_expiry,"(1460, 2200]",32,0.9997949090991602,0.024169637442107306
2030-12_2031-01,2030-12,Brent_M/Brent_M1,days_to_expiry,"(1095, 1460]",202,0.9998394040088603,0.14979015137249313
2030-12_2031-01,2030-12,Brent_M/Brent_M1,days_to_expiry,"(730, 1095]",200,0.9998445686916568,0.20966583238951136
2030-12_2031-01,2030-12,Brent_M/Brent_M1,days_to_expiry,"(365, 730]",200,0.9998530366524715,0.24943472336417596
2030-12_2031-01,2030-12,Brent_M/Brent_M1,days_to_expiry,"(180, 365]",102,0.9998124605612589,0.1852664652013426
2030-12_2031-01,2030-12,Brent_M/Brent_M1,days_to_expiry,"(90, 180]",50,0.9997541069609642,0.08261745868300212
2030-12_2031-01,2030-12,Brent_M/Brent_M1,days_to_expiry,"(60, 90]",16,0.9996721797293057,0.030425062764319572
2030-12_2031-01,2030-12,Brent_M/Brent_M1,days_to_expiry,"(30, 60]",17,0.999694646664135,0.03648362518648648
2030-12_2031-01,2030-12,Brent_M/Brent_M1,days_to_expiry,"(0, 30]",15,0.9986334199210671,0.028298733965700474
2030-12_2031-01,2030-12,Brent_M/Brent_M1,days_to_expiry,nan,4,,0.00384830963086111
2030-12_2031-01,2030-12,Brent_M/Brent_M1,month_pair,Dec/Jan,838,0.999735208470069,1.0
2030-12_2031-01,2030-12,Brent_M/Brent_M1,pooled,all,838,0.999735208470069,1.0
2030-12_2031-01,2030-12,TTF_M/HH_M,year,2018,13,-0.1764397331690544,0.002795420740223699
2030-12_2031-01,2030-12,TTF_M/HH_M,year,2019,63,0.08094234016995644,0.00411518533944134
2030-12_2031-01,2030-12,TTF_M/HH_M,year,2020,114,0.013302939853388283,0.014993026533567844
2030-12_2031-01,2030-12,TTF_M/HH_M,year,2021,164,0.16278019463606905,0.1547857004467288
2030-12_2031-01,2030-12,TTF_M/HH_M,year,2022,196,0.061804483851989174,0.5921546589867348
2030-12_2031-01,2030-12,TTF_M/HH_M,year,2023,146,0.1875422038983206,0.13979419381540495
2030-12_2031-01,2030-12,TTF_M/HH_M,year,2024,96,0.26546748087400984,0.04997940558359458
2030-12_2031-01,2030-12,TTF_M/HH_M,year,2025,46,0.2276656171711198,0.041382408554304036
2030-12_2031-01,2030-12,TTF_M/HH_M,days_to_expiry,"(1460, 2200]",32,-0.11590142089394628,0.005781285562534004
2030-12_2031-01,2030-12,TTF_M/HH_M,days_to_expiry,"(1095, 1460]",202,0.029465240010279416,0.09858185858089791
2030-12_2031-01,2030-12,TTF_M/HH_M,days_to_expiry,"(730, 1095]",200,0.064718556863811,0.15112318804823816
2030-12_2031-01,2030-12,TTF_M/HH_M,days_to_expiry,"(365, 730]",200,0.18781558073325835,0.25871377569727366
2030-12_2031-01,2030-12,TTF_M/HH_M,days_to_expiry,"(180, 365]",102,0.16785813625232576,0.28565104829499266
2030-12_2031-01,2030-12,TTF_M/HH_M,days_to_expiry,"(90, 180]",50,-0.0795495099241334,0.10629406270866792
2030-12_2031-01,2030-12,TTF_M/HH_M,days_to_expiry,"(60, 90]",16,0.13238313815619418,0.02332690328054726
2030-12_2031-01,2030-12,TTF_M/HH_M,days_to_expiry,"(30, 60]",17,0.3345639741918729,0.03061734414118486
2030-12_2031-01,2030-12,TTF_M/HH_M,days_to_expiry,"(0, 30]",15,0.2319889822447807,0.03348014199378173
2030-12_2031-01,2030-12,TTF_M/HH_M,days_to_expiry,nan,4,,0.006430391691881981
2030-12_2031-01,2030-12,TTF_M/HH_M,month_pair,Dec/Jan,838,0.12579790932466578,1.0
2030-12_2031-01,2030-12,TTF_M/HH_M,pooled,all,838,0.12579790932466578,1.0
2030-12_2031-01,2030-12,TTF_M/Brent_M,year,2018,13,0.4946336802632982,0.004766813498581852
2030-12_2031-01,2030-12,TTF_M/Brent_M,year,2019,63,0.350762236508405,0.00542143484127197
2030-12_2031-01,2030-12,TTF_M/Brent_M,year,2020,114,0.6785889154943495,0.03199690037806689
2030-12_2031-01,2030-12,TTF_M/Brent_M,year,2021,164,0.07278511469671912,0.1762223835989432
2030-12_2031-01,2030-12,TTF_M/Brent_M,year,2022,196,0.08402692656284076,0.5583542707646966
2030-12_2031-01,2030-12,TTF_M/Brent_M,year,2023,146,0.19136719971885086,0.14048039213647023
2030-12_2031-01,2030-12,TTF_M/Brent_M,year,2024,96,-0.061237549603782866,0.047614803057364596
2030-12_2031-01,2030-12,TTF_M/Brent_M,year,2025,46,0.6247902380218545,0.03514300172460474
2030-12_2031-01,2030-12,TTF_M/Brent_M,days_to_expiry,"(1460, 2200]",32,0.4113689707205611,0.007923822119992182
2030-12_2031-01,2030-12,TTF_M/Brent_M,days_to_expiry,"(1095, 1460]",202,0.1438826166864281,0.11332921496028284
2030-12_2031-01,2030-12,TTF_M/Brent_M,days_to_expiry,"(730, 1095]",200,0.22967918453331493,0.17289786824960932
2030-12_2031-01,2030-12,TTF_M/Brent_M,days_to_expiry,"(365, 730]",200,0.22513234548217578,0.2741165560047405
2030-12_2031-01,2030-12,TTF_M/Brent_M,days_to_expiry,"(180, 365]",102,0.20093574177925144,0.26581769125742344
2030-12_2031-01,2030-12,TTF_M/Brent_M,days_to_expiry,"(90, 180]",50,-0.10690813166573204,0.0936660140099916
2030-12_2031-01,2030-12,TTF_M/Brent_M,days_to_expiry,"(60, 90]",16,0.26483597123207836,0.021722398617380005
2030-12_2031-01,2030-12,TTF_M/Brent_M,days_to_expiry,"(30, 60]",17,-0.3166889051765202,0.019870081614761267
2030-12_2031-01,2030-12,TTF_M/Brent_M,days_to_expiry,"(0, 30]",15,-0.5678413276661334,0.027566548726135114
2030-12_2031-01,2030-12,TTF_M/Brent_M,days_to_expiry,nan,4,,0.0030898044396838863
2030-12_2031-01,2030-12,TTF_M/Brent_M,month_pair,Dec/Jan,838,0.15018964783705271,1.0
2030-12_2031-01,2030-12,TTF_M/Brent_M,pooled,all,838,0.15018964783705271,1.0
2030-12_2031-01,2030-12,HH_M/Brent_M,year,2018,13,0.26473451071140236,0.006925510678652184
2030-12_2031-01,2030-12,HH_M/Brent_M,year,2019,63,0.16571299620931873,0.00838277782732661
2030-12_2031-01,2030-12,HH_M/Brent_M,year,2020,114,0.05696175038438307,0.061528206189949405
2030-12_2031-01,2030-12,HH_M/Brent_M,year,2021,164,0.072647228188332,0.1153751957459652
2030-12_2031-01,2030-12,HH_M/Brent_M,year,2022,196,0.32192823527934605,0.49630702529510506
2030-12_2031-01,2030-12,HH_M/Brent_M,year,2023,146,0.18770117124516975,0.1299127405753971
2030-12_2031-01,2030-12,HH_M/Brent_M,year,2024,96,0.1032030549196357,0.09748942459202635
2030-12_2031-01,2030-12,HH_M/Brent_M,year,2025,46,0.188463213126026,0.08407911909557797
2030-12_2031-01,2030-12,HH_M/Brent_M,days_to_expiry,"(1460, 2200]",32,0.3401656769466135,0.014411741001348564
2030-12_2031-01,2030-12,HH_M/Brent_M,days_to_expiry,"(1095, 1460]",202,0.2286537578093313,0.09526500375028255
2030-12_2031-01,2030-12,HH_M/Brent_M,days_to_expiry,"(730, 1095]",200,0.1733517027136559,0.13317705902041024
2030-12_2031-01,2030-12,HH_M/Brent_M,days_to_expiry,"(365, 730]",200,0.26435525305046975,0.20399224749335262
2030-12_2031-01,2030-12,HH_M/Brent_M,days_to_expiry,"(180, 365]",102,0.28737414941697026,0.26287521667007924
2030-12_2031-01,2030-12,HH_M/Brent_M,days_to_expiry,"(90, 180]",50,0.36421945088446867,0.12553057706825826
2030-12_2031-01,2030-12,HH_M/Brent_M,days_to_expiry,"(60, 90]",16,0.22049152066735878,0.034289111245037106
2030-12_2031-01,2030-12,HH_M/Brent_M,days_to_expiry,"(30, 60]",17,0.005633609540187803,0.06816796706960121
2030-12_2031-01,2030-12,HH_M/Brent_M,days_to_expiry,"(0, 30]",15,-0.08956589730321883,0.04773868493015503
2030-12_2031-01,2030-12,HH_M/Brent_M,days_to_expiry,nan,4,,0.014552391751475144
2030-12_2031-01,2030-12,HH_M/Brent_M,month_pair,Dec/Jan,838,0.21571351495947347,1.0
2030-12_2031-01,2030-12,HH_M/Brent_M,pooled,all,838,0.21571351495947347,1.0
2031-01_2031-02,2031-01,TTF_M/TTF_M1,year,2018,12,0.9946484223531679,0.001416260939004383
2031-01_2031-02,2031-01,TTF_M/TTF_M1,year,2019,64,0.9922760371096777,0.0037179319432834074
2031-01_2031-02,2031-01,TTF_M/TTF_M1,year,2020,113,0.9954826700491511,0.013104407819978191
2031-01_2031-02,2031-01,TTF_M/TTF_M1,year,2021,165,0.999223412750246,0.207617588720994
2031-01_2031-02,2031-01,TTF_M/TTF_M1,year,2022,200,0.9951576311090709,0.585264210240055
2031-01_2031-02,2031-01,TTF_M/TTF_M1,year,2023,150,0.99807031578858,0.1256731434575246
2031-01_2031-02,2031-01,TTF_M/TTF_M1,year,2024,100,0.9988676889685942,0.03784137694794807
2031-01_2031-02,2031-01,TTF_M/TTF_M1,year,2025,50,0.9988444200840948,0.02536507993121219
2031-01_2031-02,2031-01,TTF_M/TTF_M1,days_to_expiry,"(1460, 2200]",49,0.9930524707633456,0.004435159547236714
2031-01_2031-02,2031-01,TTF_M/TTF_M1,days_to_expiry,"(1095, 1460]",201,0.9979293817384569,0.08988094097373588
2031-01_2031-02,2031-01,TTF_M/TTF_M1,days_to_expiry,"(730, 1095]",201,0.9989759380790273,0.19680929148258886
2031-01_2031-02,2031-01,TTF_M/TTF_M1,days_to_expiry,"(365, 730]",199,0.997395690249122,0.32995913995933424
2031-01_2031-02,2031-01,TTF_M/TTF_M1,days_to_expiry,"(180, 365]",103,0.9929869801354346,0.2288967063937523
2031-01_2031-02,2031-01,TTF_M/TTF_M1,days_to_expiry,"(90, 180]",49,0.998962543998294,0.08974101914112194
2031-01_2031-02,2031-01,TTF_M/TTF_M1,days_to_expiry,"(60, 90]",17,0.9991231993522901,0.018114372038673457
2031-01_2031-02,2031-01,TTF_M/TTF_M1,days_to_expiry,"(30, 60]",16,0.9946322600041825,0.00865600515482378
2031-01_2031-02,2031-01,TTF_M/TTF_M1,days_to_expiry,"(0, 30]",15,0.9987890254884373,0.02031633906369163
2031-01_2031-02,2031-01,TTF_M/TTF_M1,days_to_expiry,nan,4,,0.013191026245041124
2031-01_2031-02,2031-01,TTF_M/TTF_M1,month_pair,Jan/Feb,854,0.9966250236924992,1.0
2031-01_2031-02,2031-01,TTF_M/TTF_M1,pooled,all,854,0.9966250236924992,1.0
2031-01_2031-02,2031-01,HH_M/HH_M1,year,2018,12,0.9962789323027765,0.0006711148788603478
2031-01_2031-02,2031-01,HH_M/HH_M1,year,2019,64,0.9971304240519758,0.0037901232293311225
2031-01_2031-02,2031-01,HH_M/HH_M1,year,2020,113,0.9833705465472645,0.007854096125167458
2031-01_2031-02,2031-01,HH_M/HH_M1,year,2021,165,0.9949329484726487,0.04483053720651467
2031-01_2031-02,2031-01,HH_M/HH_M1,year,2022,200,0.9982346705154189,0.6000450384170659
2031-01_2031-02,2031-01,HH_M/HH_M1,year,2023,150,0.9926184729828691,0.1390696099409459
2031-01_2031-02,2031-01,HH_M/HH_M1,year,2024,100,0.9772011336387662,0.06797646602133584
2031-01_2031-02,2031-01,HH_M/HH_M1,year,2025,50,0.9815272022092029,0.13576301418077877
2031-01_2031-02,2031-01,HH_M/HH_M1,days_to_expiry,"(1460, 2200]",49,0.9913238441453653,0.0036946530136170424
2031-01_2031-02,2031-01,HH_M/HH_M1,days_to_expiry,"(1095, 1460]",201,0.99647826741366,0.0493691451757663
2031-01_2031-02,2031-01,HH_M/HH_M1,days_to_expiry,"(730, 1095]",201,0.9946340932108398,0.07400655034527873
2031-01_2031-02,2031-01,HH_M/HH_M1,days_to_expiry,"(365, 730]",199,0.9966751673014916,0.16780654321410934
2031-01_2031-02,2031-01,HH_M/HH_M1,days_to_expiry,"(180, 365]",103,0.9974539376337255,0.2319062026295148
2031-01_2031-02,2031-01,HH_M/HH_M1,days_to_expiry,"(90, 180]",49,0.9978110248396826,0.08893482067964553
2031-01_2031-02,2031-01,HH_M/HH_M1,days_to_expiry,"(60, 90]",17,0.998533641324375,0.04580760178813045
2031-01_2031-02,2031-01,HH_M/HH_M1,days_to_expiry,"(30, 60]",16,0.9971422283460624,0.07500403462171987
2031-01_2031-02,2031-01,HH_M/HH_M1,days_to_expiry,"(0, 30]",15,0.9967653231372705,0.23910332278342375
2031-01_2031-02,2031-01,HH_M/HH_M1,days_to_expiry,nan,4,,0.02436712574879419
2031-01_2031-02,2031-01,HH_M/HH_M1,month_pair,Jan/Feb,854,0.9932330480758537,1.0
2031-01_2031-02,2031-01,HH_M/HH_M1,pooled,all,854,0.9932330480758537,1.0
2031-01_2031-02,2031-01,Brent_M/Brent_M1,year,2018,12,0.9998444945397996,0.018880938383018454
2031-01_2031-02,2031-01,Brent_M/Brent_M1,year,2019,64,0.9998339359194559,0.023992614057020488
2031-01_2031-02,2031-01,Brent_M/Brent_M1,year,2020,113,0.9998308751833167,0.13115987508521867
2031-01_2031-02,2031-01,Brent_M/Brent_M1,year,2021,165,0.9998300126618342,0.1915821123436402
2031-01_2031-02,2031-01,Brent_M/Brent_M1,year,2022,200,0.9996359110043112,0.357938997576985
2031-01_2031-02,2031-01,Brent_M/Brent_M1,year,2023,150,0.9997513236072556,0.1463801662476578
2031-01_2031-02,2031-01,Brent_M/Brent_M1,year,2024,100,0.9998441254711087,0.06678817559983934
2031-01_2031-02,2031-01,Brent_M/Brent_M1,year,2025,50,0.9996853008317497,0.06327712070662009
2031-01_2031-02,2031-01,Brent_M/Brent_M1,days_to_expiry,"(1460, 2200]",49,0.9998650681956948,0.04322223290287404
2031-01_2031-02,2031-01,Brent_M/Brent_M1,days_to_expiry,"(1095, 1460]",201,0.999804881173487,0.15209540486857046
2031-01_2031-02,2031-01,Brent_M/Brent_M1,days_to_expiry,"(730, 1095]",201,0.999790221523554,0.22026507057424613
2031-01_2031-02,2031-01,Brent_M/Brent_M1,days_to_expiry,"(365, 730]",199,0.9998414198761159,0.24709896338588203
2031-01_2031-02,2031-01,Brent_M/Brent_M1,days_to_expiry,"(180, 365]",103,0.999787934548161,0.18782692900119285
2031-01_2031-02,2031-01,Brent_M/Brent_M1,days_to_expiry,"(90, 180]",49,0.9997379821023463,0.07311032280343688
2031-01_2031-02,2031-01,Brent_M/Brent_M1,days_to_expiry,"(60, 90]",17,0.9995571052308188,0.04353776058799464
2031-01_2031-02,2031-01,Brent_M/Brent_M1,days_to_expiry,"(30, 60]",16,0.9983446234010257,0.018630305825095048
2031-01_2031-02,2031-01,Brent_M/Brent_M1,days_to_expiry,"(0, 30]",15,0.9980293974524842,0.010506544292604296
2031-01_2031-02,2031-01,Brent_M/Brent_M1,days_to_expiry,nan,4,,0.003706465758103574
2031-01_2031-02,2031-01,Brent_M/Brent_M1,month_pair,Jan/Feb,854,0.9997151293899769,1.0
2031-01_2031-02,2031-01,Brent_M/Brent_M1,pooled,all,854,0.9997151293899769,1.0
2031-01_2031-02,2031-01,TTF_M/HH_M,year,2018,12,-0.21453427357587523,0.0012482700701141804
2031-01_2031-02,2031-01,TTF_M/HH_M,year,2019,64,-0.013514706332483611,0.003731392310246494
2031-01_2031-02,2031-01,TTF_M/HH_M,year,2020,113,-0.013727164901828666,0.011981443169269428
2031-01_2031-02,2031-01,TTF_M/HH_M,year,2021,165,0.2573041057560114,0.17523390712456113
2031-01_2031-02,2031-01,TTF_M/HH_M,year,2022,200,0.13287568078788212,0.5887532341417644
2031-01_2031-02,2031-01,TTF_M/HH_M,year,2023,150,0.12076752522363836,0.12717973326659573
2031-01_2031-02,2031-01,TTF_M/HH_M,year,2024,100,0.21781000635360617,0.04427864008043747
2031-01_2031-02,2031-01,TTF_M/HH_M,year,2025,50,0.022035709690938692,0.0475933798370111
2031-01_2031-02,2031-01,TTF_M/HH_M,days_to_expiry,"(1460, 2200]",49,-0.15513047732850402,0.004114351720876315
2031-01_2031-02,2031-01,TTF_M/HH_M,days_to_expiry,"(1095, 1460]",201,0.21458412920814918,0.08082458495657967
2031-01_2031-02,2031-01,TTF_M/HH_M,days_to_expiry,"(730, 1095]",201,0.14354274857578947,0.1711753098325718
2031-01_2031-02,2031-01,TTF_M/HH_M,days_to_expiry,"(365, 730]",199,0.11877792373042959,0.29397410607320934
2031-01_2031-02,2031-01,TTF_M/HH_M,days_to_expiry,"(180, 365]",103,0.09517673218640912,0.23578692242811108
2031-01_2031-02,2031-01,TTF_M/HH_M,days_to_expiry,"(90, 180]",49,0.28224678403319897,0.08851623530314486
2031-01_2031-02,2031-01,TTF_M/HH_M,days_to_expiry,"(60, 90]",17,0.06314659507905858,0.02402300138583935
2031-01_2031-02,2031-01,TTF_M/HH_M,days_to_expiry,"(30, 60]",16,-0.004259755991546849,0.021564628123015007
2031-01_2031-02,2031-01,TTF_M/HH_M,days_to_expiry,"(0, 30]",15,0.26067188091080096,0.06238594052603653
2031-01_2031-02,2031-01,TTF_M/HH_M,days_to_expiry,nan,4,,0.017634919650616063
2031-01_2031-02,2031-01,TTF_M/HH_M,month_pair,Jan/Feb,854,0.14539410604852926,1.0
2031-01_2031-02,2031-01,TTF_M/HH_M,pooled,all,854,0.14539410604852926,1.0
2031-01_2031-02,2031-01,TTF_M/Brent_M,year,2018,12,0.7264099253605515,0.0035262743842632742
2031-01_2031-02,2031-01,TTF_M/Brent_M,year,2019,64,0.28873932404131153,0.006241454539867907
2031-01_2031-02,2031-01,TTF_M/Brent_M,year,2020,113,0.6637408344962481,0.027418501495070233
2031-01_2031-02,2031-01,TTF_M/Brent_M,year,2021,165,0.10104889833822013,0.20411276143262638
2031-01_2031-02,2031-01,TTF_M/Brent_M,year,2022,200,0.14237563799377823,0.5586330712325125
2031-01_2031-02,2031-01,TTF_M/Brent_M,year,2023,150,0.22703096147562143,0.1281069040009977
2031-01_2031-02,2031-01,TTF_M/Brent_M,year,2024,100,0.019037754426831362,0.04184156656156392
2031-01_2031-02,2031-01,TTF_M/Brent_M,year,2025,50,0.4618897538447523,0.030119466353097864
2031-01_2031-02,2031-01,TTF_M/Brent_M,days_to_expiry,"(1460, 2200]",49,0.40104275762598457,0.008992778101132658
2031-01_2031-02,2031-01,TTF_M/Brent_M,days_to_expiry,"(1095, 1460]",201,0.1839445798622623,0.09635994190692297
2031-01_2031-02,2031-01,TTF_M/Brent_M,days_to_expiry,"(730, 1095]",201,0.2628505637622431,0.1976268475607682
2031-01_2031-02,2031-01,TTF_M/Brent_M,days_to_expiry,"(365, 730]",199,0.11557267322616555,0.3144700241534324
2031-01_2031-02,2031-01,TTF_M/Brent_M,days_to_expiry,"(180, 365]",103,0.1989213389954449,0.23188378904926388
2031-01_2031-02,2031-01,TTF_M/Brent_M,days_to_expiry,"(90, 180]",49,0.2472879697392927,0.08644260629147807
2031-01_2031-02,2031-01,TTF_M/Brent_M,days_to_expiry,"(60, 90]",17,0.3464781713842926,0.021970797922081637
2031-01_2031-02,2031-01,TTF_M/Brent_M,days_to_expiry,"(30, 60]",16,-0.30839825133671867,0.010027509336049272
2031-01_2031-02,2031-01,TTF_M/Brent_M,days_to_expiry,"(0, 30]",15,-0.24248834687874135,0.01948508023211687
2031-01_2031-02,2031-01,TTF_M/Brent_M,days_to_expiry,nan,4,,0.012740625446753905
2031-01_2031-02,2031-01,TTF_M/Brent_M,month_pair,Jan/Feb,854,0.17915135422656897,1.0
2031-01_2031-02,2031-01,TTF_M/Brent_M,pooled,all,854,0.17915135422656897,1.0
2031-01_2031-02,2031-01,HH_M/Brent_M,year,2018,12,0.2175858609332616,0.007401593895742344
2031-01_2031-02,2031-01,HH_M/Brent_M,year,2019,64,0.15617184281043642,0.01119462647417876
2031-01_2031-02,2031-01,HH_M/Brent_M,year,2020,113,0.0477363088534557,0.053643891133091204
2031-01_2031-02,2031-01,HH_M/Brent_M,year,2021,165,0.14240967835710341,0.09913548844596615
2031-01_2031-02,2031-01,HH_M/Brent_M,year,2022,200,0.2603392833394409,0.5069564222753146
2031-01_2031-02,2031-01,HH_M/Brent_M,year,2023,150,0.2344579454567535,0.13963088414857625
2031-01_2031-02,2031-01,HH_M/Brent_M,year,2024,100,0.10089644441163823,0.06878424400503481
2031-01_2031-02,2031-01,HH_M/Brent_M,year,2025,50,0.21021264019555483,0.11325284962209599
2031-01_2031-02,2031-01,HH_M/Brent_M,days_to_expiry,"(1460, 2200]",49,0.020561641451406036,0.018181062092160354
2031-01_2031-02,2031-01,HH_M/Brent_M,days_to_expiry,"(1095, 1460]",201,0.2007295736423681,0.0861959439659664
2031-01_2031-02,2031-01,HH_M/Brent_M,days_to_expiry,"(730, 1095]",201,0.18310441079276363,0.12706465925810292
2031-01_2031-02,2031-01,HH_M/Brent_M,days_to_expiry,"(365, 730]",199,0.3253577595307235,0.1968471641118916
2031-01_2031-02,2031-01,HH_M/Brent_M,days_to_expiry,"(180, 365]",103,0.22049313956640315,0.21208428159324
2031-01_2031-02,2031-01,HH_M/Brent_M,days_to_expiry,"(90, 180]",49,0.09912856149434622,0.08353245525408444
2031-01_2031-02,2031-01,HH_M/Brent_M,days_to_expiry,"(60, 90]",17,-0.10781978599017109,0.045420125628547345
2031-01_2031-02,2031-01,HH_M/Brent_M,days_to_expiry,"(30, 60]",16,0.28537043862659844,0.054652940628955746
2031-01_2031-02,2031-01,HH_M/Brent_M,days_to_expiry,"(0, 30]",15,0.7476069865839869,0.1539246062041015
2031-01_2031-02,2031-01,HH_M/Brent_M,days_to_expiry,nan,4,,0.022096761262949665
2031-01_2031-02,2031-01,HH_M/Brent_M,month_pair,Jan/Feb,854,0.2020664662120735,1.0
2031-01_2031-02,2031-01,HH_M/Brent_M,pooled,all,854,0.2020664662120735,1.0
2031-02_2031-03,2031-02,TTF_M/TTF_M1,year,2018,12,0.9931759653895055,0.0014841911058536845
2031-02_2031-03,2031-02,TTF_M/TTF_M1,year,2019,64,0.9935493785542099,0.0035990866422653117
2031-02_2031-03,2031-02,TTF_M/TTF_M1,year,2020,113,0.9963460034651714,0.013637843349526379
2031-02_2031-03,2031-02,TTF_M/TTF_M1,year,2021,166,0.998554017288431,0.20546211127155506
2031-02_2031-03,2031-02,TTF_M/TTF_M1,year,2022,200,0.9962601928894371,0.5541952859016458
2031-02_2031-03,2031-02,TTF_M/TTF_M1,year,2023,154,0.9958653068625692,0.14294437147120098
2031-02_2031-03,2031-02,TTF_M/TTF_M1,year,2024,104,0.9976093652126717,0.04334433650830837
2031-02_2031-03,2031-02,TTF_M/TTF_M1,year,2025,54,0.9990731417791482,0.025734612167667724
2031-02_2031-03,2031-02,TTF_M/TTF_M1,year,2026,4,,0.00959816158197668
2031-02_2031-03,2031-02,TTF_M/TTF_M1,days_to_expiry,"(1460, 2200]",66,0.9977915616455201,0.009367512752157641
2031-02_2031-03,2031-02,TTF_M/TTF_M1,days_to_expiry,"(1095, 1460]",200,0.9966927105162472,0.09182603776214947
2031-02_2031-03,2031-02,TTF_M/TTF_M1,days_to_expiry,"(730, 1095]",202,0.9954208550410176,0.16132702150245307
2031-02_2031-03,2031-02,TTF_M/TTF_M1,days_to_expiry,"(365, 730]",200,0.9976554251841602,0.4162732020919963
2031-02_2031-03,2031-02,TTF_M/TTF_M1,days_to_expiry,"(180, 365]",103,0.9947497945647791,0.1580027446025532
2031-02_2031-03,2031-02,TTF_M/TTF_M1,days_to_expiry,"(90, 180]",49,0.9992821259259873,0.08855727445576252
2031-02_2031-03,2031-02,TTF_M/TTF_M1,days_to_expiry,"(60, 90]",18,0.9996807349363795,0.013531292307695996
2031-02_2031-03,2031-02,TTF_M/TTF_M1,days_to_expiry,"(30, 60]",14,0.9997369588702386,0.022494847753210923
2031-02_2031-03,2031-02,TTF_M/TTF_M1,days_to_expiry,"(0, 30]",15,0.9987339303153419,0.03159325014070909
2031-02_2031-03,2031-02,TTF_M/TTF_M1,days_to_expiry,nan,4,,0.0070268166313118725
2031-02_2031-03,2031-02,TTF_M/TTF_M1,month_pair,Feb/Mar,871,0.9967366269255734,1.0
2031-02_2031-03,2031-02,TTF_M/TTF_M1,pooled,all,871,0.9967366269255734,1.0
2031-02_2031-03,2031-02,HH_M/HH_M1,year,2018,12,0.9949218354993244,0.0005885838271478078
2031-02_2031-03,2031-02,HH_M/HH_M1,year,2019,64,0.9933896259702465,0.003272443684264325
2031-02_2031-03,2031-02,HH_M/HH_M1,year,2020,113,0.9849879680462047,0.008267310457797734
2031-02_2031-03,2031-02,HH_M/HH_M1,year,2021,166,0.9803321277566681,0.03355275444253347
2031-02_2031-03,2031-02,HH_M/HH_M1,year,2022,200,0.9867933736681638,0.4399208169717322
2031-02_2031-03,2031-02,HH_M/HH_M1,year,2023,154,0.9804913552489842,0.14790340556181425
2031-02_2031-03,2031-02,HH_M/HH_M1,year,2024,104,0.9282422547679143,0.12369908682756141
2031-02_2031-03,2031-02,HH_M/HH_M1,year,2025,54,0.9825013229201199,0.11712673907374689
2031-02_2031-03,2031-02,HH_M/HH_M1,year,2026,4,,0.12566885915340187
2031-02_2031-03,2031-02,HH_M/HH_M1,days_to_expiry,"(1460, 2200]",66,0.9946583489123068,0.005897772696786852
2031-02_2031-03,2031-02,HH_M/HH_M1,days_to_expiry,"(1095, 1460]",200,0.9913701378271679,0.04161756025759472
2031-02_2031-03,2031-02,HH_M/HH_M1,days_to_expiry,"(730, 1095]",202,0.9864477009628675,0.06375123198894599
2031-02_2031-03,2031-02,HH_M/HH_M1,days_to_expiry,"(365, 730]",200,0.9849412231562649,0.13774751494362383
2031-02_2031-03,2031-02,HH_M/HH_M1,days_to_expiry,"(180, 365]",103,0.9798184361706845,0.18066459335625318
2031-02_2031-03,2031-02,HH_M/HH_M1,days_to_expiry,"(90, 180]",49,0.9901668036336662,0.06018731609606735
2031-02_2031-03,2031-02,HH_M/HH_M1,days_to_expiry,"(60, 90]",18,0.9947512194526459,0.05784892489136477
2031-02_2031-03,2031-02,HH_M/HH_M1,days_to_expiry,"(30, 60]",14,0.9945567234380809,0.18219032883167224
2031-02_2031-03,2031-02,HH_M/HH_M1,days_to_expiry,"(0, 30]",15,0.957782620226832,0.20505776062138795
2031-02_2031-03,2031-02,HH_M/HH_M1,days_to_expiry,nan,4,,0.06503699631630307
2031-02_2031-03,2031-02,HH_M/HH_M1,month_pair,Feb/Mar,871,0.9374479609841001,1.0
2031-02_2031-03,2031-02,HH_M/HH_M1,pooled,all,871,0.9374479609841001,1.0
2031-02_2031-03,2031-02,Brent_M/Brent_M1,year,2018,12,0.999823700182063,0.018809651613603217
2031-02_2031-03,2031-02,Brent_M/Brent_M1,year,2019,64,0.9998351449735636,0.02605812297364014
2031-02_2031-03,2031-02,Brent_M/Brent_M1,year,2020,113,0.9997913791697419,0.1340641411785189
2031-02_2031-03,2031-02,Brent_M/Brent_M1,year,2021,166,0.9998244453556299,0.1806581760200286
2031-02_2031-03,2031-02,Brent_M/Brent_M1,year,2022,200,0.9996685121661559,0.3282053003863604
2031-02_2031-03,2031-02,Brent_M/Brent_M1,year,2023,154,0.9997327493127248,0.1622726541502962
2031-02_2031-03,2031-02,Brent_M/Brent_M1,year,2024,104,0.9998798685777607,0.07721048002613135
2031-02_2031-03,2031-02,Brent_M/Brent_M1,year,2025,54,0.9995859292302165,0.06399483257391678
2031-02_2031-03,2031-02,Brent_M/Brent_M1,year,2026,4,,0.008726641077504312
2031-02_2031-03,2031-02,Brent_M/Brent_M1,days_to_expiry,"(1460, 2200]",66,0.9998609539765512,0.05915091719377238
2031-02_2031-03,2031-02,Brent_M/Brent_M1,days_to_expiry,"(1095, 1460]",200,0.9997657258883075,0.14261905955757495
2031-02_2031-03,2031-02,Brent_M/Brent_M1,days_to_expiry,"(730, 1095]",202,0.9996960625847991,0.19114347494993508
2031-02_2031-03,2031-02,Brent_M/Brent_M1,days_to_expiry,"(365, 730]",200,0.999863823953664,0.2512966458333885
2031-02_2031-03,2031-02,Brent_M/Brent_M1,days_to_expiry,"(180, 365]",103,0.999819280433681,0.19834194229249524
2031-02_2031-03,2031-02,Brent_M/Brent_M1,days_to_expiry,"(90, 180]",49,0.9997072775151642,0.0859118603622036
2031-02_2031-03,2031-02,Brent_M/Brent_M1,days_to_expiry,"(60, 90]",18,0.9989543432194802,0.01615929506833908
2031-02_2031-03,2031-02,Brent_M/Brent_M1,days_to_expiry,"(30, 60]",14,0.9990919270524872,0.024050057154321645
2031-02_2031-03,2031-02,Brent_M/Brent_M1,days_to_expiry,"(0, 30]",15,0.9990483735325014,0.026366255715244993
2031-02_2031-03,2031-02,Brent_M/Brent_M1,days_to_expiry,nan,4,,0.004960491872724495
2031-02_2031-03,2031-02,Brent_M/Brent_M1,month_pair,Feb/Mar,871,0.9997069818366853,1.0
2031-02_2031-03,2031-02,Brent_M/Brent_M1,pooled,all,871,0.9997069818366853,1.0
2031-02_2031-03,2031-02,TTF_M/HH_M,year,2018,12,-0.2603939015293647,0.0011902190123468694
2031-02_2031-03,2031-02,TTF_M/HH_M,year,2019,64,-0.06743990656855794,0.0033213955853540838
2031-02_2031-03,2031-02,TTF_M/HH_M,year,2020,113,-0.01812294623744053,0.01182798585916111
2031-02_2031-03,2031-02,TTF_M/HH_M,year,2021,166,0.25505682189619044,0.16145452320741516
2031-02_2031-03,2031-02,TTF_M/HH_M,year,2022,200,0.17519944794419814,0.5166999802895758
2031-02_2031-03,2031-02,TTF_M/HH_M,year,2023,154,0.24155446231655348,0.13867823267313242
2031-02_2031-03,2031-02,TTF_M/HH_M,year,2024,104,0.3922471653891088,0.06618674266711377
2031-02_2031-03,2031-02,TTF_M/HH_M,year,2025,54,0.0018579998518265107,0.04771828116387904
2031-02_2031-03,2031-02,TTF_M/HH_M,year,2026,4,,0.05292263954202187
2031-02_2031-03,2031-02,TTF_M/HH_M,days_to_expiry,"(1460, 2200]",66,-0.21656252128611306,0.00805418207940181
2031-02_2031-03,2031-02,TTF_M/HH_M,days_to_expiry,"(1095, 1460]",200,0.24446573925725817,0.07509807602485512
2031-02_2031-03,2031-02,TTF_M/HH_M,days_to_expiry,"(730, 1095]",202,0.2577626989345201,0.13328182362527982
2031-02_2031-03,2031-02,TTF_M/HH_M,days_to_expiry,"(365, 730]",200,0.22189039676268948,0.34101956922583276
2031-02_2031-03,2031-02,TTF_M/HH_M,days_to_expiry,"(180, 365]",103,0.04538288205972647,0.16406739811622512
2031-02_2031-03,2031-02,TTF_M/HH_M,days_to_expiry,"(90, 180]",49,0.3309339431590256,0.07880553884034922
2031-02_2031-03,2031-02,TTF_M/HH_M,days_to_expiry,"(60, 90]",18,0.08762345866247129,0.02477086653678488
2031-02_2031-03,2031-02,TTF_M/HH_M,days_to_expiry,"(30, 60]",14,0.3163252118025949,0.06033306430539666
2031-02_2031-03,2031-02,TTF_M/HH_M,days_to_expiry,"(0, 30]",15,0.6849310108312988,0.0835208345176345
2031-02_2031-03,2031-02,TTF_M/HH_M,days_to_expiry,nan,4,,0.031048646728240127
2031-02_2031-03,2031-02,TTF_M/HH_M,month_pair,Feb/Mar,871,0.20276819747078334,1.0
2031-02_2031-03,2031-02,TTF_M/HH_M,pooled,all,871,0.20276819747078334,1.0
2031-02_2031-03,2031-02,TTF_M/Brent_M,year,2018,12,0.7410822879556865,0.003535570879622454
2031-02_2031-03,2031-02,TTF_M/Brent_M,year,2019,64,0.3140156150589127,0.0062648762928558385
2031-02_2031-03,2031-02,TTF_M/Brent_M,year,2020,113,0.658394955930503,0.027983825660789243
2031-02_2031-03,2031-02,TTF_M/Brent_M,year,2021,166,0.09619913351064983,0.2025714428871306
2031-02_2031-03,2031-02,TTF_M/Brent_M,year,2022,200,0.16871390504780953,0.527443325339102
2031-02_2031-03,2031-02,TTF_M/Brent_M,year,2023,154,0.15511543911286466,0.14289195192495371
2031-02_2031-03,2031-02,TTF_M/Brent_M,year,2024,104,-0.07208868054904102,0.047838777580854294
2031-02_2031-03,2031-02,TTF_M/Brent_M,year,2025,54,0.41005949473554454,0.03079200150827024
2031-02_2031-03,2031-02,TTF_M/Brent_M,year,2026,4,,0.010678227926421585
2031-02_2031-03,2031-02,TTF_M/Brent_M,days_to_expiry,"(1460, 2200]",66,0.3740887343393297,0.015134159588403839
2031-02_2031-03,2031-02,TTF_M/Brent_M,days_to_expiry,"(1095, 1460]",200,0.15465455704764924,0.09515898662146567
2031-02_2031-03,2031-02,TTF_M/Brent_M,days_to_expiry,"(730, 1095]",202,0.21421510393733403,0.16401483056001373
2031-02_2031-03,2031-02,TTF_M/Brent_M,days_to_expiry,"(365, 730]",200,0.16202389388569607,0.39437955818029596
2031-02_2031-03,2031-02,TTF_M/Brent_M,days_to_expiry,"(180, 365]",103,0.2529841569034221,0.16808799655346987
2031-02_2031-03,2031-02,TTF_M/Brent_M,days_to_expiry,"(90, 180]",49,0.18050825750431773,0.08662802351333035
2031-02_2031-03,2031-02,TTF_M/Brent_M,days_to_expiry,"(60, 90]",18,-0.3398170393971645,0.014105621680277469
2031-02_2031-03,2031-02,TTF_M/Brent_M,days_to_expiry,"(30, 60]",14,-0.23495790974714953,0.02321846078493199
2031-02_2031-03,2031-02,TTF_M/Brent_M,days_to_expiry,"(0, 30]",15,0.07795291043756868,0.032601855343794554
2031-02_2031-03,2031-02,TTF_M/Brent_M,days_to_expiry,nan,4,,0.006670507174016489
2031-02_2031-03,2031-02,TTF_M/Brent_M,month_pair,Feb/Mar,871,0.173678503328939,1.0
2031-02_2031-03,2031-02,TTF_M/Brent_M,pooled,all,871,0.173678503328939,1.0
2031-02_2031-03,2031-02,HH_M/Brent_M,year,2018,12,0.18723674978769356,0.005784054631966018
2031-02_2031-03,2031-02,HH_M/Brent_M,year,2019,64,0.24101624774632505,0.009487215059864235
2031-02_2031-03,2031-02,HH_M/Brent_M,year,2020,113,-0.008568842960348806,0.04391706579163026
2031-02_2031-03,2031-02,HH_M/Brent_M,year,2021,166,0.1820956637533606,0.07362256552619549
2031-02_2031-03,2031-02,HH_M/Brent_M,year,2022,200,0.28410362910149467,0.3802458161493979
2031-02_2031-03,2031-02,HH_M/Brent_M,year,2023,154,0.26251967824907524,0.14293898512441244
2031-02_2031-03,2031-02,HH_M/Brent_M,year,2024,104,0.09756227277911075,0.11702618825884235
2031-02_2031-03,2031-02,HH_M/Brent_M,year,2025,54,0.201056189745887,0.09851546277030601
2031-02_2031-03,2031-02,HH_M/Brent_M,year,2026,4,,0.1284626466873852
2031-02_2031-03,2031-02,HH_M/Brent_M,days_to_expiry,"(1460, 2200]",66,0.12765322298494433,0.020553802525452917
2031-02_2031-03,2031-02,HH_M/Brent_M,days_to_expiry,"(1095, 1460]",200,0.20070458522817802,0.06568963074519367
2031-02_2031-03,2031-02,HH_M/Brent_M,days_to_expiry,"(730, 1095]",202,0.23143506333937253,0.09317021798610599
2031-02_2031-03,2031-02,HH_M/Brent_M,days_to_expiry,"(365, 730]",200,0.24624214418850088,0.16080921805469248
2031-02_2031-03,2031-02,HH_M/Brent_M,days_to_expiry,"(180, 365]",103,0.21528504881037838,0.1748115574046857
2031-02_2031-03,2031-02,HH_M/Brent_M,days_to_expiry,"(90, 180]",49,0.19327816612422236,0.06460809778628095
2031-02_2031-03,2031-02,HH_M/Brent_M,days_to_expiry,"(60, 90]",18,0.3191444590913057,0.04539528399488186
2031-02_2031-03,2031-02,HH_M/Brent_M,days_to_expiry,"(30, 60]",14,0.5225294026399664,0.12828460953167695
2031-02_2031-03,2031-02,HH_M/Brent_M,days_to_expiry,"(0, 30]",15,0.08359278204139062,0.1724632949832313
2031-02_2031-03,2031-02,HH_M/Brent_M,days_to_expiry,nan,4,,0.07421428698779806
2031-02_2031-03,2031-02,HH_M/Brent_M,month_pair,Feb/Mar,871,0.2054145539249004,1.0
2031-02_2031-03,2031-02,HH_M/Brent_M,pooled,all,871,0.2054145539249004,1.0
2031-03_2031-04,2031-03,TTF_M/TTF_M1,year,2018,13,0.9970894286448981,0.0030736668000540704
2031-03_2031-04,2031-03,TTF_M/TTF_M1,year,2019,63,0.9803274820505699,0.0042941583114253536
2031-03_2031-04,2031-03,TTF_M/TTF_M1,year,2020,113,0.965893080797837,0.014768350904921812
2031-03_2031-04,2031-03,TTF_M/TTF_M1,year,2021,165,0.8031509984697993,0.11092746422285481
2031-03_2031-04,2031-03,TTF_M/TTF_M1,year,2022,200,0.9118750598592926,0.6172716983264055
2031-03_2031-04,2031-03,TTF_M/TTF_M1,year,2023,158,0.9539567986555899,0.15808453792665406
2031-03_2031-04,2031-03,TTF_M/TTF_M1,year,2024,108,0.978159512900211,0.0442227576560825
2031-03_2031-04,2031-03,TTF_M/TTF_M1,year,2025,58,0.980962049203173,0.04014387745524937
2031-03_2031-04,2031-03,TTF_M/TTF_M1,year,2026,8,0.9528552424412018,0.007213488396352712
2031-03_2031-04,2031-03,TTF_M/TTF_M1,days_to_expiry,"(1460, 2200]",81,0.747855310499123,0.010702068638613463
2031-03_2031-04,2031-03,TTF_M/TTF_M1,days_to_expiry,"(1095, 1460]",200,0.9021883167297583,0.14631106923053835
2031-03_2031-04,2031-03,TTF_M/TTF_M1,days_to_expiry,"(730, 1095]",201,0.9138409925014535,0.20645561372967214
2031-03_2031-04,2031-03,TTF_M/TTF_M1,days_to_expiry,"(365, 730]",200,0.8848183086827311,0.34172379414907084
2031-03_2031-04,2031-03,TTF_M/TTF_M1,days_to_expiry,"(180, 365]",104,0.914247526506183,0.1600869590088505
2031-03_2031-04,2031-03,TTF_M/TTF_M1,days_to_expiry,"(90, 180]",51,0.9863738672967379,0.05719805019913656
2031-03_2031-04,2031-03,TTF_M/TTF_M1,days_to_expiry,"(60, 90]",16,0.9982226379960393,0.019956224801583995
2031-03_2031-04,2031-03,TTF_M/TTF_M1,days_to_expiry,"(30, 60]",13,0.9950481198468618,0.03489034224267535
2031-03_2031-04,2031-03,TTF_M/TTF_M1,days_to_expiry,"(0, 30]",16,0.9512747426114058,0.01805752043311315
2031-03_2031-04,2031-03,TTF_M/TTF_M1,days_to_expiry,nan,4,,0.004618357566745739
2031-03_2031-04,2031-03,TTF_M/TTF_M1,month_pair,Mar/Apr,886,0.9051031554566983,1.0
2031-03_2031-04,2031-03,TTF_M/TTF_M1,pooled,all,886,0.9051031554566983,1.0
2031-03_2031-04,2031-03,HH_M/HH_M1,year,2018,13,0.9748764724816326,0.001541901404453038
2031-03_2031-04,2031-03,HH_M/HH_M1,year,2019,63,0.9672787386496942,0.004481482473573462
2031-03_2031-04,2031-03,HH_M/HH_M1,year,2020,113,0.8949622401065885,0.007918101683167826
2031-03_2031-04,2031-03,HH_M/HH_M1,year,2021,165,0.9331603281971956,0.046891402361237816
2031-03_2031-04,2031-03,HH_M/HH_M1,year,2022,200,0.9338810546046185,0.44086935556958395
2031-03_2031-04,2031-03,HH_M/HH_M1,year,2023,158,0.9794535230023731,0.1872831903224429
2031-03_2031-04,2031-03,HH_M/HH_M1,year,2024,108,0.9731569550860254,0.1236222802847174
2031-03_2031-04,2031-03,HH_M/HH_M1,year,2025,58,0.9907863039127611,0.12748729580995158
2031-03_2031-04,2031-03,HH_M/HH_M1,year,2026,8,0.9984051750677523,0.059904990090871975
2031-03_2031-04,2031-03,HH_M/HH_M1,days_to_expiry,"(1460, 2200]",81,0.9473745337561694,0.0091187558812167
2031-03_2031-04,2031-03,HH_M/HH_M1,days_to_expiry,"(1095, 1460]",200,0.9801220526431125,0.06486738719729927
2031-03_2031-04,2031-03,HH_M/HH_M1,days_to_expiry,"(730, 1095]",201,0.9585183346687117,0.08970500253536182
2031-03_2031-04,2031-03,HH_M/HH_M1,days_to_expiry,"(365, 730]",200,0.9391658567913451,0.1805118983487107
2031-03_2031-04,2031-03,HH_M/HH_M1,days_to_expiry,"(180, 365]",104,0.9347027192786335,0.20240926540952628
2031-03_2031-04,2031-03,HH_M/HH_M1,days_to_expiry,"(90, 180]",51,0.9794277538672438,0.10327624301926808
2031-03_2031-04,2031-03,HH_M/HH_M1,days_to_expiry,"(60, 90]",16,0.9697192379441796,0.10528439210830036
2031-03_2031-04,2031-03,HH_M/HH_M1,days_to_expiry,"(30, 60]",13,0.9962426399406473,0.11739273784633528
2031-03_2031-04,2031-03,HH_M/HH_M1,days_to_expiry,"(0, 30]",16,0.9959556925562086,0.11854181504534579
2031-03_2031-04,2031-03,HH_M/HH_M1,days_to_expiry,nan,4,,0.008892502608635664
2031-03_2031-04,2031-03,HH_M/HH_M1,month_pair,Mar/Apr,886,0.9568216536510947,1.0
2031-03_2031-04,2031-03,HH_M/HH_M1,pooled,all,886,0.9568216536510947,1.0
2031-03_2031-04,2031-03,Brent_M/Brent_M1,year,2018,13,0.9996654539660608,0.01529602009058268
2031-03_2031-04,2031-03,Brent_M/Brent_M1,year,2019,63,0.9996917559352748,0.014439958148727573
2031-03_2031-04,2031-03,Brent_M/Brent_M1,year,2020,113,0.9998611248369349,0.13780882068243816
2031-03_2031-04,2031-03,Brent_M/Brent_M1,year,2021,165,0.9998087920281357,0.18696325756486645
2031-03_2031-04,2031-03,Brent_M/Brent_M1,year,2022,200,0.9997540434959067,0.35583559857325936
2031-03_2031-04,2031-03,Brent_M/Brent_M1,year,2023,158,0.9997568398491687,0.16362645954137073
2031-03_2031-04,2031-03,Brent_M/Brent_M1,year,2024,108,0.9998267611090108,0.06421399814032086
2031-03_2031-04,2031-03,Brent_M/Brent_M1,year,2025,58,0.9992747360521642,0.05698649654286858
2031-03_2031-04,2031-03,Brent_M/Brent_M1,year,2026,8,0.987730264571081,0.004829390715565741
2031-03_2031-04,2031-03,Brent_M/Brent_M1,days_to_expiry,"(1460, 2200]",81,0.9998165119062893,0.06373773508570327
2031-03_2031-04,2031-03,Brent_M/Brent_M1,days_to_expiry,"(1095, 1460]",200,0.9998190574924414,0.16019950906433422
2031-03_2031-04,2031-03,Brent_M/Brent_M1,days_to_expiry,"(730, 1095]",201,0.9997846674208721,0.22108212310797157
2031-03_2031-04,2031-03,Brent_M/Brent_M1,days_to_expiry,"(365, 730]",200,0.9998278762142377,0.23893065083442572
2031-03_2031-04,2031-03,Brent_M/Brent_M1,days_to_expiry,"(180, 365]",104,0.9998509884111574,0.17762433628915483
2031-03_2031-04,2031-03,Brent_M/Brent_M1,days_to_expiry,"(90, 180]",51,0.9996965861144562,0.07387916216748179
2031-03_2031-04,2031-03,Brent_M/Brent_M1,days_to_expiry,"(60, 90]",16,0.9988599796968778,0.01995495317978914
2031-03_2031-04,2031-03,Brent_M/Brent_M1,days_to_expiry,"(30, 60]",13,0.9988251869677035,0.02424141577210227
2031-03_2031-04,2031-03,Brent_M/Brent_M1,days_to_expiry,"(0, 30]",16,0.9989842505266477,0.016012801605770604
2031-03_2031-04,2031-03,Brent_M/Brent_M1,days_to_expiry,nan,4,,0.004337312893266715
2031-03_2031-04,2031-03,Brent_M/Brent_M1,month_pair,Mar/Apr,886,0.9997287198582389,1.0
2031-03_2031-04,2031-03,Brent_M/Brent_M1,pooled,all,886,0.9997287198582389,1.0
2031-03_2031-04,2031-03,TTF_M/HH_M,year,2018,13,-0.3157829378087761,0.002260560053838776
2031-03_2031-04,2031-03,TTF_M/HH_M,year,2019,63,0.045135761984747606,0.0035513075436351895
2031-03_2031-04,2031-03,TTF_M/HH_M,year,2020,113,-0.0053623607519636225,0.011798799461625972
2031-03_2031-04,2031-03,TTF_M/HH_M,year,2021,165,0.18078423944642052,0.1310760541413527
2031-03_2031-04,2031-03,TTF_M/HH_M,year,2022,200,0.08213606784517906,0.5613977123776428
2031-03_2031-04,2031-03,TTF_M/HH_M,year,2023,158,0.20925027447970043,0.15650361559287287
2031-03_2031-04,2031-03,TTF_M/HH_M,year,2024,108,0.4460066805277046,0.05745799408173303
2031-03_2031-04,2031-03,TTF_M/HH_M,year,2025,58,0.0854445180165876,0.05682309821940446
2031-03_2031-04,2031-03,TTF_M/HH_M,year,2026,8,0.8380210656838591,0.019130858527894194
2031-03_2031-04,2031-03,TTF_M/HH_M,days_to_expiry,"(1460, 2200]",81,-0.13292340556629556,0.008775957103824585
2031-03_2031-04,2031-03,TTF_M/HH_M,days_to_expiry,"(1095, 1460]",200,0.10038541692481248,0.12544327917038525
2031-03_2031-04,2031-03,TTF_M/HH_M,days_to_expiry,"(730, 1095]",201,0.13740336281611243,0.1799345922061654
2031-03_2031-04,2031-03,TTF_M/HH_M,days_to_expiry,"(365, 730]",200,0.18648898147969648,0.3435463084594995
2031-03_2031-04,2031-03,TTF_M/HH_M,days_to_expiry,"(180, 365]",104,-0.032872570334005695,0.15054012274276274
2031-03_2031-04,2031-03,TTF_M/HH_M,days_to_expiry,"(90, 180]",51,0.12452670919416742,0.061509003904132636
2031-03_2031-04,2031-03,TTF_M/HH_M,days_to_expiry,"(60, 90]",16,0.19873788531756648,0.03805981577442593
2031-03_2031-04,2031-03,TTF_M/HH_M,days_to_expiry,"(30, 60]",13,0.7485270404315145,0.049698315398748596
2031-03_2031-04,2031-03,TTF_M/HH_M,days_to_expiry,"(0, 30]",16,0.2479541275696627,0.037901706990506524
2031-03_2031-04,2031-03,TTF_M/HH_M,days_to_expiry,nan,4,,0.0045908982495489106
2031-03_2031-04,2031-03,TTF_M/HH_M,month_pair,Mar/Apr,886,0.1633959200277966,1.0
2031-03_2031-04,2031-03,TTF_M/HH_M,pooled,all,886,0.1633959200277966,1.0
2031-03_2031-04,2031-03,TTF_M/Brent_M,year,2018,13,0.500919228670825,0.004016145805063191
2031-03_2031-04,2031-03,TTF_M/Brent_M,year,2019,63,0.2821473693206777,0.004786166603511534
2031-03_2031-04,2031-03,TTF_M/Brent_M,year,2020,113,0.6534536229754873,0.027416789793588144
2031-03_2031-04,2031-03,TTF_M/Brent_M,year,2021,165,0.10004874946256914,0.1563353766716045
2031-03_2031-04,2031-03,TTF_M/Brent_M,year,2022,200,0.08457321550390293,0.5587874138994284
2031-03_2031-04,2031-03,TTF_M/Brent_M,year,2023,158,0.11521264049396307,0.1533064304417193
2031-03_2031-04,2031-03,TTF_M/Brent_M,year,2024,108,0.0007786845773119197,0.045356678847244876
2031-03_2031-04,2031-03,TTF_M/Brent_M,year,2025,58,0.602628879645201,0.04113112933864977
2031-03_2031-04,2031-03,TTF_M/Brent_M,year,2026,8,0.4311909030265236,0.008863868599190293
2031-03_2031-04,2031-03,TTF_M/Brent_M,days_to_expiry,"(1460, 2200]",81,0.44738874342453455,0.01544509148872333
2031-03_2031-04,2031-03,TTF_M/Brent_M,days_to_expiry,"(1095, 1460]",200,0.19863327368860206,0.14498810923331215
2031-03_2031-04,2031-03,TTF_M/Brent_M,days_to_expiry,"(730, 1095]",201,0.21030578441995526,0.2072604827335409
2031-03_2031-04,2031-03,TTF_M/Brent_M,days_to_expiry,"(365, 730]",200,0.13088432816355516,0.36620553756963803
2031-03_2031-04,2031-03,TTF_M/Brent_M,days_to_expiry,"(180, 365]",104,0.13974303664732698,0.14106424916600838
2031-03_2031-04,2031-03,TTF_M/Brent_M,days_to_expiry,"(90, 180]",51,-0.08269440026399776,0.052625813144759274
2031-03_2031-04,2031-03,TTF_M/Brent_M,days_to_expiry,"(60, 90]",16,-0.11879782424630181,0.018274191645966043
2031-03_2031-04,2031-03,TTF_M/Brent_M,days_to_expiry,"(30, 60]",13,0.2057182270837284,0.03226085324647656
2031-03_2031-04,2031-03,TTF_M/Brent_M,days_to_expiry,"(0, 30]",16,-0.05372030403715052,0.01777668809971368
2031-03_2031-04,2031-03,TTF_M/Brent_M,days_to_expiry,nan,4,,0.0040989836718618
2031-03_2031-04,2031-03,TTF_M/Brent_M,month_pair,Mar/Apr,886,0.1475342523708648,1.0
2031-03_2031-04,2031-03,TTF_M/Brent_M,pooled,all,886,0.1475342523708648,1.0
2031-03_2031-04,2031-03,HH_M/Brent_M,year,2018,13,0.23693435299475482,0.005961265044247731
2031-03_2031-04,2031-03,HH_M/Brent_M,year,2019,63,0.15491659065163882,0.0073160059106516205
2031-03_2031-04,2031-03,HH_M/Brent_M,year,2020,113,0.045827509278939055,0.051974816072468503
2031-03_2031-04,2031-03,HH_M/Brent_M,year,2021,165,0.07354725010300214,0.09317359036725768
2031-03_2031-04,2031-03,HH_M/Brent_M,year,2022,200,0.284605762714896,0.4256391418198314
2031-03_2031-04,2031-03,HH_M/Brent_M,year,2023,158,0.3286361435839358,0.17201111822914056
2031-03_2031-04,2031-03,HH_M/Brent_M,year,2024,108,-0.07257499527178082,0.09899520749655107
2031-03_2031-04,2031-03,HH_M/Brent_M,year,2025,58,0.2677834206831764,0.10476530331285645
2031-03_2031-04,2031-03,HH_M/Brent_M,year,2026,8,0.4253384604400365,0.040163551746995
2031-03_2031-04,2031-03,HH_M/Brent_M,days_to_expiry,"(1460, 2200]",81,0.07838475874597348,0.026427673709290455
2031-03_2031-04,2031-03,HH_M/Brent_M,days_to_expiry,"(1095, 1460]",200,0.1722758884291025,0.08973646759076774
2031-03_2031-04,2031-03,HH_M/Brent_M,days_to_expiry,"(730, 1095]",201,0.2388997477009114,0.12624651255532543
2031-03_2031-04,2031-03,HH_M/Brent_M,days_to_expiry,"(365, 730]",200,0.22436577337284747,0.20256644707697072
2031-03_2031-04,2031-03,HH_M/Brent_M,days_to_expiry,"(180, 365]",104,0.45471328836062824,0.19868347973474673
2031-03_2031-04,2031-03,HH_M/Brent_M,days_to_expiry,"(90, 180]",51,0.06533286427753102,0.09693239500114041
2031-03_2031-04,2031-03,HH_M/Brent_M,days_to_expiry,"(60, 90]",16,0.16833811725759285,0.08526838066933032
2031-03_2031-04,2031-03,HH_M/Brent_M,days_to_expiry,"(30, 60]",13,0.12282738233484891,0.08494326390642219
2031-03_2031-04,2031-03,HH_M/Brent_M,days_to_expiry,"(0, 30]",16,0.053378146168205416,0.08340285887432573
2031-03_2031-04,2031-03,HH_M/Brent_M,days_to_expiry,nan,4,,0.005792520881680296
2031-03_2031-04,2031-03,HH_M/Brent_M,month_pair,Mar/Apr,886,0.2034783540098911,1.0
2031-03_2031-04,2031-03,HH_M/Brent_M,pooled,all,886,0.2034783540098911,1.0
2031-04_2031-05,2031-04,TTF_M/TTF_M1,year,2018,12,0.9987190496942211,0.0014836945257925213
2031-04_2031-05,2031-04,TTF_M/TTF_M1,year,2019,63,0.9921174944928919,0.005566142321503736
2031-04_2031-05,2031-04,TTF_M/TTF_M1,year,2020,114,0.9918521575196394,0.018867738082591963
2031-04_2031-05,2031-04,TTF_M/TTF_M1,year,2021,164,0.8200676866540888,0.042407144722557494
2031-04_2031-05,2031-04,TTF_M/TTF_M1,year,2022,202,0.9837544102748397,0.5831923184010058
2031-04_2031-05,2031-04,TTF_M/TTF_M1,year,2023,161,0.9914784861911666,0.1720408456749923
2031-04_2031-05,2031-04,TTF_M/TTF_M1,year,2024,113,0.9965793446601104,0.06393760060630495
2031-04_2031-05,2031-04,TTF_M/TTF_M1,year,2025,62,0.9973126753742609,0.03623291969486154
2031-04_2031-05,2031-04,TTF_M/TTF_M1,year,2026,12,0.9934834786218804,0.0762715959703896
2031-04_2031-05,2031-04,TTF_M/TTF_M1,days_to_expiry,"(1460, 2200]",98,0.9919235798981266,0.025343397871752132
2031-04_2031-05,2031-04,TTF_M/TTF_M1,days_to_expiry,"(1095, 1460]",200,0.9934334688573909,0.13824404518845348
2031-04_2031-05,2031-04,TTF_M/TTF_M1,days_to_expiry,"(730, 1095]",201,0.9874062208006088,0.17395438842486657
2031-04_2031-05,2031-04,TTF_M/TTF_M1,days_to_expiry,"(365, 730]",200,0.9589629529457759,0.28941887424367413
2031-04_2031-05,2031-04,TTF_M/TTF_M1,days_to_expiry,"(180, 365]",104,0.9845279342592207,0.1501305959808489
2031-04_2031-05,2031-04,TTF_M/TTF_M1,days_to_expiry,"(90, 180]",48,0.9990698020889937,0.08206378413597183
2031-04_2031-05,2031-04,TTF_M/TTF_M1,days_to_expiry,"(60, 90]",16,0.9971187794963117,0.029948526962160243
2031-04_2031-05,2031-04,TTF_M/TTF_M1,days_to_expiry,"(30, 60]",16,0.9756547177438454,0.014305508600007314
2031-04_2031-05,2031-04,TTF_M/TTF_M1,days_to_expiry,"(0, 30]",16,0.9995128737293842,0.0927828526303606
2031-04_2031-05,2031-04,TTF_M/TTF_M1,days_to_expiry,nan,4,,0.0038080259619046675
2031-04_2031-05,2031-04,TTF_M/TTF_M1,month_pair,Apr/May,903,0.9812719692056946,1.0
2031-04_2031-05,2031-04,TTF_M/TTF_M1,pooled,all,903,0.9812719692056946,1.0
2031-04_2031-05,2031-04,HH_M/HH_M1,year,2018,12,0.9978568971970284,0.0008269072515907939
2031-04_2031-05,2031-04,HH_M/HH_M1,year,2019,63,0.9959922307422369,0.004729500278316293
2031-04_2031-05,2031-04,HH_M/HH_M1,year,2020,114,0.9895852168761184,0.013673304166495034
2031-04_2031-05,2031-04,HH_M/HH_M1,year,2021,164,0.9898130300710165,0.0374265590987018
2031-04_2031-05,2031-04,HH_M/HH_M1,year,2022,202,0.9982392708816665,0.4023333702775626
2031-04_2031-05,2031-04,HH_M/HH_M1,year,2023,161,0.9944264785477367,0.2173464916275094
2031-04_2031-05,2031-04,HH_M/HH_M1,year,2024,113,0.9875865970450622,0.13926596436699543
2031-04_2031-05,2031-04,HH_M/HH_M1,year,2025,62,0.995843470252497,0.09914702629766788
2031-04_2031-05,2031-04,HH_M/HH_M1,year,2026,12,0.9987001354688907,0.08525087663516076
2031-04_2031-05,2031-04,HH_M/HH_M1,days_to_expiry,"(1460, 2200]",98,0.9973654660759538,0.01481877177499542
2031-04_2031-05,2031-04,HH_M/HH_M1,days_to_expiry,"(1095, 1460]",200,0.9960102603865714,0.07757899562526055
2031-04_2031-05,2031-04,HH_M/HH_M1,days_to_expiry,"(730, 1095]",201,0.9953027190592115,0.10111654394869297
2031-04_2031-05,2031-04,HH_M/HH_M1,days_to_expiry,"(365, 730]",200,0.9969101814114779,0.14251389856292082
2031-04_2031-05,2031-04,HH_M/HH_M1,days_to_expiry,"(180, 365]",104,0.9983360967703726,0.1979428443706494
2031-04_2031-05,2031-04,HH_M/HH_M1,days_to_expiry,"(90, 180]",48,0.9983773901081407,0.15024560864890224
2031-04_2031-05,2031-04,HH_M/HH_M1,days_to_expiry,"(60, 90]",16,0.998691836541615,0.1293058042683332
2031-04_2031-05,2031-04,HH_M/HH_M1,days_to_expiry,"(30, 60]",16,0.9951865155441619,0.08400402984853256
2031-04_2031-05,2031-04,HH_M/HH_M1,days_to_expiry,"(0, 30]",16,0.9926517740212268,0.0931918167994556
2031-04_2031-05,2031-04,HH_M/HH_M1,days_to_expiry,nan,4,,0.009281686152257197
2031-04_2031-05,2031-04,HH_M/HH_M1,month_pair,Apr/May,903,0.9950329215314733,1.0
2031-04_2031-05,2031-04,HH_M/HH_M1,pooled,all,903,0.9950329215314733,1.0
2031-04_2031-05,2031-04,Brent_M/Brent_M1,year,2018,12,0.9995872776921978,0.009774167990481683
2031-04_2031-05,2031-04,Brent_M/Brent_M1,year,2019,63,0.999790777624423,0.014783230656780185
2031-04_2031-05,2031-04,Brent_M/Brent_M1,year,2020,114,0.9998063312130209,0.1294945599755372
2031-04_2031-05,2031-04,Brent_M/Brent_M1,year,2021,164,0.9998096154429245,0.1379887931789161
2031-04_2031-05,2031-04,Brent_M/Brent_M1,year,2022,202,0.9997517163292928,0.29505683420032125
2031-04_2031-05,2031-04,Brent_M/Brent_M1,year,2023,161,0.9997778237905535,0.17156098617509058
2031-04_2031-05,2031-04,Brent_M/Brent_M1,year,2024,113,0.9998388686532386,0.08490059371508663
2031-04_2031-05,2031-04,Brent_M/Brent_M1,year,2025,62,0.9996501104260578,0.0660056755872287
2031-04_2031-05,2031-04,Brent_M/Brent_M1,year,2026,12,0.9878170621061106,0.0904351585205578
2031-04_2031-05,2031-04,Brent_M/Brent_M1,days_to_expiry,"(1460, 2200]",98,0.9998564684145682,0.08282154887430392
2031-04_2031-05,2031-04,Brent_M/Brent_M1,days_to_expiry,"(1095, 1460]",200,0.9997470337658031,0.13787418286660716
2031-04_2031-05,2031-04,Brent_M/Brent_M1,days_to_expiry,"(730, 1095]",201,0.9998230764361453,0.19245979712054487
2031-04_2031-05,2031-04,Brent_M/Brent_M1,days_to_expiry,"(365, 730]",200,0.9998777148799883,0.2143381788604313
2031-04_2031-05,2031-04,Brent_M/Brent_M1,days_to_expiry,"(180, 365]",104,0.9997971871589415,0.14639086347479616
2031-04_2031-05,2031-04,Brent_M/Brent_M1,days_to_expiry,"(90, 180]",48,0.9996397187473562,0.06998685439315963
2031-04_2031-05,2031-04,Brent_M/Brent_M1,days_to_expiry,"(60, 90]",16,0.9995903037884682,0.030271543800641777
2031-04_2031-05,2031-04,Brent_M/Brent_M1,days_to_expiry,"(30, 60]",16,0.9996110824025825,0.027401174587620834
2031-04_2031-05,2031-04,Brent_M/Brent_M1,days_to_expiry,"(0, 30]",16,0.9907057830097331,0.09696413898948363
2031-04_2031-05,2031-04,Brent_M/Brent_M1,days_to_expiry,nan,4,,0.0014917170324107408
2031-04_2031-05,2031-04,Brent_M/Brent_M1,month_pair,Apr/May,903,0.9986533581258836,1.0
2031-04_2031-05,2031-04,Brent_M/Brent_M1,pooled,all,903,0.9986533581258836,1.0
2031-04_2031-05,2031-04,TTF_M/HH_M,year,2018,12,0.05788977869415269,0.001250813236323479
2031-04_2031-05,2031-04,TTF_M/HH_M,year,2019,63,0.005462017606646691,0.0051066839016326955
2031-04_2031-05,2031-04,TTF_M/HH_M,year,2020,114,0.023869611666714415,0.016821062700355084
2031-04_2031-05,2031-04,TTF_M/HH_M,year,2021,164,0.1721088086425546,0.04453706163160355
2031-04_2031-05,2031-04,TTF_M/HH_M,year,2022,202,0.22160518390602024,0.5319893952328445
2031-04_2031-05,2031-04,TTF_M/HH_M,year,2023,161,0.12395860282285374,0.18519775962675863
2031-04_2031-05,2031-04,TTF_M/HH_M,year,2024,113,0.5404068776366426,0.08373734158177752
2031-04_2031-05,2031-04,TTF_M/HH_M,year,2025,62,-0.24254353737424436,0.0519882661628685
2031-04_2031-05,2031-04,TTF_M/HH_M,year,2026,12,0.5587240542011469,0.07937161592583616
2031-04_2031-05,2031-04,TTF_M/HH_M,days_to_expiry,"(1460, 2200]",98,-0.053015942529685424,0.021795195369450834
2031-04_2031-05,2031-04,TTF_M/HH_M,days_to_expiry,"(1095, 1460]",200,0.06228094272998415,0.11684461615221126
2031-04_2031-05,2031-04,TTF_M/HH_M,days_to_expiry,"(730, 1095]",201,0.2161026112211893,0.15103780696585115
2031-04_2031-05,2031-04,TTF_M/HH_M,days_to_expiry,"(365, 730]",200,0.20355076418322327,0.2643880746201131
2031-04_2031-05,2031-04,TTF_M/HH_M,days_to_expiry,"(180, 365]",104,0.11686854911850134,0.15979202744058213
2031-04_2031-05,2031-04,TTF_M/HH_M,days_to_expiry,"(90, 180]",48,0.49072843020076806,0.09997250830347504
2031-04_2031-05,2031-04,TTF_M/HH_M,days_to_expiry,"(60, 90]",16,0.6408404840229012,0.055306930025162626
2031-04_2031-05,2031-04,TTF_M/HH_M,days_to_expiry,"(30, 60]",16,0.1492339932355889,0.03218197829052818
2031-04_2031-05,2031-04,TTF_M/HH_M,days_to_expiry,"(0, 30]",16,0.3012674353865763,0.09239240035590694
2031-04_2031-05,2031-04,TTF_M/HH_M,days_to_expiry,nan,4,,0.006288462476718764
2031-04_2031-05,2031-04,TTF_M/HH_M,month_pair,Apr/May,903,0.2334263307554768,1.0
2031-04_2031-05,2031-04,TTF_M/HH_M,pooled,all,903,0.2334263307554768,1.0
2031-04_2031-05,2031-04,TTF_M/Brent_M,year,2018,12,0.342455857875327,0.002668318497507192
2031-04_2031-05,2031-04,TTF_M/Brent_M,year,2019,63,0.38475979195009524,0.006733538087788217
2031-04_2031-05,2031-04,TTF_M/Brent_M,year,2020,114,0.5872502281727868,0.03497398742312014
2031-04_2031-05,2031-04,TTF_M/Brent_M,year,2021,164,0.13407521954307464,0.06094792786137274
2031-04_2031-05,2031-04,TTF_M/Brent_M,year,2022,202,0.13674947819281366,0.5305707265612858
2031-04_2031-05,2031-04,TTF_M/Brent_M,year,2023,161,0.06210241747241762,0.17412506782104553
2031-04_2031-05,2031-04,TTF_M/Brent_M,year,2024,113,0.10117831695129621,0.06784336072756818
2031-04_2031-05,2031-04,TTF_M/Brent_M,year,2025,62,0.3806857704037409,0.04114811643948289
2031-04_2031-05,2031-04,TTF_M/Brent_M,year,2026,12,0.5910660896774564,0.08098895658082941
2031-04_2031-05,2031-04,TTF_M/Brent_M,days_to_expiry,"(1460, 2200]",98,0.44582655777524494,0.033098550908868984
2031-04_2031-05,2031-04,TTF_M/Brent_M,days_to_expiry,"(1095, 1460]",200,0.2256974281266374,0.1308482806639737
2031-04_2031-05,2031-04,TTF_M/Brent_M,days_to_expiry,"(730, 1095]",201,0.26354858405417564,0.17159188383794155
2031-04_2031-05,2031-04,TTF_M/Brent_M,days_to_expiry,"(365, 730]",200,0.18470916426557574,0.28897191560716917
2031-04_2031-05,2031-04,TTF_M/Brent_M,days_to_expiry,"(180, 365]",104,0.08854414931264572,0.1477293412031237
2031-04_2031-05,2031-04,TTF_M/Brent_M,days_to_expiry,"(90, 180]",48,-0.0943264628252398,0.08164134977646513
2031-04_2031-05,2031-04,TTF_M/Brent_M,days_to_expiry,"(60, 90]",16,-0.4206367086415176,0.030901396551772833
2031-04_2031-05,2031-04,TTF_M/Brent_M,days_to_expiry,"(30, 60]",16,0.14376066145893115,0.01724196618502189
2031-04_2031-05,2031-04,TTF_M/Brent_M,days_to_expiry,"(0, 30]",16,0.6163957835279401,0.09425421458550884
2031-04_2031-05,2031-04,TTF_M/Brent_M,days_to_expiry,nan,4,,0.0037211006801542053
2031-04_2031-05,2031-04,TTF_M/Brent_M,month_pair,Apr/May,903,0.20286198139060158,1.0
2031-04_2031-05,2031-04,TTF_M/Brent_M,pooled,all,903,0.20286198139060158,1.0
2031-04_2031-05,2031-04,HH_M/Brent_M,year,2018,12,0.5280405820680483,0.004047057384454665
2031-04_2031-05,2031-04,HH_M/Brent_M,year,2019,63,0.21528530454553943,0.008297392739626834
2031-04_2031-05,2031-04,HH_M/Brent_M,year,2020,114,0.04400890232540363,0.05561674740421991
2031-04_2031-05,2031-04,HH_M/Brent_M,year,2021,164,0.08978965720597808,0.07324781491303528
2031-04_2031-05,2031-04,HH_M/Brent_M,year,2022,202,0.3841132573619933,0.35746118058865983
2031-04_2031-05,2031-04,HH_M/Brent_M,year,2023,161,0.29330968122106504,0.2009958828975189
2031-04_2031-05,2031-04,HH_M/Brent_M,year,2024,113,0.060883369997164684,0.1225539482960756
2031-04_2031-05,2031-04,HH_M/Brent_M,year,2025,62,0.07898582354652971,0.08842104648973477
2031-04_2031-05,2031-04,HH_M/Brent_M,year,2026,12,0.18937461126278396,0.08935892928667413
2031-04_2031-05,2031-04,HH_M/Brent_M,days_to_expiry,"(1460, 2200]",98,0.06471719404861023,0.03894774222074399
2031-04_2031-05,2031-04,HH_M/Brent_M,days_to_expiry,"(1095, 1460]",200,0.23513196831932703,0.09740140841398609
2031-04_2031-05,2031-04,HH_M/Brent_M,days_to_expiry,"(730, 1095]",201,0.24868356690705515,0.13098976868229384
2031-04_2031-05,2031-04,HH_M/Brent_M,days_to_expiry,"(365, 730]",200,0.28957597349552894,0.1673428259995175
2031-04_2031-05,2031-04,HH_M/Brent_M,days_to_expiry,"(180, 365]",104,0.38810462504415444,0.17842859204631872
2031-04_2031-05,2031-04,HH_M/Brent_M,days_to_expiry,"(90, 180]",48,0.2563097213331724,0.12179092040835181
2031-04_2031-05,2031-04,HH_M/Brent_M,days_to_expiry,"(60, 90]",16,-0.22346238679684374,0.09535264314054098
2031-04_2031-05,2031-04,HH_M/Brent_M,days_to_expiry,"(30, 60]",16,0.3741782538348758,0.0645782561931956
2031-04_2031-05,2031-04,HH_M/Brent_M,days_to_expiry,"(0, 30]",16,0.24233694994810015,0.09636012343521448
2031-04_2031-05,2031-04,HH_M/Brent_M,days_to_expiry,nan,4,,0.008807719459836825
2031-04_2031-05,2031-04,HH_M/Brent_M,month_pair,Apr/May,903,0.2277668498198935,1.0
2031-04_2031-05,2031-04,HH_M/Brent_M,pooled,all,903,0.2277668498198935,1.0
2031-05_2031-06,2031-05,TTF_M/TTF_M1,year,2018,13,0.9999028744644141,0.0028295738897363646
2031-05_2031-06,2031-05,TTF_M/TTF_M1,year,2019,64,0.9974512736777675,0.007331245039095217
2031-05_2031-06,2031-05,TTF_M/TTF_M1,year,2020,113,0.9953035099303349,0.01872890864661238
2031-05_2031-06,2031-05,TTF_M/TTF_M1,year,2021,166,0.9902153152593406,0.04531000628383589
2031-05_2031-06,2031-05,TTF_M/TTF_M1,year,2022,200,0.9957536601672466,0.5741626886064279
2031-05_2031-06,2031-05,TTF_M/TTF_M1,year,2023,166,0.9930853461606038,0.1749053616726231
2031-05_2031-06,2031-05,TTF_M/TTF_M1,year,2024,116,0.997995899224261,0.06323135808429574
2031-05_2031-06,2031-05,TTF_M/TTF_M1,year,2025,67,0.9990763729031072,0.04877825018484964
2031-05_2031-06,2031-05,TTF_M/TTF_M1,year,2026,16,0.9983027582992202,0.06472260759252373
2031-05_2031-06,2031-05,TTF_M/TTF_M1,days_to_expiry,"(1460, 2200]",115,0.9989384145368151,0.05085579150565299
2031-05_2031-06,2031-05,TTF_M/TTF_M1,days_to_expiry,"(1095, 1460]",203,0.9982225827613418,0.13612228673055804
2031-05_2031-06,2031-05,TTF_M/TTF_M1,days_to_expiry,"(730, 1095]",200,0.9904425994077956,0.1749454628207132
2031-05_2031-06,2031-05,TTF_M/TTF_M1,days_to_expiry,"(365, 730]",201,0.9929291361434871,0.26409780989380766
2031-05_2031-06,2031-05,TTF_M/TTF_M1,days_to_expiry,"(180, 365]",102,0.9979494740431036,0.17475519242055404
2031-05_2031-06,2031-05,TTF_M/TTF_M1,days_to_expiry,"(90, 180]",48,0.9993325232537081,0.07134277812047148
2031-05_2031-06,2031-05,TTF_M/TTF_M1,days_to_expiry,"(60, 90]",16,0.9994956882052496,0.027973329070683537
2031-05_2031-06,2031-05,TTF_M/TTF_M1,days_to_expiry,"(30, 60]",17,0.9985836762923772,0.06578756849820423
2031-05_2031-06,2031-05,TTF_M/TTF_M1,days_to_expiry,"(0, 30]",15,0.9996280077977532,0.029975787367930468
2031-05_2031-06,2031-05,TTF_M/TTF_M1,days_to_expiry,nan,4,,0.004143993571424361
2031-05_2031-06,2031-05,TTF_M/TTF_M1,month_pair,May/Jun,921,0.9955946481668606,1.0
2031-05_2031-06,2031-05,TTF_M/TTF_M1,pooled,all,921,0.9955946481668606,1.0
2031-05_2031-06,2031-05,HH_M/HH_M1,year,2018,13,0.9992565237646668,0.001734080409890967
2031-05_2031-06,2031-05,HH_M/HH_M1,year,2019,64,0.9994290894420019,0.0065925741022795975
2031-05_2031-06,2031-05,HH_M/HH_M1,year,2020,113,0.9975267697165383,0.01905117929266439
2031-05_2031-06,2031-05,HH_M/HH_M1,year,2021,166,0.9950355577195795,0.03754840523107509
2031-05_2031-06,2031-05,HH_M/HH_M1,year,2022,200,0.9990613653003048,0.3465517918008999
2031-05_2031-06,2031-05,HH_M/HH_M1,year,2023,166,0.9942133811223622,0.24675145144504318
2031-05_2031-06,2031-05,HH_M/HH_M1,year,2024,116,0.9837169779959859,0.11134171425246711
2031-05_2031-06,2031-05,HH_M/HH_M1,year,2025,67,0.9957133212395772,0.11169291335308615
2031-05_2031-06,2031-05,HH_M/HH_M1,year,2026,16,0.9970612311586343,0.11873589011259374
2031-05_2031-06,2031-05,HH_M/HH_M1,days_to_expiry,"(1460, 2200]",115,0.9996730495104788,0.036120876321749006
2031-05_2031-06,2031-05,HH_M/HH_M1,days_to_expiry,"(1095, 1460]",203,0.9982252108544366,0.08026769013937111
2031-05_2031-06,2031-05,HH_M/HH_M1,days_to_expiry,"(730, 1095]",200,0.9949817954796674,0.11080049866138272
2031-05_2031-06,2031-05,HH_M/HH_M1,days_to_expiry,"(365, 730]",201,0.9965149749034931,0.16283183045285504
2031-05_2031-06,2031-05,HH_M/HH_M1,days_to_expiry,"(180, 365]",102,0.9972343899308364,0.14903609297690162
2031-05_2031-06,2031-05,HH_M/HH_M1,days_to_expiry,"(90, 180]",48,0.9979872408783848,0.19794119426067325
2031-05_2031-06,2031-05,HH_M/HH_M1,days_to_expiry,"(60, 90]",16,0.998045023337256,0.12373223390195745
2031-05_2031-06,2031-05,HH_M/HH_M1,days_to_expiry,"(30, 60]",17,0.9904236817203408,0.07244799583436536
2031-05_2031-06,2031-05,HH_M/HH_M1,days_to_expiry,"(0, 30]",15,0.9834123768987169,0.05914073535590144
2031-05_2031-06,2031-05,HH_M/HH_M1,days_to_expiry,nan,4,,0.007680852094843072
2031-05_2031-06,2031-05,HH_M/HH_M1,month_pair,May/Jun,921,0.9944749434864875,1.0
2031-05_2031-06,2031-05,HH_M/HH_M1,pooled,all,921,0.9944749434864875,1.0
2031-05_2031-06,2031-05,Brent_M/Brent_M1,year,2018,13,0.9997388710025598,0.013291369469548099
2031-05_2031-06,2031-05,Brent_M/Brent_M1,year,2019,64,0.9997954852712746,0.02066945935208157
2031-05_2031-06,2031-05,Brent_M/Brent_M1,year,2020,113,0.9998893521381262,0.16210801729195942
2031-05_2031-06,2031-05,Brent_M/Brent_M1,year,2021,166,0.9998261386287459,0.13903183329795143
2031-05_2031-06,2031-05,Brent_M/Brent_M1,year,2022,200,0.9997027465493981,0.25189293892859266
2031-05_2031-06,2031-05,Brent_M/Brent_M1,year,2023,166,0.9998039351687616,0.17107084556070878
2031-05_2031-06,2031-05,Brent_M/Brent_M1,year,2024,116,0.9998514094288222,0.08182692056809324
2031-05_2031-06,2031-05,Brent_M/Brent_M1,year,2025,67,0.9997583803484773,0.07828956263391369
2031-05_2031-06,2031-05,Brent_M/Brent_M1,year,2026,16,0.9858907537266914,0.081819052897151
2031-05_2031-06,2031-05,Brent_M/Brent_M1,days_to_expiry,"(1460, 2200]",115,0.9998615386933247,0.10298040832875796
2031-05_2031-06,2031-05,Brent_M/Brent_M1,days_to_expiry,"(1095, 1460]",203,0.9997884619866548,0.17287931274590626
2031-05_2031-06,2031-05,Brent_M/Brent_M1,days_to_expiry,"(730, 1095]",200,0.9997744270202207,0.1626415563122301
2031-05_2031-06,2031-05,Brent_M/Brent_M1,days_to_expiry,"(365, 730]",201,0.9998360689492654,0.2261881131468108
2031-05_2031-06,2031-05,Brent_M/Brent_M1,days_to_expiry,"(180, 365]",102,0.9998128959162879,0.10900664689471744
2031-05_2031-06,2031-05,Brent_M/Brent_M1,days_to_expiry,"(90, 180]",48,0.99975821942274,0.06332043687513532
2031-05_2031-06,2031-05,Brent_M/Brent_M1,days_to_expiry,"(60, 90]",16,0.9997982432098992,0.027961186039399094
2031-05_2031-06,2031-05,Brent_M/Brent_M1,days_to_expiry,"(30, 60]",17,0.9971185182742243,0.055030283611330374
2031-05_2031-06,2031-05,Brent_M/Brent_M1,days_to_expiry,"(0, 30]",15,0.981740115965752,0.05883489152451506
2031-05_2031-06,2031-05,Brent_M/Brent_M1,days_to_expiry,nan,4,,0.021157164521197515
2031-05_2031-06,2031-05,Brent_M/Brent_M1,month_pair,May/Jun,921,0.9980022684905782,1.0
2031-05_2031-06,2031-05,Brent_M/Brent_M1,pooled,all,921,0.9980022684905782,1.0
2031-05_2031-06,2031-05,TTF_M/HH_M,year,2018,13,0.12197889817023695,0.0025167715533249554
2031-05_2031-06,2031-05,TTF_M/HH_M,year,2019,64,0.07742543466771072,0.006929713830434208
2031-05_2031-06,2031-05,TTF_M/HH_M,year,2020,113,0.04152681123262114,0.018362518339202813
2031-05_2031-06,2031-05,TTF_M/HH_M,year,2021,166,0.11937654059069451,0.04219071695028582
2031-05_2031-06,2031-05,TTF_M/HH_M,year,2022,200,0.24094397806349502,0.5121014053280059
2031-05_2031-06,2031-05,TTF_M/HH_M,year,2023,166,0.19687156313813206,0.1953235362105122
2031-05_2031-06,2031-05,TTF_M/HH_M,year,2024,116,0.3517915949944275,0.0777448234946642
2031-05_2031-06,2031-05,TTF_M/HH_M,year,2025,67,-0.08383146340911889,0.06484021495437042
2031-05_2031-06,2031-05,TTF_M/HH_M,year,2026,16,0.3632867957018802,0.07999029933919943
2031-05_2031-06,2031-05,TTF_M/HH_M,days_to_expiry,"(1460, 2200]",115,0.09549528669321303,0.04609770739941467
2031-05_2031-06,2031-05,TTF_M/HH_M,days_to_expiry,"(1095, 1460]",203,0.04000778895312852,0.12123738400967841
2031-05_2031-06,2031-05,TTF_M/HH_M,days_to_expiry,"(730, 1095]",200,0.15675408870289534,0.15646661612781604
2031-05_2031-06,2031-05,TTF_M/HH_M,days_to_expiry,"(365, 730]",201,0.27243146906738036,0.2399984641717243
2031-05_2031-06,2031-05,TTF_M/HH_M,days_to_expiry,"(180, 365]",102,0.2588399154327573,0.16677068505353743
2031-05_2031-06,2031-05,TTF_M/HH_M,days_to_expiry,"(90, 180]",48,0.4964984484651912,0.10489982700508908
2031-05_2031-06,2031-05,TTF_M/HH_M,days_to_expiry,"(60, 90]",16,0.1646579110508613,0.05205083746187548
2031-05_2031-06,2031-05,TTF_M/HH_M,days_to_expiry,"(30, 60]",17,0.06057891614600597,0.06956478264026209
2031-05_2031-06,2031-05,TTF_M/HH_M,days_to_expiry,"(0, 30]",15,0.17579191202941222,0.03741666516419452
2031-05_2031-06,2031-05,TTF_M/HH_M,days_to_expiry,nan,4,,0.005497030966407945
2031-05_2031-06,2031-05,TTF_M/HH_M,month_pair,May/Jun,921,0.22586841035000355,1.0
2031-05_2031-06,2031-05,TTF_M/HH_M,pooled,all,921,0.22586841035000355,1.0
2031-05_2031-06,2031-05,TTF_M/Brent_M,year,2018,13,0.6326441674637732,0.004507030701069073
2031-05_2031-06,2031-05,TTF_M/Brent_M,year,2019,64,0.34495090104125226,0.009347617231482655
2031-05_2031-06,2031-05,TTF_M/Brent_M,year,2020,113,0.6372584840788214,0.04190661651209449
2031-05_2031-06,2031-05,TTF_M/Brent_M,year,2021,166,0.1362027269302364,0.05975551152425182
2031-05_2031-06,2031-05,TTF_M/Brent_M,year,2022,200,0.2013360407587062,0.5155852507073687
2031-05_2031-06,2031-05,TTF_M/Brent_M,year,2023,166,0.16382626870423658,0.17701417519288365
2031-05_2031-06,2031-05,TTF_M/Brent_M,year,2024,116,-0.021693343496248536,0.06718700918362087
2031-05_2031-06,2031-05,TTF_M/Brent_M,year,2025,67,0.5311682404731778,0.05413618078686812
2031-05_2031-06,2031-05,TTF_M/Brent_M,year,2026,16,0.6387199289743648,0.07056060816036087
2031-05_2031-06,2031-05,TTF_M/Brent_M,days_to_expiry,"(1460, 2200]",115,0.24964234701129387,0.05838953438904581
2031-05_2031-06,2031-05,TTF_M/Brent_M,days_to_expiry,"(1095, 1460]",203,0.22105740279974037,0.14115591220434734
2031-05_2031-06,2031-05,TTF_M/Brent_M,days_to_expiry,"(730, 1095]",200,0.23355386030767525,0.17066959573527607
2031-05_2031-06,2031-05,TTF_M/Brent_M,days_to_expiry,"(365, 730]",201,0.293877700819979,0.25897803869373753
2031-05_2031-06,2031-05,TTF_M/Brent_M,days_to_expiry,"(180, 365]",102,0.11310095894175733,0.16244129799649323
2031-05_2031-06,2031-05,TTF_M/Brent_M,days_to_expiry,"(90, 180]",48,-0.027464517386635138,0.07125219867843909
2031-05_2031-06,2031-05,TTF_M/Brent_M,days_to_expiry,"(60, 90]",16,0.09390780912557485,0.028243429820852758
2031-05_2031-06,2031-05,TTF_M/Brent_M,days_to_expiry,"(30, 60]",17,0.6428309181057187,0.065922326203068
2031-05_2031-06,2031-05,TTF_M/Brent_M,days_to_expiry,"(0, 30]",15,0.6080803104792394,0.035692648766393525
2031-05_2031-06,2031-05,TTF_M/Brent_M,days_to_expiry,nan,4,,0.007255017512346766
2031-05_2031-06,2031-05,TTF_M/Brent_M,month_pair,May/Jun,921,0.24838225052756552,1.0
2031-05_2031-06,2031-05,TTF_M/Brent_M,pooled,all,921,0.24838225052756552,1.0
2031-05_2031-06,2031-05,HH_M/Brent_M,year,2018,13,0.3892828099811751,0.006035837291668725
2031-05_2031-06,2031-05,HH_M/Brent_M,year,2019,64,0.18632311015411893,0.011698383994600471
2031-05_2031-06,2031-05,HH_M/Brent_M,year,2020,113,0.14117763351178092,0.07259572952152321
2031-05_2031-06,2031-05,HH_M/Brent_M,year,2021,166,0.18916267808806872,0.07464914029348588
2031-05_2031-06,2031-05,HH_M/Brent_M,year,2022,200,0.46049949124246264,0.3001956467192009
2031-05_2031-06,2031-05,HH_M/Brent_M,year,2023,166,0.20949999245121864,0.2180320277975
2031-05_2031-06,2031-05,HH_M/Brent_M,year,2024,116,0.01644734748787953,0.10503279849199067
2031-05_2031-06,2031-05,HH_M/Brent_M,year,2025,67,0.24622522626401525,0.09995061857696876
2031-05_2031-06,2031-05,HH_M/Brent_M,year,2026,16,0.3523006889423424,0.11180981731306136
2031-05_2031-06,2031-05,HH_M/Brent_M,days_to_expiry,"(1460, 2200]",115,0.1265032422024849,0.05977081992864582
2031-05_2031-06,2031-05,HH_M/Brent_M,days_to_expiry,"(1095, 1460]",203,0.21477283635608102,0.11240703194350404
2031-05_2031-06,2031-05,HH_M/Brent_M,days_to_expiry,"(730, 1095]",200,0.2665300884903299,0.12663903339716445
2031-05_2031-06,2031-05,HH_M/Brent_M,days_to_expiry,"(365, 730]",201,0.387753348727116,0.18401952908070657
2031-05_2031-06,2031-05,HH_M/Brent_M,days_to_expiry,"(180, 365]",102,0.3532293912207513,0.1315837905270639
2031-05_2031-06,2031-05,HH_M/Brent_M,days_to_expiry,"(90, 180]",48,0.2801449073351684,0.1503926247509417
2031-05_2031-06,2031-05,HH_M/Brent_M,days_to_expiry,"(60, 90]",16,0.43513515838336503,0.0883146692467215
2031-05_2031-06,2031-05,HH_M/Brent_M,days_to_expiry,"(30, 60]",17,0.1272755998262181,0.07003700246436706
2031-05_2031-06,2031-05,HH_M/Brent_M,days_to_expiry,"(0, 30]",15,0.2126192668444758,0.062103787631331044
2031-05_2031-06,2031-05,HH_M/Brent_M,days_to_expiry,nan,4,,0.014731711029553889
2031-05_2031-06,2031-05,HH_M/Brent_M,month_pair,May/Jun,921,0.2554836374954782,1.0
2031-05_2031-06,2031-05,HH_M/Brent_M,pooled,all,921,0.2554836374954782,1.0
2031-06_2031-07,2031-06,TTF_M/TTF_M1,year,2018,13,0.9998462696925903,0.0016564653457514014
2031-06_2031-07,2031-06,TTF_M/TTF_M1,year,2019,62,0.9991506594242017,0.0075038283200019665
2031-06_2031-07,2031-06,TTF_M/TTF_M1,year,2020,115,0.9959508478985336,0.02377659526248051
2031-06_2031-07,2031-06,TTF_M/TTF_M1,year,2021,163,0.9732493950908279,0.043835481022845964
2031-06_2031-07,2031-06,TTF_M/TTF_M1,year,2022,200,0.9909886297355465,0.589563917319729
2031-06_2031-07,2031-06,TTF_M/TTF_M1,year,2023,171,0.9914972241687191,0.14963359216326827
2031-06_2031-07,2031-06,TTF_M/TTF_M1,year,2024,121,0.9982980281584009,0.07784353221166751
2031-06_2031-07,2031-06,TTF_M/TTF_M1,year,2025,72,0.9987993633144514,0.038514815792282456
2031-06_2031-07,2031-06,TTF_M/TTF_M1,year,2026,20,0.9984372491635776,0.06767177256197303
2031-06_2031-07,2031-06,TTF_M/TTF_M1,days_to_expiry,"(1460, 2200]",133,0.9992610103923243,0.06597031895142619
2031-06_2031-07,2031-06,TTF_M/TTF_M1,days_to_expiry,"(1095, 1460]",201,0.9922345227969251,0.13185789817076699
2031-06_2031-07,2031-06,TTF_M/TTF_M1,days_to_expiry,"(730, 1095]",201,0.9764574953941608,0.191905592962941
2031-06_2031-07,2031-06,TTF_M/TTF_M1,days_to_expiry,"(365, 730]",199,0.9930563318029272,0.2537823380019387
2031-06_2031-07,2031-06,TTF_M/TTF_M1,days_to_expiry,"(180, 365]",103,0.9979410049568486,0.16163678764821496
2031-06_2031-07,2031-06,TTF_M/TTF_M1,days_to_expiry,"(90, 180]",48,0.9997362509875661,0.0785248229289171
2031-06_2031-07,2031-06,TTF_M/TTF_M1,days_to_expiry,"(60, 90]",16,0.9983276107388347,0.05386468124070183
2031-06_2031-07,2031-06,TTF_M/TTF_M1,days_to_expiry,"(30, 60]",16,0.9995856785140024,0.03138575106827782
2031-06_2031-07,2031-06,TTF_M/TTF_M1,days_to_expiry,"(0, 30]",16,0.99971425092203,0.017891365071242858
2031-06_2031-07,2031-06,TTF_M/TTF_M1,days_to_expiry,nan,4,,0.013180443955572746
2031-06_2031-07,2031-06,TTF_M/TTF_M1,month_pair,Jun/Jul,937,0.9921823938480693,1.0
2031-06_2031-07,2031-06,TTF_M/TTF_M1,pooled,all,937,0.9921823938480693,1.0
2031-06_2031-07,2031-06,HH_M/HH_M1,year,2018,13,0.9993245178259675,0.0015865418476931317
2031-06_2031-07,2031-06,HH_M/HH_M1,year,2019,62,0.9994651017624173,0.004077136935332498
2031-06_2031-07,2031-06,HH_M/HH_M1,year,2020,115,0.9976605733768108,0.023045785841508386
2031-06_2031-07,2031-06,HH_M/HH_M1,year,2021,163,0.9970116154571478,0.0424571974124138
2031-06_2031-07,2031-06,HH_M/HH_M1,year,2022,200,0.9995061230705613,0.3982265908872832
2031-06_2031-07,2031-06,HH_M/HH_M1,year,2023,171,0.9875981609654109,0.20025069743304755
2031-06_2031-07,2031-06,HH_M/HH_M1,year,2024,121,0.9846864458241288,0.1066732779631078
2031-06_2031-07,2031-06,HH_M/HH_M1,year,2025,72,0.993565860360621,0.12455509064555924
2031-06_2031-07,2031-06,HH_M/HH_M1,year,2026,20,0.9879396172105859,0.09912768103405434
2031-06_2031-07,2031-06,HH_M/HH_M1,days_to_expiry,"(1460, 2200]",133,0.9998488873719846,0.04177378199643082
2031-06_2031-07,2031-06,HH_M/HH_M1,days_to_expiry,"(1095, 1460]",201,0.9989224603067937,0.07964142987662542
2031-06_2031-07,2031-06,HH_M/HH_M1,days_to_expiry,"(730, 1095]",201,0.9970371770557983,0.1111563145275762
2031-06_2031-07,2031-06,HH_M/HH_M1,days_to_expiry,"(365, 730]",199,0.9977130889168053,0.18674062716648585
2031-06_2031-07,2031-06,HH_M/HH_M1,days_to_expiry,"(180, 365]",103,0.9977054232555386,0.17108273548335115
2031-06_2031-07,2031-06,HH_M/HH_M1,days_to_expiry,"(90, 180]",48,0.9951623428930093,0.22981069703848173
2031-06_2031-07,2031-06,HH_M/HH_M1,days_to_expiry,"(60, 90]",16,0.9880270308324579,0.04445294425351825
2031-06_2031-07,2031-06,HH_M/HH_M1,days_to_expiry,"(30, 60]",16,0.9768195614088582,0.04248112522632757
2031-06_2031-07,2031-06,HH_M/HH_M1,days_to_expiry,"(0, 30]",16,0.9824643753613059,0.06644865887210577
2031-06_2031-07,2031-06,HH_M/HH_M1,days_to_expiry,nan,4,,0.026411685559097134
2031-06_2031-07,2031-06,HH_M/HH_M1,month_pair,Jun/Jul,937,0.991963625583719,1.0
2031-06_2031-07,2031-06,HH_M/HH_M1,pooled,all,937,0.991963625583719,1.0
2031-06_2031-07,2031-06,Brent_M/Brent_M1,year,2018,13,0.9997953262958093,0.016041788970675153
2031-06_2031-07,2031-06,Brent_M/Brent_M1,year,2019,62,0.9996518041465403,0.01146847963009416
2031-06_2031-07,2031-06,Brent_M/Brent_M1,year,2020,115,0.9997797310216177,0.0832767078618652
2031-06_2031-07,2031-06,Brent_M/Brent_M1,year,2021,163,0.9997440434670658,0.11955393329531451
2031-06_2031-07,2031-06,Brent_M/Brent_M1,year,2022,200,0.999733810996422,0.29333200737532145
2031-06_2031-07,2031-06,Brent_M/Brent_M1,year,2023,171,0.9997895519703859,0.18017616391305663
2031-06_2031-07,2031-06,Brent_M/Brent_M1,year,2024,121,0.9997857175169897,0.09393536119755745
2031-06_2031-07,2031-06,Brent_M/Brent_M1,year,2025,72,0.9996933799441612,0.10019085177693288
2031-06_2031-07,2031-06,Brent_M/Brent_M1,year,2026,20,0.9926470490032205,0.10202470597918252
2031-06_2031-07,2031-06,Brent_M/Brent_M1,days_to_expiry,"(1460, 2200]",133,0.9998162848752578,0.09048536675786922
2031-06_2031-07,2031-06,Brent_M/Brent_M1,days_to_expiry,"(1095, 1460]",201,0.9997270309523039,0.12829411580732708
2031-06_2031-07,2031-06,Brent_M/Brent_M1,days_to_expiry,"(730, 1095]",201,0.9997253652626528,0.14831065852241904
2031-06_2031-07,2031-06,Brent_M/Brent_M1,days_to_expiry,"(365, 730]",199,0.9998012175467986,0.21924474814789005
2031-06_2031-07,2031-06,Brent_M/Brent_M1,days_to_expiry,"(180, 365]",103,0.9998247416414464,0.17233384859157647
2031-06_2031-07,2031-06,Brent_M/Brent_M1,days_to_expiry,"(90, 180]",48,0.999664391242915,0.05830425703284185
2031-06_2031-07,2031-06,Brent_M/Brent_M1,days_to_expiry,"(60, 90]",16,0.9979083821858266,0.05685491014237328
2031-06_2031-07,2031-06,Brent_M/Brent_M1,days_to_expiry,"(30, 60]",16,0.9886911919513187,0.05990906018729801
2031-06_2031-07,2031-06,Brent_M/Brent_M1,days_to_expiry,"(0, 30]",16,0.99601647260089,0.038294644066000014
2031-06_2031-07,2031-06,Brent_M/Brent_M1,days_to_expiry,nan,4,,0.027968390744404967
2031-06_2031-07,2031-06,Brent_M/Brent_M1,month_pair,Jun/Jul,937,0.9983490568321544,1.0
2031-06_2031-07,2031-06,Brent_M/Brent_M1,pooled,all,937,0.9983490568321544,1.0
2031-06_2031-07,2031-06,TTF_M/HH_M,year,2018,13,-0.2322443080639319,0.0016009560147554772
2031-06_2031-07,2031-06,TTF_M/HH_M,year,2019,62,0.041485147385122885,0.006577884895937391
2031-06_2031-07,2031-06,TTF_M/HH_M,year,2020,115,0.12719252473720938,0.02318533729777559
2031-06_2031-07,2031-06,TTF_M/HH_M,year,2021,163,0.20018474391150443,0.04324233583291594
2031-06_2031-07,2031-06,TTF_M/HH_M,year,2022,200,0.0333273834331676,0.5355874979847731
2031-06_2031-07,2031-06,TTF_M/HH_M,year,2023,171,0.09554869521545595,0.16511361696236582
2031-06_2031-07,2031-06,TTF_M/HH_M,year,2024,121,0.1377624362476667,0.08711055699528336
2031-06_2031-07,2031-06,TTF_M/HH_M,year,2025,72,-0.06938119888272647,0.05939141996075324
2031-06_2031-07,2031-06,TTF_M/HH_M,year,2026,20,0.3643912489012121,0.07819039405544001
2031-06_2031-07,2031-06,TTF_M/HH_M,days_to_expiry,"(1460, 2200]",133,0.09796541008495434,0.05887730121989699
2031-06_2031-07,2031-06,TTF_M/HH_M,days_to_expiry,"(1095, 1460]",201,-0.01078936784319874,0.11868791687463022
2031-06_2031-07,2031-06,TTF_M/HH_M,days_to_expiry,"(730, 1095]",201,0.020880986263992974,0.17035162362208978
2031-06_2031-07,2031-06,TTF_M/HH_M,days_to_expiry,"(365, 730]",199,0.08730010626113822,0.23466517679927879
2031-06_2031-07,2031-06,TTF_M/HH_M,days_to_expiry,"(180, 365]",103,-0.013031436466098379,0.16314808620944504
2031-06_2031-07,2031-06,TTF_M/HH_M,days_to_expiry,"(90, 180]",48,0.30035934609517356,0.1168402559022128
2031-06_2031-07,2031-06,TTF_M/HH_M,days_to_expiry,"(60, 90]",16,0.08601902598524441,0.05371903119883526
2031-06_2031-07,2031-06,TTF_M/HH_M,days_to_expiry,"(30, 60]",16,-0.001752247087775159,0.03480081734068144
2031-06_2031-07,2031-06,TTF_M/HH_M,days_to_expiry,"(0, 30]",16,0.08946651046886826,0.03129687148034857
2031-06_2031-07,2031-06,TTF_M/HH_M,days_to_expiry,nan,4,,0.017612919352581118
2031-06_2031-07,2031-06,TTF_M/HH_M,month_pair,Jun/Jul,937,0.10417242205137307,1.0
2031-06_2031-07,2031-06,TTF_M/HH_M,pooled,all,937,0.10417242205137307,1.0
2031-06_2031-07,2031-06,TTF_M/Brent_M,year,2018,13,0.42038223598620195,0.0036669978870071825
2031-06_2031-07,2031-06,TTF_M/Brent_M,year,2019,62,0.5876202169955462,0.007990755411631339
2031-06_2031-07,2031-06,TTF_M/Brent_M,year,2020,115,0.6076640836090744,0.03210354510245555
2031-06_2031-07,2031-06,TTF_M/Brent_M,year,2021,163,0.05824880520127656,0.05481072059055527
2031-06_2031-07,2031-06,TTF_M/Brent_M,year,2022,200,-0.08519634709917127,0.5412860803100442
2031-06_2031-07,2031-06,TTF_M/Brent_M,year,2023,171,0.1083142416396896,0.15581570405654177
2031-06_2031-07,2031-06,TTF_M/Brent_M,year,2024,121,0.11419179532318531,0.08081603346952501
2031-06_2031-07,2031-06,TTF_M/Brent_M,year,2025,72,0.40808387597043333,0.04790704163083161
2031-06_2031-07,2031-06,TTF_M/Brent_M,year,2026,20,0.6344331027896696,0.0756031215414079
2031-06_2031-07,2031-06,TTF_M/Brent_M,days_to_expiry,"(1460, 2200]",133,0.2729361872908573,0.06835778272818302
2031-06_2031-07,2031-06,TTF_M/Brent_M,days_to_expiry,"(1095, 1460]",201,0.1516110950452789,0.1312682582377725
2031-06_2031-07,2031-06,TTF_M/Brent_M,days_to_expiry,"(730, 1095]",201,0.09731085375870477,0.18369341931642735
2031-06_2031-07,2031-06,TTF_M/Brent_M,days_to_expiry,"(365, 730]",199,0.057805437093066715,0.24683234679001528
2031-06_2031-07,2031-06,TTF_M/Brent_M,days_to_expiry,"(180, 365]",103,-0.014370815503825074,0.16366633007826248
2031-06_2031-07,2031-06,TTF_M/Brent_M,days_to_expiry,"(90, 180]",48,-0.10062815922107028,0.07640898135521035
2031-06_2031-07,2031-06,TTF_M/Brent_M,days_to_expiry,"(60, 90]",16,0.5999793587028789,0.05611503993642746
2031-06_2031-07,2031-06,TTF_M/Brent_M,days_to_expiry,"(30, 60]",16,0.3802239767363179,0.03632094937515286
2031-06_2031-07,2031-06,TTF_M/Brent_M,days_to_expiry,"(0, 30]",16,0.37075279556318863,0.021165009345347083
2031-06_2031-07,2031-06,TTF_M/Brent_M,days_to_expiry,nan,4,,0.016171882837201564
2031-06_2031-07,2031-06,TTF_M/Brent_M,month_pair,Jun/Jul,937,0.12722507099766633,1.0
2031-06_2031-07,2031-06,TTF_M/Brent_M,pooled,all,937,0.12722507099766633,1.0
2031-06_2031-07,2031-06,HH_M/Brent_M,year,2018,13,0.24473871135423791,0.0064865428175881115
2031-06_2031-07,2031-06,HH_M/Brent_M,year,2019,62,0.09613493551013498,0.006463250899949325
2031-06_2031-07,2031-06,HH_M/Brent_M,year,2020,115,0.3038336521537244,0.042834926199391825
2031-06_2031-07,2031-06,HH_M/Brent_M,year,2021,163,-0.14208113078616338,0.06736255654177684
2031-06_2031-07,2031-06,HH_M/Brent_M,year,2022,200,0.33951364587664223,0.3466179638837891
2031-06_2031-07,2031-06,HH_M/Brent_M,year,2023,171,0.12442867721543732,0.19747385038807236
2031-06_2031-07,2031-06,HH_M/Brent_M,year,2024,121,-0.06809121349335673,0.10695546394609301
2031-06_2031-07,2031-06,HH_M/Brent_M,year,2025,72,0.3036760169311211,0.11667451854031577
2031-06_2031-07,2031-06,HH_M/Brent_M,year,2026,20,0.27498387146080555,0.10913092678302336
2031-06_2031-07,2031-06,HH_M/Brent_M,days_to_expiry,"(1460, 2200]",133,0.18348516190836694,0.056589301720487976
2031-06_2031-07,2031-06,HH_M/Brent_M,days_to_expiry,"(1095, 1460]",201,0.1498811168094405,0.09287431799348868
2031-06_2031-07,2031-06,HH_M/Brent_M,days_to_expiry,"(730, 1095]",201,0.22109161050971585,0.12041404233827738
2031-06_2031-07,2031-06,HH_M/Brent_M,days_to_expiry,"(365, 730]",199,0.2811329111447486,0.19245370514955557
2031-06_2031-07,2031-06,HH_M/Brent_M,days_to_expiry,"(180, 365]",103,0.31519277704600396,0.16755823007327342
2031-06_2031-07,2031-06,HH_M/Brent_M,days_to_expiry,"(90, 180]",48,0.1422952465098947,0.17388879194681203
2031-06_2031-07,2031-06,HH_M/Brent_M,days_to_expiry,"(60, 90]",16,0.08797725340535195,0.052182849621292555
2031-06_2031-07,2031-06,HH_M/Brent_M,days_to_expiry,"(30, 60]",16,0.3211692475535022,0.05110725870574829
2031-06_2031-07,2031-06,HH_M/Brent_M,days_to_expiry,"(0, 30]",16,0.11988928852000472,0.062261272806103475
2031-06_2031-07,2031-06,HH_M/Brent_M,days_to_expiry,nan,4,,0.030670229644960436
2031-06_2031-07,2031-06,HH_M/Brent_M,month_pair,Jun/Jul,937,0.20150300223375894,1.0
2031-06_2031-07,2031-06,HH_M/Brent_M,pooled,all,937,0.20150300223375894,1.0
2031-07_2031-08,2031-07,TTF_M/TTF_M1,year,2018,13,0.9999913077045022,0.00447017608962971
2031-07_2031-08,2031-07,TTF_M/TTF_M1,year,2019,62,0.9984127035969804,0.006886397342312351
2031-07_2031-08,2031-07,TTF_M/TTF_M1,year,2020,115,0.9984373168539568,0.019061546930150837
2031-07_2031-08,2031-07,TTF_M/TTF_M1,year,2021,163,0.9922673833864166,0.04867597217143583
2031-07_2031-08,2031-07,TTF_M/TTF_M1,year,2022,201,0.9984800742015227,0.5431321722570479
2031-07_2031-08,2031-07,TTF_M/TTF_M1,year,2023,174,0.9973521453261776,0.18266310776732272
2031-07_2031-08,2031-07,TTF_M/TTF_M1,year,2024,125,0.9989591876139333,0.06283854430111188
2031-07_2031-08,2031-07,TTF_M/TTF_M1,year,2025,75,0.9995205377929759,0.04794036731859865
2031-07_2031-08,2031-07,TTF_M/TTF_M1,year,2026,25,0.9992673739056998,0.08433171582238996
2031-07_2031-08,2031-07,TTF_M/TTF_M1,days_to_expiry,"(1460, 2200]",148,0.9997336752434299,0.0576468331136673
2031-07_2031-08,2031-07,TTF_M/TTF_M1,days_to_expiry,"(1095, 1460]",201,0.9967603229507256,0.13020247613999153
2031-07_2031-08,2031-07,TTF_M/TTF_M1,days_to_expiry,"(730, 1095]",200,0.9983849776122201,0.16854224637350176
2031-07_2031-08,2031-07,TTF_M/TTF_M1,days_to_expiry,"(365, 730]",201,0.9972560266404544,0.2336058453220954
2031-07_2031-08,2031-07,TTF_M/TTF_M1,days_to_expiry,"(180, 365]",103,0.9989083241420816,0.19739991767987788
2031-07_2031-08,2031-07,TTF_M/TTF_M1,days_to_expiry,"(90, 180]",48,0.9993842510494831,0.1203910443676561
2031-07_2031-08,2031-07,TTF_M/TTF_M1,days_to_expiry,"(60, 90]",16,0.9994104770380395,0.020692596127978684
2031-07_2031-08,2031-07,TTF_M/TTF_M1,days_to_expiry,"(30, 60]",16,0.998884273904901,0.018561969148518386
2031-07_2031-08,2031-07,TTF_M/TTF_M1,days_to_expiry,"(0, 30]",16,0.9984410569021369,0.04793713938183082
2031-07_2031-08,2031-07,TTF_M/TTF_M1,days_to_expiry,nan,4,,0.005019932344882064
2031-07_2031-08,2031-07,TTF_M/TTF_M1,month_pair,Jul/Aug,953,0.9981086712478332,1.0
2031-07_2031-08,2031-07,TTF_M/TTF_M1,pooled,all,953,0.9981086712478332,1.0
2031-07_2031-08,2031-07,HH_M/HH_M1,year,2018,13,0.9998787849216854,0.002280370190652024
2031-07_2031-08,2031-07,HH_M/HH_M1,year,2019,62,0.9997759398791175,0.004651493035593968
2031-07_2031-08,2031-07,HH_M/HH_M1,year,2020,115,0.9976919595355338,0.015906315416564135
2031-07_2031-08,2031-07,HH_M/HH_M1,year,2021,163,0.9990511049063234,0.04881844923599181
2031-07_2031-08,2031-07,HH_M/HH_M1,year,2022,201,0.9996847739092989,0.36504575642646486
2031-07_2031-08,2031-07,HH_M/HH_M1,year,2023,174,0.9967566432963789,0.18571329292091898
2031-07_2031-08,2031-07,HH_M/HH_M1,year,2024,125,0.9967679773248005,0.1442574871298269
2031-07_2031-08,2031-07,HH_M/HH_M1,year,2025,75,0.9935028625068933,0.16352838083227558
2031-07_2031-08,2031-07,HH_M/HH_M1,year,2026,25,0.9983545683997702,0.06979845481171171
2031-07_2031-08,2031-07,HH_M/HH_M1,days_to_expiry,"(1460, 2200]",148,0.9999531204037616,0.05760538619668595
2031-07_2031-08,2031-07,HH_M/HH_M1,days_to_expiry,"(1095, 1460]",201,0.9988965614367299,0.07962246258890117
2031-07_2031-08,2031-07,HH_M/HH_M1,days_to_expiry,"(730, 1095]",200,0.9985821991697925,0.11490466980315879
2031-07_2031-08,2031-07,HH_M/HH_M1,days_to_expiry,"(365, 730]",201,0.9993172252307942,0.217577223286867
2031-07_2031-08,2031-07,HH_M/HH_M1,days_to_expiry,"(180, 365]",103,0.9992585990996251,0.15032532665888784
2031-07_2031-08,2031-07,HH_M/HH_M1,days_to_expiry,"(90, 180]",48,0.999125400576831,0.19281800609501631
2031-07_2031-08,2031-07,HH_M/HH_M1,days_to_expiry,"(60, 90]",16,0.9953146044001988,0.034360925992714085
2031-07_2031-08,2031-07,HH_M/HH_M1,days_to_expiry,"(30, 60]",16,0.9933010256418273,0.03399274060639028
2031-07_2031-08,2031-07,HH_M/HH_M1,days_to_expiry,"(0, 30]",16,0.9955540661133265,0.08476171317572558
2031-07_2031-08,2031-07,HH_M/HH_M1,days_to_expiry,nan,4,,0.03403154559565292
2031-07_2031-08,2031-07,HH_M/HH_M1,month_pair,Jul/Aug,953,0.9970768405212703,1.0
2031-07_2031-08,2031-07,HH_M/HH_M1,pooled,all,953,0.9970768405212703,1.0
2031-07_2031-08,2031-07,Brent_M/Brent_M1,year,2018,13,0.9996627185046204,0.013887269957357853
2031-07_2031-08,2031-07,Brent_M/Brent_M1,year,2019,62,0.9996394765267212,0.010972155257452106
2031-07_2031-08,2031-07,Brent_M/Brent_M1,year,2020,115,0.9998965066276096,0.11347950789163819
2031-07_2031-08,2031-07,Brent_M/Brent_M1,year,2021,163,0.9998254736405525,0.13503413209702453
2031-07_2031-08,2031-07,Brent_M/Brent_M1,year,2022,201,0.9997824676741826,0.2726883458265852
2031-07_2031-08,2031-07,Brent_M/Brent_M1,year,2023,174,0.9997839268297383,0.16106111508678705
2031-07_2031-08,2031-07,Brent_M/Brent_M1,year,2024,125,0.9998417747284374,0.08888011681759245
2031-07_2031-08,2031-07,Brent_M/Brent_M1,year,2025,75,0.9998039772632777,0.12163024972658758
2031-07_2031-08,2031-07,Brent_M/Brent_M1,year,2026,25,0.9928332119278422,0.08236710733897512
2031-07_2031-08,2031-07,Brent_M/Brent_M1,days_to_expiry,"(1460, 2200]",148,0.9998254754100943,0.10184216328519857
2031-07_2031-08,2031-07,Brent_M/Brent_M1,days_to_expiry,"(1095, 1460]",201,0.9997948679837624,0.1437185564525524
2031-07_2031-08,2031-07,Brent_M/Brent_M1,days_to_expiry,"(730, 1095]",200,0.9997471225424828,0.13660004859246858
2031-07_2031-08,2031-07,Brent_M/Brent_M1,days_to_expiry,"(365, 730]",201,0.999853770495528,0.25139552626113654
2031-07_2031-08,2031-07,Brent_M/Brent_M1,days_to_expiry,"(180, 365]",103,0.999861159099803,0.1373654239204246
2031-07_2031-08,2031-07,Brent_M/Brent_M1,days_to_expiry,"(90, 180]",48,0.999295871719336,0.08101528987546414
2031-07_2031-08,2031-07,Brent_M/Brent_M1,days_to_expiry,"(60, 90]",16,0.9940251286491119,0.03881619108098187
2031-07_2031-08,2031-07,Brent_M/Brent_M1,days_to_expiry,"(30, 60]",16,0.9934187746470631,0.02874011671801672
2031-07_2031-08,2031-07,Brent_M/Brent_M1,days_to_expiry,"(0, 30]",16,0.9965926878898235,0.052471262940110265
2031-07_2031-08,2031-07,Brent_M/Brent_M1,days_to_expiry,nan,4,,0.028035420873646345
2031-07_2031-08,2031-07,Brent_M/Brent_M1,month_pair,Jul/Aug,953,0.9989027972007669,1.0
2031-07_2031-08,2031-07,Brent_M/Brent_M1,pooled,all,953,0.9989027972007669,1.0
2031-07_2031-08,2031-07,TTF_M/HH_M,year,2018,13,-0.39886871902583615,0.003983368688504893
2031-07_2031-08,2031-07,TTF_M/HH_M,year,2019,62,0.21557292697790525,0.006420425007002228
2031-07_2031-08,2031-07,TTF_M/HH_M,year,2020,115,0.09237683956573774,0.01850351213555609
2031-07_2031-08,2031-07,TTF_M/HH_M,year,2021,163,0.1854584032429423,0.04840520387136154
2031-07_2031-08,2031-07,TTF_M/HH_M,year,2022,201,0.0685175284390442,0.49968814120625143
2031-07_2031-08,2031-07,TTF_M/HH_M,year,2023,174,0.06269718266239305,0.18512814732234217
2031-07_2031-08,2031-07,TTF_M/HH_M,year,2024,125,0.12127940332279231,0.08069127643754498
2031-07_2031-08,2031-07,TTF_M/HH_M,year,2025,75,0.16765841078237909,0.0737428019734382
2031-07_2031-08,2031-07,TTF_M/HH_M,year,2026,25,0.0800713461836918,0.08343712335799852
2031-07_2031-08,2031-07,TTF_M/HH_M,days_to_expiry,"(1460, 2200]",148,0.11034249959874651,0.05735122332604963
2031-07_2031-08,2031-07,TTF_M/HH_M,days_to_expiry,"(1095, 1460]",201,-0.016326576048579372,0.11690725106543966
2031-07_2031-08,2031-07,TTF_M/HH_M,days_to_expiry,"(730, 1095]",200,0.08150989116000351,0.15466549561185175
2031-07_2031-08,2031-07,TTF_M/HH_M,days_to_expiry,"(365, 730]",201,0.10422406582323845,0.22815796181167775
2031-07_2031-08,2031-07,TTF_M/HH_M,days_to_expiry,"(180, 365]",103,0.16037514761520902,0.1877196072734743
2031-07_2031-08,2031-07,TTF_M/HH_M,days_to_expiry,"(90, 180]",48,0.00753454148058554,0.1381168999057774
2031-07_2031-08,2031-07,TTF_M/HH_M,days_to_expiry,"(60, 90]",16,0.12678834546756618,0.02365708695110606
2031-07_2031-08,2031-07,TTF_M/HH_M,days_to_expiry,"(30, 60]",16,-0.005314943414943907,0.02231524147609506
2031-07_2031-08,2031-07,TTF_M/HH_M,days_to_expiry,"(0, 30]",16,0.1732889705398729,0.058266664516182023
2031-07_2031-08,2031-07,TTF_M/HH_M,days_to_expiry,nan,4,,0.012842568062346408
2031-07_2031-08,2031-07,TTF_M/HH_M,month_pair,Jul/Aug,953,0.10327582524904115,1.0
2031-07_2031-08,2031-07,TTF_M/HH_M,pooled,all,953,0.10327582524904115,1.0
2031-07_2031-08,2031-07,TTF_M/Brent_M,year,2018,13,0.4979446843024555,0.005874944867010322
2031-07_2031-08,2031-07,TTF_M/Brent_M,year,2019,62,0.4000165783519941,0.007523375550723795
2031-07_2031-08,2031-07,TTF_M/Brent_M,year,2020,115,0.6098080697509936,0.03367432748487608
2031-07_2031-08,2031-07,TTF_M/Brent_M,year,2021,163,0.11372174431906892,0.061731799145808106
2031-07_2031-08,2031-07,TTF_M/Brent_M,year,2022,201,0.01678824909346178,0.49649082184839294
2031-07_2031-08,2031-07,TTF_M/Brent_M,year,2023,174,0.19646868362360484,0.18174762558136046
2031-07_2031-08,2031-07,TTF_M/Brent_M,year,2024,125,0.09341058683826872,0.06633053942343897
2031-07_2031-08,2031-07,TTF_M/Brent_M,year,2025,75,0.49170151170643234,0.05947712341995334
2031-07_2031-08,2031-07,TTF_M/Brent_M,year,2026,25,0.5109383740538068,0.08714944267843576
2031-07_2031-08,2031-07,TTF_M/Brent_M,days_to_expiry,"(1460, 2200]",148,0.219652671276455,0.06427146964032894
2031-07_2031-08,2031-07,TTF_M/Brent_M,days_to_expiry,"(1095, 1460]",201,0.21278715634686426,0.12966856479631086
2031-07_2031-08,2031-07,TTF_M/Brent_M,days_to_expiry,"(730, 1095]",200,0.16086968206193675,0.16116205490004715
2031-07_2031-08,2031-07,TTF_M/Brent_M,days_to_expiry,"(365, 730]",201,0.1500511157321084,0.23525414239780126
2031-07_2031-08,2031-07,TTF_M/Brent_M,days_to_expiry,"(180, 365]",103,-0.034370752341401835,0.18866256892813688
2031-07_2031-08,2031-07,TTF_M/Brent_M,days_to_expiry,"(90, 180]",48,0.3926545127345895,0.11686529380676687
2031-07_2031-08,2031-07,TTF_M/Brent_M,days_to_expiry,"(60, 90]",16,0.46962580001657644,0.023698788029453983
2031-07_2031-08,2031-07,TTF_M/Brent_M,days_to_expiry,"(30, 60]",16,0.32292550915977447,0.020668218185982665
2031-07_2031-08,2031-07,TTF_M/Brent_M,days_to_expiry,"(0, 30]",16,0.3028452811541817,0.051037555050102656
2031-07_2031-08,2031-07,TTF_M/Brent_M,days_to_expiry,nan,4,,0.0087113442650686
2031-07_2031-08,2031-07,TTF_M/Brent_M,month_pair,Jul/Aug,953,0.18517902044162848,1.0
2031-07_2031-08,2031-07,TTF_M/Brent_M,pooled,all,953,0.18517902044162848,1.0
2031-07_2031-08,2031-07,HH_M/Brent_M,year,2018,13,0.10525248726146338,0.006858251456484268
2031-07_2031-08,2031-07,HH_M/Brent_M,year,2019,62,0.095552652979246,0.007066357874359611
2031-07_2031-08,2031-07,HH_M/Brent_M,year,2020,115,0.18048095631099748,0.05469240393229938
2031-07_2031-08,2031-07,HH_M/Brent_M,year,2021,163,-0.004194204348516321,0.08227442885422194
2031-07_2031-08,2031-07,HH_M/Brent_M,year,2022,201,0.3563204292360097,0.3204183867591376
2031-07_2031-08,2031-07,HH_M/Brent_M,year,2023,174,0.1963103157577072,0.17418111819490084
2031-07_2031-08,2031-07,HH_M/Brent_M,year,2024,125,0.12436501872138375,0.12511452575479082
2031-07_2031-08,2031-07,HH_M/Brent_M,year,2025,75,0.4146605958037065,0.15126500783953575
2031-07_2031-08,2031-07,HH_M/Brent_M,year,2026,25,-0.09505499101617107,0.07812951933426991
2031-07_2031-08,2031-07,HH_M/Brent_M,days_to_expiry,"(1460, 2200]",148,0.28529184508639116,0.07378234838745183
2031-07_2031-08,2031-07,HH_M/Brent_M,days_to_expiry,"(1095, 1460]",201,0.12536851664313328,0.10345081149876499
2031-07_2031-08,2031-07,HH_M/Brent_M,days_to_expiry,"(730, 1095]",200,0.22182018073342397,0.12174211902497709
2031-07_2031-08,2031-07,HH_M/Brent_M,days_to_expiry,"(365, 730]",201,0.35809993441893195,0.22711901352825684
2031-07_2031-08,2031-07,HH_M/Brent_M,days_to_expiry,"(180, 365]",103,0.0527931616578339,0.14367385884699047
2031-07_2031-08,2031-07,HH_M/Brent_M,days_to_expiry,"(90, 180]",48,0.15385447870029328,0.14853907529579743
2031-07_2031-08,2031-07,HH_M/Brent_M,days_to_expiry,"(60, 90]",16,0.39985539419256333,0.03625451338499433
2031-07_2031-08,2031-07,HH_M/Brent_M,days_to_expiry,"(30, 60]",16,-0.13542263104296326,0.03389933754585919
2031-07_2031-08,2031-07,HH_M/Brent_M,days_to_expiry,"(0, 30]",16,0.3181117585046552,0.07480125017078357
2031-07_2031-08,2031-07,HH_M/Brent_M,days_to_expiry,nan,4,,0.036737672316124376
2031-07_2031-08,2031-07,HH_M/Brent_M,month_pair,Jul/Aug,953,0.22460132613354652,1.0
2031-07_2031-08,2031-07,HH_M/Brent_M,pooled,all,953,0.22460132613354652,1.0
2031-08_2031-09,2031-08,TTF_M/TTF_M1,year,2018,13,0.999991469487703,0.0038772622737301607
2031-08_2031-09,2031-08,TTF_M/TTF_M1,year,2019,63,0.9955206948421843,0.005564769965628842
2031-08_2031-09,2031-08,TTF_M/TTF_M1,year,2020,114,0.9958274998278972,0.017768094900638978
2031-08_2031-09,2031-08,TTF_M/TTF_M1,year,2021,164,0.9923840699808999,0.04274680169288511
2031-08_2031-09,2031-08,TTF_M/TTF_M1,year,2022,200,0.9987088714212211,0.5584131455812885
2031-08_2031-09,2031-08,TTF_M/TTF_M1,year,2023,179,0.9969254952012213,0.18810710352274942
2031-08_2031-09,2031-08,TTF_M/TTF_M1,year,2024,129,0.9984497979384113,0.058079042026135126
2031-08_2031-09,2031-08,TTF_M/TTF_M1,year,2025,79,0.9994480972510433,0.05485096398391768
2031-08_2031-09,2031-08,TTF_M/TTF_M1,year,2026,29,0.9990395697319401,0.07059281605302606
2031-08_2031-09,2031-08,TTF_M/TTF_M1,days_to_expiry,"(1460, 2200]",165,0.9960848836513488,0.051664982789046084
2031-08_2031-09,2031-08,TTF_M/TTF_M1,days_to_expiry,"(1095, 1460]",201,0.9967735307106914,0.1287346382847682
2031-08_2031-09,2031-08,TTF_M/TTF_M1,days_to_expiry,"(730, 1095]",202,0.998635116429365,0.22214181324231524
2031-08_2031-09,2031-08,TTF_M/TTF_M1,days_to_expiry,"(365, 730]",199,0.9982098494701711,0.24837805039348876
2031-08_2031-09,2031-08,TTF_M/TTF_M1,days_to_expiry,"(180, 365]",103,0.9996834447117589,0.15938578814382748
2031-08_2031-09,2031-08,TTF_M/TTF_M1,days_to_expiry,"(90, 180]",48,0.9990367706528532,0.10877081869633312
2031-08_2031-09,2031-08,TTF_M/TTF_M1,days_to_expiry,"(60, 90]",16,0.9967265364127404,0.015464294120445294
2031-08_2031-09,2031-08,TTF_M/TTF_M1,days_to_expiry,"(30, 60]",17,0.997070262933282,0.03517904966463236
2031-08_2031-09,2031-08,TTF_M/TTF_M1,days_to_expiry,"(0, 30]",15,0.9978587216623237,0.029094692535251446
2031-08_2031-09,2031-08,TTF_M/TTF_M1,days_to_expiry,nan,4,,0.001185872129891989
2031-08_2031-09,2031-08,TTF_M/TTF_M1,month_pair,Aug/Sep,970,0.998118516598294,1.0
2031-08_2031-09,2031-08,TTF_M/TTF_M1,pooled,all,970,0.998118516598294,1.0
2031-08_2031-09,2031-08,HH_M/HH_M1,year,2018,13,0.9991751662876031,0.002283074887465626
2031-08_2031-09,2031-08,HH_M/HH_M1,year,2019,63,0.999270988176052,0.005334630404677871
2031-08_2031-09,2031-08,HH_M/HH_M1,year,2020,114,0.9975596208300073,0.009801256249431057
2031-08_2031-09,2031-08,HH_M/HH_M1,year,2021,164,0.9986264978851664,0.043351175433660225
2031-08_2031-09,2031-08,HH_M/HH_M1,year,2022,200,0.9997645188564616,0.36264677379793414
2031-08_2031-09,2031-08,HH_M/HH_M1,year,2023,179,0.9929646124709668,0.20670612240229388
2031-08_2031-09,2031-08,HH_M/HH_M1,year,2024,129,0.993380937142493,0.16055623920879503
2031-08_2031-09,2031-08,HH_M/HH_M1,year,2025,79,0.9991561510284742,0.15573904314982265
2031-08_2031-09,2031-08,HH_M/HH_M1,year,2026,29,0.9963231690223695,0.05358168446591955
2031-08_2031-09,2031-08,HH_M/HH_M1,days_to_expiry,"(1460, 2200]",165,0.9998402861600418,0.05323676186153477
2031-08_2031-09,2031-08,HH_M/HH_M1,days_to_expiry,"(1095, 1460]",201,0.9994206215939397,0.08730246941980292
2031-08_2031-09,2031-08,HH_M/HH_M1,days_to_expiry,"(730, 1095]",202,0.9984433006723938,0.11052622807834264
2031-08_2031-09,2031-08,HH_M/HH_M1,days_to_expiry,"(365, 730]",199,0.9993805523394118,0.22289066227809542
2031-08_2031-09,2031-08,HH_M/HH_M1,days_to_expiry,"(180, 365]",103,0.9995758919314918,0.2071668035272089
2031-08_2031-09,2031-08,HH_M/HH_M1,days_to_expiry,"(90, 180]",48,0.9993238335178732,0.13087047606794125
2031-08_2031-09,2031-08,HH_M/HH_M1,days_to_expiry,"(60, 90]",16,0.9973648260953654,0.045138933312133
2031-08_2031-09,2031-08,HH_M/HH_M1,days_to_expiry,"(30, 60]",17,0.9985416431661172,0.0674586913456337
2031-08_2031-09,2031-08,HH_M/HH_M1,days_to_expiry,"(0, 30]",15,0.9956844401382668,0.04606118464406271
2031-08_2031-09,2031-08,HH_M/HH_M1,days_to_expiry,nan,4,,0.02934778946524466
2031-08_2031-09,2031-08,HH_M/HH_M1,month_pair,Aug/Sep,970,0.9967407155756399,1.0
2031-08_2031-09,2031-08,HH_M/HH_M1,pooled,all,970,0.9967407155756399,1.0
2031-08_2031-09,2031-08,Brent_M/Brent_M1,year,2018,13,0.9996476729599045,0.01375270870934939
2031-08_2031-09,2031-08,Brent_M/Brent_M1,year,2019,63,0.9996306996485277,0.010828451432714005
2031-08_2031-09,2031-08,Brent_M/Brent_M1,year,2020,114,0.999904855399965,0.11644793764492158
2031-08_2031-09,2031-08,Brent_M/Brent_M1,year,2021,164,0.9998177991814963,0.15913569139440584
2031-08_2031-09,2031-08,Brent_M/Brent_M1,year,2022,200,0.9997629036723709,0.2743749274759169
2031-08_2031-09,2031-08,Brent_M/Brent_M1,year,2023,179,0.9997169988374222,0.1606550072826521
2031-08_2031-09,2031-08,Brent_M/Brent_M1,year,2024,129,0.9998299060256833,0.07124107934001442
2031-08_2031-09,2031-08,Brent_M/Brent_M1,year,2025,79,0.9996449503688455,0.09733917219153622
2031-08_2031-09,2031-08,Brent_M/Brent_M1,year,2026,29,0.9954792470801661,0.09622502452848965
2031-08_2031-09,2031-08,Brent_M/Brent_M1,days_to_expiry,"(1460, 2200]",165,0.9997594704641131,0.10908100964376434
2031-08_2031-09,2031-08,Brent_M/Brent_M1,days_to_expiry,"(1095, 1460]",201,0.9997827203493516,0.1627338509127431
2031-08_2031-09,2031-08,Brent_M/Brent_M1,days_to_expiry,"(730, 1095]",202,0.9997716534556019,0.16113284101107592
2031-08_2031-09,2031-08,Brent_M/Brent_M1,days_to_expiry,"(365, 730]",199,0.9998514392798713,0.22868860387366347
2031-08_2031-09,2031-08,Brent_M/Brent_M1,days_to_expiry,"(180, 365]",103,0.9998344014332883,0.12214754495003446
2031-08_2031-09,2031-08,Brent_M/Brent_M1,days_to_expiry,"(90, 180]",48,0.9981988214335749,0.11690695925105618
2031-08_2031-09,2031-08,Brent_M/Brent_M1,days_to_expiry,"(60, 90]",16,0.994564264957764,0.016378340088533172
2031-08_2031-09,2031-08,Brent_M/Brent_M1,days_to_expiry,"(30, 60]",17,0.9991342351081657,0.04149023261466608
2031-08_2031-09,2031-08,Brent_M/Brent_M1,days_to_expiry,"(0, 30]",15,0.9957932778638487,0.0328987176522629
2031-08_2031-09,2031-08,Brent_M/Brent_M1,days_to_expiry,nan,4,,0.008541900002200528
2031-08_2031-09,2031-08,Brent_M/Brent_M1,month_pair,Aug/Sep,970,0.9991264346117358,1.0
2031-08_2031-09,2031-08,Brent_M/Brent_M1,pooled,all,970,0.9991264346117358,1.0
2031-08_2031-09,2031-08,TTF_M/HH_M,year,2018,13,-0.4009694210597956,0.003558711482936979
2031-08_2031-09,2031-08,TTF_M/HH_M,year,2019,63,0.15034762472250812,0.005664836688485355
2031-08_2031-09,2031-08,TTF_M/HH_M,year,2020,114,-0.09553800479931762,0.016457993166461196
2031-08_2031-09,2031-08,TTF_M/HH_M,year,2021,164,0.2237586169430397,0.0430438467399988
2031-08_2031-09,2031-08,TTF_M/HH_M,year,2022,200,0.05764525964183143,0.518132405368141
2031-08_2031-09,2031-08,TTF_M/HH_M,year,2023,179,0.03926812402208336,0.19351454820743033
2031-08_2031-09,2031-08,TTF_M/HH_M,year,2024,129,0.2302557287873089,0.07851089818375505
2031-08_2031-09,2031-08,TTF_M/HH_M,year,2025,79,0.2197952556768278,0.07312753403643511
2031-08_2031-09,2031-08,TTF_M/HH_M,year,2026,29,0.28130513527710693,0.06798922612635619
2031-08_2031-09,2031-08,TTF_M/HH_M,days_to_expiry,"(1460, 2200]",165,0.14323808453829842,0.05186026084031822
2031-08_2031-09,2031-08,TTF_M/HH_M,days_to_expiry,"(1095, 1460]",201,0.14334384723308474,0.12158159767689418
2031-08_2031-09,2031-08,TTF_M/HH_M,days_to_expiry,"(730, 1095]",202,-0.02586308007248085,0.2000554858035713
2031-08_2031-09,2031-08,TTF_M/HH_M,days_to_expiry,"(365, 730]",199,0.060379600634992585,0.2411018672557567
2031-08_2031-09,2031-08,TTF_M/HH_M,days_to_expiry,"(180, 365]",103,0.2566289854018687,0.16618606978916833
2031-08_2031-09,2031-08,TTF_M/HH_M,days_to_expiry,"(90, 180]",48,0.015796680301955638,0.1133704845262688
2031-08_2031-09,2031-08,TTF_M/HH_M,days_to_expiry,"(60, 90]",16,0.3433933439626326,0.021167264790387004
2031-08_2031-09,2031-08,TTF_M/HH_M,days_to_expiry,"(30, 60]",17,0.22358667200106833,0.04349036127611027
2031-08_2031-09,2031-08,TTF_M/HH_M,days_to_expiry,"(0, 30]",15,0.3313868337642707,0.03301708772321688
2031-08_2031-09,2031-08,TTF_M/HH_M,days_to_expiry,nan,4,,0.008169520318308327
2031-08_2031-09,2031-08,TTF_M/HH_M,month_pair,Aug/Sep,970,0.11617039868825275,1.0
2031-08_2031-09,2031-08,TTF_M/HH_M,pooled,all,970,0.11617039868825275,1.0
2031-08_2031-09,2031-08,TTF_M/Brent_M,year,2018,13,0.49804020476349276,0.005193321940043339
2031-08_2031-09,2031-08,TTF_M/Brent_M,year,2019,63,0.3232558747651605,0.006439026996856249
2031-08_2031-09,2031-08,TTF_M/Brent_M,year,2020,114,0.6774033943433654,0.031521260500025274
2031-08_2031-09,2031-08,TTF_M/Brent_M,year,2021,164,0.21317114586636562,0.05897188377031661
2031-08_2031-09,2031-08,TTF_M/Brent_M,year,2022,200,0.07856721072319713,0.5158865922237091
2031-08_2031-09,2031-08,TTF_M/Brent_M,year,2023,179,0.14887925779199973,0.18631934690513885
2031-08_2031-09,2031-08,TTF_M/Brent_M,year,2024,129,-0.012903879989386474,0.05988289881650756
2031-08_2031-09,2031-08,TTF_M/Brent_M,year,2025,79,0.5428279061934247,0.06039221440129729
2031-08_2031-09,2031-08,TTF_M/Brent_M,year,2026,29,0.7017459603709664,0.07539345444610564
2031-08_2031-09,2031-08,TTF_M/Brent_M,days_to_expiry,"(1460, 2200]",165,0.25701084199706414,0.059472214582731456
2031-08_2031-09,2031-08,TTF_M/Brent_M,days_to_expiry,"(1095, 1460]",201,0.28428895239700247,0.13407279520417179
2031-08_2031-09,2031-08,TTF_M/Brent_M,days_to_expiry,"(730, 1095]",202,0.11882690029139216,0.21246197491414962
2031-08_2031-09,2031-08,TTF_M/Brent_M,days_to_expiry,"(365, 730]",199,0.09747640125502084,0.2439015316657835
2031-08_2031-09,2031-08,TTF_M/Brent_M,days_to_expiry,"(180, 365]",103,0.1598874132044177,0.15286193291350955
2031-08_2031-09,2031-08,TTF_M/Brent_M,days_to_expiry,"(90, 180]",48,0.5061297901669243,0.11060631455390589
2031-08_2031-09,2031-08,TTF_M/Brent_M,days_to_expiry,"(60, 90]",16,0.5069090345426921,0.015727520718756976
2031-08_2031-09,2031-08,TTF_M/Brent_M,days_to_expiry,"(30, 60]",17,0.27159348324762794,0.0382855185531854
2031-08_2031-09,2031-08,TTF_M/Brent_M,days_to_expiry,"(0, 30]",15,0.42116995971507554,0.030369651935509848
2031-08_2031-09,2031-08,TTF_M/Brent_M,days_to_expiry,nan,4,,0.0022405449582959458
2031-08_2031-09,2031-08,TTF_M/Brent_M,month_pair,Aug/Sep,970,0.21766352741285547,1.0
2031-08_2031-09,2031-08,TTF_M/Brent_M,pooled,all,970,0.21766352741285547,1.0
2031-08_2031-09,2031-08,HH_M/Brent_M,year,2018,13,0.09823772981954222,0.00690539804774501
2031-08_2031-09,2031-08,HH_M/Brent_M,year,2019,63,0.0009429460601134422,0.007465668205024415
2031-08_2031-09,2031-08,HH_M/Brent_M,year,2020,114,0.11964886576484933,0.05323364701707595
2031-08_2031-09,2031-08,HH_M/Brent_M,year,2021,164,0.062096729492361856,0.08970052199043722
2031-08_2031-09,2031-08,HH_M/Brent_M,year,2022,200,0.2905193733723922,0.3205742317533559
2031-08_2031-09,2031-08,HH_M/Brent_M,year,2023,179,0.21893144222742605,0.1877702682135879
2031-08_2031-09,2031-08,HH_M/Brent_M,year,2024,129,0.03567101982853991,0.12796745964594872
2031-08_2031-09,2031-08,HH_M/Brent_M,year,2025,79,0.08135992304712236,0.13198594208958755
2031-08_2031-09,2031-08,HH_M/Brent_M,year,2026,29,0.10034008695546745,0.0743968630372373
2031-08_2031-09,2031-08,HH_M/Brent_M,days_to_expiry,"(1460, 2200]",165,0.21738724883402846,0.07489538478465595
2031-08_2031-09,2031-08,HH_M/Brent_M,days_to_expiry,"(1095, 1460]",201,0.1543873030872887,0.11678374078039153
2031-08_2031-09,2031-08,HH_M/Brent_M,days_to_expiry,"(730, 1095]",202,0.303993967506733,0.12945526226455323
2031-08_2031-09,2031-08,HH_M/Brent_M,days_to_expiry,"(365, 730]",199,0.28119135137625595,0.22155558516080848
2031-08_2031-09,2031-08,HH_M/Brent_M,days_to_expiry,"(180, 365]",103,0.08541627023452342,0.16910782108522585
2031-08_2031-09,2031-08,HH_M/Brent_M,days_to_expiry,"(90, 180]",48,0.19468124376765222,0.12579113505870035
2031-08_2031-09,2031-08,HH_M/Brent_M,days_to_expiry,"(60, 90]",16,0.05043513728151068,0.03425021326352957
2031-08_2031-09,2031-08,HH_M/Brent_M,days_to_expiry,"(30, 60]",17,0.025939639467770406,0.05884393380341773
2031-08_2031-09,2031-08,HH_M/Brent_M,days_to_expiry,"(0, 30]",15,-0.2028486048508056,0.042928304482974335
2031-08_2031-09,2031-08,HH_M/Brent_M,days_to_expiry,nan,4,,0.026388619315742903
2031-08_2031-09,2031-08,HH_M/Brent_M,month_pair,Aug/Sep,970,0.16205291632248192,1.0
2031-08_2031-09,2031-08,HH_M/Brent_M,pooled,all,970,0.16205291632248192,1.0
2031-09_2031-10,2031-09,TTF_M/TTF_M1,year,2018,12,0.99960313568152,0.0015664201951463468
2031-09_2031-10,2031-09,TTF_M/TTF_M1,year,2019,63,0.9816201614138318,0.005831284794545461
2031-09_2031-10,2031-09,TTF_M/TTF_M1,year,2020,114,0.9799926657519925,0.01645351736049448
2031-09_2031-10,2031-09,TTF_M/TTF_M1,year,2021,164,0.9428279321517028,0.03434380543430432
2031-09_2031-10,2031-09,TTF_M/TTF_M1,year,2022,202,0.9801148268170274,0.5312915017241576
2031-09_2031-10,2031-09,TTF_M/TTF_M1,year,2023,182,0.9799005100080361,0.20417330694396002
2031-09_2031-10,2031-09,TTF_M/TTF_M1,year,2024,134,0.9942834516031297,0.06318631702345642
2031-09_2031-10,2031-09,TTF_M/TTF_M1,year,2025,83,0.9968906190711274,0.04897308058784945
2031-09_2031-10,2031-09,TTF_M/TTF_M1,year,2026,33,0.9996752348380805,0.09418076593608579
2031-09_2031-10,2031-09,TTF_M/TTF_M1,days_to_expiry,"(1460, 2200]",182,0.9816052362162868,0.10085595849025655
2031-09_2031-10,2031-09,TTF_M/TTF_M1,days_to_expiry,"(1095, 1460]",201,0.9477500306472069,0.159289984956016
2031-09_2031-10,2031-09,TTF_M/TTF_M1,days_to_expiry,"(730, 1095]",200,0.9841545285569112,0.17383381318028432
2031-09_2031-10,2031-09,TTF_M/TTF_M1,days_to_expiry,"(365, 730]",201,0.9931239593854011,0.23904111060746142
2031-09_2031-10,2031-09,TTF_M/TTF_M1,days_to_expiry,"(180, 365]",103,0.9960776413928265,0.12275349290012229
2031-09_2031-10,2031-09,TTF_M/TTF_M1,days_to_expiry,"(90, 180]",48,0.9987967783880451,0.11398003640630347
2031-09_2031-10,2031-09,TTF_M/TTF_M1,days_to_expiry,"(60, 90]",16,0.9902750490790456,0.021442401611536124
2031-09_2031-10,2031-09,TTF_M/TTF_M1,days_to_expiry,"(30, 60]",16,0.9746086344981579,0.023746630422997735
2031-09_2031-10,2031-09,TTF_M/TTF_M1,days_to_expiry,"(0, 30]",16,0.9817078377974345,0.03416759790697428
2031-09_2031-10,2031-09,TTF_M/TTF_M1,days_to_expiry,nan,4,,0.010888973518047835
2031-09_2031-10,2031-09,TTF_M/TTF_M1,month_pair,Sep/Oct,987,0.9827217582952762,1.0
2031-09_2031-10,2031-09,TTF_M/TTF_M1,pooled,all,987,0.9827217582952762,1.0
2031-09_2031-10,2031-09,HH_M/HH_M1,year,2018,12,0.9994431277484641,0.0008946155731793934
2031-09_2031-10,2031-09,HH_M/HH_M1,year,2019,63,0.9985908110156285,0.0045276012455868625
2031-09_2031-10,2031-09,HH_M/HH_M1,year,2020,114,0.998724876886831,0.01732059664271112
2031-09_2031-10,2031-09,HH_M/HH_M1,year,2021,164,0.9973712702363527,0.03406452183960212
2031-09_2031-10,2031-09,HH_M/HH_M1,year,2022,202,0.9996906883771843,0.37681326759935463
2031-09_2031-10,2031-09,HH_M/HH_M1,year,2023,182,0.9967924260189919,0.23138515002011195
2031-09_2031-10,2031-09,HH_M/HH_M1,year,2024,134,0.9963076412311195,0.1170333158777651
2031-09_2031-10,2031-09,HH_M/HH_M1,year,2025,83,0.9974426676092629,0.1476346785717825
2031-09_2031-10,2031-09,HH_M/HH_M1,year,2026,33,0.9983035072732158,0.07032625262990642
2031-09_2031-10,2031-09,HH_M/HH_M1,days_to_expiry,"(1460, 2200]",182,0.9997585412220429,0.06343295020365369
2031-09_2031-10,2031-09,HH_M/HH_M1,days_to_expiry,"(1095, 1460]",201,0.998756415802465,0.083369180860894
2031-09_2031-10,2031-09,HH_M/HH_M1,days_to_expiry,"(730, 1095]",200,0.9982189609766817,0.10886399022574883
2031-09_2031-10,2031-09,HH_M/HH_M1,days_to_expiry,"(365, 730]",201,0.9992812865958052,0.22008807841643405
2031-09_2031-10,2031-09,HH_M/HH_M1,days_to_expiry,"(180, 365]",103,0.9994667954710412,0.2517698252994191
2031-09_2031-10,2031-09,HH_M/HH_M1,days_to_expiry,"(90, 180]",48,0.9976582005242495,0.12513990942565859
2031-09_2031-10,2031-09,HH_M/HH_M1,days_to_expiry,"(60, 90]",16,0.997284024305425,0.03439496203382015
2031-09_2031-10,2031-09,HH_M/HH_M1,days_to_expiry,"(30, 60]",16,0.9967742090747783,0.07043401307628472
2031-09_2031-10,2031-09,HH_M/HH_M1,days_to_expiry,"(0, 30]",16,0.9901649939352998,0.028798174678244064
2031-09_2031-10,2031-09,HH_M/HH_M1,days_to_expiry,nan,4,,0.01370891577984298
2031-09_2031-10,2031-09,HH_M/HH_M1,month_pair,Sep/Oct,987,0.9977716252927171,1.0
2031-09_2031-10,2031-09,HH_M/HH_M1,pooled,all,987,0.9977716252927171,1.0
2031-09_2031-10,2031-09,Brent_M/Brent_M1,year,2018,12,0.9996146325074668,0.009939606035879069
2031-09_2031-10,2031-09,Brent_M/Brent_M1,year,2019,63,0.9996369282886105,0.01157117251318079
2031-09_2031-10,2031-09,Brent_M/Brent_M1,year,2020,114,0.9998892399171002,0.13832974622674968
2031-09_2031-10,2031-09,Brent_M/Brent_M1,year,2021,164,0.9997658009872851,0.12071255968166722
2031-09_2031-10,2031-09,Brent_M/Brent_M1,year,2022,202,0.9995991620197019,0.22764253435116644
2031-09_2031-10,2031-09,Brent_M/Brent_M1,year,2023,182,0.9997807411618912,0.1671016998144687
2031-09_2031-10,2031-09,Brent_M/Brent_M1,year,2024,134,0.9997091023707604,0.08795961359068748
2031-09_2031-10,2031-09,Brent_M/Brent_M1,year,2025,83,0.9996791768505686,0.10623267800327217
2031-09_2031-10,2031-09,Brent_M/Brent_M1,year,2026,33,0.9976471376977134,0.1305103897829284
2031-09_2031-10,2031-09,Brent_M/Brent_M1,days_to_expiry,"(1460, 2200]",182,0.9997868174749819,0.13324233102319094
2031-09_2031-10,2031-09,Brent_M/Brent_M1,days_to_expiry,"(1095, 1460]",201,0.9996779282315101,0.14862945082858217
2031-09_2031-10,2031-09,Brent_M/Brent_M1,days_to_expiry,"(730, 1095]",200,0.999645864343671,0.13705882057831428
2031-09_2031-10,2031-09,Brent_M/Brent_M1,days_to_expiry,"(365, 730]",201,0.9998324723504081,0.20919659015325245
2031-09_2031-10,2031-09,Brent_M/Brent_M1,days_to_expiry,"(180, 365]",103,0.9998319689686376,0.13018467427378108
2031-09_2031-10,2031-09,Brent_M/Brent_M1,days_to_expiry,"(90, 180]",48,0.9990316620467183,0.1280838958225559
2031-09_2031-10,2031-09,Brent_M/Brent_M1,days_to_expiry,"(60, 90]",16,0.9993797501757092,0.04252116386428989
2031-09_2031-10,2031-09,Brent_M/Brent_M1,days_to_expiry,"(30, 60]",16,0.9940877175990722,0.03076276141741863
2031-09_2031-10,2031-09,Brent_M/Brent_M1,days_to_expiry,"(0, 30]",16,0.9989281813088366,0.03725188402849627
2031-09_2031-10,2031-09,Brent_M/Brent_M1,days_to_expiry,nan,4,,0.0030684280101183617
2031-09_2031-10,2031-09,Brent_M/Brent_M1,month_pair,Sep/Oct,987,0.9991467293190914,1.0
2031-09_2031-10,2031-09,Brent_M/Brent_M1,pooled,all,987,0.9991467293190914,1.0
2031-09_2031-10,2031-09,TTF_M/HH_M,year,2018,12,0.0625808280532737,0.0014415067162520934
2031-09_2031-10,2031-09,TTF_M/HH_M,year,2019,63,0.12760750987407282,0.005669906678495376
2031-09_2031-10,2031-09,TTF_M/HH_M,year,2020,114,0.06226257771576488,0.01648705320896924
2031-09_2031-10,2031-09,TTF_M/HH_M,year,2021,164,0.03929136160523356,0.03382030100381106
2031-09_2031-10,2031-09,TTF_M/HH_M,year,2022,202,0.25925004390118983,0.48802014035147934
2031-09_2031-10,2031-09,TTF_M/HH_M,year,2023,182,0.13412123414877125,0.21712813018696633
2031-09_2031-10,2031-09,TTF_M/HH_M,year,2024,134,0.23597176101645762,0.07804637791744395
2031-09_2031-10,2031-09,TTF_M/HH_M,year,2025,83,0.10329815276083597,0.07110719543155031
2031-09_2031-10,2031-09,TTF_M/HH_M,year,2026,33,0.4043815607291706,0.08827938850503224
2031-09_2031-10,2031-09,TTF_M/HH_M,days_to_expiry,"(1460, 2200]",182,0.16117038872078623,0.08659470241220435
2031-09_2031-10,2031-09,TTF_M/HH_M,days_to_expiry,"(1095, 1460]",201,0.12790793415272214,0.14442633948217853
2031-09_2031-10,2031-09,TTF_M/HH_M,days_to_expiry,"(730, 1095]",200,0.1847255570668788,0.1581909770071746
2031-09_2031-10,2031-09,TTF_M/HH_M,days_to_expiry,"(365, 730]",201,0.19232231596435106,0.2310141636129115
2031-09_2031-10,2031-09,TTF_M/HH_M,days_to_expiry,"(180, 365]",103,0.37645711649771235,0.15196509541521744
2031-09_2031-10,2031-09,TTF_M/HH_M,days_to_expiry,"(90, 180]",48,0.2493325743392784,0.11710967703607109
2031-09_2031-10,2031-09,TTF_M/HH_M,days_to_expiry,"(60, 90]",16,0.24933785754884683,0.026793831606582257
2031-09_2031-10,2031-09,TTF_M/HH_M,days_to_expiry,"(30, 60]",16,0.27745256225353476,0.03645411728595073
2031-09_2031-10,2031-09,TTF_M/HH_M,days_to_expiry,"(0, 30]",16,0.3774963469695742,0.03613773872516575
2031-09_2031-10,2031-09,TTF_M/HH_M,days_to_expiry,nan,4,,0.011313357416543731
2031-09_2031-10,2031-09,TTF_M/HH_M,month_pair,Sep/Oct,987,0.22101504972215874,1.0
2031-09_2031-10,2031-09,TTF_M/HH_M,pooled,all,987,0.22101504972215874,1.0
2031-09_2031-10,2031-09,TTF_M/Brent_M,year,2018,12,0.3138767032300083,0.0028465438090591448
2031-09_2031-10,2031-09,TTF_M/Brent_M,year,2019,63,0.40136741168792617,0.006862793277010356
2031-09_2031-10,2031-09,TTF_M/Brent_M,year,2020,114,0.5888264993451562,0.0347432339053683
2031-09_2031-10,2031-09,TTF_M/Brent_M,year,2021,164,0.14805402790504674,0.047012641093101055
2031-09_2031-10,2031-09,TTF_M/Brent_M,year,2022,202,0.1278655542433379,0.47665735382727176
2031-09_2031-10,2031-09,TTF_M/Brent_M,year,2023,182,0.038511665280738704,0.20484207305472385
2031-09_2031-10,2031-09,TTF_M/Brent_M,year,2024,134,0.008650911813032125,0.0685893343512554
2031-09_2031-10,2031-09,TTF_M/Brent_M,year,2025,83,0.49495846153661466,0.0579927402822175
2031-09_2031-10,2031-09,TTF_M/Brent_M,year,2026,33,0.60932927089709,0.10045328639999253
2031-09_2031-10,2031-09,TTF_M/Brent_M,days_to_expiry,"(1460, 2200]",182,0.17897587684351823,0.09930525813908524
2031-09_2031-10,2031-09,TTF_M/Brent_M,days_to_expiry,"(1095, 1460]",201,0.18779560161507186,0.15998855409888624
2031-09_2031-10,2031-09,TTF_M/Brent_M,days_to_expiry,"(730, 1095]",200,0.26313217243008624,0.16723211875707053
2031-09_2031-10,2031-09,TTF_M/Brent_M,days_to_expiry,"(365, 730]",201,0.17227915919042436,0.2313085288141768
2031-09_2031-10,2031-09,TTF_M/Brent_M,days_to_expiry,"(180, 365]",103,-0.10476011222727945,0.12475163953750197
2031-09_2031-10,2031-09,TTF_M/Brent_M,days_to_expiry,"(90, 180]",48,0.4707318230061054,0.11648350681928338
2031-09_2031-10,2031-09,TTF_M/Brent_M,days_to_expiry,"(60, 90]",16,0.431823891168886,0.0267426305721758
2031-09_2031-10,2031-09,TTF_M/Brent_M,days_to_expiry,"(30, 60]",16,0.3928740208486322,0.027204821949669698
2031-09_2031-10,2031-09,TTF_M/Brent_M,days_to_expiry,"(0, 30]",16,0.2783931507258897,0.038043619118578675
2031-09_2031-10,2031-09,TTF_M/Brent_M,days_to_expiry,nan,4,,0.008939322193571636
2031-09_2031-10,2031-09,TTF_M/Brent_M,month_pair,Sep/Oct,987,0.208243337379141,1.0
2031-09_2031-10,2031-09,TTF_M/Brent_M,pooled,all,987,0.208243337379141,1.0
2031-09_2031-10,2031-09,HH_M/Brent_M,year,2018,12,0.4218267155113979,0.004286969389849191
2031-09_2031-10,2031-09,HH_M/Brent_M,year,2019,63,0.24052137564036466,0.00712704316830014
2031-09_2031-10,2031-09,HH_M/Brent_M,year,2020,114,0.13228077805616134,0.06288774221957867
2031-09_2031-10,2031-09,HH_M/Brent_M,year,2021,164,0.1282978485686155,0.06625220229436801
2031-09_2031-10,2031-09,HH_M/Brent_M,year,2022,202,0.4367630217212191,0.31280431055001695
2031-09_2031-10,2031-09,HH_M/Brent_M,year,2023,182,0.21842780156011798,0.2086117691328305
2031-09_2031-10,2031-09,HH_M/Brent_M,year,2024,134,0.008413838469074272,0.10946662365607866
2031-09_2031-10,2031-09,HH_M/Brent_M,year,2025,83,0.018844657326446995,0.1321751426960466
2031-09_2031-10,2031-09,HH_M/Brent_M,year,2026,33,0.15438906200004882,0.09638819689293143
2031-09_2031-10,2031-09,HH_M/Brent_M,days_to_expiry,"(1460, 2200]",182,0.234060008856461,0.08836880445827354
2031-09_2031-10,2031-09,HH_M/Brent_M,days_to_expiry,"(1095, 1460]",201,0.2015473841923881,0.10653184244060229
2031-09_2031-10,2031-09,HH_M/Brent_M,days_to_expiry,"(730, 1095]",200,0.31045728285107255,0.11788147162197637
2031-09_2031-10,2031-09,HH_M/Brent_M,days_to_expiry,"(365, 730]",201,0.3267876974723281,0.2125355653057921
2031-09_2031-10,2031-09,HH_M/Brent_M,days_to_expiry,"(180, 365]",103,0.21740230283830653,0.20328735793587738
2031-09_2031-10,2031-09,HH_M/Brent_M,days_to_expiry,"(90, 180]",48,0.12863159448152117,0.12913118095177173
2031-09_2031-10,2031-09,HH_M/Brent_M,days_to_expiry,"(60, 90]",16,0.23404845333391536,0.040009668768355856
2031-09_2031-10,2031-09,HH_M/Brent_M,days_to_expiry,"(30, 60]",16,0.03672588194996699,0.05774846206170612
2031-09_2031-10,2031-09,HH_M/Brent_M,days_to_expiry,"(0, 30]",16,0.22042216932137199,0.03334069799643644
2031-09_2031-10,2031-09,HH_M/Brent_M,days_to_expiry,nan,4,,0.011164948459208325
2031-09_2031-10,2031-09,HH_M/Brent_M,month_pair,Sep/Oct,987,0.20668640860576953,1.0
2031-09_2031-10,2031-09,HH_M/Brent_M,pooled,all,987,0.20668640860576953,1.0
2031-10_2031-11,2031-10,TTF_M/TTF_M1,year,2017,13,0.9275513329959121,0.0005777327111979498
2031-10_2031-11,2031-10,TTF_M/TTF_M1,year,2018,63,0.996505428062164,0.006450098662520716
2031-10_2031-11,2031-10,TTF_M/TTF_M1,year,2019,113,0.9943798810110817,0.01011356275444965
2031-10_2031-11,2031-10,TTF_M/TTF_M1,year,2020,165,0.9971200292435881,0.024165004445322897
2031-10_2031-11,2031-10,TTF_M/TTF_M1,year,2021,201,0.9979481679181078,0.11109825639166046
2031-10_2031-11,2031-10,TTF_M/TTF_M1,year,2022,190,0.9977670093946991,0.6239189613792948
2031-10_2031-11,2031-10,TTF_M/TTF_M1,year,2023,136,0.971575819368247,0.14575785809046585
2031-10_2031-11,2031-10,TTF_M/TTF_M1,year,2024,88,0.9949224228151188,0.05231971406469343
2031-10_2031-11,2031-10,TTF_M/TTF_M1,year,2025,37,0.9555693536292192,0.02559881150039422
2031-10_2031-11,2031-10,TTF_M/TTF_M1,days_to_expiry,"(1460, 2200]",200,0.9938652335740844,0.019484316392011564
2031-10_2031-11,2031-10,TTF_M/TTF_M1,days_to_expiry,"(1095, 1460]",201,0.9975180867883119,0.10767654728355584
2031-10_2031-11,2031-10,TTF_M/TTF_M1,days_to_expiry,"(730, 1095]",201,0.9986552109303674,0.1696349611302242
2031-10_2031-11,2031-10,TTF_M/TTF_M1,days_to_expiry,"(365, 730]",201,0.9973879214172789,0.19794473063658238
2031-10_2031-11,2031-10,TTF_M/TTF_M1,days_to_expiry,"(180, 365]",103,0.9961146146482043,0.33905651515576163
2031-10_2031-11,2031-10,TTF_M/TTF_M1,days_to_expiry,"(90, 180]",48,0.9832742314368423,0.0606909116962421
2031-10_2031-11,2031-10,TTF_M/TTF_M1,days_to_expiry,"(60, 90]",16,0.9824789821208022,0.032763365683354126
2031-10_2031-11,2031-10,TTF_M/TTF_M1,days_to_expiry,"(30, 60]",16,0.9790595553596788,0.03350554428361424
2031-10_2031-11,2031-10,TTF_M/TTF_M1,days_to_expiry,"(0, 30]",16,0.9451159144481491,0.03406791826705086
2031-10_2031-11,2031-10,TTF_M/TTF_M1,days_to_expiry,nan,4,,0.005175189471603057
2031-10_2031-11,2031-10,TTF_M/TTF_M1,month_pair,Oct/Nov,1006,0.9918246169029323,1.0
2031-10_2031-11,2031-10,TTF_M/TTF_M1,pooled,all,1006,0.9918246169029323,1.0
2031-10_2031-11,2031-10,HH_M/HH_M1,year,2017,13,0.9996268641949425,0.0006633404273918386
2031-10_2031-11,2031-10,HH_M/HH_M1,year,2018,63,0.9988967603030126,0.005157417417720653
2031-10_2031-11,2031-10,HH_M/HH_M1,year,2019,113,0.9974808024968227,0.006745743728748976
2031-10_2031-11,2031-10,HH_M/HH_M1,year,2020,165,0.9941001928335697,0.021321602689251394
2031-10_2031-11,2031-10,HH_M/HH_M1,year,2021,201,0.9940257186803096,0.06462578930353836
2031-10_2031-11,2031-10,HH_M/HH_M1,year,2022,190,0.9982831394898612,0.5991740231807153
2031-10_2031-11,2031-10,HH_M/HH_M1,year,2023,136,0.9647910667567844,0.14497632872306357
2031-10_2031-11,2031-10,HH_M/HH_M1,year,2024,88,0.9694274956219553,0.07437284574004704
2031-10_2031-11,2031-10,HH_M/HH_M1,year,2025,37,0.9873438132226353,0.08296290878952277
2031-10_2031-11,2031-10,HH_M/HH_M1,days_to_expiry,"(1460, 2200]",200,0.9968627858753933,0.02009294053336281
2031-10_2031-11,2031-10,HH_M/HH_M1,days_to_expiry,"(1095, 1460]",201,0.9980615764842288,0.05941851471060182
2031-10_2031-11,2031-10,HH_M/HH_M1,days_to_expiry,"(730, 1095]",201,0.9921602607164922,0.07387913946552507
2031-10_2031-11,2031-10,HH_M/HH_M1,days_to_expiry,"(365, 730]",201,0.992639573022251,0.19179106267749285
2031-10_2031-11,2031-10,HH_M/HH_M1,days_to_expiry,"(180, 365]",103,0.9895930934281493,0.20697601206187116
2031-10_2031-11,2031-10,HH_M/HH_M1,days_to_expiry,"(90, 180]",48,0.9894434115443097,0.20730934710631446
2031-10_2031-11,2031-10,HH_M/HH_M1,days_to_expiry,"(60, 90]",16,0.9913437863987519,0.11235781933639619
2031-10_2031-11,2031-10,HH_M/HH_M1,days_to_expiry,"(30, 60]",16,0.9761523048699928,0.04994410632134584
2031-10_2031-11,2031-10,HH_M/HH_M1,days_to_expiry,"(0, 30]",16,0.958893174868663,0.0627181913741467
2031-10_2031-11,2031-10,HH_M/HH_M1,days_to_expiry,nan,4,,0.015512866412943156
2031-10_2031-11,2031-10,HH_M/HH_M1,month_pair,Oct/Nov,1006,0.9868493611457296,1.0
2031-10_2031-11,2031-10,HH_M/HH_M1,pooled,all,1006,0.9868493611457296,1.0
2031-10_2031-11,2031-10,Brent_M/Brent_M1,year,2017,13,0.9999191262255297,0.0032569751176028876
2031-10_2031-11,2031-10,Brent_M/Brent_M1,year,2018,63,0.9998257329268344,0.03970212970435989
2031-10_2031-11,2031-10,Brent_M/Brent_M1,year,2019,113,0.9997878245874194,0.025278206099371522
2031-10_2031-11,2031-10,Brent_M/Brent_M1,year,2020,165,0.9998420502464529,0.20258180622677316
2031-10_2031-11,2031-10,Brent_M/Brent_M1,year,2021,201,0.9998169490058959,0.15027553551455125
2031-10_2031-11,2031-10,Brent_M/Brent_M1,year,2022,190,0.9992562253436197,0.298148202075839
2031-10_2031-11,2031-10,Brent_M/Brent_M1,year,2023,136,0.9995300183140992,0.13950155213464602
2031-10_2031-11,2031-10,Brent_M/Brent_M1,year,2024,88,0.9997230345186837,0.07282679476113714
2031-10_2031-11,2031-10,Brent_M/Brent_M1,year,2025,37,0.9998323902229705,0.06842879836571905
2031-10_2031-11,2031-10,Brent_M/Brent_M1,days_to_expiry,"(1460, 2200]",200,0.9999058389468023,0.11463420710545122
2031-10_2031-11,2031-10,Brent_M/Brent_M1,days_to_expiry,"(1095, 1460]",201,0.9998311455335612,0.14837574789293276
2031-10_2031-11,2031-10,Brent_M/Brent_M1,days_to_expiry,"(730, 1095]",201,0.9997369533655828,0.1731575155010312
2031-10_2031-11,2031-10,Brent_M/Brent_M1,days_to_expiry,"(365, 730]",201,0.9998330348865703,0.20603243396384888
2031-10_2031-11,2031-10,Brent_M/Brent_M1,days_to_expiry,"(180, 365]",103,0.99971847236356,0.16445837769693264
2031-10_2031-11,2031-10,Brent_M/Brent_M1,days_to_expiry,"(90, 180]",48,0.9994416164366476,0.10260607522168412
2031-10_2031-11,2031-10,Brent_M/Brent_M1,days_to_expiry,"(60, 90]",16,0.9983170155596491,0.028458741301206986
2031-10_2031-11,2031-10,Brent_M/Brent_M1,days_to_expiry,"(30, 60]",16,0.9989533268423282,0.022625266613385264
2031-10_2031-11,2031-10,Brent_M/Brent_M1,days_to_expiry,"(0, 30]",16,0.9993839807844113,0.03452492434329241
2031-10_2031-11,2031-10,Brent_M/Brent_M1,days_to_expiry,nan,4,,0.005126710360234451
2031-10_2031-11,2031-10,Brent_M/Brent_M1,month_pair,Oct/Nov,1006,0.9995652529724548,1.0
2031-10_2031-11,2031-10,Brent_M/Brent_M1,pooled,all,1006,0.9995652529724548,1.0
2031-10_2031-11,2031-10,TTF_M/HH_M,year,2017,13,-0.01625596390789158,0.0005390919765608375
2031-10_2031-11,2031-10,TTF_M/HH_M,year,2018,63,0.06617126938369787,0.006037190347064038
2031-10_2031-11,2031-10,TTF_M/HH_M,year,2019,113,0.09753963932500107,0.009064527472810236
2031-10_2031-11,2031-10,TTF_M/HH_M,year,2020,165,0.1469670603167206,0.023058754232896467
2031-10_2031-11,2031-10,TTF_M/HH_M,year,2021,201,0.06847326112549723,0.09705504540079443
2031-10_2031-11,2031-10,TTF_M/HH_M,year,2022,190,0.14665794727463932,0.6011421345316371
2031-10_2031-11,2031-10,TTF_M/HH_M,year,2023,136,0.18765014474351116,0.15974503860155623
2031-10_2031-11,2031-10,TTF_M/HH_M,year,2024,88,0.2914420455777878,0.06256257183746647
2031-10_2031-11,2031-10,TTF_M/HH_M,year,2025,37,0.08488487693120444,0.04079564559921423
2031-10_2031-11,2031-10,TTF_M/HH_M,days_to_expiry,"(1460, 2200]",200,0.11563974632461739,0.019015906587407518
2031-10_2031-11,2031-10,TTF_M/HH_M,days_to_expiry,"(1095, 1460]",201,0.18906506064313836,0.092967442078628
2031-10_2031-11,2031-10,TTF_M/HH_M,days_to_expiry,"(730, 1095]",201,0.2725284970459205,0.14257232018626273
2031-10_2031-11,2031-10,TTF_M/HH_M,days_to_expiry,"(365, 730]",201,0.20610368665093523,0.19428737035350485
2031-10_2031-11,2031-10,TTF_M/HH_M,days_to_expiry,"(180, 365]",103,0.20803631441278733,0.30417385829669635
2031-10_2031-11,2031-10,TTF_M/HH_M,days_to_expiry,"(90, 180]",48,-0.13469640816613992,0.09912728649059056
2031-10_2031-11,2031-10,TTF_M/HH_M,days_to_expiry,"(60, 90]",16,0.09052567165769422,0.052924079851836114
2031-10_2031-11,2031-10,TTF_M/HH_M,days_to_expiry,"(30, 60]",16,0.3476520833091,0.03910809853159048
2031-10_2031-11,2031-10,TTF_M/HH_M,days_to_expiry,"(0, 30]",16,0.5010530598682564,0.04711853357163625
2031-10_2031-11,2031-10,TTF_M/HH_M,days_to_expiry,nan,4,,0.00870510405184709
2031-10_2031-11,2031-10,TTF_M/HH_M,month_pair,Oct/Nov,1006,0.1711447206546129,1.0
2031-10_2031-11,2031-10,TTF_M/HH_M,pooled,all,1006,0.1711447206546129,1.0
2031-10_2031-11,2031-10,TTF_M/Brent_M,year,2017,13,-0.30569504846657874,0.000905027719812439
2031-10_2031-11,2031-10,TTF_M/Brent_M,year,2018,63,0.5440447291909009,0.011228170889584006
2031-10_2031-11,2031-10,TTF_M/Brent_M,year,2019,113,0.4340577557680958,0.012192209830821966
2031-10_2031-11,2031-10,TTF_M/Brent_M,year,2020,165,0.5896773049840556,0.04998294673074275
2031-10_2031-11,2031-10,TTF_M/Brent_M,year,2021,201,0.20894892389570627,0.11433565006883471
2031-10_2031-11,2031-10,TTF_M/Brent_M,year,2022,190,0.15530692489897427,0.5646224121596242
2031-10_2031-11,2031-10,TTF_M/Brent_M,year,2023,136,0.020191039409852094,0.15735742723165952
2031-10_2031-11,2031-10,TTF_M/Brent_M,year,2024,88,0.04650280952786943,0.05719675053757818
2031-10_2031-11,2031-10,TTF_M/Brent_M,year,2025,37,0.5192555661640695,0.032179404831342205
2031-10_2031-11,2031-10,TTF_M/Brent_M,days_to_expiry,"(1460, 2200]",200,0.5164315647856914,0.032897456538008164
2031-10_2031-11,2031-10,TTF_M/Brent_M,days_to_expiry,"(1095, 1460]",201,0.23347017403794085,0.11084288340428311
2031-10_2031-11,2031-10,TTF_M/Brent_M,days_to_expiry,"(730, 1095]",201,0.2733380055660219,0.16613412780234935
2031-10_2031-11,2031-10,TTF_M/Brent_M,days_to_expiry,"(365, 730]",201,0.18839947298022303,0.19718152852398907
2031-10_2031-11,2031-10,TTF_M/Brent_M,days_to_expiry,"(180, 365]",103,0.20772576612806232,0.3086207854323997
2031-10_2031-11,2031-10,TTF_M/Brent_M,days_to_expiry,"(90, 180]",48,0.09708950044505489,0.0701777767015621
2031-10_2031-11,2031-10,TTF_M/Brent_M,days_to_expiry,"(60, 90]",16,-0.677054280948876,0.03292511160148196
2031-10_2031-11,2031-10,TTF_M/Brent_M,days_to_expiry,"(30, 60]",16,0.24436489041717452,0.03433235134735632
2031-10_2031-11,2031-10,TTF_M/Brent_M,days_to_expiry,"(0, 30]",16,0.2811672202450957,0.04086072049414518
2031-10_2031-11,2031-10,TTF_M/Brent_M,days_to_expiry,nan,4,,0.006027258154425126
2031-10_2031-11,2031-10,TTF_M/Brent_M,month_pair,Oct/Nov,1006,0.18706756453273937,1.0
2031-10_2031-11,2031-10,TTF_M/Brent_M,pooled,all,1006,0.18706756453273937,1.0
2031-10_2031-11,2031-10,HH_M/Brent_M,year,2017,13,-0.1524484165666279,0.001518422733671364
2031-10_2031-11,2031-10,HH_M/Brent_M,year,2018,63,0.04218561524563435,0.01689116819475924
2031-10_2031-11,2031-10,HH_M/Brent_M,year,2019,113,0.2474053877765028,0.012896992798416681
2031-10_2031-11,2031-10,HH_M/Brent_M,year,2020,165,0.1488439063497429,0.0834283797946081
2031-10_2031-11,2031-10,HH_M/Brent_M,year,2021,201,0.04409212624182112,0.09211772182309068
2031-10_2031-11,2031-10,HH_M/Brent_M,year,2022,190,0.46832340248841803,0.4764620802758879
2031-10_2031-11,2031-10,HH_M/Brent_M,year,2023,136,0.20344949065606188,0.15176759150379623
2031-10_2031-11,2031-10,HH_M/Brent_M,year,2024,88,-0.08635014548684498,0.08300259051325638
2031-10_2031-11,2031-10,HH_M/Brent_M,year,2025,37,0.18937195597052542,0.0819150523625135
2031-10_2031-11,2031-10,HH_M/Brent_M,days_to_expiry,"(1460, 2200]",200,0.06910905791577368,0.05168210301752136
2031-10_2031-11,2031-10,HH_M/Brent_M,days_to_expiry,"(1095, 1460]",201,0.31109416083371044,0.0879750323205715
2031-10_2031-11,2031-10,HH_M/Brent_M,days_to_expiry,"(730, 1095]",201,0.24786826709007062,0.10728563027309551
2031-10_2031-11,2031-10,HH_M/Brent_M,days_to_expiry,"(365, 730]",201,0.3655689746599111,0.19541536900887574
2031-10_2031-11,2031-10,HH_M/Brent_M,days_to_expiry,"(180, 365]",103,0.22069530505329493,0.19672377149142453
2031-10_2031-11,2031-10,HH_M/Brent_M,days_to_expiry,"(90, 180]",48,0.3834404601707671,0.17179953830920638
2031-10_2031-11,2031-10,HH_M/Brent_M,days_to_expiry,"(60, 90]",16,0.35810662600754023,0.08327433744197794
2031-10_2031-11,2031-10,HH_M/Brent_M,days_to_expiry,"(30, 60]",16,-0.26095520450714793,0.03922354205047248
2031-10_2031-11,2031-10,HH_M/Brent_M,days_to_expiry,"(0, 30]",16,0.38995991783751904,0.0538557068250259
2031-10_2031-11,2031-10,HH_M/Brent_M,days_to_expiry,nan,4,,0.012764969261828747
2031-10_2031-11,2031-10,HH_M/Brent_M,month_pair,Oct/Nov,1006,0.25586121410415225,1.0
2031-10_2031-11,2031-10,HH_M/Brent_M,pooled,all,1006,0.25586121410415225,1.0
2031-11_2031-12,2031-11,TTF_M/TTF_M1,year,2017,12,0.9856926642670727,0.0004723347449002939
2031-11_2031-12,2031-11,TTF_M/TTF_M1,year,2018,64,0.996330253486323,0.00659747283427614
2031-11_2031-12,2031-11,TTF_M/TTF_M1,year,2019,113,0.9960290535600015,0.008049881281129358
2031-11_2031-12,2031-11,TTF_M/TTF_M1,year,2020,165,0.995316284041777,0.022827729593696257
2031-11_2031-12,2031-11,TTF_M/TTF_M1,year,2021,201,0.9971624579113171,0.10832091435155362
2031-11_2031-12,2031-11,TTF_M/TTF_M1,year,2022,192,0.9971235121430202,0.6380323045299242
2031-11_2031-12,2031-11,TTF_M/TTF_M1,year,2023,142,0.9904022418634099,0.1456534874145447
2031-11_2031-12,2031-11,TTF_M/TTF_M1,year,2024,92,0.9985359445766366,0.03935255343383853
2031-11_2031-12,2031-11,TTF_M/TTF_M1,year,2025,42,0.9991931705328667,0.03069332181613691
2031-11_2031-12,2031-11,TTF_M/TTF_M1,days_to_expiry,"(1460, 2200]",217,0.9934130612066889,0.020724271075140806
2031-11_2031-12,2031-11,TTF_M/TTF_M1,days_to_expiry,"(1095, 1460]",200,0.9988850559902113,0.1499430885541183
2031-11_2031-12,2031-11,TTF_M/TTF_M1,days_to_expiry,"(730, 1095]",203,0.9976987071595552,0.1707139228895884
2031-11_2031-12,2031-11,TTF_M/TTF_M1,days_to_expiry,"(365, 730]",200,0.9987108649778951,0.23289332797622428
2031-11_2031-12,2031-11,TTF_M/TTF_M1,days_to_expiry,"(180, 365]",102,0.9988447039859665,0.26948704555740494
2031-11_2031-12,2031-11,TTF_M/TTF_M1,days_to_expiry,"(90, 180]",49,0.9975746398280382,0.08371958437763498
2031-11_2031-12,2031-11,TTF_M/TTF_M1,days_to_expiry,"(60, 90]",16,0.9952520630294434,0.022964117512382972
2031-11_2031-12,2031-11,TTF_M/TTF_M1,days_to_expiry,"(30, 60]",16,0.9870272712797697,0.011808397330454086
2031-11_2031-12,2031-11,TTF_M/TTF_M1,days_to_expiry,"(0, 30]",16,0.9841781182394852,0.033007419685087996
2031-11_2031-12,2031-11,TTF_M/TTF_M1,days_to_expiry,nan,4,,0.0047388250419632336
2031-11_2031-12,2031-11,TTF_M/TTF_M1,month_pair,Nov/Dec,1023,0.9961671471769517,1.0
2031-11_2031-12,2031-11,TTF_M/TTF_M1,pooled,all,1023,0.9961671471769517,1.0
2031-11_2031-12,2031-11,HH_M/HH_M1,year,2017,12,0.9969871944568038,0.0006099345974958475
2031-11_2031-12,2031-11,HH_M/HH_M1,year,2018,64,0.9988737244679657,0.006917206152611476
2031-11_2031-12,2031-11,HH_M/HH_M1,year,2019,113,0.9944978926155496,0.007202073149618045
2031-11_2031-12,2031-11,HH_M/HH_M1,year,2020,165,0.9905185268584232,0.016834003042375884
2031-11_2031-12,2031-11,HH_M/HH_M1,year,2021,201,0.9926820769233606,0.06866982167660972
2031-11_2031-12,2031-11,HH_M/HH_M1,year,2022,192,0.9964453903452837,0.5869045987778748
2031-11_2031-12,2031-11,HH_M/HH_M1,year,2023,142,0.9844233183982154,0.13351686422687914
2031-11_2031-12,2031-11,HH_M/HH_M1,year,2024,92,0.9612799023874398,0.08492221376037806
2031-11_2031-12,2031-11,HH_M/HH_M1,year,2025,42,0.9830071440946058,0.09442328461615696
2031-11_2031-12,2031-11,HH_M/HH_M1,days_to_expiry,"(1460, 2200]",217,0.9955533287755786,0.021551333419439163
2031-11_2031-12,2031-11,HH_M/HH_M1,days_to_expiry,"(1095, 1460]",200,0.9962072492441107,0.05462977023598673
2031-11_2031-12,2031-11,HH_M/HH_M1,days_to_expiry,"(730, 1095]",203,0.9909908636471058,0.08162029307255587
2031-11_2031-12,2031-11,HH_M/HH_M1,days_to_expiry,"(365, 730]",200,0.9924297921995665,0.1764348722663423
2031-11_2031-12,2031-11,HH_M/HH_M1,days_to_expiry,"(180, 365]",102,0.9953223385939501,0.2830495491853056
2031-11_2031-12,2031-11,HH_M/HH_M1,days_to_expiry,"(90, 180]",49,0.9927348813850286,0.1953608250801688
2031-11_2031-12,2031-11,HH_M/HH_M1,days_to_expiry,"(60, 90]",16,0.9799153242930607,0.034937327750934825
2031-11_2031-12,2031-11,HH_M/HH_M1,days_to_expiry,"(30, 60]",16,0.9876520973868721,0.05041123386029086
2031-11_2031-12,2031-11,HH_M/HH_M1,days_to_expiry,"(0, 30]",16,0.9801475160098867,0.09475613752933315
2031-11_2031-12,2031-11,HH_M/HH_M1,days_to_expiry,nan,4,,0.00724865759964273
2031-11_2031-12,2031-11,HH_M/HH_M1,month_pair,Nov/Dec,1023,0.9887038803397606,1.0
2031-11_2031-12,2031-11,HH_M/HH_M1,pooled,all,1023,0.9887038803397606,1.0
2031-11_2031-12,2031-11,Brent_M/Brent_M1,year,2017,12,0.9999891637799716,0.005054608934488227
2031-11_2031-12,2031-11,Brent_M/Brent_M1,year,2018,64,0.9998291374335302,0.04188610552075095
2031-11_2031-12,2031-11,Brent_M/Brent_M1,year,2019,113,0.9997008565263766,0.02096483043544849
2031-11_2031-12,2031-11,Brent_M/Brent_M1,year,2020,165,0.9998687755142529,0.15246636390616652
2031-11_2031-12,2031-11,Brent_M/Brent_M1,year,2021,201,0.9998235549531673,0.18062379086122124
2031-11_2031-12,2031-11,Brent_M/Brent_M1,year,2022,192,0.9995982734681558,0.31882223450475167
2031-11_2031-12,2031-11,Brent_M/Brent_M1,year,2023,142,0.9996415619019183,0.1406628830797957
2031-11_2031-12,2031-11,Brent_M/Brent_M1,year,2024,92,0.9999076438053011,0.08077163888995512
2031-11_2031-12,2031-11,Brent_M/Brent_M1,year,2025,42,0.9996165732855957,0.05874754386742215
2031-11_2031-12,2031-11,Brent_M/Brent_M1,days_to_expiry,"(1460, 2200]",217,0.9998818404584167,0.11730419494835732
2031-11_2031-12,2031-11,Brent_M/Brent_M1,days_to_expiry,"(1095, 1460]",200,0.999862934510312,0.1621828662150737
2031-11_2031-12,2031-11,Brent_M/Brent_M1,days_to_expiry,"(730, 1095]",203,0.9998308208415355,0.18849328657232478
2031-11_2031-12,2031-11,Brent_M/Brent_M1,days_to_expiry,"(365, 730]",200,0.9998277313946478,0.21680791873568814
2031-11_2031-12,2031-11,Brent_M/Brent_M1,days_to_expiry,"(180, 365]",102,0.9996451049077728,0.13309496685071168
2031-11_2031-12,2031-11,Brent_M/Brent_M1,days_to_expiry,"(90, 180]",49,0.9994340613070611,0.08230519167814195
2031-11_2031-12,2031-11,Brent_M/Brent_M1,days_to_expiry,"(60, 90]",16,0.9996723740736022,0.023147410255012737
2031-11_2031-12,2031-11,Brent_M/Brent_M1,days_to_expiry,"(30, 60]",16,0.999559724712268,0.029933023793746964
2031-11_2031-12,2031-11,Brent_M/Brent_M1,days_to_expiry,"(0, 30]",16,0.9990608686651428,0.0368034405760707
2031-11_2031-12,2031-11,Brent_M/Brent_M1,days_to_expiry,nan,4,,0.009927700374872058
2031-11_2031-12,2031-11,Brent_M/Brent_M1,month_pair,Nov/Dec,1023,0.9996888904330342,1.0
2031-11_2031-12,2031-11,Brent_M/Brent_M1,pooled,all,1023,0.9996888904330342,1.0
2031-11_2031-12,2031-11,TTF_M/HH_M,year,2017,12,0.28358250442435073,0.0005153725838618344
2031-11_2031-12,2031-11,TTF_M/HH_M,year,2018,64,-0.15656486044315784,0.006618372443823664
2031-11_2031-12,2031-11,TTF_M/HH_M,year,2019,113,0.10031349583058712,0.007788536550414924
2031-11_2031-12,2031-11,TTF_M/HH_M,year,2020,165,0.01736383057417861,0.021571245911155987
2031-11_2031-12,2031-11,TTF_M/HH_M,year,2021,201,0.18999365594073306,0.09948823413497415
2031-11_2031-12,2031-11,TTF_M/HH_M,year,2022,192,-0.002302390783686382,0.6198764429033518
2031-11_2031-12,2031-11,TTF_M/HH_M,year,2023,142,0.042578795911597994,0.14762842191197934
2031-11_2031-12,2031-11,TTF_M/HH_M,year,2024,92,0.24397520425443683,0.051499658697962726
2031-11_2031-12,2031-11,TTF_M/HH_M,year,2025,42,0.1713585666300793,0.0450137148624757
2031-11_2031-12,2031-11,TTF_M/HH_M,days_to_expiry,"(1460, 2200]",217,0.03626692339911082,0.02063802496372863
2031-11_2031-12,2031-11,TTF_M/HH_M,days_to_expiry,"(1095, 1460]",200,0.10180348282262995,0.1297178518849571
2031-11_2031-12,2031-11,TTF_M/HH_M,days_to_expiry,"(730, 1095]",203,0.06438276710632572,0.1494019138609665
2031-11_2031-12,2031-11,TTF_M/HH_M,days_to_expiry,"(365, 730]",200,0.07992753908518976,0.21916497568928836
2031-11_2031-12,2031-11,TTF_M/HH_M,days_to_expiry,"(180, 365]",102,0.05434153525790979,0.26847448385577055
2031-11_2031-12,2031-11,TTF_M/HH_M,days_to_expiry,"(90, 180]",49,-0.1856515622322394,0.10651612066332926
2031-11_2031-12,2031-11,TTF_M/HH_M,days_to_expiry,"(60, 90]",16,0.5980715037721942,0.025854801301273933
2031-11_2031-12,2031-11,TTF_M/HH_M,days_to_expiry,"(30, 60]",16,0.32322680543133964,0.019389868968352167
2031-11_2031-12,2031-11,TTF_M/HH_M,days_to_expiry,"(0, 30]",16,0.1160182989311872,0.0547549455982339
2031-11_2031-12,2031-11,TTF_M/HH_M,days_to_expiry,nan,4,,0.006087013214099667
2031-11_2031-12,2031-11,TTF_M/HH_M,month_pair,Nov/Dec,1023,0.06282929176339426,1.0
2031-11_2031-12,2031-11,TTF_M/HH_M,pooled,all,1023,0.06282929176339426,1.0
2031-11_2031-12,2031-11,TTF_M/Brent_M,year,2017,12,0.3823019985669096,0.0011063945419761316
2031-11_2031-12,2031-11,TTF_M/Brent_M,year,2018,64,0.5376601051719847,0.01134087784104241
2031-11_2031-12,2031-11,TTF_M/Brent_M,year,2019,113,0.4952890112800096,0.009775108436928073
2031-11_2031-12,2031-11,TTF_M/Brent_M,year,2020,165,0.6727969474089516,0.04048629776677786
2031-11_2031-12,2031-11,TTF_M/Brent_M,year,2021,201,0.11284437080812507,0.1173978420465815
2031-11_2031-12,2031-11,TTF_M/Brent_M,year,2022,192,0.005948042241580626,0.590140930469401
2031-11_2031-12,2031-11,TTF_M/Brent_M,year,2023,142,0.2674061497951137,0.1492093481973248
2031-11_2031-12,2031-11,TTF_M/Brent_M,year,2024,92,0.03289339099638996,0.045626132036077634
2031-11_2031-12,2031-11,TTF_M/Brent_M,year,2025,42,0.6530190108192564,0.034917068663890806
2031-11_2031-12,2031-11,TTF_M/Brent_M,days_to_expiry,"(1460, 2200]",217,0.5534261239721532,0.03360033120916928
2031-11_2031-12,2031-11,TTF_M/Brent_M,days_to_expiry,"(1095, 1460]",200,0.2368722578279325,0.15080610570323028
2031-11_2031-12,2031-11,TTF_M/Brent_M,days_to_expiry,"(730, 1095]",203,0.19992183819314552,0.16980518932439476
2031-11_2031-12,2031-11,TTF_M/Brent_M,days_to_expiry,"(365, 730]",200,0.1189137596694706,0.22880544483502302
2031-11_2031-12,2031-11,TTF_M/Brent_M,days_to_expiry,"(180, 365]",102,0.10428313422111088,0.24795491410623535
2031-11_2031-12,2031-11,TTF_M/Brent_M,days_to_expiry,"(90, 180]",49,-0.2261204292027917,0.08420063349590785
2031-11_2031-12,2031-11,TTF_M/Brent_M,days_to_expiry,"(60, 90]",16,0.445407476100716,0.02332606534853143
2031-11_2031-12,2031-11,TTF_M/Brent_M,days_to_expiry,"(30, 60]",16,0.5135075699312497,0.014304950474232015
2031-11_2031-12,2031-11,TTF_M/Brent_M,days_to_expiry,"(0, 30]",16,0.3094615402629317,0.04076800118439569
2031-11_2031-12,2031-11,TTF_M/Brent_M,days_to_expiry,nan,4,,0.006428364318880528
2031-11_2031-12,2031-11,TTF_M/Brent_M,month_pair,Nov/Dec,1023,0.15451558316427472,1.0
2031-11_2031-12,2031-11,TTF_M/Brent_M,pooled,all,1023,0.15451558316427472,1.0
2031-11_2031-12,2031-11,HH_M/Brent_M,year,2017,12,0.07276949554956076,0.002259744916095141
2031-11_2031-12,2031-11,HH_M/Brent_M,year,2018,64,-0.007677936495170754,0.019927223777211414
2031-11_2031-12,2031-11,HH_M/Brent_M,year,2019,113,0.026811711776644147,0.012155963524235853
2031-11_2031-12,2031-11,HH_M/Brent_M,year,2020,165,0.10314168236191276,0.06775692994555388
2031-11_2031-12,2031-11,HH_M/Brent_M,year,2021,201,0.08718920457431552,0.1101482137974599
2031-11_2031-12,2031-11,HH_M/Brent_M,year,2022,192,0.3542655496750848,0.4730906098843213
2031-11_2031-12,2031-11,HH_M/Brent_M,year,2023,142,0.11946004871488933,0.1388133951941066
2031-11_2031-12,2031-11,HH_M/Brent_M,year,2024,92,0.1111700899606804,0.09083617209080254
2031-11_2031-12,2031-11,HH_M/Brent_M,year,2025,42,0.060840135210437754,0.08501174687021319
2031-11_2031-12,2031-11,HH_M/Brent_M,days_to_expiry,"(1460, 2200]",217,0.06849525620311173,0.0568686578683918
2031-11_2031-12,2031-11,HH_M/Brent_M,days_to_expiry,"(1095, 1460]",200,0.21977834164183385,0.09447827754829208
2031-11_2031-12,2031-11,HH_M/Brent_M,days_to_expiry,"(730, 1095]",203,0.24127061774195754,0.12148608987607576
2031-11_2031-12,2031-11,HH_M/Brent_M,days_to_expiry,"(365, 730]",200,0.288150119460845,0.19034087896787727
2031-11_2031-12,2031-11,HH_M/Brent_M,days_to_expiry,"(180, 365]",102,0.1340170570213712,0.22381139250574322
2031-11_2031-12,2031-11,HH_M/Brent_M,days_to_expiry,"(90, 180]",49,0.4716660006650641,0.1510162860391922
2031-11_2031-12,2031-11,HH_M/Brent_M,days_to_expiry,"(60, 90]",16,0.2926218404422884,0.03131664080207598
2031-11_2031-12,2031-11,HH_M/Brent_M,days_to_expiry,"(30, 60]",16,0.27237119515747993,0.04198040949428039
2031-11_2031-12,2031-11,HH_M/Brent_M,days_to_expiry,"(0, 30]",16,-0.09355600187729857,0.08061579681351552
2031-11_2031-12,2031-11,HH_M/Brent_M,days_to_expiry,nan,4,,0.008085570084555635
2031-11_2031-12,2031-11,HH_M/Brent_M,month_pair,Nov/Dec,1023,0.20498140511391602,1.0
2031-11_2031-12,2031-11,HH_M/Brent_M,pooled,all,1023,0.20498140511391602,1.0
